id,date,source,company,location,jobs,excerpt,human_label
warn-5026,2027-03-31,ny,Novanta Corporation,Onondaga,49,Relocation of Business,
warn-5006,2026-11-23,ny,Masonite Corporation d/b/a Owens Corning Doors,Broome,46,Other,
warn-4942,2026-10-28,ny,"Hudson Valley Fish Farm, Inc.",Columbia,47,Economic,
warn-5036,2026-10-08,ny,"Pomonok Home Services, Inc.",Queens,226,Other,
warn-5062,2026-10-07,ny,"Sky Chefs, LLC",Queens,471,Contract Loss,
warn-4919,2026-09-30,ny,"Diageo North America, Inc",New York,305,Economic,
warn-5028,2026-09-30,ny,NYY Steak LLC,Bronx,21,Contract Termination,
warn-4943,2026-09-29,ny,Hyatt Corporation,New York,52,Other,
warn-4899,2026-09-28,ny,"Brinker International Payroll Company, L.P.",Nassau,57,Economic Expiration of Lease,
warn-5013,2026-09-26,ny,"Miller's Ale House, Inc.",Richmond,25,Other,
warn-5041,2026-09-15,ny,"Resideo, LLC. D/B/A ADI",Albany,55,Relocation of Business,
warn-12676,2026-09-11,wa,Young's Market Company of Washington LLC,Auburn,33,,
warn-12677,2026-09-11,wa,Monson Ranches Snake River Orchards LLC,"Benton City, Burbank",172,,
warn-5034,2026-09-10,ny,"Piedmont Airlines, Inc.",Onondaga,88,Contract Loss,
warn-12678,2026-09-10,wa,Legendary Fruit Co,"Yakima, Wapato",1220,,
warn-5084,2026-09-08 00:00:00,tx,Conifer's Health Solutions,Dallas,1037,,
warn-5085,2026-09-08 00:00:00,tx,Eagles Delivery LLC,Roanoke,115,,
warn-5086,2026-09-08 00:00:00,tx,Texas Family Initiative LLC,Dallas,307,,
warn-12679,2026-09-08,wa,MultiCare Health System,Statewide,138,,
warn-5082,2026-09-07,ny,Waterview Heights Rehabilitation and Nursing Center,Monroe,216,Funding Loss,
warn-5087,2026-09-04 00:00:00,tx,Keystone Tower Systems,Pampa,79,,
warn-4940,2026-09-04,ny,"H&M Fashion USA, Inc.",New York,76,Other,
warn-12680,2026-09-03,wa,"Gilbert Orchards, Inc.","Yakima, Franklin and Grant Counties",518,,
warn-12681,2026-09-02,wa,Qualtrics LLC,Seattle,117,,
warn-12682,2026-09-02,wa,Uber Technologies Inc,Seattle,93,,
warn-12683,2026-09-02,wa,"Sundquist Fruit, LLC",Yakima and Franklin Counties,243,,
warn-5088,2026-09-01 00:00:00,tx,Louisiana-Pacific,Jasper,150,,
warn-5051,2026-09-01,ny,"Saint-Gobain Ceramics & Plastics, Inc. (Monofrax, LLC.)",Chautauqua,79,Economic,
warn-5078,2026-09-01,ny,"Van Trans, LLC.",Westchester,297,Contract Termination,
warn-12684,2026-09-01,wa,Georgia-Pacific Gypsum LLC,Tacoma,120,,
warn-4895,2026-08-31,ny,Apple Bank,Westchester,26,Other,
warn-4900,2026-08-31,ny,Bronx Parent Housing Network,Bronx,44,Funding Loss,
warn-4947,2026-08-31,ny,Jennie B. Richmond Nursing Home,Erie,37,Economic,
warn-5066,2026-08-31,ny,"SY SEIT, LLC.",Queens,13,Expiration of Lease,
warn-12685,2026-08-31,wa,Amazon,"Seattle, Bellevue, Sumner",121,,
warn-12686,2026-08-31,wa,Maverick Washington LLC / Riverside Casino,Tukwila,142,,
warn-12687,2026-08-31,wa,Maverick Washington LLC / Great American Casino,Tukwila,96,,
warn-5089,2026-08-28 00:00:00,tx,MCD Innovations (2026),McKinney,54,,
warn-5031,2026-08-28,ny,"Oswego Beverage Company, LLC.",Oswego,59,Sale of Business,
warn-5032,2026-08-28,ny,"Oswego Beverage Company, LLC.",Jefferson,42,Sale of Business,
warn-12688,2026-08-28,wa,"Columbia Hospitality, Inc",Kenmore,86,,
warn-5090,2026-08-27 00:00:00,tx,"CTI Foods Bean, LLC",Saginaw,66,,
warn-12689,2026-08-26,wa,"T-Mobile USA, Inc.","Seattle, Bellingham, Bothell, Vancouver, Bellevue, Kennewick, Tacoma, and Yakima",77,,
warn-5091,2026-08-25 00:00:00,tx,"Birchstone Management,LLC",Dallas,55,,
warn-12690,2026-08-21,wa,"Twin City Foods, Inc.",Ellensburg,109,,
warn-12691,2026-08-21,wa,"Borton & Sons, Inc.","Yakima, Zillah, Pasco, Burbank, Prescott, Soap Lake, Othello, Mesa",928,,
warn-5010,2026-08-20,ny,Meta,New York,417,Economic,
warn-5011,2026-08-20,ny,Meta,New York,354,Economic,
warn-5012,2026-08-20,ny,Meta,New York,389,Economic,
warn-12692,2026-08-20,wa,Starbucks,Seattle,224,,
warn-12693,2026-08-18,wa,TT Commerce & Global Services,Bellevue,75,,
warn-4941,2026-08-16,ny,"HNI Workplace Furnishings, LLC.",Steuben,123,Other,
warn-12694,2026-08-14,wa,Norwesco,Fife,54,,
warn-12695,2026-08-12,wa,Jack in the Box,Everett,24,,
warn-5092,2026-08-11 00:00:00,tx,"Postal Center International, Inc",San Antonio,164,,
warn-5093,2026-08-11 00:00:00,tx,Dylan Logistics LLC (Lewisville),Lewisville,97,,
warn-5094,2026-08-11 00:00:00,tx,Dylan Logistics LLC (Fort Worth),Fort Worth,70,,
warn-5029,2026-08-10,ny,"OceanFirst Bank, N.A.",Nassau,174,Merger,
warn-5095,2026-08-07 00:00:00,tx,"T-Mobile USA, Inc. (Texas Irving Office)",Irving,113,,
warn-5096,2026-08-05 00:00:00,tx,"Revol Greens Tx, LLC",Temple,115,,
warn-12696,2026-08-05,wa,Google,Various locations in Washington,52,,
warn-12697,2026-08-05,wa,"Salesforce, Inc.","Seattle, Bellevue",59,,
warn-5097,2026-08-04 00:00:00,tx,Essendant,Irving,136,,
warn-12698,2026-08-04,wa,Zillow Group,Seattle,91,,
warn-5098,2026-08-03 00:00:00,tx,80 Acres Farms,San Antonio,166,,
warn-4925,2026-08-03,ny,"Etain, LLC.",Warren,37,Economic,
warn-4927,2026-08-03,ny,Federal Express Corporation (Multiple Regions),Oneida,31,Other,
warn-4928,2026-08-03,ny,Federal Express Corporation (Multiple Regions),Erie,36,Other,
warn-4929,2026-08-03,ny,Federal Express Corporation (Multiple Regions),Chemung,32,Other,
warn-4930,2026-08-03,ny,Federal Express Corporation (Multiple Regions),Tompkins,12,Other,
warn-4931,2026-08-03,ny,Federal Express Corporation (Multiple Regions),Broome,31,Other,
warn-4932,2026-08-03,ny,Federal Express Corporation (Multiple Regions),Onondaga,22,Other,
warn-12699,2026-08-03,wa,"80 Acres Urban Agriculture, Inc.",Marysville,55,,
warn-4890,2026-08-02,ny,Allied Aviation Service Company of New York Inc.,Queens,42,Other,
warn-5099,2026-07-31 00:00:00,tx,A Metropolis Company (Express Parking),Dallas,90,,
warn-5100,2026-07-31 00:00:00,tx,A Metropolis Company (Terminal Link),Dallas,87,,
warn-5101,2026-07-31 00:00:00,tx,A Metropolis Company (Rental Car),Dallas,130,,
warn-5102,2026-07-31 00:00:00,tx,A Metropolis Company (Main Building),Dallas,6,,
warn-5103,2026-07-31 00:00:00,tx,BioTouch Company,Dallas,59,,
warn-4945,2026-07-31,ny,"International Imaging Materials, Inc. (Armor-IIMAK)",Erie,198,Economic,
warn-5039,2026-07-31,ny,"Republic National Distributing Company New York, LLC.",New York,86,Sale of Business,
warn-5040,2026-07-31,ny,"Republic National Distributing Company New York, LLC.",Onondaga,46,Sale of Business,
warn-12700,2026-07-31,wa,Visa,Bellevue,70,,
warn-12701,2026-07-31,wa,"I.Q. Data International, Inc.",Bothell,101,,
warn-4917,2026-07-30,ny,"Coral Graphic Services, Inc.",Nassau,85,Relocation of Business,
warn-4944,2026-07-30,ny,Independence Care System,Bronx,89,Contract Loss Economic Other,
warn-12702,2026-07-28,wa,No Meat Factory USA Inc,Stanwood,113,,
warn-4903,2026-07-27,ny,BuzzFeed Media Enterprises Inc,New York,84,Economic,
warn-5027,2026-07-27,ny,"NY HEAT, LLC. (The Lambs Club)",New York,75,Building Renovations,
warn-5009,2026-07-24,ny,"Medical Care at Home, P.C.",New York,28,Other,
warn-5038,2026-07-23,ny,"Recreational Equipment, Inc.",New York,72,Economic,
warn-5104,2026-07-22 00:00:00,tx,Temco Logistics,Dallas,71,,
warn-5105,2026-07-21 00:00:00,tx,Showcase Window and Door,Missouri City,61,,
warn-5106,2026-07-16 00:00:00,tx,International Paper- (Carrollton),Carrollton,58,,
warn-12703,2026-07-16,wa,Verizon,Various locations in Washington,54,,
warn-4937,2026-07-14,ny,G&L Restaurant LLC,New York,37,Expiration of Lease Funding Loss,
warn-4921,2026-07-12,ny,"Durham School Services, LP./Monroe School Transportation, Inc.",Monroe,180,Contract Loss,
warn-4922,2026-07-12,ny,"Durham School Services, LP./Monroe School Transportation, Inc.",Albany,78,Contract Loss,
warn-5107,2026-07-10 00:00:00,tx,Fifth Third Bank,Frisco,115,,
warn-4901,2026-07-09,ny,Buffalo Newspress Inc. d/b/a BNP Empowered Print,Erie,81,Bankruptcy Contract Loss,
warn-5108,2026-07-08 00:00:00,tx,"Charter Communications,LLC",Austin,112,,
warn-12704,2026-07-08,wa,"Expeditors International of Washington, Inc.",Various locations in Washington,3,,
warn-4933,2026-07-07,ny,"Ferraro Foods of New York North, LLC.",Oneida,62,Economic,
warn-5109,2026-07-06 00:00:00,tx,ZeniMax MEDIA INC. (Austin) Bethesda Game Studios,Austin,22,,
warn-5110,2026-07-06 00:00:00,tx,"ZeniMax MEDIA INC. (Richardson, Texas)",Richardson,136,,
warn-4889,2026-07-06,ny,420 Park FB LLC,New York,42,Building Renovations Contract Loss,
warn-12705,2026-07-06,wa,Microsoft,Redmond,605,,
warn-5025,2026-07-03,ny,"NHS U.S., LLC.",Suffolk,31,Economic,
warn-12706,2026-07-02,wa,"INDUS Technology, Inc.","Keyport, Silverdale",120,,
warn-12707,2026-07-02,wa,Amazon,"Seattle, Bellevue",57,,
warn-5111,2026-07-01 00:00:00,tx,Baker Hughes Company,Houston,174,,
warn-5030,2026-07-01,ny,"Oracle America, Inc.",Westchester,62,Contract Termination,
warn-12708,2026-07-01,wa,"Alpha Technologies Services, Inc.",Bellingham,75,,
warn-4908,2026-06-30,ny,Cayuga Home for Children,Albany,1,Contract Loss Contract Termination Economic Funding Loss,
warn-4909,2026-06-30,ny,Cayuga Home for Children,Cayuga,14,Contract Loss Contract Termination Economic Funding Loss,
warn-4910,2026-06-30,ny,Cayuga Home for Children,Oneida,1,Contract Loss Contract Termination Economic Funding Loss,
warn-4911,2026-06-30,ny,Cayuga Home for Children,New York,319,Contract Loss Contract Termination Economic Funding Loss,
warn-4916,2026-06-30,ny,"College Association at Delhi, Inc.- SUNY Delhi",Delaware,53,Other,
warn-4935,2026-06-30,ny,"Flagship Logistics, LLC.",Steuben,43,Economic Expiration of Lease Other,
warn-5000,2026-06-30,ny,Lutheran Social Services of New York,Kings,20,Contract Loss,
warn-5002,2026-06-30,ny,Lutheran Social Services of New York,Kings,30,Contract Loss,
warn-5004,2026-06-30,ny,Lutheran Social Services of New York,Queens,38,Contract Loss,
warn-5007,2026-06-30,ny,"Maximus, Inc.",Monroe,176,Contract Loss,
warn-5063,2026-06-30,ny,"Sparus Holdings, LLC. & Southern Cross, LLC",Westchester,19,Contract Expiration,
warn-5067,2026-06-30,ny,The Bank of Nova Scotia,New York,15,Relocation of Business,
warn-5068,2026-06-30,ny,The Children's Village,Westchester,200,Contract Loss Contract Expiration,
warn-5070,2026-06-30,ny,The Rockefeller University,New York,27,Relocation of Business,
warn-5075,2026-06-30,ny,Unique Care Ltd,New York,59,Other,
warn-5076,2026-06-30,ny,"University of Rochester (Children’s Institute, Inc.)",Monroe,34,Contract Termination,
warn-5080,2026-06-30,ny,Villa Mary Immaculate d/b/a St. Peter’s Nursing and Rehabilitation Center (SPNRC),Albany,133,Building Renovations,
warn-12709,2026-06-29,wa,"Conduent Commercial Solutions, LLC",Remote in Washington,4,,
warn-12710,2026-06-29,wa,PetVet Care Centers,Vancouver,50,,
warn-12711,2026-06-26,wa,"Flagship Facilities Services, LLC",Seattle,4,,
warn-12712,2026-06-26,wa,"Transdev Services, Inc",Everett,108,,
warn-12713,2026-06-25,wa,"Bungie, Inc/Sony Interactive Entertainment",Bellevue,292,,
warn-4897,2026-06-24,ny,Bank of America,Erie,170,Expiration of Lease,
warn-5057,2026-06-24,ny,"Sardi's Enterprises, Ltd.",New York,62,Sale of Business,
warn-5112,2026-06-23 00:00:00,tx,JPMorgan Chase & Co.,Plano,244,,
warn-4934,2026-06-23,ny,"Finger Lakes On Wheels, LLC.",Steuben,85,Contract Expiration,
warn-5065,2026-06-23,ny,"Springer Nature America, Inc.",New York,24,Sale of Business,
warn-5033,2026-06-20,ny,"PharmaCann, Inc.",Orange,130,Other,
warn-12714,2026-06-17,wa,"First Student, Inc.",Seattle,111,,
warn-5113,2026-06-16 00:00:00,tx,KUEHNE + NAGEL (KN) 2026,Lewisville,90,,
warn-4920,2026-06-15,ny,Dice Lion Technology LLC,New York,37,Other,
warn-5024,2026-06-15,ny,NeuLion USA LLC,New York,7,Other,
warn-5114,2026-06-12 00:00:00,tx,SAKS GLOBAL (Neiman Marcus),Dallas,67,,
warn-5115,2026-06-12 00:00:00,tx,First Student (DeSoto I.S.D.),De Soto,74,,
warn-5116,2026-06-12 00:00:00,tx,"Fortrex (John Soules Foods, Inc.)",Tyler,85,,
warn-5022,2026-06-11,ny,"NBCUniversal Media, LLC",New York,123,Other,
warn-5117,2026-06-09 00:00:00,tx,"Remington Lodging and Hospitality, LLC (Hilton Houston NASA Clear Lake)",Houston,65,,
warn-5118,2026-06-08 00:00:00,tx,El Paso Independent School District,El Paso,250,,
warn-5119,2026-06-08 00:00:00,tx,Alan Ritchey Incorporated,Irving,232,,
warn-12715,2026-06-08,wa,"Expeditors International of Washington, Inc.",Various locations in Washington,230,,
warn-12716,2026-06-08,wa,"Lavish Roots, Inc.","Seattle, Bellevue, Redmond",263,,
warn-5120,2026-06-04 00:00:00,tx,MW Components (Matthew Warren Inc's USA Fastner Facility),Houston,53,,
warn-12717,2026-06-04,wa,SMBC Manubank,Remote in Washington,3,,
warn-4896,2026-05-31,ny,"AVI Foodsystems, Inc.",Allegany,45,Contract Loss,
warn-5058,2026-05-31,ny,"SDH Education West, LLC d/b/a Sodexo - Binghamton University",Broome,3,Contract Loss,
warn-5059,2026-05-31,ny,"SDH Education West, LLC d/b/a Sodexo - Binghamton University",Broome,144,Contract Loss,
warn-5060,2026-05-31,ny,"SDH Education West, LLC d/b/a Sodexo - Binghamton University",Broome,542,Contract Loss,
warn-5069,2026-05-31,ny,The Coca-Cola Company,Queens,41,Relocation of Business Other,
warn-5071,2026-05-31,ny,The Rockefeller University Hospital,New York,41,Economic Funding Loss,
warn-4894,2026-05-30,ny,Amazon (Western),Erie,542,Economic,
warn-5121,2026-05-29 00:00:00,tx,Toshiba International Corporation,Houston,67,,
warn-5073,2026-05-29,ny,Tourmaline Bio Inc.,New York,60,Merger,
warn-12718,2026-05-29,wa,Maverick Washington LLC Silver Dollar Mill Creek Casino,Bothell,41,,
warn-12719,2026-05-29,wa,Maverick Washington LLC Crazy Moose Mountlake Casino,Mountlake Terrace,82,,
warn-4946,2026-05-28,ny,"IPIC Theaters, LLC.",New York,58,Bankruptcy,
warn-5015,2026-05-27,ny,Morgan Stanley,New York,7,Other,
warn-5016,2026-05-27,ny,Morgan Stanley,New York,1,Other,
warn-5017,2026-05-27,ny,Morgan Stanley,New York,2,Other,
warn-5018,2026-05-27,ny,Morgan Stanley,New York,82,Other,
warn-5019,2026-05-27,ny,Morgan Stanley,New York,120,Other,
warn-5020,2026-05-27,ny,Morgan Stanley,New York,61,Other,
warn-5021,2026-05-27,ny,Morgan Stanley,New York,1,Other,
warn-12720,2026-05-26,wa,"Servatron, Inc.",Spokane Valley,124,,
warn-5079,2026-05-25,ny,VanDeMark Chemical Inc.,Niagara,0,Economic,
warn-12721,2026-05-22,wa,"Meta Platforms, Inc",King County,1395,,
warn-5042,2026-05-21,ny,Rising Ground Inc.,Queens,43,Contract Expiration,
warn-5043,2026-05-21,ny,Rising Ground Inc.,Westchester,27,Contract Expiration,
warn-5044,2026-05-21,ny,Rising Ground Inc.,Kings,17,Contract Expiration,
warn-5045,2026-05-21,ny,Rising Ground Inc.,New York,15,Contract Expiration,
warn-5046,2026-05-21,ny,Rising Ground Inc.,Westchester,29,Contract Expiration,
warn-5047,2026-05-21,ny,Rising Ground Inc.,Kings,29,Contract Expiration,
warn-5048,2026-05-21,ny,Rising Ground Inc.,Kings,24,Contract Expiration,
warn-5049,2026-05-21,ny,Rising Ground Inc.,New York,5,Contract Expiration,
warn-5050,2026-05-21,ny,Rising Ground Inc.,Bronx,68,Contract Expiration,
warn-12722,2026-05-21,wa,"Republic National Distributing Company, LLC",4 sites,267,,
warn-12723,2026-05-21,wa,"Genie Industries, Inc. / Terex USA, LLC",North Bend,117,,
warn-12724,2026-05-20,wa,"Flagship Facilities Services, LLC",Seattle,67,,
warn-5122,2026-05-19 00:00:00,tx,"Auzmet Architectural, LLC",Dallas,152,,
warn-5008,2026-05-18,ny,McKesson,Erie,78,Contract Loss,
warn-12725,2026-05-15,wa,Starbucks,Seattle,252,,
warn-5123,2026-05-14 00:00:00,tx,"Compass Group USA, Inc. (d/b/a Chartwell's Higher Education (Texas Southern Univ.)",Houston,88,,
warn-5005,2026-05-14,ny,"Main Street Sports Group, LLC",New York,66,Sale of Business,
warn-5014,2026-05-11,ny,"Mizkan America, Inc.",Orleans,30,Other,
warn-5083,2026-05-08,ny,"WP Company, LLC",New York,47,Other,
warn-12726,2026-05-08,wa,Starbucks,Seattle,61,,
warn-12727,2026-05-07,wa,Novanta Corporation,Mukilteo,83,,
warn-4923,2026-05-06,ny,"Elevate NY, LLC.",Rockland,99,Other,
warn-4998,2026-05-06,ny,Liberty Dental Plan Corporation,Nassau,2,Other,
warn-4912,2026-05-03,ny,Cazar Logistics,New York,37,Contract Termination,
warn-5124,2026-05-02 00:00:00,tx,Spirit Airlines (IAH) May 2026,Houston,515,,
warn-5125,2026-05-02 00:00:00,tx,Spirit Airlines (DFW) May 2026,Dallas,444,,
warn-5064,2026-05-02,ny,"Spirit Airlines, LLC",New York,186,Bankruptcy Economic,
warn-5126,2026-05-01 00:00:00,tx,"Amcor Rigid Packaging USA, LLC",Fort Worth,56,,
warn-5052,2026-05-01,ny,Saks & Company LLC,New York,136,Bankruptcy,
warn-5053,2026-05-01,ny,Saks & Company LLC,New York,24,Bankruptcy,
warn-5054,2026-05-01,ny,Saks & Company LLC,New York,3,Bankruptcy,
warn-5055,2026-05-01,ny,Saks & Company LLC,Nassau,2,Bankruptcy,
warn-5056,2026-05-01,ny,Saks & Company LLC,New York,8,Bankruptcy,
warn-12728,2026-05-01,wa,Maersk,Lakewood,44,,
warn-12729,2026-05-01,wa,Maersk,Sumner,5,,
warn-5127,2026-04-30 00:00:00,tx,"Sodexo (SDH Services East, LLC) Fort Worth Independent School District",Fort Worth,291,,
warn-4898,2026-04-30,ny,"BMC Benchmark Management Company, LLC. (Edith Macy Center Hotel)",Westchester,49,Sale of Business,
warn-4902,2026-04-30,ny,Bush Industries Inc. d/b/a eSolutions Group,Chautauqua,237,Bankruptcy,
warn-4948,2026-04-30,ny,"Knight Facilities Management, Inc.",New York,2,Contract Termination,
warn-4949,2026-04-30,ny,"Knight Facilities Management, Inc.",New York,2,Contract Termination,
warn-4950,2026-04-30,ny,"Knight Facilities Management, Inc.",New York,1,Contract Termination,
warn-4951,2026-04-30,ny,"Knight Facilities Management, Inc.",Queens,0,Contract Termination,
warn-4952,2026-04-30,ny,"Knight Facilities Management, Inc.",Nassau,2,Contract Termination,
warn-4953,2026-04-30,ny,"Knight Facilities Management, Inc.",Kings,1,Contract Termination,
warn-4954,2026-04-30,ny,"Knight Facilities Management, Inc.",Bronx,1,Contract Termination,
warn-4955,2026-04-30,ny,"Knight Facilities Management, Inc.",Kings,1,Contract Termination,
warn-4956,2026-04-30,ny,"Knight Facilities Management, Inc.",Kings,2,Contract Termination,
warn-4957,2026-04-30,ny,"Knight Facilities Management, Inc.",New York,1,Contract Termination,
warn-4958,2026-04-30,ny,"Knight Facilities Management, Inc.",Kings,2,Contract Termination,
warn-4959,2026-04-30,ny,"Knight Facilities Management, Inc.",Kings,1,Contract Termination,
warn-4960,2026-04-30,ny,"Knight Facilities Management, Inc.",New York,0,Contract Termination,
warn-4961,2026-04-30,ny,"Knight Facilities Management, Inc.",Kings,1,Contract Termination,
warn-4962,2026-04-30,ny,"Knight Facilities Management, Inc.",Bronx,2,Contract Termination,
warn-4963,2026-04-30,ny,"Knight Facilities Management, Inc.",Kings,1,Contract Termination,
warn-4964,2026-04-30,ny,"Knight Facilities Management, Inc.",Queens,2,Contract Termination,
warn-4965,2026-04-30,ny,"Knight Facilities Management, Inc.",Kings,1,Contract Termination,
warn-4966,2026-04-30,ny,"Knight Facilities Management, Inc.",Bronx,2,Contract Termination,
warn-4967,2026-04-30,ny,"Knight Facilities Management, Inc.",New York,1,Contract Termination,
warn-4968,2026-04-30,ny,"Knight Facilities Management, Inc.",New York,2,Contract Termination,
warn-4969,2026-04-30,ny,"Knight Facilities Management, Inc.",Kings,2,Contract Termination,
warn-4970,2026-04-30,ny,"Knight Facilities Management, Inc.",Bronx,2,Contract Termination,
warn-4971,2026-04-30,ny,"Knight Facilities Management, Inc.",Kings,2,Contract Termination,
warn-4972,2026-04-30,ny,"Knight Facilities Management, Inc.",Bronx,2,Contract Termination,
warn-4973,2026-04-30,ny,"Knight Facilities Management, Inc.",Nassau,1,Contract Termination,
warn-4974,2026-04-30,ny,"Knight Facilities Management, Inc.",Bronx,2,Contract Termination,
warn-4975,2026-04-30,ny,"Knight Facilities Management, Inc.",Bronx,2,Contract Termination,
warn-4976,2026-04-30,ny,"Knight Facilities Management, Inc.",Queens,1,Contract Termination,
warn-4977,2026-04-30,ny,"Knight Facilities Management, Inc.",Kings,2,Contract Termination,
warn-4978,2026-04-30,ny,"Knight Facilities Management, Inc.",Bronx,2,Contract Termination,
warn-4979,2026-04-30,ny,"Knight Facilities Management, Inc.",New York,2,Contract Termination,
warn-4980,2026-04-30,ny,"Knight Facilities Management, Inc.",New York,1,Contract Termination,
warn-4981,2026-04-30,ny,"Knight Facilities Management, Inc.",Queens,3,Contract Termination,
warn-4982,2026-04-30,ny,"Knight Facilities Management, Inc.",Kings,0,Contract Termination,
warn-4983,2026-04-30,ny,"Knight Facilities Management, Inc.",Bronx,2,Contract Termination,
warn-4984,2026-04-30,ny,"Knight Facilities Management, Inc.",Queens,2,Contract Termination,
warn-4985,2026-04-30,ny,"Knight Facilities Management, Inc.",Queens,2,Contract Termination,
warn-4986,2026-04-30,ny,"Knight Facilities Management, Inc.",Bronx,1,Contract Termination,
warn-4987,2026-04-30,ny,"Knight Facilities Management, Inc.",Kings,1,Contract Termination,
warn-4988,2026-04-30,ny,"Knight Facilities Management, Inc.",Queens,1,Contract Termination,
warn-4989,2026-04-30,ny,"Knight Facilities Management, Inc.",Kings,1,Contract Termination,
warn-4990,2026-04-30,ny,"Knight Facilities Management, Inc.",Kings,1,Contract Termination,
warn-4991,2026-04-30,ny,"Knight Facilities Management, Inc.",Nassau,1,Contract Termination,
warn-4992,2026-04-30,ny,"Knight Facilities Management, Inc.",New York,2,Contract Termination,
warn-4993,2026-04-30,ny,"Knight Facilities Management, Inc.",Bronx,3,Contract Termination,
warn-4994,2026-04-30,ny,"Knight Facilities Management, Inc.",Kings,2,Contract Termination,
warn-4995,2026-04-30,ny,"Knight Facilities Management, Inc.",Queens,2,Contract Termination,
warn-4996,2026-04-30,ny,"Knight Facilities Management, Inc.",Westchester,2,Contract Termination,
warn-4997,2026-04-30,ny,Krispy Kreme Doughnut Corporation,Bronx,52,Other,
warn-5035,2026-04-30,ny,Pinnacle Managing Co LLC,New York,64,Bankruptcy Economic,
warn-4891,2026-04-28,ny,Amazon,New York,135,Economic,
warn-4892,2026-04-28,ny,Amazon (Long Island),Nassau,71,Economic,
warn-4893,2026-04-28,ny,Amazon (Long Island),Suffolk,44,Economic,
warn-4936,2026-04-28,ny,"Fresenius USA Manufacturing, Inc.",Orange,56,Sale of Business,
warn-5128,2026-04-27 00:00:00,tx,"FreshRealm, Inc.",Lancaster,161,,
warn-5129,2026-04-27 00:00:00,tx,Laurel Ridge Treatment Center (Laurel Ridge),San Antonio,648,,
warn-12730,2026-04-27,wa,Jack in the Box,Anacortes,14,,
warn-5130,2026-04-23 00:00:00,tx,"Republic National Distributing Company, LLC (Reyes Holdings, L.L.C) Austin",Austin,164,,
warn-5131,2026-04-23 00:00:00,tx,"Republic National Distributing Company, LLC (Reyes Holdings, L.L.C) Corpus Christie",Corpus Ch,90,,
warn-5132,2026-04-23 00:00:00,tx,"Republic National Distributing Company, LLC (Reyes Holdings, L.L.C) Grand Prairie",Grand Prairie,689,,
warn-5133,2026-04-23 00:00:00,tx,"Republic National Distributing Company, LLC (Reyes Holdings, L.L.C) Houston",Houston,588,,
warn-5134,2026-04-23 00:00:00,tx,"Republic National Distributing Company, LLC (Reyes Holdings, L.L.C) San Antonio",Schertz,372,,
warn-5135,2026-04-23 00:00:00,tx,"National Safety Apparel, LLC",San Antonio,50,,
warn-5136,2026-04-21 00:00:00,tx,"Southern Mail Service, Inc.",Houston,50,,
warn-12731,2026-04-21,wa,Maverick Washington LLC / Silver Dollar SeaTac Casino,Seattle,65,,
warn-5081,2026-04-20,ny,Vimeo.com Inc.,New York,133,Other,
warn-4915,2026-04-18,ny,"Citigroup Technology, Inc.",New York,3,Economic,
warn-12732,2026-04-16,wa,ZoomCare,Bellevue & Remote,36,,
warn-5137,2026-04-15 00:00:00,tx,Saddle Creek Corporation,New Caney,168,,
warn-12733,2026-04-15,wa,Snap Inc.,"Bellevue, Seattle, Vancouver",95,,
warn-5138,2026-04-14 00:00:00,tx,"T-Mobile USA, Inc.",Austin,74,,
warn-4913,2026-04-14,ny,"Citibank, N.A.",New York,820,Economic,
warn-4914,2026-04-14,ny,"Citigroup Global Markets, Inc.",New York,58,Economic,
warn-5023,2026-04-13,ny,Nespresso,New York,46,"Relocation of Business, Artificial Intelligence",
warn-4904,2026-04-12,ny,Catholic Guardian Services (Rescission),Bronx,0,Contract Termination,
warn-4905,2026-04-12,ny,Catholic Guardian Services (Rescission),Bronx,0,Contract Termination,
warn-4906,2026-04-12,ny,Catholic Guardian Services (Rescission),Bronx,0,Contract Termination,
warn-4907,2026-04-12,ny,Catholic Guardian Services (Rescission),Bronx,0,Contract Termination,
warn-5072,2026-04-12,ny,TL Cannon Management Corp. - Applebee's (Capital),Schenectady,15,Expiration of Lease,
warn-12734,2026-04-10,wa,"Astellas US Holding, Inc.",Seattle,50,,
warn-5139,2026-04-08 00:00:00,tx,"Ampac Mobile Holdings, LLC (ProAmpac)",Grand Prairie,52,,
warn-5140,2026-04-06 00:00:00,tx,"Sodexo (SDH Services East, LLC) HCA Kingwood",Kingwood,81,,
warn-5141,2026-04-06 00:00:00,tx,"Sodexo (SDH Services East, LLC) HCA Clear Lake",Webster,86,,
warn-5142,2026-04-06 00:00:00,tx,"Sodexo (SDH Services East, LLC) HCA Women's Hospital of Texas",Houston,66,,
warn-5143,2026-04-06 00:00:00,tx,"Sodexo (SDH Services East, LLC) HCA Southeast Texas Medical Center",Pasadena,63,,
warn-4999,2026-04-06,ny,Lincoln Hall,Westchester,123,Contract Loss,
warn-5077,2026-04-06,ny,"USIC Locating Services, LLC. d/b/a Reconn Utility Services",Suffolk,72,Contract Loss,
warn-5144,2026-04-02 00:00:00,tx,DSV Contract Logistics (3PL Logistics Facility),Wilmer,391,,
warn-5145,2026-04-01 00:00:00,tx,GoldStar Transit (GST) Eagle Mountain/Saginaw Independent School District,Fort Worth,336,,
warn-5146,2026-03-31 00:00:00,tx,"Compass Group USA, Inc. (d/b/a Chartwell's Higher Education (Texas State University)",San Marcos,183,,
warn-5147,2026-03-31 00:00:00,tx,Hyatt Regency (South Congress Hotel),Austin,126,,
warn-4939,2026-03-31,ny,GoGo Bus Tours Inc .d/b/a 2gobus,Kings,75,Contract Expiration,
warn-5001,2026-03-31,ny,Lutheran Social Services of New York,Bronx,37,Contract Expiration,
warn-5003,2026-03-31,ny,Lutheran Social Services of New York,Bronx,20,Contract Expiration,
warn-12735,2026-03-31,wa,"Meta Platforms, Inc","Seattle, Bellevue, Redmond",168,,
warn-12736,2026-03-31,wa,"Oracle America, Inc.",Seattle and Remote,475,,
warn-12737,2026-03-27,wa,Starbucks,Seattle,69,,
warn-5148,2026-03-26 00:00:00,tx,Tempus Holding INC. d/b/a The Lodge Card Club,Round Rock,144,,
warn-5149,2026-03-26 00:00:00,tx,Endeavors Eagle Lake Children's Center (Eagle Lake),Eagle Lake,88,,
warn-5150,2026-03-26 00:00:00,tx,"CPLC Texas, Inc. (Magnolia ORR Site)",Los Fresnos,56,,
warn-5151,2026-03-25 00:00:00,tx,Albertsons #106 (Euless),Euless,82,,
warn-5152,2026-03-25 00:00:00,tx,Albertsons #4286 (W. Freeway),Fort Worth,56,,
warn-12738,2026-03-24,wa,"Epic Games, Inc.",Bellevue,82,,
warn-12739,2026-03-20,wa,"Blue Star Growers, Inc.",Cashmere,143,,
warn-12740,2026-03-17,wa,"Blue Bird, Inc.",Wenatchee,82,,
warn-4918,2026-03-13,ny,DF NY One Inc. d/b/a Dreamfields,Westchester,13,Contract Loss Funding Loss,
warn-12741,2026-03-13,wa,"John I. Haas, Inc.",Yakima,12,,
warn-12742,2026-03-12,wa,"Rise Baking Company, LLC",Kent,120,,
warn-12743,2026-03-11,wa,"Atlassian US, Inc.",Bellevue,63,,
warn-4924,2026-03-10,ny,Enthuse LLC,New York,13,Contract Termination,
warn-12744,2026-03-09,wa,"Agrimacs, Inc.",Chelan,145,,
warn-5153,2026-03-06 00:00:00,tx,Saks & Company LLC (Saks Fifth Avenue - San Antonio),San Antonio,71,,
warn-5154,2026-03-05 00:00:00,tx,Ashley Furniture Industries (Mesquite),Mesquite,266,,
warn-12745,2026-03-05,wa,CHS Northwest,"Whatcom, County",57,,
warn-12746,2026-03-05,wa,C2 Technologies,Virtual,1,,
warn-5155,2026-03-04 00:00:00,tx,"First Brands Group, LLC(Billy Mitchell)",Brownsville,345,,
warn-5156,2026-03-04 00:00:00,tx,"First Brands Group, LLC. (Titan Dist. Center)",Brownsville,183,,
warn-5157,2026-03-04 00:00:00,tx,First Brands Group LLC. (ASC Facility),Brownsville,43,,
warn-5158,2026-03-03 00:00:00,tx,"Campbell Soup Supply Company, LLC",Paris,205,,
warn-12747,2026-03-03,wa,Refresco Beverages US Inc,Walla Walla,58,,
warn-12748,2026-03-03,wa,Northwest Hardwoods,Centralia,70,,
warn-12749,2026-03-02,wa,"MicroVision, Inc.",Redmond,49,,
warn-12750,2026-03-02,wa,Doosan GridTech,Bellevue,18,,
warn-12751,2026-02-27,wa,"IPIC Theaters, LLC",Redmond,64,,
warn-5074,2026-02-24,ny,"Ultrepet, LLC. d/b/a Evergreen Recycling, LLC.",Albany,59,Funding Loss,
warn-5061,2026-02-23,ny,Seaport Entertainment Management LLC,New York,93,Economic,
warn-5159,2026-02-19 00:00:00,tx,Stockyards Hotel and H3 Ranch,Fort Worth,120,,
warn-5160,2026-02-19 00:00:00,tx,Bluum USA Inc.,Irving,60,,
warn-5161,2026-02-19 00:00:00,tx,"Main Street Sports Group, LLC.",The Woodlands,18,,
warn-12752,2026-02-19,wa,CHS Northwest,Various locations in Washington,38,,
warn-5162,2026-02-18 00:00:00,tx,Walgreens (Greens Rd.),Houston,159,,
warn-5037,2026-02-18,ny,"PT OPCO, LLC d/b/a Pink Taco",New York,36,Economic,
warn-12753,2026-02-16,wa,"Peshastin Pear Packers, LLC.",Peshastin,31,,
warn-4938,2026-02-13,ny,"Glossier, Inc.",New York,41,Other,
warn-5163,2026-02-11 00:00:00,tx,Comerica Bank(Frisco Star Tower Facility),Frisco,54,,
warn-12754,2026-02-11,wa,PeaceHealth,Various locations in Washington,94,,
warn-5164,2026-02-09 00:00:00,tx,Randalls #3067,Houston,94,,
warn-12755,2026-02-09,wa,Eddie Bauer LLC,Seattle,60,,
warn-12756,2026-02-09,wa,Congdon Packing Company,Yakima,102,,
warn-5165,2026-02-04 00:00:00,tx,HGS Solutions,El Paso,92,,
warn-5166,2026-02-04 00:00:00,tx,"First Brands Group, LLC",Arlington,87,,
warn-5167,2026-02-04 00:00:00,tx,"Empower Clinic Services, LLC",Houston,57,,
warn-5168,2026-02-03 00:00:00,tx,Expedia Group Inc. (Austin),Austin,100,,
warn-12757,2026-02-03,wa,"GMRI, Inc. dba Bahama Breeze",Tukwila,93,,
warn-5169,2026-02-02 00:00:00,tx,Janus International Group,Houston,113,,
warn-5170,2026-02-02 00:00:00,tx,Helpful Hands Inc. Joint Base San Antonio-Lackland,San Antonio,96,,
warn-12758,2026-02-02,wa,T-Mobile,Various locations in Washington,637,,
warn-4926,2026-01-31,ny,Federal Express Corporation (Capital Region),Albany,43,Other,
warn-12759,2026-01-30,wa,Amazon,Various locations in Washington,2198,,
warn-12760,2026-01-30,wa,International Paper Company,Union Gap,102,,
warn-5171,2026-01-29 00:00:00,tx,Compass Connections,Harlingen,148,,
warn-5172,2026-01-28 00:00:00,tx,Cardone Industries-Harlingen,Harlingen,41,,
warn-5173,2026-01-28 00:00:00,tx,Cardone Industries-Arlington,Arlington,87,,
warn-5174,2026-01-28 00:00:00,tx,Fresenius USA Manufacturing,Coppell,67,,
warn-12761,2026-01-28,wa,"Expedia, Inc.",Seattle,162,,
warn-12762,2026-01-28,wa,Amazon,Various locations in Washington,401,,
warn-12763,2026-01-28,wa,CHS Northwest,Lynden,11,,
warn-5175,2026-01-23 00:00:00,tx,Power Plug Inc. (Houston Manufacturing Company),Houston,74,,
warn-5176,2026-01-21 00:00:00,tx,Future Proof Brands LLC (Austin),Austin,158,,
warn-5177,2026-01-20 00:00:00,tx,"Tyson Foods, Inc (Amarillo B-Shift Operations) Updated",Amarillo,1761,,
warn-5178,2026-01-20 00:00:00,tx,"Sodexo, Inc. and Affiliates",Plano,85,,
warn-12764,2026-01-19,wa,"Meta Platforms, Inc",King County,331,,
warn-12765,2026-01-15,wa,Food Service Slicing LLC dba Crunch Pak,Selah,101,,
warn-5179,2026-01-14 00:00:00,tx,Francesca's (Houston),Houston,202,,
warn-5180,2026-01-09 00:00:00,tx,"Congo, LLC (Updated March 2026)",Lewisville,31,,
warn-12766,2026-01-08,wa,SMBC Manubank,Various locations in Washington,5,,
warn-5181,2026-01-07 00:00:00,tx,ComericA Frisco Star Tower Facility,Frisco,184,,
warn-5182,2026-01-07 00:00:00,tx,Tessera Therapeutics,Friendswood,2,,
warn-12767,2026-01-06,wa,Tessera,King County,1,,
warn-12768,2026-01-06,wa,Swedish Health Services,King and Snohomish Counties,50,,
warn-5183,2025-12-29 00:00:00,tx,FedEx Corporation Facility (Ft. Worth),Ft. Worth,89,,
warn-12769,2025-12-29,wa,Doosan GridTech,Bellevue,24,,
warn-5184,2025-12-26 00:00:00,tx,"Telvista, Inc.",Dallas,110,,
warn-5185,2025-12-22 00:00:00,tx,ABM Texas General Services (SMU),Dallas,211,,
warn-12770,2025-12-13,wa,Amazon,Seattle & Bellevue,84,,
warn-12771,2025-12-11,wa,Packaging Corporation of America,Wallula,200,,
warn-5186,2025-12-10 00:00:00,tx,LeeMAH Electronics. Inc.,Richardson,84,,
warn-5187,2025-12-10 00:00:00,tx,S&S Activewear,Irving,146,,
warn-5188,2025-12-03 00:00:00,tx,"CRST Expedited, Inc. d/b/a CRST The Transportation Solution, Inc.",Mansfield,1,,
warn-5189,2025-12-03 00:00:00,tx,Grand Lux Café LLC,Houston,83,,
warn-5190,2025-12-02 00:00:00,tx,Yang Ming (America) Corporation Updated,Houston,105,,
warn-5191,2025-12-02 00:00:00,tx,The Sheraton Arlington Hotel (Urbana Varro Hospitality Management),Arlington,110,,
warn-5192,2025-11-26 00:00:00,tx,"Tyson Foods, Inc. (Amarillo B-Shift Operations",Amarillo,1761,,
warn-5193,2025-11-25 00:00:00,tx,"FedEx Supply Chain Logistics & Electrronics, Inc. (Coppell)",Coppell,856,,
warn-5194,2025-11-21 00:00:00,tx,Huntington National Bank,Dallas,63,,
warn-12772,2025-11-21,wa,Verizon,Various locations in Washington,165,,
warn-12773,2025-11-21,wa,Providence Health & Services,Various locations in Washington,57,,
warn-12774,2025-11-20,wa,Nordstrom Credit Bank,Remote in Washington,6,,
warn-12775,2025-11-20,wa,Nordstrom Credit Bank,Remote in Washington,2,,
warn-5195,2025-11-19 00:00:00,tx,United Supermarkets,Lubbock,126,,
warn-5196,2025-11-18 00:00:00,tx,Wood Group USA Inc.,Freeport,180,,
warn-12776,2025-11-18,wa,Meteorcomm LLC,Renton,49,,
warn-12777,2025-11-18,wa,Battelle Memorial Institute / Pacific Northwest National Laboratory,Various locations in Washington,68,,
warn-5197,2025-11-17 00:00:00,tx,"Couchbase, Inc.",Austin,11,,
warn-12778,2025-11-17,wa,Nordstrom Credit Bank,Remote in Washington,1,,
warn-5198,2025-11-14 00:00:00,tx,Dometic Corporation,Grand Prairie,54,,
warn-12779,2025-11-14,wa,"The Skillet Group / Skillet SA, LLC",Seattle,9,,
warn-12780,2025-11-14,wa,"The Skillet Group / Skillet Diner, LLC",Seattle,18,,
warn-12781,2025-11-14,wa,"The Skillet Group / Skillet Street Food, Inc. DBA Skillet Diner Harbor Steps",Seattle,20,,
warn-12782,2025-11-13,wa,Great Floors (Artisan Designer Group),Various locations in Washington,58,,
warn-12783,2025-11-13,wa,"Solgen Power, LLC, d/b/a Purelight Power",Various locations in Washington,71,,
warn-5199,2025-11-12 00:00:00,tx,DLH Solutions (Dallas CMOP),Lancaster,298,,
warn-5200,2025-11-08 00:00:00,tx,"Dillard's Inc.(Dillard's Texas Central, LLC)",Plano,93,,
warn-12784,2025-11-07,wa,"Rad Power Bikes, Inc.",Seattle,64,,
warn-12785,2025-11-07,wa,"Adams County Public Hospital District #2, DBA East Adams Rural Healthcare",Ritzville,108,,
warn-5201,2025-11-06 00:00:00,tx,AI Fleet,Austin,56,,
warn-5202,2025-11-05 00:00:00,tx,Apogee Architectural Metals,Mesquite,58,,
warn-5203,2025-11-04 00:00:00,tx,"Firebird Bulk Carriers, Inc. (Victoria)",Victoria,3,,
warn-5204,2025-11-04 00:00:00,tx,"Firebird Bulk Carriers, Inc. (George West)",George West,21,,
warn-5205,2025-11-04 00:00:00,tx,"Firebird Bulk Carriers, Inc.(Tarzan)",Tarzan,1,,
warn-12786,2025-11-04,wa,Infineon Technologies Americas Corp.,Lynnwood,61,,
warn-5206,2025-10-31 00:00:00,tx,"Firebird Bulk Carriers, Inc.(Dilley)",Dilley,6,,
warn-5207,2025-10-31 00:00:00,tx,"Firebird Bulk Carriers, Inc (Dayton)",Dayton,2,,
warn-5208,2025-10-31 00:00:00,tx,"Natura PCR, LLC",Waller,88,,
warn-12787,2025-10-31,wa,"Phillips Ultrasound, Inc",Bothell,33,,
warn-12788,2025-10-31,wa,Tessera,Joint Base Lewis McChord,85,,
warn-5209,2025-10-30 00:00:00,tx,"Firebird Bulk Carriers, Inc. (Carrizo Springs)",Carrizo Springs,31,,
warn-5210,2025-10-30 00:00:00,tx,"Firebird Bulk Carriers, Inc. (Bryan)",Bryan,10,,
warn-5211,2025-10-30 00:00:00,tx,Pure Hothouse Foods LLC,San Antonio,80,,
warn-12789,2025-10-30,wa,Inventprise Inc.,Redmond,150,,
warn-12790,2025-10-30,wa,Green Diamond Resource Company,"Seattle, Shelton",42,,
warn-12791,2025-10-30,wa,TransAlta,Centralia,72,,
warn-5212,2025-10-29 00:00:00,tx,Tekni-Plex (Dallas Facility),Dallas,64,,
warn-5213,2025-10-29 00:00:00,tx,"Colonial Savings, F.A.",Fort Worth,130,,
warn-5214,2025-10-29 00:00:00,tx,Wells Fargo & Co. (Lubbock),Lubbock,225,,
warn-5215,2025-10-29 00:00:00,tx,"Cherokee Nation System Solutions, LLC",Austin,87,,
warn-5216,2025-10-28 00:00:00,tx,Job1 USA (Arlington),Arlington,31,,
warn-5217,2025-10-28 00:00:00,tx,Job1 USA (Fort Worth),Fort Worth,25,,
warn-5218,2025-10-28 00:00:00,tx,Job1 USA (Haslet),Haslet,25,,
warn-5219,2025-10-28 00:00:00,tx,"Congo, LLC",Lewisville,155,,
warn-12792,2025-10-28,wa,Amazon,Various locations in Washington,2303,,
warn-12793,2025-10-28,wa,PeaceHealth,Various locations in Washington,241,,
warn-12794,2025-10-28,wa,PacificSource,Tacoma,4,,
warn-12795,2025-10-24,wa,JARDE LLC,Bremerton,110,,
warn-5220,2025-10-23 00:00:00,tx,Job1 USA (San Antonio),San Antonio,18,,
warn-5221,2025-10-23 00:00:00,tx,Job1 USA (Houston),Houston,13,,
warn-12796,2025-10-23,wa,"Meta Platforms, Inc","Seattle, Bellevue, Redmond",101,,
warn-5222,2025-10-22 00:00:00,tx,"Flagstone Foods, LLC (El Paso Plant)",El Paso,225,,
warn-12797,2025-10-17,wa,Virginia Mason Franciscan Health Virtual Health Services,Tacoma,5,,
warn-12798,2025-10-16,wa,"FirstFruits, LLC",Prescott,1200,,
warn-12799,2025-10-16,wa,Above The Dirt LLC,Quincy,392,,
warn-5223,2025-10-15 00:00:00,tx,Texas Instruments - Sherman,Sherman,19,,
warn-5224,2025-10-15 00:00:00,tx,Eden Green Technology,Cleburne,102,,
warn-5225,2025-10-13 00:00:00,tx,"M & M Manufacturing, Inc.",Houston,75,,
warn-12800,2025-10-10,wa,Double M Orchards,Quincy,197,,
warn-12801,2025-10-10,wa,"Gebbers Farms, Etal",Brewster,3465,,
warn-12802,2025-10-10,wa,"King Fuji Ranch, Inc.",Mattawa,334,,
warn-5226,2025-10-09 00:00:00,tx,Creative Testing Solutions,Austin,91,,
warn-12803,2025-10-09,wa,Starbucks,"Seattle, Kent",974,,
warn-5227,2025-10-08 00:00:00,tx,"Meadow Burke, LLC d/b/a Leviat",Fort Worth,75,,
warn-5228,2025-10-08 00:00:00,tx,"Lion Elastomers Orange, LLC (Orange Plant)",Orange,113,,
warn-12804,2025-10-06,wa,"SimplyIOA, LLC",Olympia,1,,
warn-12805,2025-10-06,wa,Stemilt Ag Services LLC,Wenatchee,1561,,
warn-12806,2025-10-03,wa,Starbucks,Various locations in Washington,338,,
warn-5229,2025-10-02 00:00:00,tx,J & J Maintenance,San Antonio,279,,
warn-5230,2025-10-02 00:00:00,tx,Southwest Key Programs-Casa Canutillo,Canutillo,2,,
warn-5231,2025-10-02 00:00:00,tx,Southwest Key Programs-Casita Del Valle,Clint,5,,
warn-5232,2025-10-02 00:00:00,tx,Southwest Key Programs-Casa Houston Reliant,Houston,1,,
warn-5233,2025-10-02 00:00:00,tx,Southwest Key Programs-Casa Montezuma,Channelview,1,,
warn-5234,2025-10-02 00:00:00,tx,Southwest Key Programs-Casa Norma Linda,Los Fresnos,3,,
warn-5235,2025-10-02 00:00:00,tx,Southwest Key Programs-Casa Nueva Esperanza,Brownsville,8,,
warn-5236,2025-10-02 00:00:00,tx,Southwest Key Programs-Casa Quetzal,Houston,3,,
warn-5237,2025-10-02 00:00:00,tx,Southwest Key Programs-Casa Rio Grande,San Benito,3,,
warn-5238,2025-10-02 00:00:00,tx,Southwest Key Programs-National Headquarters (Austin),Austin,3,,
warn-5239,2025-10-02 00:00:00,tx,Southwest Key Programs-STX Regional Headquarters,Brownsville,12,,
warn-5240,2025-10-02 00:00:00,tx,Southwest Key Programs-Houston Headquarters,Houston,10,,
warn-5241,2025-10-01 00:00:00,tx,Memorial Hermann Health System Senior Living Facility,Houston,26,,
warn-5242,2025-10-01 00:00:00,tx,Yang Ming (America) Corporation,Houston,118,,
warn-12807,2025-10-01,wa,Farmers New World Life Insurance Company,Bellevue,65,,
warn-12808,2025-10-01,wa,"Oracle America, Inc.",Seattle,4,,
warn-12809,2025-10-01,wa,Manson Growers Orchard Services,Manson,257,,
warn-12810,2025-10-01,wa,AgriNorthwest,Kennewick,62,,
warn-5243,2025-09-30 00:00:00,tx,"DTSV, Inc. (ITC Federal)",Irving,169,,
warn-5244,2025-09-30 00:00:00,tx,"Seatrium AmFELS, Inc.",Brownsville,91,,
warn-5245,2025-09-30 00:00:00,tx,Urban Alchemy (Arch Shelter),Austin,55,,
warn-5246,2025-09-30 00:00:00,tx,Holiday Inn Club Vacations Incorporated-The Villages Resort,Flint,82,,
warn-5247,2025-09-30 00:00:00,tx,Urban Alchemy (8th Street Shelter),Austin,54,,
warn-12811,2025-09-30,wa,BM Administrative Services,Various locations in Washington,268,,
warn-5248,2025-09-29 00:00:00,tx,Texas Instruments  (DFAB),Dallas,163,,
warn-12812,2025-09-29,wa,Walmart,Federal Way,253,,
warn-12813,2025-09-29,wa,"Agrimacs, Inc.",Chelan,1368,,
warn-5249,2025-09-26 00:00:00,tx,Cottonwood Creek Healthcare Community,Richardson,70,,
warn-12814,2025-09-26,wa,Kershaw Farm Labor Management,Yakima,539,,
warn-5250,2025-09-25 00:00:00,tx,"Kira Aerospace, LLC. (NBOC)",Palestine,6,,
warn-5251,2025-09-25 00:00:00,tx,Spirit Airlines (W PGL Warehouse),Irving,51,,
warn-5252,2025-09-24 00:00:00,tx,Spirit Airlines (IAH),Houston,173,,
warn-12815,2025-09-23,wa,"Gilbert Orchards, Inc.",Yakima,599,,
warn-12816,2025-09-23,wa,"Darigold, Inc.",Chehalis,55,,
warn-12817,2025-09-22,wa,Overlake Medical Center & Clinics,Bellevue,55,,
warn-12818,2025-09-19,wa,"Sundquist Fruit, LLC",Yakima and Franklin Counties,424,,
warn-12819,2025-09-19,wa,"Monson Ranches Snake River Orchards, LLC DBA Goose Ridge Vineyards",Benton City,310,,
warn-5253,2025-09-18 00:00:00,tx,Sunny Glen Children's Home,Raymondville,424,,
warn-5254,2025-09-17 00:00:00,tx,Accelore Group-Amazon Logistics (DDA9- Fort Worth),Fort Worth,107,,
warn-5255,2025-09-17 00:00:00,tx,Accelore Group-Amazon Logistics (DDF2-Balch Springs),Mesquite,107,,
warn-12820,2025-09-17,wa,Seattle Children's Hospital,"Seattle, Bellevue, Everett, Federal Way, Kennewick",154,,
warn-12821,2025-09-17,wa,"AG Management Group, LLC",Yakima,1276,,
warn-12822,2025-09-17,wa,"Borton & Sons, Inc.",Various locations in Washington,1025,,
warn-12823,2025-09-15,wa,"Cascade View Fruit & Cold Storage, LLC",Selah,263,,
warn-12824,2025-09-15,wa,Columbia Orchard Management,Wenatchee,898,,
warn-12825,2025-09-12,wa,NWFM,Various locations in Washington,283,,
warn-12826,2025-09-11,wa,Washington Orchard Management,Various locations in Washington,336,,
warn-5256,2025-09-10 00:00:00,tx,"Hill & Smith, Inc.",Garland,46,,
warn-12827,2025-09-08,wa,Microsoft,Redmond,42,,
warn-12828,2025-09-08,wa,Virginia Mason Franciscan Health Virtual Health Services,Tacoma,24,,
warn-12829,2025-09-08,wa,Virginia Mason Franciscan Health Insurance Verification,Tacoma,6,,
warn-5257,2025-09-04 00:00:00,tx,"Essendant Management Services, LLC",Houston,92,,
warn-5258,2025-09-04 00:00:00,tx,CyraCom International Inc.,Houston,327,,
warn-5259,2025-09-03 00:00:00,tx,"Condair Operations, LLC",Center,51,,
warn-12830,2025-09-02,wa,"Oracle America, Inc.",Seattle,101,,
warn-12831,2025-09-02,wa,"Salesforce, Inc.","Seattle, Bellevue",93,,
warn-12832,2025-08-28,wa,Providence Health & Services,Seattle,5,,
warn-5260,2025-08-27 00:00:00,tx,MPW Services,Austin,82,,
warn-12833,2025-08-25,wa,"Rec Room, Inc.",Seattle,141,,
warn-12834,2025-08-25,wa,Pfizer,Bothell,100,,
warn-12835,2025-08-22,wa,Fred Meyer,Kent,172,,
warn-12836,2025-08-22,wa,Fred Meyer,Everett,189,,
warn-12837,2025-08-22,wa,Fred Meyer,Redmond,194,,
warn-12838,2025-08-22,wa,Fred Meyer,Seattle,201,,
warn-12839,2025-08-21,wa,Nordstrom Credit Bank,Remote in Washington,1,,
warn-5261,2025-08-20 00:00:00,tx,"Tech Werks, LLC (San Antonio)",San Antonio,87,,
warn-12840,2025-08-19,wa,"Car Toys, Inc.",Various locations in Washington,177,,
warn-5262,2025-08-18 00:00:00,tx,"Promises Behavioral Health, LLC",Wimberley,58,,
warn-12841,2025-08-18,wa,"Zeco Systems, Inc.",Various locations in Washington,6,,
warn-12842,2025-08-15,wa,T-Mobile,King County,131,,
warn-5263,2025-08-13 00:00:00,tx,"CarOffer, LLC",Addison,101,,
warn-12843,2025-08-13,wa,"Oracle America, Inc.",Seattle,161,,
warn-12844,2025-08-12,wa,"F5, Inc.",Seattle and Liberty Lake,106,,
warn-12845,2025-08-12,wa,"Block, Inc.",Statewide,4,,
warn-12846,2025-08-08,wa,Providence Health & Services,Various locations in Washington,126,,
warn-5264,2025-08-06 00:00:00,tx,UPS (Dallas Facility),Dallas,62,,
warn-5265,2025-08-06 00:00:00,tx,"Solarcycle, Inc.",Odessa,70,,
warn-5266,2025-08-06 00:00:00,tx,"Southwest Key Programs, Inc. (SWK National Headquarters)",Austin,45,,
warn-5267,2025-08-06 00:00:00,tx,"Southwest Key Programs, Inc. La Esperanza)",Brownsville,4,,
warn-5268,2025-08-06 00:00:00,tx,"Southwest Key Programs, Inc.(Casa Nueva Esperanza)",Brownsville,9,,
warn-5269,2025-08-06 00:00:00,tx,"Southwest Key Programs, Inc.(South Texas HQ)",Brownsville,13,,
warn-5270,2025-08-06 00:00:00,tx,"Southwest Key Programs, Inc. (Casa Franklin)",El Paso,1,,
warn-5271,2025-08-06 00:00:00,tx,"Southwest Key Programs, Inc. (Casa Norma Linda)",Los Fresnos,3,,
warn-5272,2025-08-06 00:00:00,tx,"Southwest Key Programs, Inc. (Casa Rio Grande)",San Benito,3,,
warn-5273,2025-08-06 00:00:00,tx,"Southwest Key Programs, Inc. (Casa Canutillo)",Canutillo,3,,
warn-12847,2025-08-04,wa,Microsoft,Redmond,40,,
warn-12848,2025-08-04,wa,Jack in the Box,Seattle,13,,
warn-5274,2025-08-01 00:00:00,tx,"Equus Workforce Solutions Houston Opertions- Acres Home (Arbor E&T, LLC)",Houston,12,,
warn-5275,2025-08-01 00:00:00,tx,"Equus Workforce Solutions Houston Opertions- Pearland (Arbor E&T, LLC)",Pearland,13,,
warn-5276,2025-08-01 00:00:00,tx,"Equus Workforce Solutions Houston Opertions- Westheimer Rd. (Arbor E&T, LLC)",Houston,28,,
warn-12849,2025-08-01,wa,"LevelTen Energy, Inc.",Seattle,60,,
warn-5277,2025-07-31 00:00:00,tx,"Equus Workforce Solutions-Camp Wisdom (Arbor E&T, LLC)",Dallas,1,,
warn-5278,2025-07-31 00:00:00,tx,"Equus Workforce Solutions-N.Tenth St. (Arbor E&T, LLC)",Garland,10,,
warn-5279,2025-07-31 00:00:00,tx,"Equus Workforce Solutions-Highway 161. (Arbor E&T, LLC)",Grand Prairie,71,,
warn-5280,2025-07-31 00:00:00,tx,"Equus Workforce Solutions-Greenville Ave. (Arbor E&T, LLC)",Dallas,10,,
warn-5281,2025-07-31 00:00:00,tx,"Equus Workforce Solutions-Irving Blvd. (Arbor E&T, LLC)",Irving,13,,
warn-5282,2025-07-31 00:00:00,tx,"Equus Workforce Solutions-Alpha Rd.(Arbor E&T, LLC)",Dallas,17,,
warn-5283,2025-07-31 00:00:00,tx,"Equus Workforce Solutions-Malcolm X Blvd.(Arbor E&T, LLC)",Dallas,16,,
warn-5284,2025-07-31 00:00:00,tx,"Equus Workforce Solutions-Buckner Blvd.(Arbor E&T, LLC)",Dallas,16,,
warn-5285,2025-07-31 00:00:00,tx,"Turner Industries (Paris, Texas September 2025)",Paris,211,,
warn-5286,2025-07-31 00:00:00,tx,Planned Parenthood Gulf Coast (Prevention Park Facility),Houston,114,,
warn-5287,2025-07-31 00:00:00,tx,"Southwest Key Programs, Inc. (Casa Houston Reliant)",Houston,211,,
warn-5288,2025-07-31 00:00:00,tx,"Southwest Key Programs, Inc. (Houston HQ)",Houston,11,,
warn-5289,2025-07-31 00:00:00,tx,"Southwest Key Programs, Inc. (Casa Quetzal)",Houston,309,,
warn-5290,2025-07-31 00:00:00,tx,"Southwest Key Programs, Inc. (Casa Sunzal)",Houston,223,,
warn-5291,2025-07-31 00:00:00,tx,"Southwest Key Programs, Inc. (Casa Oasis)",McAllen,128,,
warn-5292,2025-07-31 00:00:00,tx,"Southwest Key Programs, Inc. (Casa Sueno)",Weslaco,93,,
warn-5293,2025-07-31 00:00:00,tx,"Southwest Key Programs, Inc. (Casa Montezuma)",Channelview,238,,
warn-5294,2025-07-30 00:00:00,tx,Trinity Rail-Trinity Tank Car-Jordan Valley,Longview,170,,
warn-5295,2025-07-30 00:00:00,tx,"Equus Workforce Solutions Arlington (Arbor E&T, LLC)",Arlington,4,,
warn-5296,2025-07-30 00:00:00,tx,"Equus Workforce Solutions Denton (Arbor E&T, LLC)",Denton,27,,
warn-5297,2025-07-30 00:00:00,tx,"Equus Workforce Solutions Greenville (Arbor E&T, LLC)",Greenville,9,,
warn-5298,2025-07-30 00:00:00,tx,"Equus Workforce Solutions McKinney (Arbor E&T, LLC)",McKinney,15,,
warn-5299,2025-07-30 00:00:00,tx,"Equus Workforce Solutions Stephenville (Arbor E&T, LLC)",Stephenville,2,,
warn-5300,2025-07-30 00:00:00,tx,"Equus Workforce Solutions Terrell  (Arbor E&T, LLC)",Terrell,8,,
warn-5301,2025-07-30 00:00:00,tx,"Equus Workforce Solutions Weatherford (Arbor E&T, LLC)",Weatherford,16,,
warn-12850,2025-07-29,wa,Fred Meyer,Tacoma,226,,
warn-12851,2025-07-25,wa,RV Country Washington LLC,Kelso,17,,
warn-5302,2025-07-23 00:00:00,tx,Peraton Balloon Operations (NASA),Palestine,81,,
warn-5303,2025-07-21 00:00:00,tx,SM Cargo,Houston,194,,
warn-5304,2025-07-21 00:00:00,tx,Chevron Corporation (HESS Corporation),Houston,575,,
warn-12852,2025-07-21,wa,"Quality Food Centers, Inc",Mill Creek,76,,
warn-12853,2025-07-18,wa,"KIRA Services, LLC",Pacific Beach,7,,
warn-5305,2025-07-16 00:00:00,tx,"AMERICA, INC., d/b/a LIXIL",Grand Prairie,65,,
warn-12854,2025-07-14,wa,Jack in the Box,Seattle,12,,
warn-12855,2025-07-14,wa,Jack in the Box,Tukwila,14,,
warn-12856,2025-07-11,wa,FIS,Bellevue,138,,
warn-5306,2025-07-10 00:00:00,tx,"Sodexo, Inc.and Affiliates (Texas Southern University)",Houston,81,,
warn-5307,2025-07-10 00:00:00,tx,International Paper Company(N. Closner Blvd.),Edinburg,66,,
warn-5308,2025-07-10 00:00:00,tx,International Paper Company(W. Chaplin),Edinburg,66,,
warn-5309,2025-07-10 00:00:00,tx,International Paper Company(N. 26th),Edinburg,5,,
warn-12857,2025-07-10,wa,"GSC Transport, Inc.",Tacoma,10,,
warn-12858,2025-07-10,wa,"GSC Solutions, Inc.",Tacoma,7,,
warn-12859,2025-07-10,wa,"MacMillan-Piper, LLC.","Seattle, Tacoma",92,,
warn-12860,2025-07-10,wa,"Indeed, Inc.",Seattle,92,,
warn-5310,2025-07-09 00:00:00,tx,"GI Alliance Management, LLC",Southlake,25,,
warn-5311,2025-07-09 00:00:00,tx,Intel Corporation,Austin,110,,
warn-5312,2025-07-09 00:00:00,tx,Management & Training Corporation (Dominguez State Jail),San Antonio,8,,
warn-5313,2025-07-09 00:00:00,tx,Management & Training Corporation (Gist State Jail),Beaumont,6,,
warn-5314,2025-07-09 00:00:00,tx,Management & Training Corporation (Hutchins State Jail),Dallas,8,,
warn-5315,2025-07-09 00:00:00,tx,Management & Training Corporation (Lychner State Jail),Humble,17,,
warn-5316,2025-07-09 00:00:00,tx,Management & Training Corporation (Plane State Jail),Dayton,8,,
warn-5317,2025-07-09 00:00:00,tx,Management & Training Corporation (Travis County State Jail),Austin,4,,
warn-12861,2025-07-09,wa,Western Forest Products Inc.,Vancouver,112,,
warn-5318,2025-07-08 00:00:00,tx,"Movate, Inc. (AT&T Project)",Temple,71,,
warn-12862,2025-07-07,wa,"ByteDance, Inc.",Bellevue,27,,
warn-12863,2025-07-07,wa,"TikTok, Inc.",Bellevue,38,,
warn-12864,2025-07-07,wa,"Quality Built, LLC",Not Provided,1,,
warn-5319,2025-07-02 00:00:00,tx,International Business Machines-Coppell,Coppell,59,,
warn-5320,2025-07-02 00:00:00,tx,Fed Ex Corporation (Garland),Garland,81,,
warn-5321,2025-07-02 00:00:00,tx,Santa Maria Hostel,Houston,41,,
warn-5322,2025-07-02 00:00:00,tx,FedEx Corporation (Plano),Plano,50,,
warn-5323,2025-07-02 00:00:00,tx,Memorial Herman Health System Skilled Nursing Facility,Houston,83,,
warn-5324,2025-07-02 00:00:00,tx,TT Electronics Facility IRC (Plano),Plano,75,,
warn-12865,2025-07-02,wa,Microsoft,Redmond and Bellevue,830,,
warn-12866,2025-07-01,wa,"Northwest Offset Printing, Inc.",Spokane Valley,68,,
warn-5325,2025-06-24 00:00:00,tx,"Compass Group, Inc.d.b.a.Chartwells (Lancaster ISD)",Lancaster,83,,
warn-5326,2025-06-24 00:00:00,tx,Management & Training Corporation (Willacy County State Jail),Raymondville,166,,
warn-5327,2025-06-24 00:00:00,tx,Management & Training Corporation (Lindsey State Jail),Jacksboro,117,,
warn-5328,2025-06-24 00:00:00,tx,Management & Training Corporation (Kyle Correctional Center),Kyle,98,,
warn-5329,2025-06-24 00:00:00,tx,Management & Training Corporation (Gregory S. Coleman Unit),Lockhart,135,,
warn-5330,2025-06-24 00:00:00,tx,Management & Training Corporation (Bridgeport Correctional Facility),Bridgeport,103,,
warn-5331,2025-06-20 00:00:00,tx,Management & Training Corp. (Billy Moore Correctional Center),Overton,109,,
warn-5332,2025-06-20 00:00:00,tx,Management & Training Corp. (Bradshaw State Jail),Henderson,172,,
warn-12867,2025-06-20,wa,Amazon Fresh,Federal Way,125,,
warn-5333,2025-06-18 00:00:00,tx,"Encino Energy, LLC",Houston,121,,
warn-5334,2025-06-18 00:00:00,tx,Tyson Foods (Fort Worth Distribution Center),Fort Worth,275,,
warn-5335,2025-06-18 00:00:00,tx,"Khoros, LLC.",Austin,116,,
warn-5336,2025-06-17 00:00:00,tx,Lockheed Martin Corp. -Fort Bliss ATMP,Fort Bliss,17,,
warn-5337,2025-06-11 00:00:00,tx,Tom Thumb Store #3645 Plano,Plano,75,,
warn-5338,2025-06-11 00:00:00,tx,Randalls Store #1041,Houston,102,,
warn-5339,2025-06-11 00:00:00,tx,Movate Inc. (The Genesis Project),Temple,26,,
warn-12868,2025-06-06,wa,"Del Monte Foods, Inc.","Yakima, Wapato",51,,
warn-12869,2025-06-05,wa,Virginia Mason Franciscan Health Virtual Health Services,Tacoma,116,,
warn-5340,2025-06-04 00:00:00,tx,XiFin,Austin,87,,
warn-5341,2025-06-04 00:00:00,tx,Eckerd Connects (David Carrasco Job Corps),El Paso,77,,
warn-5342,2025-06-03 00:00:00,tx,Sunnova Energy Corporation,Houston,,,
warn-5343,2025-06-03 00:00:00,tx,JC Penney (Allaince Supply Chain),Haslet,296,,
warn-12870,2025-06-03,wa,Hood Packaging Corporation,Vancouver,94,,
warn-12871,2025-06-02,wa,Microsoft,Redmond,305,,
warn-12872,2025-05-30,wa,LifeSkills Connection Inc.,Sedro Woolley,119,,
warn-5344,2025-05-28 00:00:00,tx,Texana Center (Building A) Airport Service Center,Rosenberg,27,,
warn-5345,2025-05-28 00:00:00,tx,Texana Center (Building B) Airport Service Center,Rosenberg,25,,
warn-5346,2025-05-28 00:00:00,tx,Texana Center El Campo Learning Center,El Campo,9,,
warn-5347,2025-05-28 00:00:00,tx,Texana Center Glenn Lakes Group Home,Missouri City,7,,
warn-5348,2025-05-28 00:00:00,tx,Texana Center North Street Group Home,Rosenberg,7,,
warn-5349,2025-05-28 00:00:00,tx,Texana Center Aqua Vista Group,Rosenberg,4,,
warn-5350,2025-05-28 00:00:00,tx,Texana Center Russeff Filed  Home,Rosenberg,5,,
warn-5351,2025-05-28 00:00:00,tx,Texana Center Dovecoft Group Home,Rosenberg,6,,
warn-5352,2025-05-28 00:00:00,tx,Texana Center Camden Landing Group Home,Rosenberg,5,,
warn-5353,2025-05-28 00:00:00,tx,Texana Center Sunset Group Home,Wharton,8,,
warn-5354,2025-05-28 00:00:00,tx,Texana Center Willowbend Group Home,Wharton,6,,
warn-5355,2025-05-28 00:00:00,tx,Texana Center University Group Home,Wharton,5,,
warn-5356,2025-05-28 00:00:00,tx,Texana Center Maude Group Home,Wharton,4,,
warn-5357,2025-05-27 00:00:00,tx,LACROIX,El Paso,7,,
warn-12873,2025-05-27,wa,Emerald Transport Inc.,Quincy,1,,
warn-12874,2025-05-22,wa,Enterprise for Progress in the Community (EPIC),Yakima,198,,
warn-12875,2025-05-22,wa,Incyte Diagnostics,Spokane Valley,310,,
warn-5358,2025-05-21 00:00:00,tx,Child Care Associates,Ft. Worth,93,,
warn-5359,2025-05-21 00:00:00,tx,Child Care Associates (Tucker),Arlington,7,,
warn-5360,2025-05-21 00:00:00,tx,Child Care Associates (Linda Kay),Hurst,15,,
warn-5361,2025-05-21 00:00:00,tx,Child Care Associates (Mansfield),Mansfield,15,,
warn-5362,2025-05-21 00:00:00,tx,Child Care Associates (Carson),Fort Worth,14,,
warn-5363,2025-05-21 00:00:00,tx,Child Care Associates (Meachum),Fort Worth,15,,
warn-5364,2025-05-21 00:00:00,tx,Child Care Associates (Reagan),Fort Worth,14,,
warn-5365,2025-05-21 00:00:00,tx,Child Care Associates (Rosedale V),Fort Worth,16,,
warn-5366,2025-05-21 00:00:00,tx,Child Care Associates (Diamond Road),Fort Worth,13,,
warn-5367,2025-05-21 00:00:00,tx,Child Care Associates (Morris Foundation),Fort Worth,17,,
warn-5368,2025-05-21 00:00:00,tx,Child Care Associates(North Fort Worth),Fort Worth,16,,
warn-5369,2025-05-21 00:00:00,tx,Child Care Associates (Blanche),Fort Worth,17,,
warn-5370,2025-05-21 00:00:00,tx,Child Care Associates (Arlington 2),Arlington,22,,
warn-5371,2025-05-21 00:00:00,tx,Child Care Associates (JA Hargrave),Fort Worth,19,,
warn-5372,2025-05-21 00:00:00,tx,Child Care Associates (Everman),Fort Worth,9,,
warn-5373,2025-05-21 00:00:00,tx,Sodexo (International Leadership TX),Irving,165,,
warn-5374,2025-05-21 00:00:00,tx,F&S Produce West LLC,Houston,225,,
warn-5375,2025-05-20 00:00:00,tx,FedEx Supply Chain Logistics & Electronics (Ft. Worth),Fort Worth,305,,
warn-5376,2025-05-16 00:00:00,tx,Chevron (Deauville Blvd),Midland,185,,
warn-5377,2025-05-16 00:00:00,tx,Chevron (S. County Rd.),Midland,1,,
warn-5378,2025-05-16 00:00:00,tx,Chevron (N. FM 1788),Midland,14,,
warn-5379,2025-05-14 00:00:00,tx,International Paper Company(Edinburg),Edinburg,63,,
warn-5380,2025-05-14 00:00:00,tx,International Paper Company (Edinburg W. Chapin),Edinburg,64,,
warn-5381,2025-05-14 00:00:00,tx,International Paper Company (McAllen),McAllen,5,,
warn-5382,2025-05-14 00:00:00,tx,Atria Wealth Solutions,Houston,55,,
warn-12876,2025-05-13,wa,Microsoft,Redmond,1985,,
warn-12877,2025-05-12,wa,College Success Foundation,Bellevue,100,,
warn-5383,2025-05-08 00:00:00,tx,Museum of Ice Cream,Austin,38,,
warn-5384,2025-05-08 00:00:00,tx,WSS (Foot Locker),Houston,57,,
warn-5385,2025-05-07 00:00:00,tx,TRIGO (Tesla),Austin,50,,
warn-12878,2025-05-07,wa,The Bartell Drug Company (Rite Aid),Des Moines,131,,
warn-5386,2025-05-06 00:00:00,tx,Smurfikt Westrock Facility (ForneyTexas),Forney,200,,
warn-5387,2025-05-06 00:00:00,tx,Tom Thumb Store #3579,Allen,75,,
warn-12879,2025-05-05,wa,Starbucks,Seattle,8,,
warn-5388,2025-05-01 00:00:00,tx,Chick-Fil-A (N. Collins St. Plant),Arlington,10,,
warn-12880,2025-05-01,wa,SDS Lumber LLC,Bingen,81,,
warn-5389,2025-04-30 00:00:00,tx,PULAU Corporation,Killeen,64,,
warn-5390,2025-04-30 00:00:00,tx,Texas Central School Bus (Purnell),Lewisville,174,,
warn-5391,2025-04-30 00:00:00,tx,Texas Central School Bus (Mill),Lewisville,131,,
warn-5392,2025-04-30 00:00:00,tx,Texas Central School Bus (Cougar Alley),The Colony,155,,
warn-12881,2025-04-28,wa,"Accelerate360 Distribution, LLC - Dakota Merchandising Work Unit",Various locations in Washington,31,,
warn-12882,2025-04-25,wa,"TEKsystems, Inc.",Redmond,67,,
warn-12883,2025-04-24,wa,"MV Transportation, Inc",Redmond,287,,
warn-12884,2025-04-24,wa,"AMT Medical, Inc. dba Velocity medtech",Monroe,70,,
warn-5393,2025-04-23 00:00:00,tx,"Graphic Solutions, Inc. (Spring Valley)",Dallas,64,,
warn-5394,2025-04-23 00:00:00,tx,"Graphic Solutions, Inc (Welch Rd)",Dallas,2,,
warn-5395,2025-04-23 00:00:00,tx,Graphic Solutuions Inc. (Farmers Branch),Farmers Branch,5,,
warn-12885,2025-04-22,wa,SambaNova Systems,Various locations in Washington,8,,
warn-5396,2025-04-16 00:00:00,tx,MedStar Mobile Healthcare,Fort Worth,589,,
warn-5397,2025-04-16 00:00:00,tx,Virtex Enterprises LP,Austin,84,,
warn-5398,2025-04-08 00:00:00,tx,Catholic Charities Archdiocese Of Galveston-Houston (Cabrini CFLA)San Felipe,Houston,36,,
warn-5399,2025-04-08 00:00:00,tx,Catholic Charities Archdiocese Of Galveston-Houston (Cabrini CFLA)Louisiana Street,Houston,6,,
warn-5400,2025-04-08 00:00:00,tx,Catholic Charities Archdiocese Of Galveston-Houston (Cabrini CFLA)Collins Road,Richmond,2,,
warn-5401,2025-04-08 00:00:00,tx,Catholic Charities Archdiocese Of Galveston-Houston (Cabrini CFLA)South Loop West,Houston,1,,
warn-5402,2025-04-08 00:00:00,tx,US Cellular Corporation,Wichita Falls,1,,
warn-5403,2025-04-08 00:00:00,tx,"Movate, Inc.",Temple,51,,
warn-5404,2025-04-08 00:00:00,tx,Raices (April 2025),San Antonio,159,,
warn-12886,2025-04-07,wa,United States Cellular Corporation,Various locations in Washington,86,,
warn-5405,2025-04-02 00:00:00,tx,Southeast Service Corporation Services for Education (Georgetown ISD),Georgetown,60,,
warn-5406,2025-04-02 00:00:00,tx,Envision Physician Services LLC,San Antonio,120,,
warn-5407,2025-04-02 00:00:00,tx,Denali,Plano,28,,
warn-12887,2025-03-31,wa,Recreational Equipment Inc.,Issaquah,4,,
warn-12888,2025-03-28,wa,"MSRE Management, L.L.C., dba Martin Selig Real Estate",Seattle,86,,
warn-12889,2025-03-27,wa,Cornish College of the Arts,Seattle,354,,
warn-5408,2025-03-26 00:00:00,tx,VF's Dickies Headquarters,Fort Worth,125,,
warn-5409,2025-03-26 00:00:00,tx,American Bar Association (ProBAR),Harlingen,191,,
warn-5410,2025-03-26 00:00:00,tx,Waco Family Medicine (Meyer Center),Waco,52,,
warn-5411,2025-03-26 00:00:00,tx,SouthState Bank,McKinney,141,,
warn-5412,2025-03-26 00:00:00,tx,Durhan School Services-Wichita Falls,Wichita Falls,1,,
warn-5413,2025-03-26 00:00:00,tx,Waco Family Medicine (Bell's Hill),Waco,52,,
warn-5414,2025-03-26 00:00:00,tx,Waco Familly Medicine (MCC),Waco,52,,
warn-12890,2025-03-24,wa,Columbia River Mental Health Services,Vancouver,112,,
warn-12891,2025-03-24,wa,"American Medical Response Ambulance Service, Inc.","Centralia, Chehalis",35,,
warn-5415,2025-03-19 00:00:00,tx,"BH Security, LLC DBA Brinks Home",Dallas,61,,
warn-5416,2025-03-18 00:00:00,tx,"Church World Service, Inc.",Houston,63,,
warn-5417,2025-03-17 00:00:00,tx,"C&S Family of Companies (GSC Wholesale, LLC)",Houston,21,,
warn-5418,2025-03-12 00:00:00,tx,Grocery Delivery E Services USA DBA Hello Fresh (Tarrant),Grand Prairie,273,,
warn-5419,2025-03-12 00:00:00,tx,Constellis LLC (Laredo Border Station),Laredo,121,,
warn-5420,2025-03-12 00:00:00,tx,Constellis LLC (Laredo #2),Laredo,30,,
warn-5421,2025-03-12 00:00:00,tx,Chewy Inc. Fullfillment Center,Dallas,674,,
warn-5422,2025-03-12 00:00:00,tx,"De La Paz Cleaning and Rental Services, LLC (Laredo)",Laredo,142,,
warn-5423,2025-03-12 00:00:00,tx,Country Pure Foods,Houston,60,,
warn-5424,2025-03-11 00:00:00,tx,Interfaith Ministries Of Greater Houston (Refugee Services Program),Houston,101,,
warn-5425,2025-03-11 00:00:00,tx,"De La Paz Cleaning and Rental Services, LLC (North Eagle Pass)",Eagle Pass,60,,
warn-5426,2025-03-11 00:00:00,tx,"De La Paz Cleaning and Rental Services, LLC (Donna)",Donna,125,,
warn-5427,2025-03-11 00:00:00,tx,"Centerra (Constellis, LLC)",McAllen,23,,
warn-5428,2025-03-10 00:00:00,tx,"Catholic Charities, Diocese of Fort Worth, INC",Fort Worth,169,,
warn-12892,2025-03-10,wa,Cow Palace LLC,Granger,100,,
warn-5429,2025-03-06 00:00:00,tx,Ryder -Hutchins,Hutchins,110,,
warn-5430,2025-03-06 00:00:00,tx,"Hatco, Inc",Longview,68,,
warn-12893,2025-03-06,wa,The Cheesecake Factory,Seattle,119,,
warn-5431,2025-03-05 00:00:00,tx,Pure Safety Group Inc. DBA Guardian Fall,Houston,59,,
warn-5432,2025-03-05 00:00:00,tx,"LUKE Holdings, Inc. (Del Rio)",Del Rio,36,,
warn-5433,2025-03-05 00:00:00,tx,"LUKE Holdings, Inc. (Donna)",Donna,201,,
warn-5434,2025-03-05 00:00:00,tx,"LUKE Holdings, Inc (Eagle Pass)",Eagle Pass,129,,
warn-5435,2025-03-03 00:00:00,tx,JELD -WEN -Coppell,Coppell,56,,
warn-5436,2025-03-03 00:00:00,tx,"LUKE Holdings, Inc.(Laredo)",Laredo,73,,
warn-5437,2025-03-03 00:00:00,tx,"LUKE Holdings, Inc. (El Paso)",El Paso,227,,
warn-5438,2025-02-26 00:00:00,tx,MVM,El Paso,247,,
warn-5439,2025-02-26 00:00:00,tx,"MVM, Inc. (McAllen)",McAllen,132,,
warn-12894,2025-02-26,wa,Starbucks,Seattle,612,,
warn-5440,2025-02-25 00:00:00,tx,Houston Refining LP (2025),Houston,345,,
warn-12895,2025-02-25,wa,"Warner Bros. Discovery, Inc.",Kirkland,131,,
warn-5441,2025-02-24 00:00:00,tx,Christus Health Santa Rosa Medical Center,San Antonio,479,,
warn-5442,2025-02-24 00:00:00,tx,L3Harris Technologies (JAVA MAN Program),Rockwall,179,,
warn-5443,2025-02-19 00:00:00,tx,Southwest - Dallas Lovefield Airport,Dallas,626,,
warn-5444,2025-02-19 00:00:00,tx,Neiman Marcus-One Marcus Square,Dallas,1,,
warn-5445,2025-02-18 00:00:00,tx,Raices,San Antonio,61,,
warn-5446,2025-02-11 00:00:00,tx,Animal Supply Co. LLC,Grand Prairie,145,,
warn-5447,2025-02-11 00:00:00,tx,Catholic Charities of Dallas (Refuge Resettlement Program),Dallas,63,,
warn-5448,2025-02-11 00:00:00,tx,Propio Language Services,San Antonio,40,,
warn-5449,2025-02-10 00:00:00,tx,Catholic Charities Archdiocese Of Galveston-Houston (Louisiana Street),Houston,11,,
warn-5450,2025-02-10 00:00:00,tx,Catholic Charities Archdiocese Of Galveston-Houston (Smith Street),Houston,43,,
warn-5451,2025-02-10 00:00:00,tx,Catholic Charities Archdiocese Of Galveston-Houston (Bering Drive),Houston,58,,
warn-5452,2025-02-10 00:00:00,tx,Catholic Charities Archdiocese Of Galveston-Houston (San Felipe),Houston,8,,
warn-5453,2025-02-05 00:00:00,tx,Syzygy Plasmonics,Houston,58,,
warn-5454,2025-02-05 00:00:00,tx,Syzygy Plasmonics (Kirby),Houston,10,,
warn-5455,2025-02-05 00:00:00,tx,"LX Pantos America, Inc.",Fort Worth,131,,
warn-5456,2025-02-05 00:00:00,tx,Pathlight Property Management (OPVHHJV LLC),Plano,192,,
warn-5457,2025-02-05 00:00:00,tx,Hll Mission Technologies(Administrative Office of the US Courts (AOUSC),San Antonio,56,,
warn-5458,2025-01-30 00:00:00,tx,One TouchPoint,Austin,43,,
warn-5459,2025-01-29 00:00:00,tx,S & B Engineers and Constructors (Eastman),Longview,43,,
warn-5460,2025-01-29 00:00:00,tx,Allied Aviation-Southlake,Southlake,362,,
warn-5461,2025-01-29 00:00:00,tx,Manpower Group (Irving),Irving,173,,
warn-12896,2025-01-28,wa,"Advanced Drainage Systems, Inc.",Olympia,54,,
warn-5462,2025-01-27 00:00:00,tx,"Construction Specialties Platforn Holdings, LLC",Denton,89,,
warn-12897,2025-01-24,wa,Recreational Equipment Inc.,Sumner,45,,
warn-5463,2025-01-21 00:00:00,tx,"Chalk Mountain Services of Texas of Texas, LLC (Pleasanton)",Pleasanton,1,,
warn-5464,2025-01-15 00:00:00,tx,Macy's - Houston (Almeda),Houston,72,,
warn-5465,2025-01-14 00:00:00,tx,RR Donnelley,Nacogdoches,88,,
warn-5466,2025-01-14 00:00:00,tx,"COSMAX NBT USA, INC #1",Garland,80,,
warn-12898,2025-01-13,wa,"Associated Materials, LLC",Fife,150,,
warn-12899,2025-01-13,wa,Recreational Equipment Inc.,Various locations in Washington,31,,
warn-5467,2025-01-09 00:00:00,tx,"Scentsy, Inc.",Coppell,94,,
warn-5468,2025-01-08 00:00:00,tx,Commanche Peak Nuclear Power Plant,Glen Rose,86,,
warn-5469,2025-01-08 00:00:00,tx,Crothall Healthcare-Houston,Houston,69,,
warn-5470,2025-01-08 00:00:00,tx,C & S Family of Companies,Houston,21,,
warn-5471,2025-01-07 00:00:00,tx,"ICON Technology, Inc.",Austin,114,,
warn-12900,2025-01-06,wa,"REC Silicon, Inc.",Moses Lake,224,,
warn-5472,2024-12-27 00:00:00,tx,"Tenneco, Inc.",El Paso,140,,
warn-5473,2024-12-18 00:00:00,tx,Stealth Monitoring,Addison,29,,
warn-5474,2024-12-11 00:00:00,tx,"Get Fresh Produce, LLC",Houston,44,,
warn-5475,2024-12-11 00:00:00,tx,United Language Group,San Antonio,60,,
warn-5476,2024-12-11 00:00:00,tx,DallasNews Corporation,Plano,75,,
warn-12901,2024-12-09,wa,Boeing,Various locations in Washington,396,,
warn-5477,2024-12-04 00:00:00,tx,TTEC Government Solutions,Austin,650,,
warn-5478,2024-11-25 00:00:00,tx,"SDH Service East, LLC",San Antonio,166,,
warn-5479,2024-11-25 00:00:00,tx,Exxon Mobil Corporation (Big Lake) #1,Big Lake,1,,
warn-5480,2024-11-25 00:00:00,tx,Exxon Mobil Corporation (Big Lake) #2,Big Lake,2,,
warn-5481,2024-11-19 00:00:00,tx,Advanced Auto Parts (Grand Prairie),Grand Prairie,10,,
warn-5482,2024-11-19 00:00:00,tx,Advanced Auto Parts (Forest Hill),Forest Hill,9,,
warn-5483,2024-11-19 00:00:00,tx,Advanced Auto Parts (Mccart Ave.),Fort Worth,9,,
warn-5484,2024-11-19 00:00:00,tx,Advanced Auto Parts (Josey Ln),Dallas,10,,
warn-5485,2024-11-19 00:00:00,tx,Advanced Auto Parts (Camp Bowie),Fort Worth,11,,
warn-5486,2024-11-19 00:00:00,tx,Advanced Auto Parts (Carroll Avenue),Dallas,8,,
warn-5487,2024-11-19 00:00:00,tx,Advanced Auto Parts #6855 (Pearland),Pearland,10,,
warn-5488,2024-11-19 00:00:00,tx,Advanced Auto Parts (Garland),Garland,10,,
warn-5489,2024-11-19 00:00:00,tx,Advanced Auto Parts # 8054 (Cypress),Cypress,12,,
warn-5490,2024-11-19 00:00:00,tx,Advanced Auto Parts # 8169 (Houston),Houston,8,,
warn-5491,2024-11-19 00:00:00,tx,Advanced Auto Parts # 7993 (Conroe),Conroe,6,,
warn-5492,2024-11-19 00:00:00,tx,Advanced Auto Parts # 8046 (Spring),Spring,11,,
warn-5493,2024-11-19 00:00:00,tx,Advanced Auto Parts # 8489 (Houston II),Houston,7,,
warn-5494,2024-11-18 00:00:00,tx,Advanced Auto Parts# 7776 (Plano),Plano,12,,
warn-5495,2024-11-18 00:00:00,tx,Advanced Auto Parts #7912 (Plano),Plano,10,,
warn-5496,2024-11-18 00:00:00,tx,Advanced Auto Parts# 7734 (Burleson),Burleson,1,,
warn-12902,2024-11-15,wa,Boeing,Various locations in Washington,7,,
warn-12903,2024-11-15,wa,Boeing,Various locations in Washington,2192,,
warn-12904,2024-11-14,wa,"General Parts Distribution, LLC","Seattle, Tacoma, Lakewood, Auburn, Bellevue, Burien, Federal Way, Kent, Puyallup",100,,
warn-12905,2024-11-13,wa,"Gilead Sciences, Inc.",Seattle,72,,
warn-5497,2024-11-12 00:00:00,tx,Exxon Mobile (Las Colinas Office),Irving,376,,
warn-5498,2024-11-12 00:00:00,tx,Kuehne + Nagel (KN),Lewisville,68,,
warn-5499,2024-11-12 00:00:00,tx,Exxon Mobil (Midland #1),Midland,9,,
warn-5500,2024-11-12 00:00:00,tx,Exxon Mobil (Midland #3),Midland,9,,
warn-12906,2024-11-07,wa,Ardagh Glass Inc.,Seattle,245,,
warn-5501,2024-11-05 00:00:00,tx,"WIT Services Co., LLC",Stephenville,15,,
warn-5502,2024-11-05 00:00:00,tx,"Paragon Industries, Inc.",Stephenville,70,,
warn-12907,2024-11-04,wa,Providence Medical Group,Vancouver,9,,
warn-12908,2024-11-04,wa,Providence Medical Group,"Battleground, Camas, Vancouver",106,,
warn-5503,2024-10-30 00:00:00,tx,Alcom LLC,Waco,83,,
warn-5504,2024-10-29 00:00:00,tx,DHL Supply Chain (Missouri City 2024),Missouri City,43,,
warn-5505,2024-10-29 00:00:00,tx,DHL Supply Chain (Sugar Land 2024),Sugar Land,10,,
warn-5506,2024-10-29 00:00:00,tx,Marathon Oil Corporation,Houston,500,,
warn-12909,2024-10-29,wa,"Sony Interactive Entertainment LLC, Firewalk Studios",Bellevue,174,,
warn-5507,2024-10-24 00:00:00,tx,Sodexo (Alcon Labs),Fort Worth,70,,
warn-5508,2024-10-23 00:00:00,tx,Wolfspeed,Farmers Branch,73,,
warn-5509,2024-10-23 00:00:00,tx,"True Value Company, L.L.C.",Corsicana,107,,
warn-5510,2024-10-22 00:00:00,tx,DENNIS Uniform,Fort Worth,139,,
warn-5511,2024-10-16 00:00:00,tx,Intel Corporation,Austin,251,,
warn-5512,2024-10-16 00:00:00,tx,"National Fire & Safety, Inc",Dallas,99,,
warn-5513,2024-10-16 00:00:00,tx,MP2 Energy LLC (Shell Energy),Houston,103,,
warn-5514,2024-10-10 00:00:00,tx,"Jabil, Inc.",Richardson,136,,
warn-5515,2024-10-10 00:00:00,tx,International Paper Company San Antonio,San Antonio,89,,
warn-12910,2024-10-01,wa,"Lamb Weston, Inc","Connell, WA",379,,
warn-5516,2024-09-23 00:00:00,tx,Cygnus Home Services LLC. (San Antonio) Yelloh,San Antonio,11,,
warn-5517,2024-09-23 00:00:00,tx,Cygnus Home Services LLC. (Lewisville) Yelloh,Lewisville,25,,
warn-5518,2024-09-19 00:00:00,tx,Expedia Group Inc. (Austin),Austin,57,,
warn-12911,2024-09-18,wa,"AGC Biologics, Inc.",Bothell,10,,
warn-5519,2024-09-16 00:00:00,tx,Laboratory Corporation of America Holdings,Houston,53,,
warn-5520,2024-09-12 00:00:00,tx,Southwest Key Program (Casa Trail House),El Paso,666,,
warn-5521,2024-09-11 00:00:00,tx,Southwestern Health Resources,Farmers Branch,129,,
warn-5522,2024-09-10 00:00:00,tx,Management & Training Corp. - MTC Medical LLC  (Giles W. Dalby Facility),Post,218,,
warn-12912,2024-09-09,wa,"Lost Boys Interactive, LLC",Various locations in Washington,3,,
warn-5523,2024-09-06 00:00:00,tx,"Steward Medical Group, Inc.",Richardson,40,,
warn-5524,2024-09-04 00:00:00,tx,Steward Health Care System,Texarkana,43,,
warn-5525,2024-09-04 00:00:00,tx,"Basler Plastics, LLC",San Marcos,41,,
warn-5526,2024-08-30 00:00:00,tx,"HCL America, Inc. (HCL Tech)",Frisco,43,,
warn-5527,2024-08-28 00:00:00,tx,Signify North America Corporation-Genlyte Thomas LLC (Updated),San Marcos,109,,
warn-5528,2024-08-27 00:00:00,tx,Callaway Golf Interactive Inc,Austin,28,,
warn-5529,2024-08-21 00:00:00,tx,VSPOne Dallas (VSP Optical Group),Lewisville,69,,
warn-5530,2024-08-14 00:00:00,tx,Conn's HomePlus (Grand Prairie),Grand Prairie,16,,
warn-5531,2024-08-12 00:00:00,tx,"Arbor E & T, LLC Equus Workforce Solutions San Marcos Office",San Marcos,17,,
warn-5532,2024-08-12 00:00:00,tx,"Arbor E & T, LLC Equus Workforce Solutions Lockhart Office",Lockhart,3,,
warn-5533,2024-08-12 00:00:00,tx,"Arbor E & T, LLC Equus Workforce Solutions Bastrop Office",Bastrop,8,,
warn-5534,2024-08-12 00:00:00,tx,"Arbor E & T, LLC Equus Workforce Solutions Giddings Office",Giddings,3,,
warn-5535,2024-08-12 00:00:00,tx,"Arbor E & T, LLC Equus Workforce Solutions La Grange Office",La Grange,1,,
warn-5536,2024-08-12 00:00:00,tx,"Arbor E&T, LLC Equus Workforce Solutions Round Rock",Round Rock,26,,
warn-5537,2024-08-12 00:00:00,tx,"Arbor E & T, LLC Equus Workforce Solutions Burnet",Burnet,6,,
warn-5538,2024-08-12 00:00:00,tx,"Arbor E & T, LLC Equus Workforce Solutions Llano Satellite Office",Llano,1,,
warn-5539,2024-08-12 00:00:00,tx,"Arbor E & T, LLC Equus Workforce Solutions Johnson City Satellite Office",Johnson City,1,,
warn-5540,2024-08-12 00:00:00,tx,"Arbor E & T, LLC Equus Workforce Solutions Bartlett Satellite Office",Bartlett,1,,
warn-5541,2024-08-12 00:00:00,tx,"Arbor E & T, LLC Equus Workforce Solutions Taylor Satellite Office",Taylor,1,,
warn-5542,2024-08-12 00:00:00,tx,"INVISTA (Orange) Nylon Chemicals Americas, LLC",Orange,75,,
warn-5543,2024-08-12 00:00:00,tx,Landshark Bar & Grill,San Antonio,18,,
warn-5544,2024-08-08 00:00:00,tx,Seton Medical Center,Austin,15,,
warn-5545,2024-08-08 00:00:00,tx,Seton Medical Center Hays,Kyle,16,,
warn-5546,2024-08-08 00:00:00,tx,Seton Highland Lakes Hospital,Burnet,15,,
warn-5547,2024-08-08 00:00:00,tx,Seton Northwest Hospital,Austin,16,,
warn-5548,2024-08-08 00:00:00,tx,Seton Medical Center Williams,Round Rock,15,,
warn-5549,2024-08-08 00:00:00,tx,Seton Southwest Medical Center,Austin,15,,
warn-5550,2024-08-08 00:00:00,tx,Texas Children's Hosptal (Texas Medical Center),Houston,997,,
warn-5551,2024-08-08 00:00:00,tx,ABM Texas (TCC Northeast),Hurst,23,,
warn-5552,2024-08-08 00:00:00,tx,ABM Texas (TCC Northwest),Fort Worth,23,,
warn-5553,2024-08-08 00:00:00,tx,ABM Texas (TCC South),Fort Worth,23,,
warn-5554,2024-08-08 00:00:00,tx,ABM Texas (TCC Southeast),Arlington,23,,
warn-5555,2024-08-08 00:00:00,tx,ABM Texas (TCC Trinity),Fort Worth,23,,
warn-5556,2024-08-07 00:00:00,tx,Conn's Appliances (Beaumont Site),Beaumont,32,,
warn-5557,2024-08-07 00:00:00,tx,Conn's Appliances (Woodlands Site),Beaumont,183,,
warn-5558,2024-08-07 00:00:00,tx,Conn's Appliances (San Antonio),San Antonio,36,,
warn-5559,2024-08-07 00:00:00,tx,"Fleco Industries, LLC",Carrollton,174,,
warn-5560,2024-08-07 00:00:00,tx,The Gunter Hotel San Antonio,San Antonio,75,,
warn-5561,2024-08-06 00:00:00,tx,MII Technologies (AOUSC),San Antonio,57,,
warn-5562,2024-08-05 00:00:00,tx,Exxon Mobil (Midland #1),Midland,1,,
warn-5563,2024-08-05 00:00:00,tx,Exxon Mobil (Midland #2),Midland,7,,
warn-5564,2024-08-05 00:00:00,tx,Exxon Mobil (Midland #3),Midland,10,,
warn-12913,2024-08-05,wa,Synchronous LLC dba First Mode,"Seattle, Centralia",65,,
warn-5565,2024-08-01 00:00:00,tx,Exxon Mobile (Las Colinas Office),Irving,39,,
warn-5566,2024-08-01 00:00:00,tx,Exxon Mobil (Big Lake),Big Lake,2,,
warn-5567,2024-07-29 00:00:00,tx,SunPower Corporation (Waterford),Austin,6,,
warn-12914,2024-07-29,wa,SunPower Corporation,Bellevue,98,,
warn-5568,2024-07-26 00:00:00,tx,"BIMBO Bakeries USA, Inc.",San Antonio,138,,
warn-5569,2024-07-26 00:00:00,tx,Holiday Inn Club Vacations Incorporated,Galveston,54,,
warn-5570,2024-07-25 00:00:00,tx,"GEODIS Logistics, LLC (Casestack)",Grand Prairie,76,,
warn-5571,2024-07-25 00:00:00,tx,Quality Custom Distribution,Schertz,57,,
warn-5572,2024-07-23 00:00:00,tx,Pitney Bowes Inc.(Austin),Austin,12,,
warn-5573,2024-07-23 00:00:00,tx,Pitney Bowes Inc.(Irving),Irving,2,,
warn-5574,2024-07-18 00:00:00,tx,Master WoodCraft Cabinetry (Marshall),Marshall,298,,
warn-5575,2024-07-18 00:00:00,tx,Master WoodCraft Cabinetry (Jefferson),Jefferson,76,,
warn-5576,2024-07-18 00:00:00,tx,Golden Pass LNG Export Terminal (Sunbelt Rentals),Port Arthur,277,,
warn-5577,2024-07-18 00:00:00,tx,"STG International, Inc.",Dilley,107,,
warn-12915,2024-07-18,wa,Homegrown Partners LLC,King County,158,,
warn-5578,2024-07-17 00:00:00,tx,DHL Supply Chain (Carrollton),Carrollton,104,,
warn-5579,2024-07-17 00:00:00,tx,"RXO Last Mile, Inc. (Greens Parkway)",Houston,27,,
warn-5580,2024-07-17 00:00:00,tx,Vectrus Systems Corporation(V2X) Sheppard Air Force Base,Wichita Falls,123,,
warn-12916,2024-07-09,wa,Providence Sacred Heart Medical Center,Spokane,50,,
warn-5581,2024-07-05 00:00:00,tx,ShipBob Inc. (Grapevine),Grapevine,48,,
warn-5582,2024-07-05 00:00:00,tx,ShipBob Inc. (Dallas Hub),Dallas,3,,
warn-5583,2024-07-03 00:00:00,tx,"ISS Action, Inc.",Harlingen,197,,
warn-5584,2024-06-30 00:00:00,tx,"Zachry Industrial, Inc. (Baytown) Updated",Baytown,28,,
warn-5585,2024-06-30 00:00:00,tx,"Zachry Industrial, Inc. (Sabine Pass) Updated",Sabine Pass,33,,
warn-5586,2024-06-30 00:00:00,tx,"Zachry Industrial, Inc. (Orange) Updated",Orange,32,,
warn-5587,2024-06-30 00:00:00,tx,"Zachry Industrial, Inc. (Beaumont) Updated",Beaumont,33,,
warn-5588,2024-06-27 00:00:00,tx,New Options Sports,Farmers Branch,45,,
warn-5589,2024-06-25 00:00:00,tx,Southeast Service Corporation Services For Education,Kingsville,95,,
warn-12917,2024-06-25,wa,McKinley Paper Company,Port Angeles,190,,
warn-5590,2024-06-24 00:00:00,tx,"Ardagh Glass Packaging, Inc.",Houston,220,,
warn-5591,2024-06-20 00:00:00,tx,HII Mission Technologies (HII Defense and Federal Solutions),San Antonio,57,,
warn-5592,2024-06-17 00:00:00,tx,Compass Group / Fresh & Ready Foods,Dallas,65,,
warn-12918,2024-06-17,wa,Ardagh Glass Inc.,Seattle,244,,
warn-5593,2024-06-14 00:00:00,tx,Charter Communications (Austin),Austin,230,,
warn-5594,2024-06-14 00:00:00,tx,CoreCivic (South Texas Family Residential Center),Dilley,433,,
warn-5595,2024-06-13 00:00:00,tx,Target Hospitality (Dilley South Texas Family Residential Center),Dilley,95,,
warn-5596,2024-06-12 00:00:00,tx,Coach USA (Kerrvile Bus Company),San Antonio,50,,
warn-12919,2024-06-12,wa,"Superior Tire Service, Inc.",Auburn,2,,
warn-5597,2024-06-11 00:00:00,tx,Hunter Douglas Fabrication Company (Custom Brands Group) Updated,McKinney,53,,
warn-5598,2024-06-10 00:00:00,tx,"Intrepid U.S.A., Inc.",Dallas,102,,
warn-5599,2024-06-04 00:00:00,tx,Kaiser Aluminum - Sherman,Sherman,75,,
warn-5600,2024-06-04 00:00:00,tx,99 Cents Only Store LLC (Waco),Waco,20,,
warn-5601,2024-06-04 00:00:00,tx,99 Cents Only Stores - Houston - 4,Houston,20,,
warn-5602,2024-06-04 00:00:00,tx,99 Cents Only Stores - San Antonio,San Antonio,20,,
warn-5603,2024-06-04 00:00:00,tx,99 Cents Only Store LLC (Pasadena),Pasadena,20,,
warn-5604,2024-06-04 00:00:00,tx,99 Cents Only Store LLC (Mcallen),McAllen,20,,
warn-5605,2024-06-04 00:00:00,tx,99 Cents Only Store LLC (Rosenberg),Rosenberg,20,,
warn-5606,2024-06-04 00:00:00,tx,99 Cents Only Store LLC (Walzem),San Antonio,20,,
warn-5607,2024-06-04 00:00:00,tx,99 Cents Only Store LLC (Katy#2),Katy,20,,
warn-5608,2024-06-04 00:00:00,tx,99 Cents Only Store LLC (West Ave.),San Antonio,20,,
warn-5609,2024-06-04 00:00:00,tx,99 Cents Only Store LLC (Humble),Humble,20,,
warn-5610,2024-06-04 00:00:00,tx,99 Cents Only Store LLC (Humble #2),Humble,20,,
warn-5611,2024-06-04 00:00:00,tx,99 Cents Only Store LLC (WW. White),San Antonio,20,,
warn-5612,2024-06-04 00:00:00,tx,99 Cents Only Store LLC (Stella Link),Houston,20,,
warn-5613,2024-06-04 00:00:00,tx,99 Cents Only Store LLC (Callaghan Rd.),San Antonio,20,,
warn-5614,2024-06-04 00:00:00,tx,99 Cents Only Store LLC (W. Greens Rd),Houston,20,,
warn-5615,2024-06-04 00:00:00,tx,99 Cents Only Store LLC (North Freeway),Houston,20,,
warn-5616,2024-06-04 00:00:00,tx,99 Cents Only Store LLC (FM 1960),Houston,20,,
warn-5617,2024-06-04 00:00:00,tx,99 Cents Only Store LLC (Bellaire),Houston,20,,
warn-5618,2024-06-04 00:00:00,tx,99 Cents Only Store LLC (Lawndale),Houston,20,,
warn-5619,2024-06-04 00:00:00,tx,99 Cents Only Store LLC (Easttex Frwy),Houston,20,,
warn-5620,2024-06-04 00:00:00,tx,99 Cents Only Store LLC (Westheimer #1),Houston,20,,
warn-5621,2024-06-04 00:00:00,tx,99 Cents Only Store LLC (Westheimer #2),Houston,20,,
warn-5622,2024-06-04 00:00:00,tx,99 Cents Only Store LLC (N. Highway 6),Houston,20,,
warn-5623,2024-06-04 00:00:00,tx,99 Cents Only Store LLC (Jones Road),Houston,20,,
warn-5624,2024-06-04 00:00:00,tx,99 Cents Only Store LLC (Sam Houston Pkwy),Houston,20,,
warn-5625,2024-06-04 00:00:00,tx,99 Cents Only Store LLC (State Hwy 249),Houston,20,,
warn-5626,2024-06-04 00:00:00,tx,99 Cents Only Store LLC (Gessner),Houston,20,,
warn-5627,2024-06-04 00:00:00,tx,99 Cents Only Store LLC (Bissonet),Houston,20,,
warn-5628,2024-06-04 00:00:00,tx,99 Cents Only Store LLC (Almeda Genoa),Houston,20,,
warn-5629,2024-06-04 00:00:00,tx,99 Cents Only Store LLC (Harlingen),Harlingen,20,,
warn-5630,2024-06-03 00:00:00,tx,"Zachry Industrial, Inc. (Sabine Pass)",Sabine Pass,4072,,
warn-5631,2024-06-03 00:00:00,tx,"Zachry Industrial, Inc.(Orange)",Orange,16,,
warn-5632,2024-06-03 00:00:00,tx,"Zachry Industrial, Inc.(Beaumont)",Beaumont,15,,
warn-5633,2024-06-03 00:00:00,tx,"Zachry Industrial, Inc. (Baytown)",Baytown,307,,
warn-5634,2024-06-03 00:00:00,tx,99 Cents Only Store LLC. (Conroe),Conroe,20,,
warn-5635,2024-06-03 00:00:00,tx,99 Cents Only Store LLC (El Paso),El Paso,20,,
warn-5636,2024-06-03 00:00:00,tx,99 Cents Only Store LLC (Katy),Katy,20,,
warn-5637,2024-05-31 00:00:00,tx,Southwest Airlines  (Terminal Rd),Houston,97,,
warn-12920,2024-05-31,wa,Amazon,Tukwila,172,,
warn-12921,2024-05-31,wa,"Prestige Care, Inc.",Vancouver,150,,
warn-12922,2024-05-31,wa,"New Columbia Fruit Packers, LLC",Yakima,216,,
warn-5638,2024-05-30 00:00:00,tx,Dallas Morning News North Plant,Plano,85,,
warn-12923,2024-05-29,wa,"Expedia, Inc.",Seattle,36,,
warn-12924,2024-05-24,wa,"Obvio Health USA, Inc.",Seattle,51,,
warn-5639,2024-05-23 00:00:00,tx,Unleashed Brands (Towson),Bedford,48,,
warn-5640,2024-05-21 00:00:00,tx,Walmart (Carrollton),Carrollton,206,,
warn-5641,2024-05-20 00:00:00,tx,Walmart (Munger Blvd.),Dallas,1266,,
warn-5642,2024-05-17 00:00:00,tx,VSPOne Dallas,Lewisville,14,,
warn-5643,2024-05-15 00:00:00,tx,GoldStar Transit (Waco ISD),Waco,94,,
warn-5644,2024-05-14 00:00:00,tx,"Rarefied Atmosphere, Inc",Austin,106,,
warn-12925,2024-05-09,wa,Paradigm Delivery LLC,Airway Heights,42,,
warn-5645,2024-05-07 00:00:00,tx,"Arkane Studios, LLC.",Austin,96,,
warn-5646,2024-05-03 00:00:00,tx,Allied Universal Security Services (Wadsworth),Wadsworth,173,,
warn-5647,2024-05-02 00:00:00,tx,Denbury Inc.,Plano,3,,
warn-5648,2024-05-02 00:00:00,tx,Baylor Scott & White Institute for Rehabilitation-Home Health,Flower Mound,81,,
warn-5649,2024-05-02 00:00:00,tx,Select Specialty Hospital Longview-Select Medical Corporation,Longview,94,,
warn-5650,2024-05-02 00:00:00,tx,TATA Consultancy Services Limited 2024,Irving,94,,
warn-5651,2024-05-02 00:00:00,tx,"Careismatic Brands, Inc.",Dallas,202,,
warn-5652,2024-05-02 00:00:00,tx,Aramark Baylor (2100 River Street),Waco,64,,
warn-5653,2024-05-02 00:00:00,tx,Aramark Baylor(1919 S.First Street),Waco,691,,
warn-5654,2024-05-02 00:00:00,tx,GoldStar Transit(Robinson Independent School District),Robinson,500,,
warn-5655,2024-05-02 00:00:00,tx,TATA Consultancy Services Limited 2024(Austin),Austin,21,,
warn-5656,2024-05-02 00:00:00,tx,E4D Technologies,Richardson,67,,
warn-5657,2024-05-02 00:00:00,tx,Westlake Royal Building Products,Carrollton,260,,
warn-12926,2024-05-01,wa,"Assurance IQ, LLC",Seattle,112,,
warn-5658,2024-04-30 00:00:00,tx,"Arnold Transportation Services, Inc",Grand Prairie,157,,
warn-12927,2024-04-29,wa,"Take- Two Interactive Software, Inc.",Seattle,70,,
warn-12928,2024-04-26,wa,Lignetics Inc / GEM Shavings LLC,Auburn,9,,
warn-5659,2024-04-25 00:00:00,tx,"Soil Organic, Inc.",Rice,61,,
warn-5660,2024-04-23 00:00:00,tx,Tesla,Austin,2688,,
warn-5661,2024-04-23 00:00:00,tx,Expedia Group Inc. (Austin),Austin,84,,
warn-12929,2024-04-22,wa,"Expedia, Inc.",Seattle,2,,
warn-12930,2024-04-18,wa,lululemon usa inc.,Sumner,128,,
warn-5662,2024-04-17 00:00:00,tx,Joyson Safety Systems,San Antonio,108,,
warn-5663,2024-04-16 00:00:00,tx,Kohler Co.,Brownwood,93,,
warn-12931,2024-04-11,wa,"Plug Power, Inc.","Spokane Valley, WA",107,,
warn-5664,2024-04-04 00:00:00,tx,"Rooster Teeth Productions, LLC II",Austin,6,,
warn-12932,2024-04-04,wa,AIDC USA LLC,Bothell,1,,
warn-5665,2024-04-03 00:00:00,tx,"Nosco, Inc.",Carrollton,51,,
warn-12933,2024-04-03,wa,Pfizer,Everett,119,,
warn-12934,2024-04-02,wa,"Block, Inc.",Vancouver,1,,
warn-12935,2024-04-01,wa,"Volta Charging Industries, LLC",Various locations in Washington,7,,
warn-5666,2024-03-28 00:00:00,tx,Davies UC LLC,Austin,3,,
warn-5667,2024-03-27 00:00:00,tx,Kroger Fulfillment Network LLC-San Antonio,San Antonio,73,,
warn-5668,2024-03-26 00:00:00,tx,Kroger Fulfillment Network LLC-Austin,Austin,52,,
warn-12936,2024-03-26,wa,"TEKsystems, Inc.",Redmond,86,,
warn-12937,2024-03-22,wa,Bornstein,Bellingham,72,,
warn-5669,2024-03-14 00:00:00,tx,Signify North America Corporation - Genlyte Thomas LLC,San Marcos,109,,
warn-5670,2024-03-14 00:00:00,tx,Stanley Black and Decker,Mission,127,,
warn-5671,2024-03-11 00:00:00,tx,"Rooster Teeth Production, LLC",Austin,133,,
warn-5672,2024-03-08 00:00:00,tx,"Tramontina USA, Inc.",Sugar Land,62,,
warn-5673,2024-03-06 00:00:00,tx,Phoenix Assurance,Fort Worth,25,,
warn-5674,2024-03-06 00:00:00,tx,Artic Slope Mission Services',El Paso,70,,
warn-5675,2024-03-04 00:00:00,tx,"Gulf Stevedoring Services, LLC",Galveston,29,,
warn-12938,2024-03-04,wa,BowFlex Inc.,Vancouver,202,,
warn-12939,2024-03-01,wa,"Jabil, Inc.",Vancouver,120,,
warn-5676,2024-02-29 00:00:00,tx,"Ironhorse Funding, LLC.",Irving,9,,
warn-5677,2024-02-29 00:00:00,tx,Denbury Inc,Plano,111,,
warn-5678,2024-02-27 00:00:00,tx,Expedia Group Inc. (Austin),Austin,64,,
warn-12940,2024-02-27,wa,"Expedia, Inc.",Seattle,208,,
warn-12941,2024-02-27,wa,"Del Monte Foods, Inc.",Toppenish,127,,
warn-5679,2024-02-26 00:00:00,tx,Daifuku Services America Corp.,Carrollton,38,,
warn-5680,2024-02-26 00:00:00,tx,Frontpoint LLC. (Primary Home Health Care),Arlington,53,,
warn-5681,2024-02-23 00:00:00,tx,Oldcastle Infrastructure,Kennedale,64,,
warn-5682,2024-02-22 00:00:00,tx,"Kasasa, LTD",Austin,59,,
warn-5683,2024-02-22 00:00:00,tx,Rio Grande Valley Sugar Growers 2024,Santa Rosa,435,,
warn-12942,2024-02-20,wa,"Output Services Group, Inc.",Renton,76,,
warn-12943,2024-02-20,wa,American Queen Steamboat Company,"Clarkston, Vancouver",508,,
warn-12944,2024-02-16,wa,BAE Systems,"Keyport, Silverdale",54,,
warn-5684,2024-02-15 00:00:00,tx,NexTier Completion Solutions Inc. - San Angelo II,San Angelo,104,,
warn-12945,2024-02-14,wa,"Roy Farms, SPC",Moxee,129,,
warn-5685,2024-02-12 00:00:00,tx,"WFS Express, Inc. Kelley Field",San Antonio,65,,
warn-12946,2024-02-09,wa,"Appen AI, Inc.",Kirkland,2,,
warn-12947,2024-02-07,wa,"Skagit Horticulture, LLC","Mount Vernon, Mabton",169,,
warn-12948,2024-02-06,wa,"RaterLabs, Inc.",Kirkland,3657,,
warn-5686,2024-02-02 00:00:00,tx,Shearer's Foods LLC,Lubbock,176,,
warn-12949,2024-02-02,wa,Sonoco Products Co.,Sumner,34,,
warn-5687,2024-02-01 00:00:00,tx,"Mattison Pathology, LLP dba Avero Diagnotics",Irving,103,,
warn-12950,2024-01-31,wa,"Thermoforming Systems, LLC",Union Gap,66,,
warn-5688,2024-01-30 00:00:00,tx,American Airlines-SRO,Ft. Worth,321,,
warn-12951,2024-01-30,wa,"Block, Inc.",Statewide,43,,
warn-12952,2024-01-30,wa,Penske Logistics LLC,"Auburn, Arlington, Benton City, Spokane",125,,
warn-12953,2024-01-26,wa,HMSHost,Spokane,119,,
warn-5689,2024-01-25 00:00:00,tx,Hollingsworth LLC,Fort Worth,153,,
warn-5690,2024-01-25 00:00:00,tx,Vroom-Meadows Place #2,Stafford,54,,
warn-5691,2024-01-25 00:00:00,tx,Vroom-Stafford,Stafford,283,,
warn-5692,2024-01-24 00:00:00,tx,"Panera, LLC Fresh Dough Facility",Houston,84,,
warn-5693,2024-01-24 00:00:00,tx,Longwood Elastomers,Brenham,52,,
warn-12954,2024-01-24,wa,"Northwest Motorsport, LLC","Lynnwood, Marysville, Pasco, Puyallup, Spokane Valley",142,,
warn-5694,2024-01-23 00:00:00,tx,Vroom-Sam Houston Parkway,Houston,178,,
warn-5695,2024-01-22 00:00:00,tx,Horton Automatics,Corpus Christi,63,,
warn-5696,2024-01-19 00:00:00,tx,HMS Host-DFW Airport,Grapevine,334,,
warn-12955,2024-01-19,wa,WestRock Company,Seattle,87,,
warn-12956,2024-01-19,wa,Walmart,Redmond,62,,
warn-5697,2024-01-18 00:00:00,tx,Versum Materials US LLC,Austin,51,,
warn-5698,2024-01-17 00:00:00,tx,Jumbo Beverages,Grapevine,109,,
warn-5699,2024-01-16 00:00:00,tx,"WWL Vehicle Services Americas, Inc.",Houston,63,,
warn-5703,2024-01-16 00:00:00,tx,"WWL Vehicle Services Americas, Inc.",Houston,63,,
warn-5700,2024-01-12 00:00:00,tx,GDI Services - Coppell,Coppell,44,,
warn-5701,2024-01-12 00:00:00,tx,GDI Services Dallas,Dallas,44,,
warn-5702,2024-01-12 00:00:00,tx,Unity Technologies-Austin,Austin,92,,
warn-12957,2024-01-12,wa,"Lost Boys Interactive, LLC","Bellevue, Bothell, Kirkland, Monroe, Redmond, Sammamish",7,,
warn-12958,2024-01-10,wa,"Merit Logistics, LLC",Chehalis,158,,
warn-5704,2024-01-09 00:00:00,tx,"ABM Industries, Inc. Flowers Baking Company",San Antonio,176,,
warn-5705,2024-01-09 00:00:00,tx,Tom Thumb Store #3854,Grapevine,71,,
warn-12959,2024-01-09,wa,Unity Technologies,Bellevue,120,,
warn-5706,2024-01-08 00:00:00,tx,Masonite Corporation (Greenville),Greenville,75,,
warn-5707,2024-01-08 00:00:00,tx,"Packers Sanitation Services, Inc. (PSSI) Friona",Friona,103,,
warn-12960,2024-01-08,wa,"Flexe, Inc.",Seattle,99,,
warn-5708,2024-01-05 00:00:00,tx,Genpact US Services LLC,Richardson,365,,
warn-5709,2024-01-05 00:00:00,tx,Technica Corporation,San Antonio,60,,
warn-5710,2024-01-04 00:00:00,tx,Randalls #2490,Austin,76,,
warn-12961,2023-12-28,wa,REXAM Beverage Can Company (Ball Corp),Kent,121,,
warn-5711,2023-12-18 00:00:00,tx,Custom Ink,Flower Mound,256,,
warn-5936,2023-12-18 00:00:00,tx,Custom Ink,Flower Mound,256,,
warn-12962,2023-12-18,wa,Cruise LLC,Bellevue,67,,
warn-5712,2023-12-11 00:00:00,tx,The International Paper Company Sabine Railroad,Orange,12,,
warn-5937,2023-12-11 00:00:00,tx,The International Paper Company Sabine Railroad,Orange,12,,
warn-5713,2023-12-07 00:00:00,tx,Masonite Coorporation,Greenville,75,,
warn-5938,2023-12-07 00:00:00,tx,Masonite Coorporation,Greenville,75,,
warn-12963,2023-12-07,wa,"Omron Microscan Systems, Inc.",Renton,57,,
warn-12964,2023-12-07,wa,Zulily LLC,Seattle,292,,
warn-5714,2023-12-04 00:00:00,tx,Granite Peak Fabrication,Midland,89,,
warn-5715,2023-12-04 00:00:00,tx,DHL Supply Chain - Sugar Land,Sugar Land,10,,
warn-5716,2023-12-04 00:00:00,tx,DHL Supply Chain - Missouri City,Missouri City,50,,
warn-5717,2023-12-04 00:00:00,tx,"Matheson Flight Extenders, Inc.",Grapevine,92,,
warn-5939,2023-12-04 00:00:00,tx,Granite Peak Fabrication,Midland,89,,
warn-5940,2023-12-04 00:00:00,tx,DHL Supply Chain - Sugar Land,Sugar Land,10,,
warn-5941,2023-12-04 00:00:00,tx,DHL Supply Chain - Missouri City,Missouri City,50,,
warn-5942,2023-12-04 00:00:00,tx,"Matheson Flight Extenders, Inc.",Grapevine,92,,
warn-5718,2023-12-01 00:00:00,tx,Vmware Inc. River Place),Austin,577,,
warn-5943,2023-12-01 00:00:00,tx,Vmware Inc. River Place),Austin,577,,
warn-5719,2023-11-27 00:00:00,tx,Bandier Texas LLC.,Dallas,9,,
warn-5720,2023-11-27 00:00:00,tx,Covenant Aviation Security(George Bush Airport),Houston,64,,
warn-5721,2023-11-27 00:00:00,tx,Covenant Aviation Security (Hobby Airport),Houston,39,,
warn-5722,2023-11-27 00:00:00,tx,Cognizant Technology Solutions (Riata),Austin,65,,
warn-5723,2023-11-27 00:00:00,tx,Bandier Texas LLC.,Dallas,9,,
warn-5944,2023-11-27 00:00:00,tx,Bandier Texas LLC.,Dallas,9,,
warn-5945,2023-11-27 00:00:00,tx,Covenant Aviation Security(George Bush Airport),Houston,64,,
warn-5946,2023-11-27 00:00:00,tx,Covenant Aviation Security (Hobby Airport),Houston,39,,
warn-5947,2023-11-27 00:00:00,tx,Cognizant Technology Solutions (Riata),Austin,65,,
warn-5948,2023-11-27 00:00:00,tx,Bandier Texas LLC.,Dallas,9,,
warn-12965,2023-11-27,wa,Broadcom Inc.,Bellevue,158,,
warn-5724,2023-11-13 00:00:00,tx,ADT Solar (Dallas),Dallas,53,,
warn-5949,2023-11-13 00:00:00,tx,ADT Solar (Dallas),Dallas,53,,
warn-5725,2023-11-10 00:00:00,tx,Hyliion Inc,Cedar Park,150,,
warn-5950,2023-11-10 00:00:00,tx,Hyliion Inc,Cedar Park,150,,
warn-5726,2023-11-08 00:00:00,tx,CVS Health (Richardson),Richardson,2,,
warn-5727,2023-11-08 00:00:00,tx,CVS Health (Irving),Irving,2,,
warn-5728,2023-11-08 00:00:00,tx,CMA CGM (America) LLC,Dallas,64,,
warn-5729,2023-11-08 00:00:00,tx,10 Roads Express LLC.,Fort Worth,66,,
warn-5730,2023-11-08 00:00:00,tx,Whole Food Market (Midtown Houston),Houston,110,,
warn-5951,2023-11-08 00:00:00,tx,CVS Health (Richardson),Richardson,2,,
warn-5952,2023-11-08 00:00:00,tx,CVS Health (Irving),Irving,2,,
warn-5953,2023-11-08 00:00:00,tx,CMA CGM (America) LLC,Dallas,64,,
warn-5954,2023-11-08 00:00:00,tx,10 Roads Express LLC.,Fort Worth,66,,
warn-5955,2023-11-08 00:00:00,tx,Whole Food Market (Midtown Houston),Houston,110,,
warn-12966,2023-11-08,wa,Nordstrom Quality Center,Tukwila,67,,
warn-12967,2023-11-08,wa,"Alpha Technologies Services, Inc.",Spokane Valley,77,,
warn-5731,2023-11-06 00:00:00,tx,Walmart #1258,Fort Worth,363,,
warn-5732,2023-11-06 00:00:00,tx,Raytheon Technologies,Dallas,34,,
warn-5956,2023-11-06 00:00:00,tx,Walmart #1258,Fort Worth,363,,
warn-5957,2023-11-06 00:00:00,tx,Raytheon Technologies,Dallas,34,,
warn-12968,2023-11-01,wa,Americal Medical Response Moses Lake,Moses Lake,17,,
warn-5733,2023-10-31 00:00:00,tx,PVA Downtown,San Antonio,20,,
warn-5734,2023-10-31 00:00:00,tx,PVA Medical Center,San Antonio,10,,
warn-5735,2023-10-31 00:00:00,tx,Builders FirstSource (Grandview),Grandview,76,,
warn-5958,2023-10-31 00:00:00,tx,PVA Downtown,San Antonio,20,,
warn-5959,2023-10-31 00:00:00,tx,PVA Medical Center,San Antonio,10,,
warn-5960,2023-10-31 00:00:00,tx,Builders FirstSource (Grandview),Grandview,76,,
warn-5736,2023-10-26 00:00:00,tx,Cygnus Home Service LLC. (Abilene),Abilene,5,,
warn-5737,2023-10-26 00:00:00,tx,Cygnus Home Service LLC (Alvin),Alvin,6,,
warn-5738,2023-10-26 00:00:00,tx,Cygnus Home Service LLC. (Conroe),Conroe,9,,
warn-5739,2023-10-26 00:00:00,tx,Cygnus Home Service LLC. (Houston),Houston,13,,
warn-5740,2023-10-26 00:00:00,tx,Cygnus Home Services LLC. (Lubbock),Lubbock,8,,
warn-5741,2023-10-26 00:00:00,tx,Cygnus Home Services LLC. (Mt. Pleasant),Mt Pleasant,10,,
warn-5742,2023-10-26 00:00:00,tx,Cygnus Home Services LLC. (Nacogdoches),Nacogdoches,8,,
warn-5743,2023-10-26 00:00:00,tx,Cygnus Home Services LLC. (Odessa),Odessa,8,,
warn-5744,2023-10-26 00:00:00,tx,Cygnus Home Services LLC. (Pampa),Pampa,7,,
warn-5745,2023-10-26 00:00:00,tx,Cygnus Home Services LLC. (Round Rock),Round Rock,11,,
warn-5746,2023-10-26 00:00:00,tx,Cygnus Home Services LLC. (San Angelo),San Angelo,5,,
warn-5747,2023-10-26 00:00:00,tx,Cygnus Home Services LLC. (Schertz),Schertz,6,,
warn-5748,2023-10-26 00:00:00,tx,Cygnus Home Services LLC. (Sherman),Sherman,7,,
warn-5749,2023-10-26 00:00:00,tx,Cygnus Home Services LLC. (Waco),Waco,6,,
warn-5961,2023-10-26 00:00:00,tx,Cygnus Home Service LLC. (Abilene),Abilene,5,,
warn-5962,2023-10-26 00:00:00,tx,Cygnus Home Service LLC (Alvin),Alvin,6,,
warn-5963,2023-10-26 00:00:00,tx,Cygnus Home Service LLC. (Conroe),Conroe,9,,
warn-5964,2023-10-26 00:00:00,tx,Cygnus Home Service LLC. (Houston),Houston,13,,
warn-5965,2023-10-26 00:00:00,tx,Cygnus Home Services LLC. (Lubbock),Lubbock,8,,
warn-5966,2023-10-26 00:00:00,tx,Cygnus Home Services LLC. (Mt. Pleasant),Mt Pleasant,10,,
warn-5967,2023-10-26 00:00:00,tx,Cygnus Home Services LLC. (Nacogdoches),Nacogdoches,8,,
warn-5968,2023-10-26 00:00:00,tx,Cygnus Home Services LLC. (Odessa),Odessa,8,,
warn-5969,2023-10-26 00:00:00,tx,Cygnus Home Services LLC. (Pampa),Pampa,7,,
warn-5970,2023-10-26 00:00:00,tx,Cygnus Home Services LLC. (Round Rock),Round Rock,11,,
warn-5971,2023-10-26 00:00:00,tx,Cygnus Home Services LLC. (San Angelo),San Angelo,5,,
warn-5972,2023-10-26 00:00:00,tx,Cygnus Home Services LLC. (Schertz),Schertz,6,,
warn-5973,2023-10-26 00:00:00,tx,Cygnus Home Services LLC. (Sherman),Sherman,7,,
warn-5974,2023-10-26 00:00:00,tx,Cygnus Home Services LLC. (Waco),Waco,6,,
warn-5750,2023-10-25 00:00:00,tx,MV-Transportation Austin (North Yard),Austin,400,,
warn-5751,2023-10-25 00:00:00,tx,MV- Transportation Austin (South Yard),Austin,778,,
warn-5975,2023-10-25 00:00:00,tx,MV-Transportation Austin (North Yard),Austin,400,,
warn-5976,2023-10-25 00:00:00,tx,MV- Transportation Austin (South Yard),Austin,778,,
warn-12969,2023-10-24,wa,Convoy Inc.,"Seattle, WA",533,,
warn-5752,2023-10-23 00:00:00,tx,"Ericsson, Inc.",Plano,6,,
warn-5753,2023-10-23 00:00:00,tx,XTO Energy Inc. (Tyler),Tyler,1,,
warn-5754,2023-10-23 00:00:00,tx,XTO Energy Inc. (Jewett #2),Jewett,9,,
warn-5755,2023-10-23 00:00:00,tx,XTO Energy Inc. (Teague #2),Teague,11,,
warn-5756,2023-10-23 00:00:00,tx,XTO Energy Inc. (Donie #2),Donie,46,,
warn-5977,2023-10-23 00:00:00,tx,"Ericsson, Inc.",Plano,6,,
warn-5978,2023-10-23 00:00:00,tx,XTO Energy Inc. (Tyler),Tyler,1,,
warn-5979,2023-10-23 00:00:00,tx,XTO Energy Inc. (Jewett #2),Jewett,9,,
warn-5980,2023-10-23 00:00:00,tx,XTO Energy Inc. (Teague #2),Teague,11,,
warn-5981,2023-10-23 00:00:00,tx,XTO Energy Inc. (Donie #2),Donie,46,,
warn-12970,2023-10-23,wa,Magnum Venus Products,Kent,47,,
warn-5757,2023-10-20 00:00:00,tx,XTO Energy Inc. (Franklin),Franklin,15,,
warn-5758,2023-10-20 00:00:00,tx,XTO Energy Inc. (Jewett),Jewett,18,,
warn-5759,2023-10-20 00:00:00,tx,XTO Energy Inc. (Donie),Donie,20,,
warn-5982,2023-10-20 00:00:00,tx,XTO Energy Inc. (Franklin),Franklin,15,,
warn-5983,2023-10-20 00:00:00,tx,XTO Energy Inc. (Jewett),Jewett,18,,
warn-5984,2023-10-20 00:00:00,tx,XTO Energy Inc. (Donie),Donie,20,,
warn-12971,2023-10-20,wa,HMSHost,Seattle,65,,
warn-5760,2023-10-19 00:00:00,tx,"GulfMark Energy, Inc.(Chico)",Chico,6,,
warn-5761,2023-10-19 00:00:00,tx,"GulfMark Energy, Inc.(Electra)",Electra,18,,
warn-5762,2023-10-19 00:00:00,tx,"GulfMark Energy, Inc. (Bowie)",Bowie,15,,
warn-5763,2023-10-19 00:00:00,tx,"GulfMark Energy, Inc.",Gainesville,7,,
warn-5985,2023-10-19 00:00:00,tx,"GulfMark Energy, Inc.(Chico)",Chico,6,,
warn-5986,2023-10-19 00:00:00,tx,"GulfMark Energy, Inc.(Electra)",Electra,18,,
warn-5987,2023-10-19 00:00:00,tx,"GulfMark Energy, Inc. (Bowie)",Bowie,15,,
warn-5988,2023-10-19 00:00:00,tx,"GulfMark Energy, Inc.",Gainesville,7,,
warn-5764,2023-10-18 00:00:00,tx,Southwestern Health Resources,Farmers Branch,288,,
warn-5989,2023-10-18 00:00:00,tx,Southwestern Health Resources,Farmers Branch,288,,
warn-12972,2023-10-13,wa,"Crothall Healthcare, Inc.",Seattle,41,,
warn-12973,2023-10-13,wa,"Flexport, Inc.",Bellevue,165,,
warn-5765,2023-10-12 00:00:00,tx,LegalZoom.com,Austin,122,,
warn-5990,2023-10-12 00:00:00,tx,LegalZoom.com,Austin,122,,
warn-5766,2023-10-10 00:00:00,tx,"Mittera Group, Inc.",Carrollton,136,,
warn-5767,2023-10-10 00:00:00,tx,Accenture LLP (Austin),Austin,351,,
warn-5991,2023-10-10 00:00:00,tx,"Mittera Group, Inc.",Carrollton,136,,
warn-5992,2023-10-10 00:00:00,tx,Accenture LLP (Austin),Austin,351,,
warn-5768,2023-10-09 00:00:00,tx,"Reata Pharmaceuticals, Inc.(Legacy)",Plano,113,,
warn-5769,2023-10-09 00:00:00,tx,L3Harris Technologies,Rockwall,268,,
warn-5770,2023-10-09 00:00:00,tx,Fluor Enterprises-M&G Jumbo Project,Corpus Ch,66,,
warn-5771,2023-10-09 00:00:00,tx,American Medical Response (Fort Worth#2),Fort Worth,156,,
warn-5772,2023-10-09 00:00:00,tx,Raytheon Technologies,Dallas,38,,
warn-5993,2023-10-09 00:00:00,tx,"Reata Pharmaceuticals, Inc.(Legacy)",Plano,113,,
warn-5994,2023-10-09 00:00:00,tx,L3Harris Technologies,Rockwall,268,,
warn-5995,2023-10-09 00:00:00,tx,Fluor Enterprises-M&G Jumbo Project,Corpus Ch,66,,
warn-5996,2023-10-09 00:00:00,tx,American Medical Response (Fort Worth#2),Fort Worth,156,,
warn-5997,2023-10-09 00:00:00,tx,Raytheon Technologies,Dallas,38,,
warn-12974,2023-10-09,wa,"Cygnus Home Service, LLC, d/b/a Yelloh",Various locations in Washington,58,,
warn-5773,2023-10-06 00:00:00,tx,Invista-Nylon Chemicals Americas,Orange,239,,
warn-5998,2023-10-06 00:00:00,tx,Invista-Nylon Chemicals Americas,Orange,239,,
warn-12975,2023-10-05,wa,"Epic Games, Inc.",Bellevue,39,,
warn-5774,2023-10-04 00:00:00,tx,Parker Hannifan-HVAC Division,Mesquite,76,,
warn-5999,2023-10-04 00:00:00,tx,Parker Hannifan-HVAC Division,Mesquite,76,,
warn-5775,2023-10-02 00:00:00,tx,Stitch Fix,Dallas,558,,
warn-6000,2023-10-02 00:00:00,tx,Stitch Fix,Dallas,558,,
warn-12976,2023-10-02,wa,"Hard Rock International (USA), Inc.",Seattle,66,,
warn-12977,2023-09-28,wa,"American Nursery Services, Inc.",Statewide,45,,
warn-12978,2023-09-28,wa,Target,Seattle,39,,
warn-12979,2023-09-28,wa,Target,Seattle,51,,
warn-12980,2023-09-26,wa,"Flexe, Inc.",Seattle,131,,
warn-5776,2023-09-21 00:00:00,tx,Owens-Brockway Glass Container Inc.,Waco,300,,
warn-6001,2023-09-21 00:00:00,tx,Owens-Brockway Glass Container Inc.,Waco,300,,
warn-5777,2023-09-19 00:00:00,tx,Off Lease LLC,Katy,103,,
warn-5778,2023-09-19 00:00:00,tx,Compass United,San Antonio,104,,
warn-6002,2023-09-19 00:00:00,tx,Off Lease LLC,Katy,103,,
warn-6003,2023-09-19 00:00:00,tx,Compass United,San Antonio,104,,
warn-5779,2023-09-18 00:00:00,tx,Aramark @Trinity Mother Frances Hospital,Tyler,163,,
warn-5780,2023-09-18 00:00:00,tx,Aramark Christus Children's Hospital,San Antonio,71,,
warn-5781,2023-09-18 00:00:00,tx,Aramark Christus Santa Rosa Westover Hills,San Antonio,73,,
warn-5782,2023-09-18 00:00:00,tx,Aramark Christus Hospital St.Elizabeth,Beaumont,87,,
warn-5783,2023-09-18 00:00:00,tx,Aramark Christus St. Michael HospitL,Texarkana,87,,
warn-5784,2023-09-18 00:00:00,tx,Aramark Christus Spohn Shoreline,Corpus Christi,116,,
warn-5785,2023-09-18 00:00:00,tx,Aramark @ Christus Good Shepard Medical Center,Longview,97,,
warn-6004,2023-09-18 00:00:00,tx,Aramark @Trinity Mother Frances Hospital,Tyler,163,,
warn-6005,2023-09-18 00:00:00,tx,Aramark Christus Children's Hospital,San Antonio,71,,
warn-6006,2023-09-18 00:00:00,tx,Aramark Christus Santa Rosa Westover Hills,San Antonio,73,,
warn-6007,2023-09-18 00:00:00,tx,Aramark Christus Hospital St.Elizabeth,Beaumont,87,,
warn-6008,2023-09-18 00:00:00,tx,Aramark Christus St. Michael HospitL,Texarkana,87,,
warn-6009,2023-09-18 00:00:00,tx,Aramark Christus Spohn Shoreline,Corpus Christi,116,,
warn-6010,2023-09-18 00:00:00,tx,Aramark @ Christus Good Shepard Medical Center,Longview,97,,
warn-12981,2023-09-13,wa,WestRock Company,Tacoma,408,,
warn-5786,2023-09-12 00:00:00,tx,Raytheon Technologies,Dallas,27,,
warn-6011,2023-09-12 00:00:00,tx,Raytheon Technologies,Dallas,27,,
warn-5787,2023-09-08 00:00:00,tx,Watts Regulators Co.,San Antonio,31,,
warn-6012,2023-09-08 00:00:00,tx,Watts Regulators Co.,San Antonio,31,,
warn-12982,2023-09-08,wa,"Divvy Homes, Inc.",King County,4,,
warn-5788,2023-09-07 00:00:00,tx,ED Tucker Powersports,Ft. Worth,165,,
warn-6013,2023-09-07 00:00:00,tx,ED Tucker Powersports,Ft. Worth,165,,
warn-5789,2023-08-31 00:00:00,tx,"GXO Logistics of Texas Supply Chain, Inc",Wilmer,92,,
warn-6014,2023-08-31 00:00:00,tx,"GXO Logistics of Texas Supply Chain, Inc",Wilmer,92,,
warn-12983,2023-08-30,wa,"SkyKick, Inc.",Seattle,181,,
warn-5790,2023-08-29 00:00:00,tx,Freedom Graphic Systems Inc.,Grand Prairie,59,,
warn-5791,2023-08-29 00:00:00,tx,Holiday Inn Club Vacations-Pantego,Pantego,56,,
warn-6015,2023-08-29 00:00:00,tx,Freedom Graphic Systems Inc.,Grand Prairie,59,,
warn-6016,2023-08-29 00:00:00,tx,Holiday Inn Club Vacations-Pantego,Pantego,56,,
warn-12984,2023-08-28,wa,"Agilent Technologies, Inc.",Kirkland,64,,
warn-5792,2023-08-25 00:00:00,tx,Carling Technologies,Brownsville,83,,
warn-6017,2023-08-25 00:00:00,tx,Carling Technologies,Brownsville,83,,
warn-12985,2023-08-25,wa,"T-Mobile USA, Inc.",Bellevue,401,,
warn-5793,2023-08-24 00:00:00,tx,VSPOne Dallas,Lewisville,15,,
warn-6018,2023-08-24 00:00:00,tx,VSPOne Dallas,Lewisville,15,,
warn-5794,2023-08-23 00:00:00,tx,Harland Clarke Corp,Grapevine,130,,
warn-5795,2023-08-23 00:00:00,tx,CVS Health (Richardson),Richardson,167,,
warn-6019,2023-08-23 00:00:00,tx,Harland Clarke Corp,Grapevine,130,,
warn-6020,2023-08-23 00:00:00,tx,CVS Health (Richardson),Richardson,167,,
warn-12986,2023-08-22,wa,"Crothall Healthcare, Inc.",Seattle,174,,
warn-12987,2023-08-21,wa,"ImmunityBio, Inc.",San Juan County,1,,
warn-5796,2023-08-18 00:00:00,tx,"S&B Plant Services, LTD. (Deer Park)",Deer Park,163,,
warn-5797,2023-08-18 00:00:00,tx,"S&B Plant Services, LTD (Pasadena)",Pasadena,32,,
warn-5798,2023-08-18 00:00:00,tx,"S&B Plant Service, LTD (La Porte)",La Porte,3,,
warn-5799,2023-08-18 00:00:00,tx,"Appfolio, Inc.",Richardson,38,,
warn-6021,2023-08-18 00:00:00,tx,"S&B Plant Services, LTD. (Deer Park)",Deer Park,163,,
warn-6022,2023-08-18 00:00:00,tx,"S&B Plant Services, LTD (Pasadena)",Pasadena,32,,
warn-6023,2023-08-18 00:00:00,tx,"S&B Plant Service, LTD (La Porte)",La Porte,3,,
warn-6024,2023-08-18 00:00:00,tx,"Appfolio, Inc.",Richardson,38,,
warn-5800,2023-08-17 00:00:00,tx,"Wayforth, LLC (Cedar Park)",Cedar Park,10,,
warn-5801,2023-08-17 00:00:00,tx,"Wayforth, LLC (Grapevine)",Grapevine,15,,
warn-5802,2023-08-17 00:00:00,tx,"Wayforth, LLC (Houston)",Houston,16,,
warn-6025,2023-08-17 00:00:00,tx,"Wayforth, LLC (Cedar Park)",Cedar Park,10,,
warn-6026,2023-08-17 00:00:00,tx,"Wayforth, LLC (Grapevine)",Grapevine,15,,
warn-6027,2023-08-17 00:00:00,tx,"Wayforth, LLC (Houston)",Houston,16,,
warn-12988,2023-08-17,wa,Cognizant Technology Solutions U.S. Corporation,Bothell,93,,
warn-12989,2023-08-14,wa,Yellow Corporation,"Everett, Seattle, Tacoma, E. Wenatchee, Union Gap, Pasco, Spokane",437,,
warn-12990,2023-08-11,wa,"Centerra, a Constellis Company","Seattle, Tacoma, Yakima, Spokane, Richland",92,,
warn-5804,2023-08-08 00:00:00,tx,Honeywell Intelligrated,Arlington,80,,
warn-5805,2023-08-08 00:00:00,tx,"Babylon, Inc",Austin,94,,
warn-5806,2023-08-08 00:00:00,tx,TATA Consultancy Services,Austin,85,,
warn-6029,2023-08-08 00:00:00,tx,Honeywell Intelligrated,Arlington,80,,
warn-6030,2023-08-08 00:00:00,tx,"Babylon, Inc",Austin,94,,
warn-6031,2023-08-08 00:00:00,tx,TATA Consultancy Services,Austin,85,,
warn-12991,2023-08-07,wa,"KeHE Distributors, Inc",Statewide,42,,
warn-5807,2023-08-04 00:00:00,tx,"PSW Real Estate, LLC",Austin,87,,
warn-6032,2023-08-04 00:00:00,tx,"PSW Real Estate, LLC",Austin,87,,
warn-5808,2023-08-03 00:00:00,tx,Regal Rexnord,Mission,78,,
warn-5809,2023-08-03 00:00:00,tx,Compass Group,Sugar Land,153,,
warn-5811,2023-08-03 00:00:00,tx,Yellow Freight (Abilene),Abilene,4,,
warn-5812,2023-08-03 00:00:00,tx,Yellow Freight (Fort Worth},Fort Worth,84,,
warn-5813,2023-08-03 00:00:00,tx,Yellow Freight (El Paso),El Paso,45,,
warn-5814,2023-08-03 00:00:00,tx,Yellow Freight (Sherman),Sherman,25,,
warn-5815,2023-08-03 00:00:00,tx,Yellow Freight (Waco),Waco,17,,
warn-6033,2023-08-03 00:00:00,tx,Regal Rexnord,Mission,78,,
warn-6034,2023-08-03 00:00:00,tx,Compass Group,Sugar Land,153,,
warn-6036,2023-08-03 00:00:00,tx,Yellow Freight (Abilene),Abilene,4,,
warn-6037,2023-08-03 00:00:00,tx,Yellow Freight (Fort Worth},Fort Worth,84,,
warn-6038,2023-08-03 00:00:00,tx,Yellow Freight (El Paso),El Paso,45,,
warn-6039,2023-08-03 00:00:00,tx,Yellow Freight (Sherman),Sherman,25,,
warn-6040,2023-08-03 00:00:00,tx,Yellow Freight (Waco),Waco,17,,
warn-5816,2023-08-02 00:00:00,tx,FedEx Supply Chain Logistics & Electronics (Ft. Worth),Fort Worth,280,,
warn-6041,2023-08-02 00:00:00,tx,FedEx Supply Chain Logistics & Electronics (Ft. Worth),Fort Worth,280,,
warn-5810,2023-08-01 00:00:00,tx,Yellow Freight (Dallas),Dallas,530,,
warn-5817,2023-08-01 00:00:00,tx,"Ericsson, Inc.",Plano,64,,
warn-6035,2023-08-01 00:00:00,tx,Yellow Freight (Dallas),Dallas,530,,
warn-6042,2023-08-01 00:00:00,tx,"Ericsson, Inc.",Plano,64,,
warn-12992,2023-07-31,wa,"Columbia Valley Fruit, LLC",Union Gap,131,,
warn-5818,2023-07-27 00:00:00,tx,Vibra Hospital of Desoto,DeSoto,76,,
warn-6043,2023-07-27 00:00:00,tx,Vibra Hospital of Desoto,DeSoto,76,,
warn-5819,2023-07-19 00:00:00,tx,Ventra Health,Fort Worth,64,,
warn-6044,2023-07-19 00:00:00,tx,Ventra Health,Fort Worth,64,,
warn-5820,2023-07-17 00:00:00,tx,"David's Bridal, LLC (Frisco)",Frisco,53,,
warn-5821,2023-07-17 00:00:00,tx,"David's Bridal, LLC (Arlington)",Arlington,27,,
warn-5822,2023-07-17 00:00:00,tx,"David's Bridal, LLC (Friendswood)",Friendswood,35,,
warn-5823,2023-07-17 00:00:00,tx,"David's Bridal, LLC (610 & San Felipe Shop Center)",Houston,39,,
warn-5824,2023-07-17 00:00:00,tx,"David's Bridal, LLC (San Antonio)",San Antonio,38,,
warn-5825,2023-07-17 00:00:00,tx,"David's Bridal, LLC (Houston North The Woodlands)",Woodlands,41,,
warn-5826,2023-07-17 00:00:00,tx,"David's Bridal, LLC (Hurst)",Hurst,25,,
warn-5827,2023-07-17 00:00:00,tx,"David's Bridal, LLC (North Dallas)",Dallas,33,,
warn-5828,2023-07-17 00:00:00,tx,"David's Bridal, LLC (Mesquite)",Mesquite,27,,
warn-5829,2023-07-17 00:00:00,tx,"David's Bridal, LLC (Beaumont)",Beaumont,21,,
warn-5830,2023-07-17 00:00:00,tx,"David's Bridal, LLC (Lewisville)",Lewisville,28,,
warn-5831,2023-07-17 00:00:00,tx,"David's Bridal, LLC (Tyler)",Tyler,31,,
warn-5832,2023-07-17 00:00:00,tx,"David's Bridal, LLC (McAllen)",McAllen,31,,
warn-5833,2023-07-17 00:00:00,tx,"David's Bridal, LLC (Sugar Land)",Sugar Land,38,,
warn-5834,2023-07-17 00:00:00,tx,"David's Bridal, LLC (North Austin)",Austin,43,,
warn-5835,2023-07-17 00:00:00,tx,"David's Bridal, LLC (Waco)",Waco,30,,
warn-5836,2023-07-17 00:00:00,tx,"David's Bridal, LLC (Corpus Christie)",Corpus Christi,21,,
warn-5837,2023-07-17 00:00:00,tx,"David's Bridal, LLC (Fort Worth)",Fort Worth,29,,
warn-5838,2023-07-17 00:00:00,tx,"David's Bridal, LLC (Abilene)",Abilene,19,,
warn-5839,2023-07-17 00:00:00,tx,"David's Bridal, LLC (San Antonio Bexar County)",San Antonio,25,,
warn-5840,2023-07-17 00:00:00,tx,"David's Bridal, LLC (College Station)",College Station,14,,
warn-5841,2023-07-17 00:00:00,tx,"David's Bridal, LLC (El Paso)",El Paso,26,,
warn-5842,2023-07-17 00:00:00,tx,"David's Bridal, LLC (Austin South)",Austin,26,,
warn-5843,2023-07-17 00:00:00,tx,"David's Bridal, LLC (Lubbock)",Lubbock,31,,
warn-6045,2023-07-17 00:00:00,tx,"David's Bridal, LLC (Frisco)",Frisco,53,,
warn-6046,2023-07-17 00:00:00,tx,"David's Bridal, LLC (Arlington)",Arlington,27,,
warn-6047,2023-07-17 00:00:00,tx,"David's Bridal, LLC (Friendswood)",Friendswood,35,,
warn-6048,2023-07-17 00:00:00,tx,"David's Bridal, LLC (610 & San Felipe Shop Center)",Houston,39,,
warn-6049,2023-07-17 00:00:00,tx,"David's Bridal, LLC (San Antonio)",San Antonio,38,,
warn-6050,2023-07-17 00:00:00,tx,"David's Bridal, LLC (Houston North The Woodlands)",Woodlands,41,,
warn-6051,2023-07-17 00:00:00,tx,"David's Bridal, LLC (Hurst)",Hurst,25,,
warn-6052,2023-07-17 00:00:00,tx,"David's Bridal, LLC (North Dallas)",Dallas,33,,
warn-6053,2023-07-17 00:00:00,tx,"David's Bridal, LLC (Mesquite)",Mesquite,27,,
warn-6054,2023-07-17 00:00:00,tx,"David's Bridal, LLC (Beaumont)",Beaumont,21,,
warn-6055,2023-07-17 00:00:00,tx,"David's Bridal, LLC (Lewisville)",Lewisville,28,,
warn-6056,2023-07-17 00:00:00,tx,"David's Bridal, LLC (Tyler)",Tyler,31,,
warn-6057,2023-07-17 00:00:00,tx,"David's Bridal, LLC (McAllen)",McAllen,31,,
warn-6058,2023-07-17 00:00:00,tx,"David's Bridal, LLC (Sugar Land)",Sugar Land,38,,
warn-6059,2023-07-17 00:00:00,tx,"David's Bridal, LLC (North Austin)",Austin,43,,
warn-6060,2023-07-17 00:00:00,tx,"David's Bridal, LLC (Waco)",Waco,30,,
warn-6061,2023-07-17 00:00:00,tx,"David's Bridal, LLC (Corpus Christie)",Corpus Christi,21,,
warn-6062,2023-07-17 00:00:00,tx,"David's Bridal, LLC (Fort Worth)",Fort Worth,29,,
warn-6063,2023-07-17 00:00:00,tx,"David's Bridal, LLC (Abilene)",Abilene,19,,
warn-6064,2023-07-17 00:00:00,tx,"David's Bridal, LLC (San Antonio Bexar County)",San Antonio,25,,
warn-6065,2023-07-17 00:00:00,tx,"David's Bridal, LLC (College Station)",College Station,14,,
warn-6066,2023-07-17 00:00:00,tx,"David's Bridal, LLC (El Paso)",El Paso,26,,
warn-6067,2023-07-17 00:00:00,tx,"David's Bridal, LLC (Austin South)",Austin,26,,
warn-6068,2023-07-17 00:00:00,tx,"David's Bridal, LLC (Lubbock)",Lubbock,31,,
warn-12993,2023-07-17,wa,"Universal Protection Service, LP d/b/a Allied Universal Security Services",Redmond,71,,
warn-5803,2023-07-14 00:00:00,tx,Bob Evans Foods (Sulphur Springs),Sulphur Springs,94,,
warn-6028,2023-07-14 00:00:00,tx,Bob Evans Foods (Sulphur Springs),Sulphur Springs,94,,
warn-12994,2023-07-10,wa,Microsoft,Redmond and Bellevue,276,,
warn-5844,2023-07-05 00:00:00,tx,S&B Industry Inc.,Fort Worth,115,,
warn-6069,2023-07-05 00:00:00,tx,S&B Industry Inc.,Fort Worth,115,,
warn-12995,2023-07-05,wa,"Dawn Food Products, Inc.",Seattle,55,,
warn-5845,2023-06-29 00:00:00,tx,AAC Holding Corporation,Dallas,188,,
warn-5846,2023-06-29 00:00:00,tx,Management Training Corporation (Sanders Estes Unit),Venus,120,,
warn-5847,2023-06-29 00:00:00,tx,"Aramark Campus, LLC at New Braunfels ISD",New Braunfels,59,,
warn-6070,2023-06-29 00:00:00,tx,AAC Holding Corporation,Dallas,188,,
warn-6071,2023-06-29 00:00:00,tx,Management Training Corporation (Sanders Estes Unit),Venus,120,,
warn-6072,2023-06-29 00:00:00,tx,"Aramark Campus, LLC at New Braunfels ISD",New Braunfels,59,,
warn-12996,2023-06-28,wa,"Aramark Campus, LLC",Bellingham,386,,
warn-5848,2023-06-27 00:00:00,tx,"Packers Sanitation Services, Inc. (PSSI) Center, Texas",Center,93,,
warn-5849,2023-06-27 00:00:00,tx,Management & Training Corporation (Cleveland TX),Cleveland,107,,
warn-5850,2023-06-27 00:00:00,tx,"Federal Heath Sign Company, LLC",Euless,47,,
warn-5851,2023-06-27 00:00:00,tx,Management & Training Corporation (MTC) - Diboll,Diboll,101,,
warn-6073,2023-06-27 00:00:00,tx,"Packers Sanitation Services, Inc. (PSSI) Center, Texas",Center,93,,
warn-6074,2023-06-27 00:00:00,tx,Management & Training Corporation (Cleveland TX),Cleveland,107,,
warn-6075,2023-06-27 00:00:00,tx,"Federal Heath Sign Company, LLC",Euless,47,,
warn-6076,2023-06-27 00:00:00,tx,Management & Training Corporation (MTC) - Diboll,Diboll,101,,
warn-5852,2023-06-23 00:00:00,tx,Cognizant Technology Solutions,Austin,56,,
warn-6077,2023-06-23 00:00:00,tx,Cognizant Technology Solutions,Austin,56,,
warn-5853,2023-06-15 00:00:00,tx,Accenture Austin),Austin,218,,
warn-5854,2023-06-15 00:00:00,tx,"Neilsen and Bainbridge, LLC",Austin,116,,
warn-5855,2023-06-15 00:00:00,tx,Southeast Service Corporation (Bastrop Independent School District),Bastrop,91,,
warn-6078,2023-06-15 00:00:00,tx,Accenture Austin),Austin,218,,
warn-6079,2023-06-15 00:00:00,tx,"Neilsen and Bainbridge, LLC",Austin,116,,
warn-6080,2023-06-15 00:00:00,tx,Southeast Service Corporation (Bastrop Independent School District),Bastrop,91,,
warn-12997,2023-06-15,wa,"BWRD, LLC (Stria)",King County,1,,
warn-5856,2023-06-14 00:00:00,tx,Nucor Steel (Longview),Longview,173,,
warn-6081,2023-06-14 00:00:00,tx,Nucor Steel (Longview),Longview,173,,
warn-12998,2023-06-14,wa,"Bitwise Industries, Inc.","Island, King, Spokane, Okanogan Counties",4,,
warn-12999,2023-06-09,wa,Los Angeles Times Communications LLC,Seattle,1,,
warn-5857,2023-06-08 00:00:00,tx,Federal Express Corporation (Temple),Temple,58,,
warn-6082,2023-06-08 00:00:00,tx,Federal Express Corporation (Temple),Temple,58,,
warn-5858,2023-06-07 00:00:00,tx,Chartwells (Midland ISD),Midland,74,,
warn-6083,2023-06-07 00:00:00,tx,Chartwells (Midland ISD),Midland,74,,
warn-13000,2023-06-05,wa,Microsoft,Redmond,22,,
warn-5859,2023-06-01 00:00:00,tx,Attala Steele Industries (Hilsboro Plant),Hillsboro,126,,
warn-6084,2023-06-01 00:00:00,tx,Attala Steele Industries (Hilsboro Plant),Hillsboro,126,,
warn-13001,2023-06-01,wa,Cascade Behavioral Health Hospital LLC,Tukwila,288,,
warn-13002,2023-05-31,wa,Amentum,Everett,3,,
warn-5860,2023-05-30 00:00:00,tx,"Diversified Technical Services, INC. (San Antonio)",San Antonio,137,,
warn-6085,2023-05-30 00:00:00,tx,"Diversified Technical Services, INC. (San Antonio)",San Antonio,137,,
warn-5861,2023-05-25 00:00:00,tx,Scribe Media LLC,Austin,90,,
warn-6086,2023-05-25 00:00:00,tx,Scribe Media LLC,Austin,90,,
warn-5862,2023-05-22 00:00:00,tx,Central Garden & Pet (Manufacturing),Athens,80,,
warn-6087,2023-05-22 00:00:00,tx,Central Garden & Pet (Manufacturing),Athens,80,,
warn-5863,2023-05-18 00:00:00,tx,Wipro,Austin,64,,
warn-6088,2023-05-18 00:00:00,tx,Wipro,Austin,64,,
warn-5864,2023-05-17 00:00:00,tx,[24]7.ai,Dallas,69,,
warn-6089,2023-05-17 00:00:00,tx,[24]7.ai,Dallas,69,,
warn-5865,2023-05-16 00:00:00,tx,USAA - (San Antonio) Fredericksburg Rd.,San Antonio,235,,
warn-5866,2023-05-16 00:00:00,tx,Accenture LLP (Austin),Austin,549,,
warn-5867,2023-05-16 00:00:00,tx,Durham School Services-Brenham,Brenham,81,,
warn-6090,2023-05-16 00:00:00,tx,USAA - (San Antonio) Fredericksburg Rd.,San Antonio,235,,
warn-6091,2023-05-16 00:00:00,tx,Accenture LLP (Austin),Austin,549,,
warn-6092,2023-05-16 00:00:00,tx,Durham School Services-Brenham,Brenham,81,,
warn-5868,2023-05-15 00:00:00,tx,ABM Industries at the University of Texas San Antonio,San Antonio,86,,
warn-6093,2023-05-15 00:00:00,tx,ABM Industries at the University of Texas San Antonio,San Antonio,86,,
warn-5869,2023-05-10 00:00:00,tx,"Bedding Acquisition, LLC (Grand Prairie Plant)",Grand Prairie,23,,
warn-5870,2023-05-10 00:00:00,tx,"GXO Logistics of Texas, LLC (Fort Worth) Comcast Facility",Fort Worth,105,,
warn-5871,2023-05-10 00:00:00,tx,Village Farms,Monahans,27,,
warn-6094,2023-05-10 00:00:00,tx,"Bedding Acquisition, LLC (Grand Prairie Plant)",Grand Prairie,23,,
warn-6095,2023-05-10 00:00:00,tx,"GXO Logistics of Texas, LLC (Fort Worth) Comcast Facility",Fort Worth,105,,
warn-6096,2023-05-10 00:00:00,tx,Village Farms,Monahans,27,,
warn-13003,2023-05-09,wa,Microsoft,Redmond,158,,
warn-5872,2023-05-08 00:00:00,tx,Aventi Technologies,Carrollton,272,,
warn-6097,2023-05-08 00:00:00,tx,Aventi Technologies,Carrollton,272,,
warn-5873,2023-05-03 00:00:00,tx,DHL Supply Chain - Missouri City,Missouri City,123,,
warn-5874,2023-05-03 00:00:00,tx,DHL Supply Chain - Sugar Land,Sugar Land,29,,
warn-5875,2023-05-03 00:00:00,tx,"Makita U.S.A., Inc. Distribution Center",Wilmer,4,,
warn-5876,2023-05-03 00:00:00,tx,"Makita U.S.A., Inc. Factory Service Center",Houston,7,,
warn-6098,2023-05-03 00:00:00,tx,DHL Supply Chain - Missouri City,Missouri City,123,,
warn-6099,2023-05-03 00:00:00,tx,DHL Supply Chain - Sugar Land,Sugar Land,29,,
warn-6100,2023-05-03 00:00:00,tx,"Makita U.S.A., Inc. Distribution Center",Wilmer,4,,
warn-6101,2023-05-03 00:00:00,tx,"Makita U.S.A., Inc. Factory Service Center",Houston,7,,
warn-13004,2023-04-28,wa,Summit Public Schools Washington,"Seattle, Tacoma",17,,
warn-13005,2023-04-26,wa,"Elkay Interior Systems, Inc",Spokane,6,,
warn-5877,2023-04-25 00:00:00,tx,Stanley Black & Decker-Fort Worth,Fort Worth,175,,
warn-6102,2023-04-25 00:00:00,tx,Stanley Black & Decker-Fort Worth,Fort Worth,175,,
warn-13006,2023-04-25,wa,Durham School Services,Spokane,226,,
warn-5878,2023-04-20 00:00:00,tx,Walmart #4795 Grapevine,Grapevine,133,,
warn-6103,2023-04-20 00:00:00,tx,Walmart #4795 Grapevine,Grapevine,133,,
warn-5879,2023-04-19 00:00:00,tx,"HCS Renewable Energy, LLC",El Campo,62,,
warn-6104,2023-04-19 00:00:00,tx,"HCS Renewable Energy, LLC",El Campo,62,,
warn-5880,2023-04-18 00:00:00,tx,"Packers Sanitation Services- Cactus, Texas",Cactus,113,,
warn-6105,2023-04-18 00:00:00,tx,"Packers Sanitation Services- Cactus, Texas",Cactus,113,,
warn-13007,2023-04-17,wa,David's Bridal LLC,Nationwide,9266,,
warn-13008,2023-04-12,wa,Phoenix Processor Limited Partnership,Seattle,115,,
warn-5882,2023-04-06 00:00:00,tx,"Premier Auto Management, LLC",El Paso,12,,
warn-6107,2023-04-06 00:00:00,tx,"Premier Auto Management, LLC",El Paso,12,,
warn-5881,2023-04-05 00:00:00,tx,Aramark Campus LLC Trininty University (San Antonio),San Antonio,120,,
warn-5883,2023-04-05 00:00:00,tx,Chalk Mountain Services of Texas LLC,Kermit,98,,
warn-5884,2023-04-05 00:00:00,tx,Hunter Douglas Fabrication Company (Custom Brands Group),McKinney,100,,
warn-6106,2023-04-05 00:00:00,tx,Aramark Campus LLC Trininty University (San Antonio),San Antonio,120,,
warn-6108,2023-04-05 00:00:00,tx,Chalk Mountain Services of Texas LLC,Kermit,98,,
warn-6109,2023-04-05 00:00:00,tx,Hunter Douglas Fabrication Company (Custom Brands Group),McKinney,100,,
warn-5885,2023-04-04 00:00:00,tx,"Molecular Templates, Inc. (MTEM)",Austin,84,,
warn-6110,2023-04-04 00:00:00,tx,"Molecular Templates, Inc. (MTEM)",Austin,84,,
warn-5886,2023-04-03 00:00:00,tx,Ibex Global Solutions (San Antonio),San Antonio,227,,
warn-6111,2023-04-03 00:00:00,tx,Ibex Global Solutions (San Antonio),San Antonio,227,,
warn-13009,2023-04-03,wa,Q2 Solutions,Seattle,43,,
warn-5887,2023-03-31 00:00:00,tx,Walmart #1258,Fort Worth,1047,,
warn-6112,2023-03-31 00:00:00,tx,Walmart #1258,Fort Worth,1047,,
warn-13010,2023-03-27,wa,Microsoft,Redmond and Bellevue,559,,
warn-13011,2023-03-24,wa,"Aspiration Partners, Inc",King and Snohomish Counties,3,,
warn-13012,2023-03-23,wa,Walmart,Everett,198,,
warn-13013,2023-03-23,wa,"Blue Nile, Inc.",Seattle,119,,
warn-5888,2023-03-22 00:00:00,tx,"Saten, Inc.",Fort Worth,54,,
warn-6113,2023-03-22 00:00:00,tx,"Saten, Inc.",Fort Worth,54,,
warn-5891,2023-03-20 00:00:00,tx,"Penske Logistics, LLC-Keller",Keller,152,,
warn-6116,2023-03-20 00:00:00,tx,"Penske Logistics, LLC-Keller",Keller,152,,
warn-13014,2023-03-17,wa,Ace Hardware Corporation,Spokane,86,,
warn-13015,2023-03-17,wa,Astound Broadband,Bothell,90,,
warn-5889,2023-03-15 00:00:00,tx,Ibase Operations Corporation,Austin,81,,
warn-6114,2023-03-15 00:00:00,tx,Ibase Operations Corporation,Austin,81,,
warn-5890,2023-03-14 00:00:00,tx,Trellis Company,Round Rock,105,,
warn-6115,2023-03-14 00:00:00,tx,Trellis Company,Round Rock,105,,
warn-5892,2023-03-08 00:00:00,tx,"Security Specialists, Inc (Austin)",Austin,240,,
warn-6117,2023-03-08 00:00:00,tx,"Security Specialists, Inc (Austin)",Austin,240,,
warn-13016,2023-03-08,wa,"Compass Group USA, Inc.",Redmond,68,,
warn-13017,2023-03-07,wa,Ingersoll Rand,Kent,69,,
warn-13018,2023-03-06,wa,Microsoft,"Redmond, Bellevue, Issaquah",689,,
warn-5893,2023-03-03 00:00:00,tx,"Southwest General Hospital, LP",San Antonio,827,,
warn-6118,2023-03-03 00:00:00,tx,"Southwest General Hospital, LP",San Antonio,827,,
warn-5894,2023-03-02 00:00:00,tx,EP Lamination,El Paso,53,,
warn-6119,2023-03-02 00:00:00,tx,EP Lamination,El Paso,53,,
warn-13019,2023-03-01,wa,"Novo Nordisk Research Center Seattle, Inc",Seattle,86,,
warn-5895,2023-02-28 00:00:00,tx,Interceramic Austin Showroom,Austin,17,,
warn-5896,2023-02-28 00:00:00,tx,Interceramic Fort Worth Showroom,Fort Worth,12,,
warn-5897,2023-02-28 00:00:00,tx,Interceramic Manufacturing Facility,Garland,161,,
warn-5898,2023-02-28 00:00:00,tx,Interceramic Tile & Stone Gallery,Dallas,15,,
warn-6120,2023-02-28 00:00:00,tx,Interceramic Austin Showroom,Austin,17,,
warn-6121,2023-02-28 00:00:00,tx,Interceramic Fort Worth Showroom,Fort Worth,12,,
warn-6122,2023-02-28 00:00:00,tx,Interceramic Manufacturing Facility,Garland,161,,
warn-6123,2023-02-28 00:00:00,tx,Interceramic Tile & Stone Gallery,Dallas,15,,
warn-13020,2023-02-28,wa,"FleetLogix, Inc","SeaTac, Tukwila",120,,
warn-5899,2023-02-27 00:00:00,tx,Interceramic Corporate Office and Distribution Center,Carrollton,118,,
warn-5900,2023-02-27 00:00:00,tx,Interceramic Houston Showroom (Clay Road),Houston,35,,
warn-5901,2023-02-27 00:00:00,tx,Interceramic Houston-Spring Showroom,Spring,7,,
warn-5902,2023-02-27 00:00:00,tx,Interceramic Plano Showroom,Plano,4,,
warn-5903,2023-02-27 00:00:00,tx,Interceramic San Antonio Showroom,San Antonio,19,,
warn-5904,2023-02-27 00:00:00,tx,SNL Distribution Services Corporation,Denton,60,,
warn-5905,2023-02-27 00:00:00,tx,"TuSimple, Inc. (Fort Worth)",Fort Worth,10,,
warn-5906,2023-02-27 00:00:00,tx,"TuSimple, Inc. (Hutchins)",Hutchins,10,,
warn-6124,2023-02-27 00:00:00,tx,Interceramic Corporate Office and Distribution Center,Carrollton,118,,
warn-6125,2023-02-27 00:00:00,tx,Interceramic Houston Showroom (Clay Road),Houston,35,,
warn-6126,2023-02-27 00:00:00,tx,Interceramic Houston-Spring Showroom,Spring,7,,
warn-6127,2023-02-27 00:00:00,tx,Interceramic Plano Showroom,Plano,4,,
warn-6128,2023-02-27 00:00:00,tx,Interceramic San Antonio Showroom,San Antonio,19,,
warn-6129,2023-02-27 00:00:00,tx,SNL Distribution Services Corporation,Denton,60,,
warn-6130,2023-02-27 00:00:00,tx,"TuSimple, Inc. (Fort Worth)",Fort Worth,10,,
warn-6131,2023-02-27 00:00:00,tx,"TuSimple, Inc. (Hutchins)",Hutchins,10,,
warn-13021,2023-02-24,wa,Rume Medical Group,"Seattle, Lynden",2,,
warn-5907,2023-02-23 00:00:00,tx,Boston Scientific Corporation,Houston,120,,
warn-6132,2023-02-23 00:00:00,tx,Boston Scientific Corporation,Houston,120,,
warn-5910,2023-02-21 00:00:00,tx,"Wix.com, Inc.",Austin,100,,
warn-6135,2023-02-21 00:00:00,tx,"Wix.com, Inc.",Austin,100,,
warn-13022,2023-02-17,wa,"American Medical Response, Pierce County",Fife,43,,
warn-5908,2023-02-16 00:00:00,tx,Deer Park Nursing and Rehab Center LLC,Deer Park,40,,
warn-5909,2023-02-16 00:00:00,tx,TaskUs (San Antonio),San Antonio,186,,
warn-6133,2023-02-16 00:00:00,tx,Deer Park Nursing and Rehab Center LLC,Deer Park,40,,
warn-6134,2023-02-16 00:00:00,tx,TaskUs (San Antonio),San Antonio,186,,
warn-13023,2023-02-16,wa,"Critical Ideas, Inc. dba Chipper Cash","Vancouver, Spokane",2,,
warn-5911,2023-02-15 00:00:00,tx,St. Mark's Medical Center,La Grange,64,,
warn-6136,2023-02-15 00:00:00,tx,St. Mark's Medical Center,La Grange,64,,
warn-13024,2023-02-15,wa,"Peer Street, Inc.",Liberty Lake,1,,
warn-13025,2023-02-09,wa,Microsoft,"Redmond, Bellevue, Issaquah",617,,
warn-5912,2023-02-08 00:00:00,tx,Walmart Store #7310,Katy,92,,
warn-6137,2023-02-08 00:00:00,tx,Walmart Store #7310,Katy,92,,
warn-5913,2023-02-07 00:00:00,tx,"Misfits Market Technologies, INC (Fullfillment Center)",Fort Worth,121,,
warn-5914,2023-02-07 00:00:00,tx,"Skorpios Technologies, Inc.",Austin,60,,
warn-5915,2023-02-07 00:00:00,tx,Packaging Corporation of America (Woodway),Woodway,65,,
warn-5916,2023-02-07 00:00:00,tx,Owens Corning Amarillo Facility,Amarillo,200,,
warn-6138,2023-02-07 00:00:00,tx,"Misfits Market Technologies, INC (Fullfillment Center)",Fort Worth,121,,
warn-6139,2023-02-07 00:00:00,tx,"Skorpios Technologies, Inc.",Austin,60,,
warn-6140,2023-02-07 00:00:00,tx,Packaging Corporation of America (Woodway),Woodway,65,,
warn-6141,2023-02-07 00:00:00,tx,Owens Corning Amarillo Facility,Amarillo,200,,
warn-5919,2023-02-02 00:00:00,tx,Georgia Pacific Gypsum,Quanah,158,,
warn-5920,2023-02-02 00:00:00,tx,"PTW Energy Services, Inc.",Midland,9,,
warn-5921,2023-02-02 00:00:00,tx,Eddy Foods,Yoakum,140,,
warn-6144,2023-02-02 00:00:00,tx,Georgia Pacific Gypsum,Quanah,158,,
warn-6145,2023-02-02 00:00:00,tx,"PTW Energy Services, Inc.",Midland,9,,
warn-6146,2023-02-02 00:00:00,tx,Eddy Foods,Yoakum,140,,
warn-13026,2023-02-02,wa,"NC Interactive, LLC",Bellevue,23,,
warn-13027,2023-02-01,wa,"Bittrex, Inc.",Bellevue,83,,
warn-5917,2023-01-31 00:00:00,tx,"Transde,v Inc,",Lancaster,83,,
warn-5918,2023-01-31 00:00:00,tx,"Bedding Acquisition, LLC",Grand Prairie,74,,
warn-5922,2023-01-31 00:00:00,tx,Owens-Brockway Glass Container Inc.,Waco,90,,
warn-6142,2023-01-31 00:00:00,tx,"Transde,v Inc,",Lancaster,83,,
warn-6143,2023-01-31 00:00:00,tx,"Bedding Acquisition, LLC",Grand Prairie,74,,
warn-6147,2023-01-31 00:00:00,tx,Owens-Brockway Glass Container Inc.,Waco,90,,
warn-13028,2023-01-30,wa,"Compass Group USA, Inc.",Redmond,110,,
warn-5923,2023-01-27 00:00:00,tx,"ABM Texas General Services, Inc",Austin,255,,
warn-6148,2023-01-27 00:00:00,tx,"ABM Texas General Services, Inc",Austin,255,,
warn-5925,2023-01-25 00:00:00,tx,Service Experts,Richardson,76,,
warn-5926,2023-01-25 00:00:00,tx,Bed Bath and Beyond (Lewisville),Lewisville,374,,
warn-6150,2023-01-25 00:00:00,tx,Service Experts,Richardson,76,,
warn-6151,2023-01-25 00:00:00,tx,Bed Bath and Beyond (Lewisville),Lewisville,374,,
warn-5927,2023-01-24 00:00:00,tx,State Farm at City Line Building 1-4,Richardson,125,,
warn-6152,2023-01-24 00:00:00,tx,State Farm at City Line Building 1-4,Richardson,125,,
warn-5924,2023-01-20 00:00:00,tx,Sumitomo Electric Wiring Systems,El Paso,110,,
warn-6149,2023-01-20 00:00:00,tx,Sumitomo Electric Wiring Systems,El Paso,110,,
warn-5928,2023-01-19 00:00:00,tx,Genpact LLC,Richardson,964,,
warn-6153,2023-01-19 00:00:00,tx,Genpact LLC,Richardson,964,,
warn-13029,2023-01-18,wa,Microsoft,"Redmond, Bellevue, Issaquah",878,,
warn-13030,2023-01-18,wa,Amazon,"Seattle, Bellevue",2320,,
warn-13031,2023-01-17,wa,"SIGMA DESIGN, Inc","Camas, Vancouver",42,,
warn-5929,2023-01-16 00:00:00,tx,The Pictsweet Company,San Antonio,77,,
warn-6154,2023-01-16 00:00:00,tx,The Pictsweet Company,San Antonio,77,,
warn-5930,2023-01-12 00:00:00,tx,"RateGenius Loan Services, Inc.",Austin,139,,
warn-6155,2023-01-12 00:00:00,tx,"RateGenius Loan Services, Inc.",Austin,139,,
warn-5931,2023-01-11 00:00:00,tx,Ryder Inc.,Austin,801,,
warn-6156,2023-01-11 00:00:00,tx,Ryder Inc.,Austin,801,,
warn-13032,2023-01-11,wa,"Specialized Bicycle Components, Inc","Seattle, Spokane",9,,
warn-5932,2023-01-10 00:00:00,tx,TUSimple,Dallas,76,,
warn-6157,2023-01-10 00:00:00,tx,TUSimple,Dallas,76,,
warn-5933,2023-01-09 00:00:00,tx,Southwest Key Programs-Casa Blanca,San Antonio,85,,
warn-6158,2023-01-09 00:00:00,tx,Southwest Key Programs-Casa Blanca,San Antonio,85,,
warn-5935,2023-01-06 00:00:00,tx,"Monitronics International, Inc. dba Brinks Home",Dallas,20,,
warn-6160,2023-01-06 00:00:00,tx,"Monitronics International, Inc. dba Brinks Home",Dallas,20,,
warn-5934,2023-01-05 00:00:00,tx,Information Technology Coalition Inc. (Irving),Irving,370,,
warn-6159,2023-01-05 00:00:00,tx,Information Technology Coalition Inc. (Irving),Irving,370,,
warn-13033,2023-01-03,wa,"Brinker International Payroll Co LP, Maggiano's Little Italy Restaurant",Bellevue,147,,
warn-13034,2022-12-29,wa,"Triple Canopy, a Constellis Co",Tukwila,122,,
warn-6161,2022-12-21 00:00:00,tx,HII Mission Technologies,San Antonio,68,,
warn-13035,2022-12-05,wa,Pioneer Human Services,Sedro Woolley,50,,
warn-6162,2022-12-02 00:00:00,tx,American General Life Insurance Company,Amarillo,461,,
warn-13036,2022-12-01,wa,The Lobster Shop,Tacoma,70,,
warn-13037,2022-11-29,wa,"American Medical Response, Pierce County",Fife,130,,
warn-6164,2022-11-18 00:00:00,tx,Home Point Financial Corporation,Dallas,49,,
warn-6165,2022-11-16 00:00:00,tx,"Bedding Acquisition, LLC",Grand Prairie,95,,
warn-6166,2022-11-16 00:00:00,tx,"Meta Platforms, Inc. (West 3rd)",Austin,154,,
warn-6167,2022-11-16 00:00:00,tx,"Meta Platforms, Inc, (Alterra Pkwy.)",Austin,7,,
warn-6168,2022-11-16 00:00:00,tx,"Meta Platforms, Inc. (Mcallen Pass)",Austin,11,,
warn-6169,2022-11-16 00:00:00,tx,"Meta Platforms, Inc.(W,6th)",Austin,50,,
warn-6163,2022-11-15 00:00:00,tx,Catalent Cell Therapy,Webster,77,,
warn-6173,2022-11-11 00:00:00,tx,"COSMAX NBT USA, INC #1",Garland,36,,
warn-6174,2022-11-11 00:00:00,tx,Hallmark Financial Services,Dallas,83,,
warn-13038,2022-11-11,wa,"Meta Platforms, Inc",Bellevue,307,,
warn-13039,2022-11-11,wa,"Meta Platforms, Inc",Seattle,419,,
warn-13040,2022-11-09,wa,"Astra Space, Inc",Olympia,1,,
warn-13041,2022-11-04,wa,"Twitter, Inc",Seattle,257,,
warn-6175,2022-10-31 00:00:00,tx,iBio CDMO,Bryan,50,,
warn-13042,2022-10-31,wa,Amentum,Oak Harbor,194,,
warn-6176,2022-10-27 00:00:00,tx,"Argo AI, LLC. (Austin Congress)",Austin,10,,
warn-6177,2022-10-27 00:00:00,tx,"Argo AI, LLC. (Austin 7th Street)",Austin,68,,
warn-13043,2022-10-25,wa,Conestoga Wood Specialties Corp.,Kent,51,,
warn-13044,2022-10-21,wa,"Universal Protection Service, LLC dba Allied Universal Security Services","Seattle, Kent",1203,,
warn-13045,2022-10-17,wa,Stadelman Fruit Company,Zillah,381,,
warn-6178,2022-10-14 00:00:00,tx,"Westex Security Services, Inc.",Houston,7,,
warn-6179,2022-10-14 00:00:00,tx,DXP Enterprises,Houston,4,,
warn-6180,2022-10-14 00:00:00,tx,HJH Houston 1,Houston,1,,
warn-6181,2022-10-14 00:00:00,tx,Jacob Engineering,Houston,3,,
warn-6182,2022-10-14 00:00:00,tx,"Sutton Court Homeowner's Association, Inc.",Houston,2,,
warn-6183,2022-10-14 00:00:00,tx,Third Coast Terminals,Pearland,3,,
warn-6184,2022-10-14 00:00:00,tx,Center Point Towers,Houston,204,,
warn-6185,2022-10-14 00:00:00,tx,Center Point Platinum,Houston,5,,
warn-6186,2022-10-14 00:00:00,tx,Center Point Harrisburg Service Center,Houston,5,,
warn-6187,2022-10-14 00:00:00,tx,Center Point South Houston Center Complex,Houston,6,,
warn-6188,2022-10-14 00:00:00,tx,Centerpoint Addicks Operation Center,Houston,10,,
warn-6189,2022-10-14 00:00:00,tx,Center Point Energy Control Data Center,Houston,10,,
warn-6190,2022-10-13 00:00:00,tx,"GXO Logistics of Texas, LLC (Lancaster)",Lancaster,206,,
warn-6191,2022-10-13 00:00:00,tx,"GXO Logistics of Texas, LLC (Dallas)",Dallas,56,,
warn-6170,2022-10-11 00:00:00,tx,Hill Defense and Federal Solutions,San Antonio,134,,
warn-6193,2022-10-07 00:00:00,tx,"Rev.com, Inc",Austin,85,,
warn-6192,2022-10-04 00:00:00,tx,Valley International Cold Storage LLC,Harlingen,64,,
warn-6194,2022-10-01 00:00:00,tx,Quarter North Energy LLC,Houston,43,,
warn-13046,2022-09-26,wa,Montesano Health and Rehabilitation Center,Montesano,49,,
warn-6195,2022-09-22 00:00:00,tx,The James Skinner Company,Paris,179,,
warn-13047,2022-09-21,wa,"Compass, Inc",Seattle,271,,
warn-6171,2022-09-19 00:00:00,tx,Sodexo - CHI Saint Luke's McNair,Houston,15,,
warn-6172,2022-09-19 00:00:00,tx,Sodexo - CHI St Luke's Baylor Medical Center,Houston,99,,
warn-13048,2022-09-16,wa,Falck Northwest Corporation,"Mountlake Terrace, Fife",123,,
warn-6196,2022-09-14 00:00:00,tx,Rubbermaid Commercial Products LLc,El Paso,64,,
warn-6197,2022-09-13 00:00:00,tx,Sealed Air Corporation,Carrollton,49,,
warn-6198,2022-09-09 00:00:00,tx,"S&B Fabrication Services,Ltd.",Baytown,53,,
warn-13049,2022-09-07,wa,Amazon Health Services,Seattle,159,,
warn-13050,2022-09-07,wa,Care Medical,Seattle,236,,
warn-6199,2022-08-31 00:00:00,tx,Home Point Financial Corporation,Dallas,526,,
warn-6200,2022-08-29 00:00:00,tx,ASARCO Amarillo Refinery,Amarillo,57,,
warn-6201,2022-08-25 00:00:00,tx,"Merit Medical Systems, Inc.",Houston,117,,
warn-6202,2022-08-24 00:00:00,tx,Southern Star Express LLC - Fort Worth,Fort Worth,39,,
warn-6203,2022-08-24 00:00:00,tx,"Southern Star Express, LLC (DDF8)",Arlington,55,,
warn-6204,2022-08-23 00:00:00,tx,ABM Industries - 902,Houston,13,,
warn-6205,2022-08-23 00:00:00,tx,ABM Industries - 909,Houston,5,,
warn-6206,2022-08-23 00:00:00,tx,ABM Industries - 920,Houston,9,,
warn-6207,2022-08-23 00:00:00,tx,ABM Industries - 915 Gessner,Houston,13,,
warn-6208,2022-08-23 00:00:00,tx,ABM Industries - 1120,Houston,9,,
warn-6209,2022-08-23 00:00:00,tx,ABM Industries - 1140,Houston,8,,
warn-6210,2022-08-19 00:00:00,tx,Spirit Airlines,Dallas,134,,
warn-13051,2022-08-17,wa,"Royal Ridge Fruit and Cold Storage, LLC",Royal City,45,,
warn-6211,2022-08-10 00:00:00,tx,Signify Health LLC - Austin,Austin,9,,
warn-6212,2022-08-09 00:00:00,tx,Signify Health LLC - Dallas,Dallas,29,,
warn-6213,2022-07-28 00:00:00,tx,"GXO Logistics of Texas, LLC",Fort Worth,116,,
warn-13052,2022-07-28,wa,Imaginetics LLC,Auburn,83,,
warn-6214,2022-07-27 00:00:00,tx,Plano Enterprise Mobility Facility,Plano,69,,
warn-6215,2022-07-26 00:00:00,tx,F 45 Training Inc.,Austin,78,,
warn-6216,2022-07-25 00:00:00,tx,Seville Farms @ Mansfield,Mansfield,64,,
warn-6217,2022-07-25 00:00:00,tx,Seville Farms @ Tyler,Winona,72,,
warn-6218,2022-07-25 00:00:00,tx,Seville Farms @ Los Fresnos,Los Fresnos,92,,
warn-4729,2022-07-20 17:00:00,il,,Chatham,18,Plant Closure,
warn-6221,2022-07-20 00:00:00,tx,"Captel Service Specialists, LLC",Arlington,110,,
warn-6219,2022-07-19 00:00:00,tx,ION Geophysical Corporation,Houston,125,,
warn-6220,2022-07-19 00:00:00,tx,Pearl South Padre Island Hotel and Resort,South Padre Is.,115,,
warn-6222,2022-07-19 00:00:00,tx,Food City Supermarkets,El Paso,90,,
warn-6223,2022-07-06 00:00:00,tx,"S&B Fabrication Services,Ltd.",Baytown,83,,
warn-6224,2022-07-05 00:00:00,tx,Multi Color Corporation,Dallas,45,,
warn-6225,2022-07-01 00:00:00,tx,General Information Services dba HireRight,Dallas,36,,
warn-6226,2022-06-30 00:00:00,tx,KeHe Distributors Inc.-Flower Mound,Flower Mound,313,,
warn-13053,2022-06-29,wa,VSPOne Olympia,Lacey,55,,
warn-6227,2022-06-28 00:00:00,tx,ABM@Avis DFW,Irving,143,,
warn-6228,2022-06-24 00:00:00,tx,First Guaranty Mortgage Corp.,Plano,428,,
warn-6229,2022-06-23 00:00:00,tx,The Coleman Company-Newell Brand,New Braunfels,47,,
warn-6230,2022-06-17 00:00:00,tx,Zillow Group,Coppell,32,,
warn-13054,2022-06-13,wa,"Shining Ocean, Inc. d/b/a Aquamar",Sumner,116,,
warn-6231,2022-06-06 00:00:00,tx,"Schenker, Inc. - Kraft",Fort Worth,45,,
warn-6232,2022-06-06 00:00:00,tx,"Schenker, Inc. - Kraft, 1006 Railhead",Fort Worth,85,,
warn-13055,2022-06-06,wa,Kershaw Fruit and Cold Storage,Yakima,125,,
warn-13056,2022-05-31,wa,"Soli Organic, Inc",Duvall,102,,
warn-13057,2022-05-25,wa,Hawthorne Gardening Company,Vancouver,42,,
warn-13058,2022-05-23,wa,Service Response Partners LLC,Auburn,1,,
warn-6233,2022-05-12 00:00:00,tx,Dillard's - Wichita Falls,Wichita Falls,81,,
warn-4663,2022-05-04 17:00:00,il,,Sycamore,142,Mass Layoff,
warn-13059,2022-05-03,wa,"Ideoclick, Inc",Seattle,38,,
warn-6234,2022-04-27 00:00:00,tx,"Michaels Stores Procurement Company, Inc.",Fort Worth,202,,
warn-24,2022-04-25 05:00:00,il,,Belvidere,39,Mass Layoff,
warn-20,2022-04-19 17:00:00,il,"Decoma Admark, DECOMA DESIGN & ENGINEERING",Belvidere,150,Plant Closure,
warn-13060,2022-04-07,wa,"Funko, LLC","Everett, Puyallup",258,,
warn-13061,2022-04-04,wa,Walmart,Bellevue,147,,
warn-13062,2022-04-01,wa,"Kings Command Foods, LLC",Kent,92,,
warn-6239,2022-03-28 00:00:00,tx,Devereux Advanced Behavioral Health,Victoria,122,,
warn-5,2022-03-15 05:00:00,il,Android Industries-Belvidere,Belvidere,58,Plant Closure,
warn-6235,2022-03-15 00:00:00,tx,"ABM Industries Groups, LLC - Houston 1",Houston,31,,
warn-6236,2022-03-15 00:00:00,tx,"ABM Industries Groups, LLC - Houston 2",Houston,26,,
warn-6237,2022-03-15 00:00:00,tx,"ABM Industries Groups, LLC - Fulbright Tower",Houston,18,,
warn-6238,2022-03-15 00:00:00,tx,"ABM Industries Groups, LLC - Houston 4",Houston,19,,
warn-13063,2022-03-11,wa,Wesley Homes,"Des Moines, Auburn, Puyallup",119,,
warn-6240,2022-03-08 00:00:00,tx,"Master Brand Home Products, LLC",Weslaco,109,,
warn-6241,2022-03-07 00:00:00,tx,Sev1Tech,Fort Hood,62,,
warn-13064,2022-03-03,wa,Norgren GT Development LLC,Auburn,181,,
warn-6242,2022-03-01 00:00:00,tx,Management & Training Corp. - MTC Medical LLC  (Giles W. Dalby Correctional Facility),Post,206,,
warn-6243,2022-02-15 00:00:00,tx,"Cognosante, LLC",McAllen,84,,
warn-13065,2022-02-14,wa,Valiant Integrated Services,Joint Base Lewis McChord,59,,
warn-6244,2022-01-28 00:00:00,tx,Amentum,New Boston,178,,
warn-13066,2022-01-26,wa,Hawthorne Gardening Company,Vancouver,150,,
warn-6245,2022-01-24 00:00:00,tx,Dynamic Foods,Lubbock,80,,
warn-6246,2022-01-06 00:00:00,tx,"Stearns Lending, LLC - Corporate Dr.",Lewisville,348,,
warn-13067,2022-01-06,wa,Outdoor Research,Seattle,55,,
warn-6247,2021-12-16 00:00:00,tx,"Monitronics International, Inc. dba Brinks Home",Dallas,42,,
warn-13068,2021-12-16,wa,"Monitronics International, Inc. d/b/a Brinks Home","Seattle, Tacoma, Snoqualmie, Spokane",4,,
warn-6248,2021-12-13 00:00:00,tx,Central Freight Lines - San Antonio,San Antonio,66,,
warn-6249,2021-12-13 00:00:00,tx,Central Freight Lines,Waco,153,,
warn-6250,2021-12-13 00:00:00,tx,Central Freight Lines - Houston,Houston,162,,
warn-6251,2021-12-13 00:00:00,tx,"Central Freight Lines, Inc.",Ft. Worth,292,,
warn-4683,2021-12-07 18:00:00,il,,Lawrenceville,55,Plant Closure,
warn-6252,2021-12-06 00:00:00,tx,"Change Healthcare Operations, LLC",Greenville,145,,
warn-6253,2021-11-30 00:00:00,tx,Laredo Transit Management-El Metro Transit,Laredo,168,,
warn-13069,2021-11-26,wa,Watsonville Community Hospital,Prosser,1,,
warn-6254,2021-11-23 00:00:00,tx,"Marshal S. Frumin, M.D.",Sugar Land,6,,
warn-13070,2021-11-17,wa,"BitTitan, Inc",Bellevue,70,,
warn-6255,2021-11-13 00:00:00,tx,Cypress Creek Emergency Medical Services,Spring,102,,
warn-6256,2021-11-04 00:00:00,tx,Zillow Group,Coppell,32,,
warn-6257,2021-11-04 00:00:00,tx,YMCA - Waco,Waco,127,,
warn-13071,2021-11-04,wa,Zillow Group,Seattle,96,,
warn-6258,2021-10-29 00:00:00,tx,"Odle Management Group, LLC",El Paso,134,,
warn-13072,2021-10-29,wa,Foss Maritime Company,Seattle,115,,
warn-4245,2021-10-19 05:00:00,il,,Island Lake,250,Mass Layoff,
warn-6259,2021-10-11 00:00:00,tx,Luminant Mining Co.-Martin Lake Liberty Mine,Tatum,160,,
warn-6260,2021-09-30 00:00:00,tx,InterContinental-Stephen F Austin,Austin,35,,
warn-6261,2021-09-27 00:00:00,tx,NPL,Garland,60,,
warn-6262,2021-09-27 00:00:00,tx,NPL - Shiloh Rd.,Garland,6,,
warn-6263,2021-09-22 00:00:00,tx,The Children's Shelter-Family Tapestry,San Antonio,41,,
warn-6264,2021-09-09 00:00:00,tx,CEVA Logistics - Raytheon Facility,Carrollton,87,,
warn-6265,2021-09-09 00:00:00,tx,Disney Streaming Technology LLC,The Woodlands,63,,
warn-6266,2021-09-09 00:00:00,tx,The Woodlands Enterprises LLC,The Woodlands,181,,
warn-17,2021-09-02 17:00:00,il,,Clinton,148,Plant Closure,
warn-6267,2021-08-30 00:00:00,tx,Amentum,New Boston,92,,
warn-6268,2021-08-30 00:00:00,tx,Leidos-Killeen,Killeen,60,,
warn-4,2021-08-25 05:00:00,il,,Belvidere,1371,Mass Layoff,
warn-6269,2021-08-17 00:00:00,tx,Basic Energy Services-Denver City,Denver City,57,,
warn-6270,2021-08-17 00:00:00,tx,Basic Energy Services-Andrews2,Andrews,63,,
warn-6271,2021-08-17 00:00:00,tx,Basic Energy Services-Big Springs2,Big Spring,135,,
warn-6272,2021-08-17 00:00:00,tx,Basic Energy Services-Ft Worth-ALM Regent,Ft. Worth,120,,
warn-6273,2021-08-17 00:00:00,tx,Basic Energy Services-Andrews,Andrews,63,,
warn-6274,2021-08-17 00:00:00,tx,Basic Energy Services-Kennedy,Kenedy,56,,
warn-6275,2021-08-09 00:00:00,tx,Garland Behvaioral Hospital,Garland,119,,
warn-6276,2021-08-02 00:00:00,tx,Interim Healthcare-San Antonio,San Antonio,366,,
warn-6277,2021-07-27 00:00:00,tx,Crothall Healthcare-DeTar Healthcare,Victoria,53,,
warn-6278,2021-07-27 00:00:00,tx,Management & Training-Willacy County Regional Correction,Raymondville,186,,
warn-13073,2021-07-26,wa,Stadelman Fruit Company,Zillah,120,,
warn-6279,2021-07-09 00:00:00,tx,U.S. Well Services - Pleasanton,Pleasanton,66,,
warn-6280,2021-07-07 00:00:00,tx,Tranter Inc.,Wichita Falls,78,,
warn-13074,2021-07-07,wa,"Xevo, Inc",Bellevue,173,,
warn-6281,2021-07-03 00:00:00,tx,Fusion Logistics Inc. - Farmers Branch,Farmers Branch,57,,
warn-6282,2021-07-03 00:00:00,tx,Fusion Logistics Inc. - Garland,Garland,50,,
warn-6283,2021-07-03 00:00:00,tx,Fusion Logistics  Inc. - Coppell,Coppell,62,,
warn-6284,2021-07-03 00:00:00,tx,Fusion Logistics Inc. - Ft. Worth,Fort Worth,53,,
warn-6285,2021-07-03 00:00:00,tx,Fusion Logistics Inc. - Houston,Houston,81,,
warn-13075,2021-07-02,wa,Katerra,Seattle,1,,
warn-6286,2021-07-01 00:00:00,tx,"XPO Logistics Supply Chain, LLC",San Antonio,29,,
warn-6287,2021-07-01 00:00:00,tx,Turner Industries,Paris,250,,
warn-6288,2021-07-01 00:00:00,tx,"Cubic ITS, Inc.",Sugar Land,80,,
warn-19,2021-06-30 17:00:00,il,AMITA Health IT Division,Lisle,46,Plant Closure,
warn-22,2021-06-25 17:00:00,il,Corsicana Mattress Company,Aurora,48,Plant Closure,
warn-6289,2021-06-16 00:00:00,tx,TT Electronics (IRC),Corpus Christi,73,,
warn-4675,2021-06-10 00:00:00,il,,Chicago,850,Layoff,
warn-6290,2021-06-07 00:00:00,tx,Electronic Transaction Consultants,Richardson,34,,
warn-6291,2021-06-04 00:00:00,tx,"Progenity, Inc.-Fuller Dr.",Irving,51,,
warn-6292,2021-06-01 00:00:00,tx,"Progenity, Inc.-Riverside Dr.",Irving,9,,
warn-6293,2021-06-01 00:00:00,tx,"Mattison Pathology, LLP dba Avero Diagnotics",Irving,5,,
warn-6294,2021-06-01 00:00:00,tx,Mattison Pathollogy dba Avero Diagnotics-Fuller Dr.,Irving,7,,
warn-6295,2021-06-01 00:00:00,tx,Katerra Inc.,Carrollton,82,,
warn-6296,2021-06-01 00:00:00,tx,Texas Golden Peanut -ADM,El Paso,86,,
warn-13076,2021-06-01,wa,Katerra,Seattle,117,,
warn-13077,2021-05-27,wa,"Electronic Transaction Consultants, LLC",Seattle,65,,
warn-6297,2021-05-25 00:00:00,tx,Probe Group North America LLC,Lewisville,150,,
warn-6298,2021-05-24 00:00:00,tx,U.S. Well Services,San Angelo,63,,
warn-6299,2021-05-24 00:00:00,tx,U.S. Well Services - Pleasanton,Pleasanton,108,,
warn-6300,2021-05-20 00:00:00,tx,"AIG Technologies, Inc.",Fort Worth,63,,
warn-13078,2021-05-20,wa,Durham School Services,Spokane,22,,
warn-13079,2021-05-19,wa,Collins Aerospace,Everett,65,,
warn-6301,2021-05-14 00:00:00,tx,The Children's Shelter-Family Tapestry,San Antonio,93,,
warn-6302,2021-05-12 00:00:00,tx,Legend Energy Service-Longview,Longview,118,,
warn-13080,2021-05-11,wa,"Rosetta Stone, LLC",Seattle,16,,
warn-6303,2021-05-06 00:00:00,tx,Aramark Educational Services - SFASU,Nacogdoches,215,,
warn-13081,2021-05-04,wa,Yakima Herald-Republic,Yakima,40,,
warn-6304,2021-05-03 00:00:00,tx,Reliant Transportation,Justin,259,,
warn-6305,2021-05-03 00:00:00,tx,Reliant Transportation-West Lot,Haslet,98,,
warn-6306,2021-04-29 00:00:00,tx,EnerVest Ltd.,Houston,111,,
warn-6307,2021-04-28 00:00:00,tx,Concentrix CVG,Laredo,422,,
warn-6308,2021-04-26 00:00:00,tx,Art Asset-Dallas,Grand Prairie,7,,
warn-6309,2021-04-26 00:00:00,tx,Art Asset-Austin 1,Austin,5,,
warn-6310,2021-04-26 00:00:00,tx,Art Asset-Houston,Houston,12,,
warn-6311,2021-04-26 00:00:00,tx,Art Asset-San Antonio North,San Antonio,3,,
warn-6312,2021-04-26 00:00:00,tx,Art Asset-San Antonio Central,San Antonio,2,,
warn-6313,2021-04-26 00:00:00,tx,Art Asset-Austin Corporate,Austin,9,,
warn-6314,2021-04-26 00:00:00,tx,Art Asset-El Paso,El Paso,1,,
warn-6315,2021-04-26 00:00:00,tx,Art Asset-Killeen,Killeen,2,,
warn-6316,2021-04-26 00:00:00,tx,Art Asset-Brownsville,Weslaco,2,,
warn-6317,2021-04-26 00:00:00,tx,"Conduit Global-kgb USA, Inc.",San Antonio,245,,
warn-6318,2021-04-23 00:00:00,tx,"Texas Capital Bank, NA - MCA",Richardson,95,,
warn-13082,2021-04-22,wa,"Hydro Systems USA, Inc.",Kent,46,,
warn-6319,2021-04-20 00:00:00,tx,Five Star Senior Living Inc.,San Antonio,63,,
warn-6320,2021-04-19 00:00:00,tx,Sodexo-Texoma Medical Center,Denison,105,,
warn-6321,2021-04-16 00:00:00,tx,Leidos-VA Austin IT Center,Austin,140,,
warn-13083,2021-04-16,wa,"DSU-Peterbilt & GMC, Inc.",Kelso,67,,
warn-6322,2021-04-15 00:00:00,tx,Union Pacific Palestine Car Facility,Palestine,57,,
warn-6323,2021-04-15 00:00:00,tx,Frontier Communications Corp.-Citizens Telecom Services,Allen,33,,
warn-6324,2021-04-15 00:00:00,tx,Kindred Hospital - Mansfield,Mansfield,156,,
warn-6325,2021-04-09 00:00:00,tx,GDC Technics,San Antonio,56,,
warn-6326,2021-04-09 00:00:00,tx,GDC Technics - Ft. Worth,Fort Worth,120,,
warn-13084,2021-04-06,wa,YMCA of Greater Seattle,Seattle,1213,,
warn-6327,2021-03-31 00:00:00,tx,"Fresenius Health Partners, I c.",Austin,121,,
warn-6328,2021-03-31 00:00:00,tx,Furr's Fresh Buffet-McAllen,McAllen,71,,
warn-6329,2021-03-25 00:00:00,tx,Ovintive USA Inc.,Karnes City,95,,
warn-6330,2021-03-23 00:00:00,tx,"CSG Systems, Inc.",Austin,57,,
warn-6331,2021-03-18 00:00:00,tx,"Thyssenkrupp Supply Chain Services, Inc.",Houston,30,,
warn-6332,2021-03-18 00:00:00,tx,Renaissance Dallas Addison Hotel,Addison,134,,
warn-6333,2021-03-18 00:00:00,tx,Dallas Marriott Las Colinas,Irving,59,,
warn-6334,2021-03-18 00:00:00,tx,Renaisance Dallas Addison Hotel - Ft. Worth,Ft. Worth,53,,
warn-13085,2021-03-18,wa,Plastics Extrusion Machinery LLC,Tumwater,21,,
warn-6335,2021-03-12 00:00:00,tx,Hilton-Austin,Austin,64,,
warn-6336,2021-03-09 00:00:00,tx,Walmart #5931,Dallas,217,,
warn-13086,2021-03-09,wa,Saalex Solutions Inc,Keyport,50,,
warn-6337,2021-03-05 00:00:00,tx,"Wonderful Citrus Packing, LLC",Mission,141,,
warn-6338,2021-03-02 00:00:00,tx,"Relyant Global, LLC",San Juan,70,,
warn-13087,2021-03-01,wa,Keyword Studios US Inc.,Bothell,42,,
warn-16,2021-02-25 18:00:00,il,,Bloomington,139,Plant Closure,
warn-6339,2021-02-25 00:00:00,tx,West Texas Medical Associates,San Angelo,114,,
warn-13088,2021-02-25,wa,Keyword Studios US Inc.,Bothell,10,,
warn-4637,2021-02-24 18:00:00,il,Emerald Performance Materials,Henry,52,Plant Closure,
warn-13089,2021-02-22,wa,"XPO Logistics Supply Chain, Inc",Everett,104,,
warn-6340,2021-02-21 00:00:00,tx,American Airlines-DFW,DFW Airport,2475,,
warn-13090,2021-02-18,wa,"Quality Food Centers, Inc",Seattle,109,,
warn-6341,2021-02-15 00:00:00,tx,Coca Cola North America,Grand Prairie,76,,
warn-13091,2021-02-12,wa,Keyword Studios / VMC Consulting Corporation,Bothell,18,,
warn-13092,2021-02-11,wa,"Flying Food Group, LLC",SeaTac,65,,
warn-13093,2021-02-11,wa,Triumph Aerospace Structures,Spokane,136,,
warn-6342,2021-02-10 00:00:00,tx,Hilton Anatole,Dallas,206,,
warn-6343,2021-02-08 00:00:00,tx,Seadrill Americas-West Neptune,Houston,162,,
warn-6344,2021-02-08 00:00:00,tx,CBRE,Dallas,193,,
warn-3994,2021-02-07 18:00:00,il,"XPO Logistics Supply Chain, Inc.",Aurora,134,Plant Closure,
warn-6345,2021-02-05 00:00:00,tx,American Airlines-DFW Hangar,DFW Airport,50,,
warn-6346,2021-02-05 00:00:00,tx,American Airlines-DFW Admin Bldg,DFW Airport,16,,
warn-6347,2021-02-05 00:00:00,tx,American Airlines-HDQ,Ft. Worth,229,,
warn-6348,2021-02-05 00:00:00,tx,American Airlines-HDQ2,Ft. Worth,41,,
warn-6349,2021-02-05 00:00:00,tx,American Airlines - Ft Worth,Fort Worth,9,,
warn-6350,2021-02-05 00:00:00,tx,American Airlines-Flight Training,Ft. Worth,103,,
warn-6351,2021-02-05 00:00:00,tx,American Airlines-Delta Hanger,DFW Airport,38,,
warn-6352,2021-02-05 00:00:00,tx,American Airlines-SRO,Ft. Worth,2,,
warn-13094,2021-02-05,wa,Washington Potato Company,Warden,62,,
warn-13095,2021-02-04,wa,Panasonic Avionics,Bothell,135,,
warn-6353,2021-02-01 00:00:00,tx,Columbia Commercial Building Products,Rockwall,59,,
warn-6354,2021-01-28 00:00:00,tx,"Trinity Rail Maintenance Services, Inc.",Vidor,59,,
warn-6355,2021-01-28 00:00:00,tx,CACI-ISS,San Antonio,73,,
warn-6356,2021-01-27 00:00:00,tx,Baylor Scott & White Health-Elm St,Dallas,46,,
warn-6357,2021-01-27 00:00:00,tx,Baylor Scott & White Health-Main St,Dallas,25,,
warn-6358,2021-01-27 00:00:00,tx,Baylor Scott & White Health-Round Rock,Round Rock,83,,
warn-6359,2021-01-27 00:00:00,tx,Baylor Scott & White Health-Austin,Austin,62,,
warn-6360,2021-01-25 00:00:00,tx,Lucite International,Nederland,99,,
warn-6361,2021-01-21 00:00:00,tx,Gibraltar US,San Benito,96,,
warn-13096,2021-01-15,wa,Aramark,Bellingham,183,,
warn-6362,2021-01-14 00:00:00,tx,Johnson Controls-Ruskin Rooftop Systems,Carrollton,151,,
warn-6363,2021-01-14 00:00:00,tx,Alliance Data Card Services,San Antonio,50,,
warn-6364,2021-01-13 00:00:00,tx,ADS Alliance Data Systems,San Antonio,50,,
warn-13097,2021-01-12,wa,Museum of Pop Culture,Seattle,7,,
warn-6365,2021-01-08 00:00:00,tx,"Par-Pak, Inc.",Houston,1,,
warn-6366,2021-01-08 00:00:00,tx,Albertsons #3064,Bellaire,67,,
warn-13098,2021-01-07,wa,"Double Down Interactive, LLC",Seattle,55,,
warn-6367,2021-01-06 00:00:00,tx,"VT Industries, Inc.",Universal City,104,,
warn-6368,2021-01-06 00:00:00,tx,Transform SR LLC-San Antonio,San Antonio,67,,
warn-6369,2021-01-05 00:00:00,tx,DHL - Baytown,Baytown,97,,
warn-13099,2020-12-29,wa,Global Life Sciences Solutions USA LLC / cytiva,Issaquah,61,,
warn-13100,2020-12-29,wa,Saalex Solutions Inc,Keyport,48,,
warn-6370,2020-12-22 00:00:00,tx,IBEX,New Braunfels,248,,
warn-6371,2020-12-22 00:00:00,tx,BoomerangTube LLC - FM 3361,Liberty,150,,
warn-6372,2020-12-21 00:00:00,tx,ACCC Insurance Company,Houston,122,,
warn-13101,2020-12-21,wa,Durham School Services,Lakewood,44,,
warn-6373,2020-12-15 00:00:00,tx,"Halliburton Energy Services, Inc. - Carrollton",Carrollton,216,,
warn-6374,2020-12-15 00:00:00,tx,"Parsley Energy, Inc. - Midland",Midland,100,,
warn-6375,2020-12-15 00:00:00,tx,EVO Transportation,Austin,104,,
warn-6376,2020-12-14 00:00:00,tx,Hyatt Regency DFW,DFW Airport,111,,
warn-6377,2020-12-14 00:00:00,tx,Manitou Equipment America,Waco,149,,
warn-6378,2020-12-14 00:00:00,tx,"Laz Parking Texas, LLC",Dallas,135,,
warn-6379,2020-12-10 00:00:00,tx,"Patrician Window Coverings, Inc.",Webster,95,,
warn-13102,2020-12-10,wa,Progress Rail Services Corporation,Tacoma,54,,
warn-6380,2020-12-08 00:00:00,tx,Morrison Healthcare - University of Texas Medical Branch,Galveston,149,,
warn-6381,2020-12-08 00:00:00,tx,Angleton Danbury Hospital,Angleton,12,,
warn-6382,2020-12-08 00:00:00,tx,League City Campus Hospital,League City,15,,
warn-6383,2020-12-08 00:00:00,tx,Clear Lake Campus Hospital,Webster,27,,
warn-6384,2020-12-08 00:00:00,tx,LEH-S Presa St,San Antonio,33,,
warn-6385,2020-12-08 00:00:00,tx,LEH -BDA Crossing,San Antonio,50,,
warn-6386,2020-12-08 00:00:00,tx,LEH-Elmendorf,Elmendorf,5,,
warn-6387,2020-12-08 00:00:00,tx,LEH-Falls City,Falls City,4,,
warn-6388,2020-12-08 00:00:00,tx,Allied Universal Security Services,Arlington,88,,
warn-6389,2020-12-08 00:00:00,tx,Tom Thumb #2574,Ft. Worth,11,,
warn-6390,2020-12-08 00:00:00,tx,Tom Thumb #2642,Dallas,17,,
warn-6391,2020-12-08 00:00:00,tx,Tom Thumb #1788,Plano,17,,
warn-6392,2020-12-08 00:00:00,tx,Tom Thumb #1786,Grand Prairie,16,,
warn-6393,2020-12-08 00:00:00,tx,Tom Thumb #2578,Garland,10,,
warn-6394,2020-12-08 00:00:00,tx,Tom Thumb #3658,Arlington,16,,
warn-6395,2020-12-08 00:00:00,tx,Tom Thumb #1781,Coppell,10,,
warn-6396,2020-12-07 00:00:00,tx,"Parsley Energy, Inc.-Congress Ave",Austin,85,,
warn-6397,2020-12-07 00:00:00,tx,"Parsley Energy, Inc.-ABA",Austin,2,,
warn-6398,2020-12-07 00:00:00,tx,"Parsley Energy, Inc.-Colorado St.",Austin,147,,
warn-6399,2020-12-04 00:00:00,tx,Francesca's Holdings Corp - Clay Rd.,Houston,223,,
warn-6400,2020-12-04 00:00:00,tx,"Sable Permian Resourcces Operating, LLC - Big Lake",Big Lake,81,,
warn-6401,2020-12-04 00:00:00,tx,"Sable Permian Resources Operating, LLC",Houston,100,,
warn-13103,2020-12-04,wa,"Soundair Repair Group, LLC",Snohomish,6,,
warn-13104,2020-12-04,wa,Life Cycle Engineering Inc,Bremerton,60,,
warn-13105,2020-12-04,wa,Hyatt Corporation / Hyatt Regency Lake Washington,Renton,1,,
warn-6402,2020-12-03 00:00:00,tx,Southwest - Customer Service & Support,San Antonio,106,,
warn-6403,2020-12-03 00:00:00,tx,Southwest - San Antonio Int'l Airport,San Antonio,36,,
warn-6404,2020-12-03 00:00:00,tx,Southwest - Customer Service and Support,Houston,79,,
warn-6405,2020-12-03 00:00:00,tx,Southwest-Dallas Love Field,Dallas,465,,
warn-6406,2020-12-03 00:00:00,tx,Southwest-ABA,Austin,77,,
warn-6407,2020-12-03 00:00:00,tx,Southwest-Dallas,Dallas,10,,
warn-6408,2020-12-03 00:00:00,tx,Southwest - William P. Hobby,Houston,54,,
warn-13106,2020-12-03,wa,Southwest Airlines Co.,SeaTac,42,,
warn-6409,2020-12-02 00:00:00,tx,Exxon Mobil Campus,Spring,677,,
warn-6410,2020-12-02 00:00:00,tx,ExxonMobil Hughes Landing - 1735,The Woodlands,35,,
warn-6411,2020-12-02 00:00:00,tx,ExxonMobil Hughes Landing - 1725,The Woodlands,10,,
warn-6412,2020-11-30 00:00:00,tx,Stork  (A FLUOR Company),Dayton,18,,
warn-6413,2020-11-30 00:00:00,tx,Fluor - Port Neches,Port Neches,113,,
warn-6414,2020-11-30 00:00:00,tx,ConocoPhillips - 935 N.,Houston,,,
warn-6415,2020-11-30 00:00:00,tx,ConocoPhillips - Park Row,Houston,,,
warn-6416,2020-11-24 00:00:00,tx,Compass Group Eurest - Airport FWY,Fort Worth,2,,
warn-6417,2020-11-24 00:00:00,tx,Compass Group Eurest - Hwy 360,Fort Worth,12,,
warn-6418,2020-11-24 00:00:00,tx,Compass Group Eurest - American Blvd.,Fort Worth,2,,
warn-6419,2020-11-24 00:00:00,tx,Compass Group Eurest - One Transformation Way,Fort Worth,4,,
warn-6420,2020-11-24 00:00:00,tx,Compass Group Eurest,Fort Worth,32,,
warn-6421,2020-11-24 00:00:00,tx,"Hilite Industries-Automotive, LLC",Carrollton,139,,
warn-6422,2020-11-24 00:00:00,tx,Compass Group Eurest - 4501 Hwy 360,Fort Worth,37,,
warn-13107,2020-11-23,wa,Seattle Theater Group,Seattle,93,,
warn-4608,2020-11-22 00:00:00,il,,Urbana,300,Mass Layoff,
warn-4639,2020-11-20 00:00:00,il,,Westchester,98,Mass Layoff,
warn-6423,2020-11-18 00:00:00,tx,Tailored Shared Services,Houston,61,,
warn-6424,2020-11-18 00:00:00,tx,Southwest-Hobby Airport,Houston,35,,
warn-6425,2020-11-18 00:00:00,tx,Southwest - Dallas Lovefield Airport,Dallas,82,,
warn-13108,2020-11-18,wa,"Elmer's Restaurants, Inc","Vancouver, Tacoma",94,,
warn-13109,2020-11-18,wa,Museum of Pop Culture,Seattle,12,,
warn-6426,2020-11-13 00:00:00,tx,XPO Logistics Supply-Lancaster,Lancaster,53,,
warn-6427,2020-11-12 00:00:00,tx,Electronic Transaction Consultants,Richardson,68,,
warn-4522,2020-11-10 06:00:00,il,TECHNICAL COMPONENTS COMPANY,Carthage,42,Layoff,
warn-4629,2020-11-06 06:00:00,il,,Chicago,150,Plant Closure,
warn-6428,2020-11-06 00:00:00,tx,Sodexo-El Paso,El Paso,177,,
warn-6429,2020-11-06 00:00:00,tx,Southwest - Dallas Lovefield Airport,Dallas,8,,
warn-6430,2020-11-06 00:00:00,tx,Southwest - William P. Hobby Airport,Houston,8,,
warn-6431,2020-11-06 00:00:00,tx,Sodexo-Austin,Austin,80,,
warn-13110,2020-11-06,wa,Boston Scientific Corporation,"Bothell, WA",230,,
warn-6432,2020-11-02 00:00:00,tx,CDI HS - Muleshoe Center,Muleshoe,9,,
warn-6433,2020-11-02 00:00:00,tx,CDI HS - Central Office Admin,Laredo,13,,
warn-6434,2020-11-02 00:00:00,tx,CDI HS - Alice Center,Alice,13,,
warn-6435,2020-11-02 00:00:00,tx,CDI HS - Crystal City Satellite,Crystal City,10,,
warn-6436,2020-11-02 00:00:00,tx,CDI HS - Eagle Pass II Center,Eagle Pass,20,,
warn-6437,2020-11-02 00:00:00,tx,CDI HS - Eagle Pass I/T Center,Eagle Pass,25,,
warn-6438,2020-11-02 00:00:00,tx,CDI HS - Falfurrias Center,Falfurrias,14,,
warn-6439,2020-11-02 00:00:00,tx,CDI HS - Floydada Center,Floydada,9,,
warn-6440,2020-11-02 00:00:00,tx,CDI HS - Henry Bonilla Center,Laredo,13,,
warn-6441,2020-11-02 00:00:00,tx,CDI HS - Laredo Norton Admin,Laredo,19,,
warn-6442,2020-11-02 00:00:00,tx,CDI HS - Mathis Center,Mathis,15,,
warn-6443,2020-11-02 00:00:00,tx,CDI HS - Pearsall Center,Pearsall,10,,
warn-6444,2020-11-02 00:00:00,tx,CDI HS - Plainview Center,Plainview,5,,
warn-6445,2020-11-02 00:00:00,tx,CDI HS - Rio Grande City Center,Rio Grande City,25,,
warn-6446,2020-11-02 00:00:00,tx,CDI HS - Roma Center,Roma,23,,
warn-6447,2020-11-02 00:00:00,tx,CDI HS - Uvalde Center,Uvalde,12,,
warn-6448,2020-11-02 00:00:00,tx,CDI HS - Lubbock Center,Lubbock,14,,
warn-13111,2020-10-30,wa,Aramark,Tacoma,96,,
warn-13112,2020-10-30,wa,Aramark,Tacoma,3,,
warn-13113,2020-10-30,wa,Aramark,Tacoma,52,,
warn-13114,2020-10-30,wa,Aramark,Tacoma,2,,
warn-13115,2020-10-30,wa,Aramark,Seattle,407,,
warn-13116,2020-10-30,wa,Aramark,Seattle,16,,
warn-13117,2020-10-30,wa,"SPIN Seattle, LLC",Seattle,40,,
warn-6449,2020-10-29 00:00:00,tx,Alorica-Austin,Austin,712,,
warn-13118,2020-10-29,wa,TransAlta,Centralia,64,,
warn-6450,2020-10-28 00:00:00,tx,Cheddar's Scratch Kitchen - McAllen,McAllen,52,,
warn-6451,2020-10-27 00:00:00,tx,Regal Cinema-Tomball,Tomball,51,,
warn-6452,2020-10-27 00:00:00,tx,Regal Cinema-Houston,Houston,49,,
warn-6453,2020-10-27 00:00:00,tx,VillaSport - Katy,Katy,43,,
warn-6454,2020-10-27 00:00:00,tx,VillaSport - Cypress,Cypress,47,,
warn-6455,2020-10-27 00:00:00,tx,VillaSport,The Woodlands,48,,
warn-6456,2020-10-23 00:00:00,tx,Grand Hyatt Dallas-Ft Worth,DFW Airport,75,,
warn-6457,2020-10-22 00:00:00,tx,"Remedy Applications, Inc.",Austin,82,,
warn-13119,2020-10-22,wa,"Carlson Paving Products, Inc",Tacoma,63,,
warn-6458,2020-10-20 00:00:00,tx,Transform SR LLC - Round Rock,Round Rock,170,,
warn-6459,2020-10-20 00:00:00,tx,Methodist Southlake Hospital,Southlake,153,,
warn-13120,2020-10-20,wa,"Sonoco Products Yakima, WA - Plastics Operation",Yakima,133,,
warn-6460,2020-10-16 00:00:00,tx,Aramark-Whataburger Field,Corpus Ch,86,,
warn-6461,2020-10-16 00:00:00,tx,Aramark-Minute Maid Park,Houston,751,,
warn-6462,2020-10-16 00:00:00,tx,Aramark-Cynthia Woods Mitchell Pavillion,The Woodlands,75,,
warn-6463,2020-10-16 00:00:00,tx,Hyatt Regency Hotel,Dallas,101,,
warn-6464,2020-10-16 00:00:00,tx,Aramark - AT&T Center,San Antonio,287,,
warn-13121,2020-10-16,wa,"Transom Highlights Holdings Corp dba Gene Juarez Salons, Spas, and Academies",Seattle,71,,
warn-13122,2020-10-16,wa,"Transom Highlights Holdings Corp dba Gene Juarez Salons, Spas, and Academies",Puget Sound Area,166,,
warn-6465,2020-10-15 00:00:00,tx,Transocean Offshore Deepwater Drilling-Deepwater Asgard,Houston,100,,
warn-6466,2020-10-13 00:00:00,tx,Wyndham - Riverside Suites Sales,San Antonio,3,,
warn-6467,2020-10-13 00:00:00,tx,Turner Industries,Paris,190,,
warn-13123,2020-10-07,wa,Southrest Inc. dba The Woodmark,Kirkland,86,,
warn-6468,2020-10-05 00:00:00,tx,"Securitas Critical Infrastructure Services, Inc.",Glen Rose,142,,
warn-6469,2020-09-29 00:00:00,tx,The Expo Group Inc.,Irving,114,,
warn-13124,2020-09-25,wa,"Compass Group USA, Inc.",Seattle,105,,
warn-13125,2020-09-24,wa,Hyatt Corporation Motif Seattle,Seattle,60,,
warn-13126,2020-09-21,wa,Boeing,Puget Sound Area,530,,
warn-13127,2020-09-21,wa,Hyatt Corporation / Hyatt Regency Bellevue,Bellevue,148,,
warn-6470,2020-09-18 00:00:00,tx,Freeman Company-Davis St.,Dallas,33,,
warn-6471,2020-09-18 00:00:00,tx,Freeman Audio Visual -San Antonio,San Antonio,1,,
warn-6472,2020-09-18 00:00:00,tx,Freeman Company -San Antonio,San Antonio,15,,
warn-6473,2020-09-18 00:00:00,tx,"Freeman Corporate, LLC",Dallas,28,,
warn-6474,2020-09-18 00:00:00,tx,Freeman Digi Ventures,Dallas,3,,
warn-6475,2020-09-18 00:00:00,tx,Freeman Digi Ventures-Davis St.,Dallas,2,,
warn-6476,2020-09-18 00:00:00,tx,"Freeman Expositions, LLC",Dallas,21,,
warn-6477,2020-09-18 00:00:00,tx,Freeman Expositions-Davis St.,Dallas,20,,
warn-6478,2020-09-18 00:00:00,tx,Freeman Audio Visual,Dallas,57,,
warn-6479,2020-09-18 00:00:00,tx,Freeman Company,Dallas,83,,
warn-6480,2020-09-18 00:00:00,tx,Freeman Expositions,San Antonio,34,,
warn-13128,2020-09-18,wa,P.F. Chang's China Bistro,Bellevue,75,,
warn-13129,2020-09-18,wa,P.F. Chang's China Bistro,Lynnwood,75,,
warn-13130,2020-09-18,wa,P.F. Chang's China Bistro,Spokane,75,,
warn-13131,2020-09-18,wa,Sodexo,Redmond,122,,
warn-6481,2020-09-17 00:00:00,tx,Sur La Table Store 17,Houston,10,,
warn-6482,2020-09-17 00:00:00,tx,P.F. Chang's -McAllen,McAllen,75,,
warn-6483,2020-09-17 00:00:00,tx,P.F. Chang's -Waco,Waco,75,,
warn-6484,2020-09-17 00:00:00,tx,"P.F. Chang's -Colony,TX",The Colony,75,,
warn-6485,2020-09-17 00:00:00,tx,"P.F. Chang's -Allen,TX",Allen,75,,
warn-6486,2020-09-17 00:00:00,tx,P.F. Chang's -Basse Rd,San Antonio,75,,
warn-13132,2020-09-16,wa,National Railroad Passenger Corporation (Amtrak),Seattle,2,,
warn-13133,2020-09-16,wa,National Railroad Passenger Corporation (Amtrak),Seattle,141,,
warn-13134,2020-09-15,wa,"Lags Spine and Sportscare Medical Centers, Inc. d/b/a Lags Medical Centers",Vancouver,5,,
warn-13135,2020-09-10,wa,Booking.com (USA) Inc,Bellevue,235,,
warn-13136,2020-09-08,wa,"Dave & Buster's, Inc",Auburn,85,,
warn-6487,2020-09-04 00:00:00,tx,Z Gallerie Store #68,Houston,9,,
warn-6488,2020-09-04 00:00:00,tx,Z Gallerie Store #51,Dallas,6,,
warn-6489,2020-09-04 00:00:00,tx,JC Penney - Plano2     (Collin Creek Mall),Plano,144,,
warn-6490,2020-09-04 00:00:00,tx,SeaWorld of Texas LLC dba SeaWorld San Antonio dba Aquatica San Antonio,San Antonio,242,,
warn-6491,2020-09-04 00:00:00,tx,Z Gallerie Store #17,Ft. Worth,5,,
warn-6492,2020-09-02 00:00:00,tx,HPC Developer - Wild Oak Ranch Resort,San Antonio,34,,
warn-6493,2020-09-02 00:00:00,tx,HV Global Mgmt Corp. - Wild Oak Ranch Resort,San Antonio,66,,
warn-6494,2020-09-02 00:00:00,tx,HV Global Marketing Corp. - Wild Oak Ranch Resort,San Antonio,1,,
warn-13137,2020-09-02,wa,"Avis Budget Car Rental, LLC",Tukwila,1,,
warn-6495,2020-09-01 00:00:00,tx,Live Nation-Austin,Austin,43,,
warn-6496,2020-09-01 00:00:00,tx,Live Nation-Pharr,Pharr,253,,
warn-6497,2020-09-01 00:00:00,tx,Live Nation-Dallas,Dallas,77,,
warn-6498,2020-09-01 00:00:00,tx,Live Nation-W Loop St,Houston,51,,
warn-6499,2020-09-01 00:00:00,tx,Live Nation-Caroline St,Houston,85,,
warn-13138,2020-09-01,wa,Hudson Group,Seattle,89,,
warn-13139,2020-09-01,wa,Big Fish Games,Seattle,217,,
warn-6500,2020-08-31 00:00:00,tx,Avis Budget Car Rental,Austin,3,,
warn-13140,2020-08-31,wa,Boeing,Puget Sound Area,592,,
warn-13141,2020-08-31,wa,"thyssenkrupp Materials, LLC",Auburn,60,,
warn-13142,2020-08-31,wa,"Sandvik Special Metals, LLC",Kennewick,50,,
warn-6501,2020-08-30 00:00:00,tx,Scoobeez - San Antonio,San Antonio,63,,
warn-6502,2020-08-28 00:00:00,tx,Equinor US,Austin,228,,
warn-6503,2020-08-28 00:00:00,tx,Scoobeez Inc-Farmers Branch,Farmers Branch,45,,
warn-6504,2020-08-28 00:00:00,tx,"Scoobeez, Inc.-Ft. Worth",Ft. Worth,89,,
warn-6505,2020-08-28 00:00:00,tx,"Scoobeez, Inc.-Garland",Garland,69,,
warn-6506,2020-08-28 00:00:00,tx,"Scoobeez, Inc.-Austin",Austin,71,,
warn-6507,2020-08-28 00:00:00,tx,Avis Budget Car Rental-El Paso,El Paso,12,,
warn-6508,2020-08-28 00:00:00,tx,"CEC Entertainment, Inc.",Irving,95,,
warn-6509,2020-08-27 00:00:00,tx,SW Hotels-Westin Galleria,Dallas,89,,
warn-6510,2020-08-27 00:00:00,tx,GEO Secure Services - Eagle Pass,Eagle Pass,174,,
warn-6511,2020-08-27 00:00:00,tx,JW Marriot Resort and SPA - San Antonio,San Antonio,461,,
warn-6512,2020-08-27 00:00:00,tx,Marriott Rivercenter Hotel,San Antonio,237,,
warn-6513,2020-08-27 00:00:00,tx,Marriott Riverwalk,San Antonio,45,,
warn-13143,2020-08-27,wa,Bon Appetit Management Company,Seattle,116,,
warn-6514,2020-08-26 00:00:00,tx,Renaissance Dallas at Plano Legacy West Hotel,Plano,66,,
warn-6515,2020-08-25 00:00:00,tx,Sheraton Gunter San Antonio,San Antonio,38,,
warn-13144,2020-08-24,wa,"Arctic Circle Enterprises, LLC",Kent,66,,
warn-13145,2020-08-21,wa,"Stellar Partners, Inc",SeaTac,12,,
warn-13146,2020-08-21,wa,Museum of Pop Culture,Seattle,32,,
warn-6516,2020-08-20 00:00:00,tx,Hilton-Austin,Austin,77,,
warn-6517,2020-08-20 00:00:00,tx,"Exela Enterprise Solutions, LLC",Austin,81,,
warn-13147,2020-08-19,wa,YMCA of Greater Seattle,Seattle,66,,
warn-4603,2020-08-18 05:00:00,il,,Naperville,1500,Layoff,
warn-6518,2020-08-18 00:00:00,tx,"Smith Industries, LLC",Midland,72,,
warn-13148,2020-08-17,wa,Washington State Convention Center,Seattle,148,,
warn-6519,2020-08-13 00:00:00,tx,Rex Staffing LLC-Country Fresh Products,Houston,310,,
warn-6520,2020-08-13 00:00:00,tx,"IPIC Theaters, LLC",Austin,37,,
warn-6521,2020-08-12 00:00:00,tx,Yoga Works - Uptown,Houston,24,,
warn-6522,2020-08-12 00:00:00,tx,HMS Host - San Antonio,San Antonio,121,,
warn-13149,2020-08-12,wa,Carlisle Interconnect Technologies,Kent,595,,
warn-13150,2020-08-12,wa,HMSHost,SeaTac,251,,
warn-13151,2020-08-12,wa,HMSHost,Spokane,46,,
warn-13152,2020-08-12,wa,"MV Transportation, Inc","Seattle, Woodinville",145,,
warn-6523,2020-08-11 00:00:00,tx,"Seadrill Americas, Inc.",Houston,168,,
warn-13153,2020-08-11,wa,"Argosy LP, DBA Argosy Cruises",Seattle,49,,
warn-13154,2020-08-11,wa,"Argosy LP, DBA Argosy Cruises",Seattle,9,,
warn-13155,2020-08-10,wa,Embassy Suites Employer LLC,Tukwila,27,,
warn-13156,2020-08-10,wa,Embassy Suites Employer LLC,Tukwila,6,,
warn-13157,2020-08-06,wa,"IPIC Theaters, LLC",Redmond,65,,
warn-6524,2020-08-05 00:00:00,tx,JC Penney - McAllen,McAllen,137,,
warn-6525,2020-08-05 00:00:00,tx,The Briar Club,Houston,23,,
warn-6526,2020-08-04 00:00:00,tx,"Expedia Group, Inc.",Dallas,116,,
warn-13158,2020-08-04,wa,"Sky Chefs, Inc",SeaTac,360,,
warn-13159,2020-08-03,wa,Neiman Marcus Group,Bellevue,95,,
warn-6527,2020-07-31 00:00:00,tx,Hudson Group-Airport Mgt Services,Dallas,81,,
warn-13160,2020-07-31,wa,Hudson Group,Seattle,91,,
warn-13161,2020-07-31,wa,Hilton Hotel Employer LLC,Vancouver,125,,
warn-13162,2020-07-31,wa,Hilton Hotel Employer LLC,Vancouver,6,,
warn-13163,2020-07-31,wa,Boeing,Puget Sound Area,940,,
warn-13164,2020-07-31,wa,Alaska Airlines,"Seatac, Seattle",1583,,
warn-6528,2020-07-30 00:00:00,tx,Spirit,DFW Airport,238,,
warn-6529,2020-07-30 00:00:00,tx,Wyndham - San Antonio,San Antonio,139,,
warn-6530,2020-07-29 00:00:00,tx,"Wyndham Revere, LLC",Dallas,52,,
warn-13165,2020-07-29,wa,Hilton Hotel Employer LLC,Seattle,88,,
warn-13166,2020-07-29,wa,Doubletree Management LLC,Seattle,88,,
warn-13167,2020-07-29,wa,"Worthy Hotels, Inc",Spokane,115,,
warn-13168,2020-07-29,wa,"Worthy Hotels, Inc",Spokane,159,,
warn-13169,2020-07-29,wa,NatureBridge,Port Angeles,21,,
warn-6531,2020-07-28 00:00:00,tx,CWT,San Antonio,102,,
warn-13170,2020-07-28,wa,DoubleTree Employer LLC,Spokane,90,,
warn-13171,2020-07-28,wa,GE Healthcare,Seattle,66,,
warn-6532,2020-07-27 00:00:00,tx,Wyndhgam Vacation Ownership,Austin,81,,
warn-6533,2020-07-27 00:00:00,tx,Brennan's of Houston,Houston,90,,
warn-13172,2020-07-27,wa,Guest Services,Mt. Rainier,5,,
warn-13173,2020-07-27,wa,"PCC Aerostructures Protective Coatings, Inc",Kent,34,,
warn-13174,2020-07-24,wa,SSP America,Seattle,228,,
warn-13175,2020-07-24,wa,American Queen Steamboat Company,Vancouver,250,,
warn-6534,2020-07-23 00:00:00,tx,Hector Garza Center,San Antonio,140,,
warn-6535,2020-07-23 00:00:00,tx,Hilton - Plano,Plano,105,,
warn-6536,2020-07-23 00:00:00,tx,Visionworks #86,San Antonio,9,,
warn-6537,2020-07-23 00:00:00,tx,Visionworks #32,Midland,3,,
warn-4424,2020-07-21 17:00:00,il,Watlow,Richmond,50,Plant Closure,
warn-6538,2020-07-21 00:00:00,tx,Printpack,Orange,58,,
warn-6539,2020-07-20 00:00:00,tx,Sodexo - San Antonio,San Antonio,319,,
warn-6540,2020-07-19 00:00:00,tx,BJ Services - San Antonio,San Antonio,195,,
warn-6541,2020-07-17 00:00:00,tx,JC Penney - Lewisville,Lewisville,87,,
warn-6542,2020-07-17 00:00:00,tx,Jc Penney-Dallas,Dallas,89,,
warn-6543,2020-07-17 00:00:00,tx,Hilton Anatole,Dallas,620,,
warn-13176,2020-07-17,wa,"Nordstrom, Inc",Seattle,521,,
warn-6544,2020-07-16 00:00:00,tx,Spirit AeroSystems Inc.,San Antonio,72,,
warn-6545,2020-07-16 00:00:00,tx,ASARCO- Amarillo Refinery,Amarillo,213,,
warn-6546,2020-07-16 00:00:00,tx,Visionworks #262,Round Rock,8,,
warn-6547,2020-07-16 00:00:00,tx,"Exterran Energy Solutions, LP - Houston",Houston,174,,
warn-6548,2020-07-16 00:00:00,tx,JC Penney - Plano,Plano,717,,
warn-13177,2020-07-15,wa,American Airlines,SeaTac,3,,
warn-13178,2020-07-15,wa,American Airlines,Seattle,111,,
warn-6549,2020-07-13 00:00:00,tx,Electro Rent,Roanoke,2,,
warn-6550,2020-07-10 00:00:00,tx,Basic Energy Services-Denver City,Denver City,102,,
warn-6551,2020-07-10 00:00:00,tx,"Basic Energy Services - Big Spring, TX",Big Spring,114,,
warn-6552,2020-07-10 00:00:00,tx,Transform SR LLC #45446,Dallas,57,,
warn-13179,2020-07-10,wa,DynCorp International LLC,Joint Base Lewis McChord,51,,
warn-13180,2020-07-10,wa,Triumph Aerospace Structures,Spokane,10,,
warn-6553,2020-07-09 00:00:00,tx,C. Baldwin Hotel - Curio Collection by Hilton,Houston,144,,
warn-6554,2020-07-09 00:00:00,tx,Visionworks #120,Katy,2,,
warn-6555,2020-07-09 00:00:00,tx,Pilot Thomas Logistics - Midland,Midland,56,,
warn-6556,2020-07-09 00:00:00,tx,C. Baldwin Hotel - Curio Collection by Hilton,Houston,144,,
warn-6557,2020-07-09 00:00:00,tx,Visionworks #120,Katy,2,,
warn-6558,2020-07-09 00:00:00,tx,Pilot Thomas Logistics - Midland,Midland,56,,
warn-13181,2020-07-09,wa,"United Airlines, Inc",Seattle,259,,
warn-6559,2020-07-08 00:00:00,tx,Dallas Fort Worth International,Dallas,71,,
warn-6560,2020-07-08 00:00:00,tx,"Borusan Mannesmann Pipe U.S., Inc.",Baytown,114,,
warn-6561,2020-07-07 00:00:00,tx,Transocean Deepwater Inc.- Discover Inspiration,Houston,110,,
warn-13182,2020-07-07,wa,Katerra,Seattle,41,,
warn-13183,2020-07-07,wa,"Delta Air Lines, Inc.",Seattle,74,,
warn-13184,2020-07-06,wa,KHRG Alexis LLC (Kimpton Alexis Hotel),Seattle,83,,
warn-6562,2020-07-03 00:00:00,tx,"GSC Wholesale, LLC dba Grocers Supply",Houston,90,,
warn-6563,2020-07-02 00:00:00,tx,Brident-Westheimer Rd,Houston,6,,
warn-6564,2020-07-02 00:00:00,tx,Brident-Broadway,Houston,4,,
warn-6565,2020-07-02 00:00:00,tx,Brident-Long Point RD,Houston,3,,
warn-6566,2020-07-02 00:00:00,tx,Brident-Tidwell Rd,Houston,3,,
warn-6567,2020-07-02 00:00:00,tx,Brident-Edgebrook Dr,Houston,2,,
warn-6568,2020-07-02 00:00:00,tx,Brident-E. Fwy,Houston,2,,
warn-6569,2020-07-02 00:00:00,tx,Brident-W Camp Widsom,Dallas,4,,
warn-6570,2020-07-02 00:00:00,tx,Brident-Crosstimbers,Houston,2,,
warn-6571,2020-07-02 00:00:00,tx,Brident-Greens Rd,Houston,1,,
warn-6572,2020-07-02 00:00:00,tx,Brident-Airline Dr.,Houston,3,,
warn-6573,2020-07-02 00:00:00,tx,Brident-Gulf Fwy,Houston,5,,
warn-6574,2020-07-02 00:00:00,tx,Brident-SW Military,San Antonio,5,,
warn-6575,2020-07-02 00:00:00,tx,Brident-W. Bellfort Ave,Houston,5,,
warn-6576,2020-07-02 00:00:00,tx,Brident-8706 Fredericksburg,San Antonio,1,,
warn-6577,2020-07-02 00:00:00,tx,Brident-W Commerce,San Antonio,3,,
warn-6578,2020-07-02 00:00:00,tx,Brident-3655 Fredericksburg,San Antonio,1,,
warn-6579,2020-07-02 00:00:00,tx,Brident-2000 SE. Loop,San Antonio,1,,
warn-6580,2020-07-02 00:00:00,tx,Brident-Bellaire bBlvd,Houston,5,,
warn-6581,2020-07-01 00:00:00,tx,Electro Rent,Roanoke,3,,
warn-6582,2020-06-30 00:00:00,tx,The Lycra Co.,La Porte,79,,
warn-6583,2020-06-30 00:00:00,tx,PCC Wyman Gordon,Houston,10,,
warn-13185,2020-06-30,wa,Amentum,Whidbey Island,13,,
warn-13186,2020-06-30,wa,Coca Cola / Odwalla's,Tukwila,32,,
warn-6584,2020-06-29 00:00:00,tx,Hard Rock Café-San Antonio,San Antonio,138,,
warn-13187,2020-06-29,wa,Boeing,Puget Sound Area,668,,
warn-6585,2020-06-26 00:00:00,tx,Spire Hospitality-Embassy Suites,Laredo,58,,
warn-13188,2020-06-26,wa,Ponderay Newsprint Company,Usk,148,,
warn-13189,2020-06-26,wa,Spire Hospitality,"Lynnwood, Seattle",187,,
warn-6586,2020-06-25 00:00:00,tx,PV Fluid Products Inc.,Houston,113,,
warn-6587,2020-06-25 00:00:00,tx,Kimpton Hotel,Austin,180,,
warn-13190,2020-06-24,wa,"Safran Cabin Materials, LLC",Marysville and Newport,85,,
warn-13191,2020-06-24,wa,Sodexo,SeaTac,41,,
warn-13192,2020-06-23,wa,KHRG Vintage Park LLC (Kimpton Hotel Vintage Seattle),Seattle,97,,
warn-13193,2020-06-23,wa,KHRG Employer LLC (Kimpton Hotel Monaco Seattle),Seattle,120,,
warn-6588,2020-06-22 00:00:00,tx,Van Vleck Paint Shop,Bay City,10,,
warn-6589,2020-06-22 00:00:00,tx,Clute Fabrication Shop,Clute,46,,
warn-6590,2020-06-22 00:00:00,tx,Bradshaw State Jail,Henderson,229,,
warn-13194,2020-06-19,wa,Swissport Fueling,SeaTac,69,,
warn-13195,2020-06-19,wa,"Swissport USA, Inc",SeaTac,62,,
warn-13196,2020-06-19,wa,"Swissport USA, Inc",SeaTac,167,,
warn-13197,2020-06-18,wa,"Jacobsen Daniel's Enterprise, Inc",Tacoma,1,,
warn-13198,2020-06-18,wa,Tool Gauge and Machine Works,Tacoma,59,,
warn-13199,2020-06-18,wa,Hyatt Corporation Motif Seattle,Seattle,91,,
warn-6591,2020-06-17 00:00:00,tx,Pounds Photo Lab,Dallas,61,,
warn-13200,2020-06-17,wa,"Benchmark Stevenson, LLC d/b/a Skamania Lodge",Stevenson,185,,
warn-13201,2020-06-16,wa,Seattle Art Museum,Seattle,76,,
warn-13202,2020-06-16,wa,Chihuly Garden & Glass,Seattle,97,,
warn-13203,2020-06-16,wa,Seattle Center,Seattle,182,,
warn-6592,2020-06-15 00:00:00,tx,Adeputs Health dba FCER Management LLC,Irving,96,,
warn-6593,2020-06-15 00:00:00,tx,Hyatt Regency DFW,DFW Airport,210,,
warn-13204,2020-06-15,wa,Sekisui Aerospace,Renton and Sumner,111,,
warn-13205,2020-06-15,wa,Pioneer Human Services,Seattle,59,,
warn-13206,2020-06-15,wa,Crista Senior Living,Shoreline,156,,
warn-13207,2020-06-15,wa,Hyatt Corporation / Hyatt Regency Bellevue,Bellevue,223,,
warn-6594,2020-06-12 00:00:00,tx,Hyatt Corp dba Miraval Austin Wellness Resort & Spa,Austin,137,,
warn-6595,2020-06-12 00:00:00,tx,Hyatt Regency - Austin,Austin,224,,
warn-13208,2020-06-12,wa,"Toray Composite Materials America, Inc",Tacoma,146,,
warn-13209,2020-06-12,wa,Embassy Suites Seattle Bellevue,Seattle,57,,
warn-6596,2020-06-11 00:00:00,tx,Grand Hyatt San Antonio,San Antonio,271,,
warn-6597,2020-06-11 00:00:00,tx,Owens-Corning - Amarillo,Amarillo,205,,
warn-6598,2020-06-11 00:00:00,tx,Hotel Contessa,San Antonio,84,,
warn-13210,2020-06-11,wa,Triumph Aerospace Structures,Spokane,12,,
warn-13211,2020-06-09,wa,Hyatt Corporation / Hyatt Regency Lake Washington,Renton,129,,
warn-6599,2020-06-08 00:00:00,tx,Hyatt Regency - Houston,Houston,260,,
warn-6600,2020-06-08 00:00:00,tx,Ritz Carlton - Dallas,Dallas,365,,
warn-13212,2020-06-08,wa,Boeing,Puget Sound Area,5798,,
warn-13213,2020-06-08,wa,"Lamb Weston, Inc","Connell, WA",360,,
warn-13214,2020-06-08,wa,"Lamb Weston, Inc",Warden,300,,
warn-6601,2020-06-05 00:00:00,tx,"Seadrill Americas, Inc.",Houston,135,,
warn-13215,2020-06-05,wa,"Cadence Aerospace, Giddence Industries",Everett,72,,
warn-6602,2020-06-04 00:00:00,tx,Gaylord - Grapevine,Grapevine,1426,,
warn-13216,2020-06-04,wa,"W Hotel Management, Inc., dba W Bellevue",Bellevue,105,,
warn-13217,2020-06-04,wa,"WHC Payroll, dba The Westin Bellevue",Bellevue,155,,
warn-13218,2020-06-04,wa,Fairmont Olympic Hotel,Seattle,58,,
warn-13219,2020-06-04,wa,Fairmont Olympic Hotel,Seattle,278,,
warn-13220,2020-06-04,wa,Mitsubishi Aircraft Corporation,"Moses Lake, Renton",240,,
warn-13221,2020-06-03,wa,"Marriott International, Inc dba Seattle Redmond Marriott",Redmond,105,,
warn-13222,2020-06-03,wa,"WHC Payroll Company, dba The Westin Seattle",Seattle,498,,
warn-13223,2020-06-03,wa,"KS Tacoma Hotel, LLC dba Hotel Murano",Tacoma,133,,
warn-13224,2020-06-02,wa,SHG Hotel SPE LLC,Seattle,119,,
warn-13225,2020-06-02,wa,Aviation Technical Services,Everett,142,,
warn-6603,2020-06-01 00:00:00,tx,Sound Inpatient Physicians Inc.,Westlake,33,,
warn-6604,2020-06-01 00:00:00,tx,Echo Locum Tenens Inc.,Westlake,13,,
warn-6605,2020-06-01 00:00:00,tx,"GE Engine Services, L.P.",McAllen,257,,
warn-6606,2020-06-01 00:00:00,tx,Turner Industries-Corpus Christi,Corpus Ch,40,,
warn-6607,2020-06-01 00:00:00,tx,St. Regis Houston,Houston,180,,
warn-13226,2020-06-01,wa,"Marriott Hotel Services, Inc., dba Seattle Marriott Bellevue",Bellevue,129,,
warn-13227,2020-06-01,wa,WHC Payroll Co Sheraton Grand Seattle,Seattle,503,,
warn-13228,2020-06-01,wa,"Coast Wenatchee, LLC",Wenatchee,58,,
warn-13229,2020-06-01,wa,WHC Payroll Company / W Seattle,Seattle,203,,
warn-13230,2020-06-01,wa,"Marriott International Inc., dba Seattle Marriott Waterfront",Seattle,166,,
warn-6608,2020-05-31 00:00:00,tx,Jim's Formal Wear,Seguin,44,,
warn-6609,2020-05-29 00:00:00,tx,Renaissance Hotel,Austin,243,,
warn-6610,2020-05-29 00:00:00,tx,Collins Aerospace,Houston,144,,
warn-6611,2020-05-29 00:00:00,tx,Allied Aviation-Southlake,Southlake,50,,
warn-6612,2020-05-29 00:00:00,tx,85C Bakery-Katy,Katy,1,,
warn-6613,2020-05-29 00:00:00,tx,Live by Loews,Arlington,153,,
warn-6614,2020-05-29 00:00:00,tx,Holiday Inn Club Vacations-Pantego,Pantego,307,,
warn-6615,2020-05-29 00:00:00,tx,85 C Bakery Café,Friendswood,9,,
warn-13231,2020-05-29,wa,Happy Guests International d/b/a Salty's,"Seattle, Des Moines",282,,
warn-13232,2020-05-29,wa,Hyatt Corporation / Thompson Seattle,Seattle,49,,
warn-13233,2020-05-29,wa,Hyatt Corporation / Thompson Seattle,Seattle,50,,
warn-13234,2020-05-29,wa,"Loews Seattle Operating Company, LLC",Seattle,12,,
warn-13235,2020-05-29,wa,"Loews Seattle Operating Company, LLC",Seattle,55,,
warn-6616,2020-05-28 00:00:00,tx,Benchmark Electronics,Angleton,190,,
warn-13236,2020-05-28,wa,Saint-Gobain,Puyallup,96,,
warn-6617,2020-05-27 00:00:00,tx,ECFMG-Clinical Skills Exam,Houston,103,,
warn-13237,2020-05-27,wa,Service Labs Inc. dba Pro.com,Seattle,52,,
warn-13238,2020-05-27,wa,Holland America Line NV,Seattle,583,,
warn-13239,2020-05-27,wa,Princess Cruise Lines Ltd,Seattle,122,,
warn-13240,2020-05-27,wa,Hyatt Corporation / Hyatt Regency Seattle,Seattle,135,,
warn-13241,2020-05-27,wa,Hyatt Corporation / Hyatt Regency Seattle,Seattle,276,,
warn-13242,2020-05-27,wa,Hyatt Corporation / Grand Hyatt Seattle,Seattle,152,,
warn-13243,2020-05-27,wa,Hyatt Corporation / Grand Hyatt Seattle,Seattle,58,,
warn-13244,2020-05-27,wa,Hyatt Corporation / Hyatt at Olive 8,Seattle,123,,
warn-13245,2020-05-27,wa,Hyatt Corporation / Hyatt at Olive 8,Seattle,29,,
warn-6618,2020-05-26 00:00:00,tx,First Texas Hospital Cy-Fair,Houston,62,,
warn-6619,2020-05-22 00:00:00,tx,Sheraton Austin,Austin,99,,
warn-6620,2020-05-22 00:00:00,tx,ProPetro-Coil Tubing Operations,Midland,32,,
warn-6621,2020-05-22 00:00:00,tx,"Laz Parking Texas, LLC",Dallas,310,,
warn-6622,2020-05-22 00:00:00,tx,The Moran at City Center,Houston,47,,
warn-6623,2020-05-21 00:00:00,tx,"Texas Steel Conversion, Inc.",Houston,491,,
warn-6624,2020-05-21 00:00:00,tx,Marriott City Place-Spicewood Village,Spring,33,,
warn-13246,2020-05-20,wa,"Gate Gourmet, Inc",Seattle,207,,
warn-13247,2020-05-19,wa,YMCA of Greater Seattle,Seattle,122,,
warn-13248,2020-05-19,wa,Renaissance Seattle Hotel,Seattle,190,,
warn-6625,2020-05-18 00:00:00,tx,XPO Logistics-Jacomson Warehouse,Dallas,243,,
warn-3001,2020-05-15 05:00:00,il,,Granite City,737,Plant Closure,
warn-13249,2020-05-15,wa,"WeDriveU, Inc",Renton and Mukilteo,73,,
warn-13250,2020-05-15,wa,Saalex Solutions Inc,Keyport,51,,
warn-6626,2020-05-14 00:00:00,tx,Cactus Wellhead,Odessa,14,,
warn-6627,2020-05-14 00:00:00,tx,Allied Aviation-Houston,Houston,77,,
warn-6628,2020-05-14 00:00:00,tx,St Edwards University,Austin,95,,
warn-13251,2020-05-14,wa,"Flying Food Group, LLC",Seattle,153,,
warn-13252,2020-05-13,wa,Electro Rent Corporation,Redmond,1,,
warn-6629,2020-05-12 00:00:00,tx,Hydraulic Fracturing Facility,Midland,392,,
warn-6630,2020-05-12 00:00:00,tx,James Avery -Fredericksburg,Fredericksburg,82,,
warn-6631,2020-05-11 00:00:00,tx,"UTLX Manufacturing, Inc.",Houston,278,,
warn-13253,2020-05-11,wa,Cox Automotive,Kent,123,,
warn-13254,2020-05-11,wa,"Crest Logistics, LLC","Burbank, WA",68,,
warn-13255,2020-05-08,wa,Lee Johnson Auto Family,"Everett, Kirkland, and Monroe",169,,
warn-6632,2020-05-07 00:00:00,tx,Saulsbury Industries-Odessa,Odessa,3,,
warn-6633,2020-05-07 00:00:00,tx,"Saulsbury Industries, Inc.",Odessa,12,,
warn-6634,2020-05-07 00:00:00,tx,Saulsbury Industries-Henderson,Henderson,58,,
warn-13256,2020-05-07,wa,"Visionworks, Inc","Spokane, Vancouver, and Renton",28,,
warn-6635,2020-05-05 00:00:00,tx,Southwestern & Pacific #6972,Spring,1,,
warn-13257,2020-05-05,wa,"HDI Landing Gear USA, Inc",Everett,3,,
warn-6636,2020-05-04 00:00:00,tx,Haliburton Energy Services-N. Sam Houston,Houston,984,,
warn-6637,2020-05-04 00:00:00,tx,Outback #4424,Beaumont,65,,
warn-6638,2020-05-04 00:00:00,tx,Covia-Crane,Crane,23,,
warn-6639,2020-05-04 00:00:00,tx,Covia Corp-Kermit,Kermit,83,,
warn-13258,2020-05-04,wa,"Crescent Hotels & Resorts, LLC",Bellevue,42,,
warn-6640,2020-05-01 00:00:00,tx,Cactus Wellhead,Odessa,32,,
warn-6641,2020-05-01 00:00:00,tx,US Steel Tubular Products - Hughes Springs,Hughes Springs,55,,
warn-13259,2020-05-01,wa,"Cosmo Specialty Fibers, Inc",Cosmopolis,132,,
warn-6642,2020-04-30 00:00:00,tx,Havertys Furniture-Coppell,Coppell,57,,
warn-6643,2020-04-30 00:00:00,tx,Carpenter Tech-Amega West,Houston,79,,
warn-6644,2020-04-29 00:00:00,tx,Halliburton,Kilgore,233,,
warn-6645,2020-04-29 00:00:00,tx,Regal Cinema-Richmond,Richmond,91,,
warn-6646,2020-04-29 00:00:00,tx,TechnipFMC CO. - Odessa,Odessa,140,,
warn-6647,2020-04-29 00:00:00,tx,Regal Cinema-Tomball,Tomball,88,,
warn-6648,2020-04-29 00:00:00,tx,Regal Cinema-Katy Frwy,Houston,86,,
warn-6649,2020-04-29 00:00:00,tx,Regal Cinema-Houston,Houston,82,,
warn-13260,2020-04-29,wa,Regal Cinemas,Mountlake Terrace,84,,
warn-13261,2020-04-29,wa,Karcher North America,Camas,95,,
warn-13262,2020-04-29,wa,IVI Hotel Management of Washington,Various locations in Washington,337,,
warn-13263,2020-04-29,wa,IVI Hotel Management of Washington,Various locations in Washington,20,,
warn-13264,2020-04-29,wa,Alcoa Intalco Works,Ferndale,700,,
warn-6650,2020-04-28 00:00:00,tx,Halliburton-Interwood,Houston,9,,
warn-6651,2020-04-28 00:00:00,tx,Southwestern & Pacific #2969,Livingston,1,,
warn-6652,2020-04-28 00:00:00,tx,Southwestern & Pacific #6772,Harlingen,1,,
warn-6653,2020-04-28 00:00:00,tx,Easy Gardener Products Inc.,Waco,50,,
warn-6654,2020-04-28 00:00:00,tx,SW & Pacific #	6741,San Antonio,1,,
warn-6655,2020-04-28 00:00:00,tx,"Jet Specialty, Inc.",Corpus Ch,75,,
warn-6656,2020-04-28 00:00:00,tx,Haliburton Energy-Interwood Pkwy,Houston,9,,
warn-6657,2020-04-28 00:00:00,tx,Hailburton Energy-Heathrow Forest,Houston,8,,
warn-6658,2020-04-28 00:00:00,tx,"IPC Industries, LP",Santa Fe,109,,
warn-6659,2020-04-28 00:00:00,tx,Southwestern & Pacific #6925,Hillsboro,1,,
warn-6660,2020-04-28 00:00:00,tx,Enterprise Holdings-Airport,San Antonio,135,,
warn-6661,2020-04-28 00:00:00,tx,Enterprise Holdings-Eastern St,San Antonio,146,,
warn-6662,2020-04-28 00:00:00,tx,"Enterprise Holdings, LLC",San Antonio,30,,
warn-6663,2020-04-28 00:00:00,tx,Outback Steakhouse #4470,El Paso,59,,
warn-6664,2020-04-28 00:00:00,tx,Southwestern & Pacific #3014,Houston,1,,
warn-6665,2020-04-28 00:00:00,tx,Southwestern & Pacific #6749,San Antonio,1,,
warn-6666,2020-04-28 00:00:00,tx,Southwestern & Pacific #6812,Houston,1,,
warn-6667,2020-04-28 00:00:00,tx,Southwestern & Pacific #6800,Humble,1,,
warn-6668,2020-04-28 00:00:00,tx,Southwestern & Pacific #6787,Pasadena,1,,
warn-6669,2020-04-28 00:00:00,tx,Southwestern & Pacific #6786,Houston,1,,
warn-6670,2020-04-28 00:00:00,tx,Southwestern & Pacific #6851,Victoria,1,,
warn-6671,2020-04-28 00:00:00,tx,Southwestern & Pacific #6915,Marshall,1,,
warn-6672,2020-04-28 00:00:00,tx,Southwestern & Pacific #6884,Gun Barrel City,1,,
warn-6673,2020-04-28 00:00:00,tx,Southwestern & Pacific #6757,Athens,1,,
warn-6674,2020-04-28 00:00:00,tx,Southwestern & Pacific #6969,Longview,1,,
warn-6675,2020-04-28 00:00:00,tx,Southwestern & Pacific #6886,Dallas,1,,
warn-6676,2020-04-28 00:00:00,tx,Southwestern & Pacific   #6825,Huntsville,1,,
warn-6677,2020-04-28 00:00:00,tx,Southwestern & Pacific #6979,Lake Jackson,1,,
warn-6678,2020-04-28 00:00:00,tx,Southwestern & Pacific #6836,San Benito,1,,
warn-6679,2020-04-28 00:00:00,tx,Southwestern & Pacific #6883,Kerrville,1,,
warn-6680,2020-04-28 00:00:00,tx,Southwestern & Pacific #6829,Garland,1,,
warn-6681,2020-04-28 00:00:00,tx,Southwestern & Pacific #6839,New Braunfels,1,,
warn-6682,2020-04-28 00:00:00,tx,Southwestern & Pacific #6810,Brownsville,1,,
warn-6683,2020-04-28 00:00:00,tx,Southwestern & Pacific #2995,Brownsville,1,,
warn-6684,2020-04-28 00:00:00,tx,Southwestern & Pacific #6926,Bryan,1,,
warn-6685,2020-04-28 00:00:00,tx,Southwestern & Pacific #6815,Lancaster,1,,
warn-6686,2020-04-28 00:00:00,tx,Southwestern & Pacific #6761,Corpus Christi,1,,
warn-6687,2020-04-28 00:00:00,tx,Southwestern & Pacific #6818,Alice,1,,
warn-6688,2020-04-28 00:00:00,tx,Southwestern & Pacific #6765,Grand Prairie,1,,
warn-6689,2020-04-28 00:00:00,tx,Southwestern & Pacific #6745,Mexia,1,,
warn-6690,2020-04-28 00:00:00,tx,Southwestern & Pacific #6981,San Angelo,1,,
warn-13265,2020-04-28,wa,The Hertz Corporation,Seattle,111,,
warn-6691,2020-04-27 00:00:00,tx,Carrabba's #9416,Houston,76,,
warn-6692,2020-04-27 00:00:00,tx,Carrabba's #9415,Houston,66,,
warn-6693,2020-04-27 00:00:00,tx,Carrabba's #4407,Webster,75,,
warn-6694,2020-04-27 00:00:00,tx,Carrabba's #4406,The Woodlands,74,,
warn-6695,2020-04-27 00:00:00,tx,Outback #4420,Stafford,70,,
warn-6696,2020-04-27 00:00:00,tx,Carrabba's #4401,Houston,63,,
warn-6697,2020-04-27 00:00:00,tx,Outback #4460,Tyler,74,,
warn-6698,2020-04-27 00:00:00,tx,Outback #4434,Shenandoah,56,,
warn-6699,2020-04-27 00:00:00,tx,Carrabba's #4404,Sugar Land,69,,
warn-6700,2020-04-27 00:00:00,tx,Carrabba's #4402,Houston,62,,
warn-6701,2020-04-27 00:00:00,tx,Carrabba's #9421,Katy,86,,
warn-6702,2020-04-27 00:00:00,tx,Fleming's #5403,Houston,42,,
warn-6703,2020-04-27 00:00:00,tx,Fleming's #5404,The Woodlands,49,,
warn-6704,2020-04-27 00:00:00,tx,Outback #4413,Houston,77,,
warn-6705,2020-04-27 00:00:00,tx,Outback #4430,Baytown,62,,
warn-6706,2020-04-27 00:00:00,tx,Outback #4435,Houston,70,,
warn-6707,2020-04-27 00:00:00,tx,Outback #4410,Humble,61,,
warn-6708,2020-04-27 00:00:00,tx,Outback #4412,Webster,64,,
warn-6709,2020-04-27 00:00:00,tx,Outback #4467,Longview,67,,
warn-6710,2020-04-27 00:00:00,tx,Outback #4418,College Station,61,,
warn-6711,2020-04-27 00:00:00,tx,Outback #4414,Conroe,57,,
warn-6712,2020-04-27 00:00:00,tx,Fleming's #5407,Houston,53,,
warn-6713,2020-04-27 00:00:00,tx,Outback #4469,Killeen,73,,
warn-6714,2020-04-27 00:00:00,tx,Cardone Industries-Robstown,Brownsville,183,,
warn-6715,2020-04-27 00:00:00,tx,Cameron International-Corpus Christi,Corpus Ch,6,,
warn-6716,2020-04-27 00:00:00,tx,Cameron International-Kennedy,Kenney,45,,
warn-6717,2020-04-27 00:00:00,tx,Outback #4416,Katy,79,,
warn-6718,2020-04-27 00:00:00,tx,Carrabba's #4405,San Antonio,79,,
warn-6719,2020-04-27 00:00:00,tx,Outback #4423,San Antonio,61,,
warn-6720,2020-04-27 00:00:00,tx,Outback #4426,San Antonio,65,,
warn-6721,2020-04-27 00:00:00,tx,Outback #4442,Selma,76,,
warn-6722,2020-04-27 00:00:00,tx,"Total Airport Services, LLC",Houston,68,,
warn-6723,2020-04-27 00:00:00,tx,Fleming's #5402,Austin,37,,
warn-6724,2020-04-27 00:00:00,tx,Outback #4425,Corpus Christi,59,,
warn-6725,2020-04-27 00:00:00,tx,Outback #4422,Austin,56,,
warn-6726,2020-04-27 00:00:00,tx,Outback #4433,Lufkin,55,,
warn-6727,2020-04-27 00:00:00,tx,Fleming's #5405,San Antonio,54,,
warn-6728,2020-04-27 00:00:00,tx,Outback #4473,San Angelo,72,,
warn-6729,2020-04-27 00:00:00,tx,Carrabba's #9412,Dallas,52,,
warn-6730,2020-04-27 00:00:00,tx,Outback #4453,Irving,56,,
warn-6731,2020-04-27 00:00:00,tx,Outback #4428,Pasadena,64,,
warn-6732,2020-04-27 00:00:00,tx,Carrabba's #4403,Austin,53,,
warn-6733,2020-04-27 00:00:00,tx,Outback #4454,Mesquite,57,,
warn-6734,2020-04-27 00:00:00,tx,Outback #4456,Dallas,60,,
warn-6735,2020-04-27 00:00:00,tx,Outback #4458,Addison,63,,
warn-6736,2020-04-27 00:00:00,tx,Outback #4476,Garland,64,,
warn-6737,2020-04-27 00:00:00,tx,Fleming's #5406,Austin,59,,
warn-6738,2020-04-27 00:00:00,tx,Outback #4464,Lubbock,67,,
warn-6739,2020-04-27 00:00:00,tx,Outback #4457,Plano,60,,
warn-6740,2020-04-27 00:00:00,tx,Outback #4461,Lewisville,56,,
warn-6741,2020-04-27 00:00:00,tx,Outback #4466,Denton,74,,
warn-6742,2020-04-27 00:00:00,tx,Outback #4477,Frisco,82,,
warn-6743,2020-04-27 00:00:00,tx,Outback #4478,Burleson,69,,
warn-6744,2020-04-27 00:00:00,tx,Outback #4471,Texarkana,56,,
warn-6745,2020-04-27 00:00:00,tx,Outback #4463,Amarillo,76,,
warn-6746,2020-04-27 00:00:00,tx,Outback #4429,San Marcos,72,,
warn-6747,2020-04-27 00:00:00,tx,Fleming's #5408,Plano,57,,
warn-6748,2020-04-27 00:00:00,tx,Outback #4441,Round Rock,44,,
warn-6749,2020-04-27 00:00:00,tx,Outback #4462,Midland,75,,
warn-6750,2020-04-27 00:00:00,tx,Outback #4475,DeSoto,63,,
warn-6751,2020-04-27 00:00:00,tx,Carrabba's #9410,Beaumont,79,,
warn-6752,2020-04-27 00:00:00,tx,Outback #4451,Fort Worth,67,,
warn-6753,2020-04-27 00:00:00,tx,Outback #4452,Hurst,79,,
warn-6754,2020-04-27 00:00:00,tx,Outback #4459,Arlington,76,,
warn-6755,2020-04-27 00:00:00,tx,Outback #4474,Abilene,51,,
warn-6756,2020-04-27 00:00:00,tx,Outback #4455,Euless,75,,
warn-6757,2020-04-27 00:00:00,tx,Carrabba's #9419,Hurst,49,,
warn-6758,2020-04-27 00:00:00,tx,Bonefish #904,Southlake,40,,
warn-6759,2020-04-27 00:00:00,tx,Carrabba's #9414,Plano,43,,
warn-6760,2020-04-27 00:00:00,tx,Bonefish #912,Allen,50,,
warn-6761,2020-04-27 00:00:00,tx,Core Laboratories-Owen Oil Tools,Godley,244,,
warn-6762,2020-04-27 00:00:00,tx,Outback #4468,Waco,62,,
warn-13266,2020-04-27,wa,"Magic Leap, Inc",Seattle,39,,
warn-6763,2020-04-25 00:00:00,tx,CP Energy-N. Big Spring,Midland,2,,
warn-6764,2020-04-24 00:00:00,tx,North American Dental Group - Flower Mound,Flower Mound,12,,
warn-6765,2020-04-24 00:00:00,tx,Liberty Oilfield,Cibolo,89,,
warn-13267,2020-04-24,wa,"Northwest Aerospace Technologies, Inc",Everett,10,,
warn-6766,2020-04-23 00:00:00,tx,Haliburton Energy-Burleson,Burleson,36,,
warn-6767,2020-04-23 00:00:00,tx,Go Rentals,Houston,4,,
warn-6768,2020-04-23 00:00:00,tx,Signal Peak Silica -Poteet,Poteet,72,,
warn-6769,2020-04-23 00:00:00,tx,Go Rentals - Austin,Austin,7,,
warn-6770,2020-04-23 00:00:00,tx,Go Rentals - Atlantic,Addison,1,,
warn-6771,2020-04-23 00:00:00,tx,CP Energy-S County Rd 1200,Midland,15,,
warn-6772,2020-04-23 00:00:00,tx,CP Energy-Hwy 285,Midland,9,,
warn-6773,2020-04-23 00:00:00,tx,Go Rentals - Monroe Rd,Houston,1,,
warn-6774,2020-04-23 00:00:00,tx,Go Rentals - Westgrove,Addison,4,,
warn-6775,2020-04-23 00:00:00,tx,Nextier Completion-Robston,Robstown,82,,
warn-6776,2020-04-23 00:00:00,tx,Go Rentals - McKinney,McKinney,1,,
warn-6777,2020-04-23 00:00:00,tx,Go Rentals - Ft. Worth,Ft. Worth,4,,
warn-13268,2020-04-23,wa,"Safran Cabin Bellingham, Inc",Bellingham,314,,
warn-6778,2020-04-22 00:00:00,tx,"Magic Leap, LLc",McKinney,8,,
warn-6779,2020-04-22 00:00:00,tx,ATCO Structures,Diboll,90,,
warn-6780,2020-04-22 00:00:00,tx,Pappas Seafood House (Aldine Bender),Houston,113,,
warn-6781,2020-04-22 00:00:00,tx,"Magic Leap, LLC-Austin",Austin,15,,
warn-6782,2020-04-22 00:00:00,tx,Cactus Wellhead,Odessa,184,,
warn-13269,2020-04-22,wa,"Hard Rock Cafe International STP, Inc",Seattle,62,,
warn-6783,2020-04-21 00:00:00,tx,Southwestern & Pacific #6736,San Antonio,1,,
warn-6784,2020-04-21 00:00:00,tx,Epi Breads,Dallas,238,,
warn-6785,2020-04-21 00:00:00,tx,"Energy Transfer, LP-SEC Energy Products",Houston,95,,
warn-6786,2020-04-21 00:00:00,tx,Enterprise Offshore-White Fleet Drilling,Houston,76,,
warn-13270,2020-04-21,wa,Seattle Tennis Club,Seattle,112,,
warn-6787,2020-04-20 00:00:00,tx,Hilton Garden Inn-Willowbrook,Houston,44,,
warn-6788,2020-04-20 00:00:00,tx,Haliburton Energy Services-Monahans,Monahans,15,,
warn-6789,2020-04-20 00:00:00,tx,"Applied Aerodynamics, Inc.",Dallas,25,,
warn-6790,2020-04-20 00:00:00,tx,US Silica-Lamesa,Lamesa,49,,
warn-13271,2020-04-20,wa,Hexcel Corporation,Burlington,128,,
warn-13272,2020-04-20,wa,Hexcel Corporation,Kent,160,,
warn-6791,2020-04-17 00:00:00,tx,ProPetro-Coil Tubing Operations,Midland,18,,
warn-6792,2020-04-17 00:00:00,tx,Capital Sand Permian,Monahans,36,,
warn-6793,2020-04-17 00:00:00,tx,National Oilwell - Pampa,Pampa,91,,
warn-13273,2020-04-17,wa,"G2 Secure Staff, LLC",Seattle,232,,
warn-13274,2020-04-17,wa,"IKO Pacific, Inc",Sumas,37,,
warn-6794,2020-04-16 00:00:00,tx,Pappas Bar-B-Q 11,Conroe,29,,
warn-6795,2020-04-16 00:00:00,tx,Discovery Natural Resources,Barnhart,36,,
warn-6796,2020-04-16 00:00:00,tx,Vroom-Meadows Place,Sugar Land,136,,
warn-6797,2020-04-16 00:00:00,tx,Discovery Natual Resources- Ozona,Ozona,4,,
warn-6798,2020-04-16 00:00:00,tx,ProPetro-Hydraulic Fracturing,Midfield,566,,
warn-6799,2020-04-16 00:00:00,tx,"Black Mountain Management, LLC",Ft. Worth,87,,
warn-6800,2020-04-16 00:00:00,tx,Electro Rent,Roanoke,7,,
warn-6801,2020-04-15 00:00:00,tx,Chalk Montain Services of Texas LLC - Pleasanton,Pleasanton,14,,
warn-6802,2020-04-15 00:00:00,tx,CalFrac Well Services,San Antonio,134,,
warn-6803,2020-04-15 00:00:00,tx,Ahern Rentals,Odessa,3,,
warn-6804,2020-04-15 00:00:00,tx,Baker Hughes-Houston,Houston,184,,
warn-6805,2020-04-15 00:00:00,tx,Shawcor Pipe Protection,Pearland,65,,
warn-6806,2020-04-15 00:00:00,tx,Diamond Offshore Drilling Corporate,Houston,102,,
warn-13275,2020-04-15,wa,"Pier 1 Imports, Inc",DuPont,49,,
warn-6807,2020-04-14 00:00:00,tx,NexTier Completion Solutions Inc. - Onyx Dr,Midland,60,,
warn-6808,2020-04-14 00:00:00,tx,NexTier Completion Solutions Inc. - FM 1788,Midland,133,,
warn-6809,2020-04-14 00:00:00,tx,NexTier Completion Solutions Inc. - E IH 20,Midland,58,,
warn-6810,2020-04-14 00:00:00,tx,NexTier Completion Solutions Inc. - Pecos,Pecos,49,,
warn-6811,2020-04-14 00:00:00,tx,NexTier Completion Solutions Inc. - Odessa,Odessa,197,,
warn-6812,2020-04-14 00:00:00,tx,Paul Martin's American Grill,Austin,81,,
warn-6813,2020-04-14 00:00:00,tx,NexTier Completion Solutions Inc. - Westpark Dr.,Houston,85,,
warn-6814,2020-04-14 00:00:00,tx,NexTier Completion Solutions Inc.- Rogerdale,Houston,196,,
warn-6815,2020-04-14 00:00:00,tx,Titan Production Equipment-Alleyton,Alleyton,56,,
warn-6816,2020-04-14 00:00:00,tx,"Titan Production Equipment, LLC",Woodlands,10,,
warn-6817,2020-04-14 00:00:00,tx,NexTier Completion Solutions Inc.,Pleasanton,64,,
warn-6818,2020-04-14 00:00:00,tx,Pappasito's 04,Webster,142,,
warn-6819,2020-04-14 00:00:00,tx,FTS International Services-Longview,Longview,58,,
warn-6820,2020-04-14 00:00:00,tx,"Sun Coast Resources, Inc.",Midland,50,,
warn-6821,2020-04-14 00:00:00,tx,Vroom-Houston,Houston,36,,
warn-6822,2020-04-14 00:00:00,tx,Vroom-Stafford,Stafford,59,,
warn-6823,2020-04-14 00:00:00,tx,Pier 1 Imports - Tarrant,Ft. Worth,585,,
warn-6824,2020-04-14 00:00:00,tx,Pier 1 Imports-Mansfield,Mansfield,67,,
warn-6825,2020-04-14 00:00:00,tx,Signal Peak Silica,Monahans,37,,
warn-13276,2020-04-14,wa,"Guess, Inc",Tulalip,30,,
warn-13277,2020-04-14,wa,FS US Services Limited,Seattle,2,,
warn-6826,2020-04-13 00:00:00,tx,Signing Day One-D1 Training,Boerne,3,,
warn-6827,2020-04-13 00:00:00,tx,At Home Corporate,Plano,147,,
warn-6828,2020-04-13 00:00:00,tx,Take 5 Department 199,San Antonio,7,,
warn-6829,2020-04-13 00:00:00,tx,US Silica-Sandbox Logistics,Midland,105,,
warn-6830,2020-04-13 00:00:00,tx,Take 5 Department 179,San Antonio,11,,
warn-6831,2020-04-13 00:00:00,tx,Beyond Finance,Houston,302,,
warn-6832,2020-04-13 00:00:00,tx,America's Auto Auction Texas,Buda,1,,
warn-6833,2020-04-13 00:00:00,tx,Guess?,Laredo,30,,
warn-6834,2020-04-13 00:00:00,tx,Covia-Kermit,Kermit,82,,
warn-6835,2020-04-13 00:00:00,tx,Dog and Pony Grill,Boerne,29,,
warn-6836,2020-04-13 00:00:00,tx,Alamo Drafthouse-Corpus Christi,Corpus Ch,128,,
warn-6837,2020-04-13 00:00:00,tx,Alamo Drafthouse-Laredo,Laredo,112,,
warn-6838,2020-04-13 00:00:00,tx,Allied Aviation Fueling Co,San Antonio,6,,
warn-6839,2020-04-13 00:00:00,tx,Yazaki North America,El Paso,83,,
warn-6840,2020-04-13 00:00:00,tx,MCD Innovations,McKinney,25,,
warn-6841,2020-04-13 00:00:00,tx,Pappadeaux Seafood Kitchen 33,Houston,120,,
warn-13278,2020-04-13,wa,"Leggett & Platt, Inc",Kirkland,50,,
warn-13279,2020-04-13,wa,"PSF Mechanical, Inc",Seattle,124,,
warn-13280,2020-04-13,wa,"Warwick Corp, dba Warwick Seattle Hotel",Seattle,106,,
warn-6842,2020-04-10 00:00:00,tx,Willie's Grill & Icehouse - I35 South,San Antonio,40,,
warn-6843,2020-04-10 00:00:00,tx,Willie's Grill & Icehouse -  College Station,College Station,28,,
warn-6844,2020-04-10 00:00:00,tx,Willie's Grill & Icehouse - Conroe,Conroe,51,,
warn-6845,2020-04-10 00:00:00,tx,Willie's Grill & Icehouse.,San Antonio,45,,
warn-6846,2020-04-10 00:00:00,tx,Willie's Grill & Icehouse - Spring,Spring,41,,
warn-6847,2020-04-10 00:00:00,tx,Willie's Grill & Icehouse - Leon Springs,Leon Springs,38,,
warn-6848,2020-04-10 00:00:00,tx,Willie's Grill & Icehouse - New Braunfels,New Braunfels,45,,
warn-6849,2020-04-10 00:00:00,tx,Willie's Grill &  Icehouse - North Loop,San Antonio,35,,
warn-6850,2020-04-10 00:00:00,tx,Willie's Grill & Icehouse,San Antonio,32,,
warn-6851,2020-04-10 00:00:00,tx,Willie's Grill & Icehouse - Katy Fwy,Houston,40,,
warn-6852,2020-04-10 00:00:00,tx,Willie's Grill & Icehouse - Cypress,Cypress,51,,
warn-6853,2020-04-10 00:00:00,tx,Pacific Drilling - Pacific Sharav,Houston,82,,
warn-6854,2020-04-10 00:00:00,tx,Willie's Grill & Icehouse - Georgetown,Georgetown,69,,
warn-6855,2020-04-10 00:00:00,tx,Hilton Garden Inn - Dallas Market Center,Dallas,61,,
warn-6856,2020-04-10 00:00:00,tx,"Yazaki North America dba Elcom, Inc.",El Paso,43,,
warn-6857,2020-04-10 00:00:00,tx,Willie's Grill & Icehouse - Hwy 6 N,Houston,77,,
warn-6858,2020-04-10 00:00:00,tx,Willie's Grill & Icehouse - 1960 RD,Houston,29,,
warn-6859,2020-04-10 00:00:00,tx,Willie's Grill & Icehouse - NW FWY,Houston,35,,
warn-6860,2020-04-10 00:00:00,tx,NexTier Completion Solutions Inc. - San Angelo,San Angelo,53,,
warn-6861,2020-04-10 00:00:00,tx,Willie's Grill & Icehouse - Sugar Land,Sugar Land,37,,
warn-6862,2020-04-10 00:00:00,tx,Avis Budget Car Rental-Airport Blvd,Houston,47,,
warn-6863,2020-04-10 00:00:00,tx,Willie's Grill & Icehouse - HWY 249,Houston,39,,
warn-13281,2020-04-10,wa,Spokane Eye Clinic,Spokane,1,,
warn-13282,2020-04-10,wa,"Integrated Technologies, Inc dba LMI Aerospace",Everett,25,,
warn-13283,2020-04-10,wa,"Leonard's Metal Inc, dba LMI Aerospace",Auburn,74,,
warn-13284,2020-04-10,wa,"Soundair Repair Group, LLC",Snohomish,51,,
warn-6864,2020-04-09 00:00:00,tx,Turner Industries-Corpus Christi,Corpus Ch,40,,
warn-6865,2020-04-09 00:00:00,tx,Universal Pressure Pumping,Midland,70,,
warn-6866,2020-04-09 00:00:00,tx,Black Bear Diner-Sugarland,Sugarland,46,,
warn-6867,2020-04-09 00:00:00,tx,Black Bear Diner-Shenandoah,Shenandoah,71,,
warn-6868,2020-04-09 00:00:00,tx,Black Bear Diner-Katy,Katy,47,,
warn-6869,2020-04-09 00:00:00,tx,Black Bear Diner-Humble,Humble,56,,
warn-6870,2020-04-09 00:00:00,tx,Black Bear Diner-15720 N Frwy,Houston,42,,
warn-6871,2020-04-09 00:00:00,tx,Black Bear Diner-19823 NW Frwy,Houston,2,,
warn-6872,2020-04-09 00:00:00,tx,Embassy Suites-Dallas Love Field,Dallas,58,,
warn-6873,2020-04-09 00:00:00,tx,InterContinental Houston Medical Center,Houston,75,,
warn-6874,2020-04-09 00:00:00,tx,Gristmill River Restaurant and Bar,New Braunfels,305,,
warn-6875,2020-04-09 00:00:00,tx,Step Energy Services,Midland,76,,
warn-6876,2020-04-09 00:00:00,tx,Capital Sand Permian,Monahans,50,,
warn-6877,2020-04-09 00:00:00,tx,VSPOne Dallas,Lewisville,133,,
warn-13285,2020-04-09,wa,Prospect International Airport Services Corp,Seattle,125,,
warn-13286,2020-04-09,wa,Oki Developments Inc,Various locations in Washington,416,,
warn-13287,2020-04-09,wa,"Toray Composite Materials America, Inc",Tacoma,361,,
warn-13288,2020-04-09,wa,"Superior Linen Service, Inc",,57,,
warn-13289,2020-04-09,wa,Tool Gauge and Machine Works,Tacoma,1,,
warn-13290,2020-04-09,wa,Pacific Northwest Ballet,Seattle,733,,
warn-13291,2020-04-09,wa,VSPOne Olympia,Lacey,78,,
warn-13292,2020-04-09,wa,Olympic Sports & Spine,King and Pierce Counties,100,,
warn-6878,2020-04-08 00:00:00,tx,Medieval Times,Dallas,190,,
warn-6879,2020-04-08 00:00:00,tx,Prospect Airport Services-DFW Airport,DFW Airport,201,,
warn-13293,2020-04-08,wa,Sellen Construction,Seattle,262,,
warn-13294,2020-04-08,wa,Suit Supply (USA),Bellevue,18,,
warn-13295,2020-04-08,wa,"Avis Budget Car Rental, LLC","Seattle, Tukwila",173,,
warn-13296,2020-04-08,wa,"Renaissance Marine Group, Inc",Clarkston,97,,
warn-13297,2020-04-08,wa,"Foushee and Associates Company, Inc",Bellevue,83,,
warn-13298,2020-04-08,wa,Seattle Goodwill Industries,Western Washington,2192,,
warn-6880,2020-04-07 00:00:00,tx,North American Dental Group,Allen,12,,
warn-6881,2020-04-07 00:00:00,tx,Universal Pressure Pumping-Pearsall,Pearsall,200,,
warn-6882,2020-04-07 00:00:00,tx,North American Dental - Roanoke,Roanoke,8,,
warn-6883,2020-04-07 00:00:00,tx,North American Dental - Tyler,Tyler,32,,
warn-6884,2020-04-07 00:00:00,tx,"Huhtamaki, Inc.",Paris,60,,
warn-6885,2020-04-07 00:00:00,tx,Halliburton-Elmendorf,Elmendorf,384,,
warn-6886,2020-04-07 00:00:00,tx,Leggette & Pratt Inc.,Ennis,192,,
warn-6887,2020-04-07 00:00:00,tx,El Gallo-,Houston,9,,
warn-6888,2020-04-07 00:00:00,tx,Epic Piping LLC,San Marcos,73,,
warn-6889,2020-04-07 00:00:00,tx,Avianca-Houston,Houston,1,,
warn-6890,2020-04-07 00:00:00,tx,Avianca-DFW Airport,DFW Airport,1,,
warn-6891,2020-04-07 00:00:00,tx,Frontier Enterp;rise,San Antonio,1000,,
warn-6892,2020-04-07 00:00:00,tx,YMCA-San Antonio,San Antonio,1679,,
warn-6893,2020-04-07 00:00:00,tx,"Exeter Finance, LLC",Irving,29,,
warn-6894,2020-04-07 00:00:00,tx,ProPetro-Cement Operations Facility,Midland,39,,
warn-13299,2020-04-07,wa,"Cinemark USA, Inc","Federal Way, Olympia, Tacoma, Walla Walla, and Bellevue",303,,
warn-13300,2020-04-07,wa,Spokane Industries,Spokane Valley,113,,
warn-13301,2020-04-07,wa,YMCA of Greater Seattle,Seattle,2222,,
warn-6895,2020-04-06 00:00:00,tx,Haliburton Energy Services-Brownfield,Brownfield,41,,
warn-6896,2020-04-06 00:00:00,tx,Questo Beso,Dallas,42,,
warn-6897,2020-04-06 00:00:00,tx,Scholastic Book Faris-Houston,Houston,86,,
warn-6898,2020-04-06 00:00:00,tx,Haliburton Energy Services-Odessa,Odessa,237,,
warn-6899,2020-04-06 00:00:00,tx,Traffic Los Angeles--Joule Hotel,Dallas,4,,
warn-6900,2020-04-06 00:00:00,tx,Forty Five Ten,Dallas,10,,
warn-6901,2020-04-06 00:00:00,tx,Scholastic Book Fairs-Waco,Waco,43,,
warn-6902,2020-04-06 00:00:00,tx,Tango Room,Dallas,2,,
warn-6903,2020-04-06 00:00:00,tx,"Wheelhouse, Sassetta",Dallas,82,,
warn-6904,2020-04-06 00:00:00,tx,The Porch,Dallas,69,,
warn-6905,2020-04-06 00:00:00,tx,The Joule Hotel,Dallas,432,,
warn-6906,2020-04-06 00:00:00,tx,Forty Five Ten-Highland Park,Dallas,34,,
warn-6907,2020-04-06 00:00:00,tx,Benihana-Plano,Plano,56,,
warn-6908,2020-04-06 00:00:00,tx,"Vallourec Sta, LP",Houston,144,,
warn-6909,2020-04-06 00:00:00,tx,The Commisary,Dallas,19,,
warn-6910,2020-04-06 00:00:00,tx,Scholastic Book Fairs-Arlington,Arlington,85,,
warn-6911,2020-04-06 00:00:00,tx,Paul Martin's-Dallas,Dallas,57,,
warn-13302,2020-04-06,wa,"Northwest Aerospace Technologies, Inc",Everett,92,,
warn-6912,2020-04-05 00:00:00,tx,Ra Sushi-Austin,Austin,55,,
warn-6913,2020-04-05 00:00:00,tx,Ra Sushi-Southlake,Southlake,33,,
warn-6914,2020-04-05 00:00:00,tx,Benihana Las Colinas,Irving,53,,
warn-6915,2020-04-05 00:00:00,tx,Benihana Dallas,Dallas,72,,
warn-6916,2020-04-05 00:00:00,tx,Ra Sushi-Houston,Houston,67,,
warn-6917,2020-04-05 00:00:00,tx,Benihana-The Woodlands,The Woodlands,38,,
warn-6918,2020-04-05 00:00:00,tx,Benihana-Westhiemer,Houston,52,,
warn-6919,2020-04-05 00:00:00,tx,Ra Sushi-Plano,Plano,44,,
warn-6920,2020-04-05 00:00:00,tx,Benihana-Houston,Houston,41,,
warn-6921,2020-04-05 00:00:00,tx,Benihana-Sugarland,Sugar Land,41,,
warn-6922,2020-04-04 00:00:00,tx,Justin Brands-W. Daggett,Ft. Worth,121,,
warn-6923,2020-04-03 00:00:00,tx,David McDavid Acura,Austin,13,,
warn-6924,2020-04-03 00:00:00,tx,David McDavid Acura-Plano,Plano,42,,
warn-6925,2020-04-03 00:00:00,tx,David McDavid- Lincoln,Plano,27,,
warn-6926,2020-04-03 00:00:00,tx,JW Marriott Austin,Austin,166,,
warn-6927,2020-04-03 00:00:00,tx,National Credit Services,Dallas,141,,
warn-6928,2020-04-03 00:00:00,tx,David McDavid- Ford,Ft. Worth,50,,
warn-6929,2020-04-03 00:00:00,tx,David McDavid- Honda,Irving,50,,
warn-6930,2020-04-03 00:00:00,tx,South Texas Eye Institute,San Antonio,21,,
warn-6931,2020-04-03 00:00:00,tx,US Silica-Crane Facility,Crane,71,,
warn-6932,2020-04-03 00:00:00,tx,David McDavid Honda-Frisco,Frisco,67,,
warn-6933,2020-04-03 00:00:00,tx,"Roquemore Holdings, LLC",Garland,37,,
warn-6934,2020-04-03 00:00:00,tx,Global Investigative Services,Garland,11,,
warn-6935,2020-04-03 00:00:00,tx,Turner Industries-Pasadena,Pasadena,105,,
warn-13303,2020-04-03,wa,"Universal Aerospace Co, Inc",Arlington,150,,
warn-13304,2020-04-03,wa,"Pac-12 Enterprises, dba Pac-12 Networks","Seattle, Pullman",531,,
warn-13305,2020-04-03,wa,"Riverence Brood, LLC",Rochester,5,,
warn-6936,2020-04-02 00:00:00,tx,Kinsel Ford-Toyota,Beaumont,8,,
warn-6937,2020-04-02 00:00:00,tx,Martin-Brower Co. LLC,Conroe,44,,
warn-6938,2020-04-02 00:00:00,tx,Tandy Leather Co.,Ft. Worth,14,,
warn-6939,2020-04-02 00:00:00,tx,"UTLX Manufacturing, Inc.",Houston,81,,
warn-6940,2020-04-02 00:00:00,tx,Turner Industries,Paris,500,,
warn-6941,2020-04-02 00:00:00,tx,"Watson & Chalin Manufacturing, Inc. - McKinney",McKinney,103,,
warn-6942,2020-04-02 00:00:00,tx,Pioneer Frozen Foods,Duncanville,90,,
warn-6943,2020-04-02 00:00:00,tx,Palmer of Texas,Andrews,50,,
warn-6944,2020-04-02 00:00:00,tx,Fairfield Inn & Suites Dallas,Dallas,56,,
warn-6945,2020-04-02 00:00:00,tx,"Kinsel Ford, Inc.",Beaumont,19,,
warn-13306,2020-04-02,wa,Wendle Motors Incorporated,Spokane,59,,
warn-13307,2020-04-02,wa,"Western Tile & Marble Contractors, Inc",Redmond,157,,
warn-13308,2020-04-02,wa,Rover.com,Seattle,163,,
warn-6946,2020-04-01 00:00:00,tx,Avis Car Rental,Dallas,901,,
warn-6947,2020-04-01 00:00:00,tx,Avis Car Rental-3937 26th Ave,Dallas,12,,
warn-6948,2020-04-01 00:00:00,tx,Zachary Industrial-LyndellBaseII,Houston,288,,
warn-6949,2020-04-01 00:00:00,tx,Hampton Inn-Frisco,Frisco,11,,
warn-6950,2020-04-01 00:00:00,tx,Courtyard by Marriott Austin,Pflugerville,53,,
warn-6951,2020-04-01 00:00:00,tx,Hyatt Place-Cedar Park,Cedar Park,12,,
warn-6952,2020-04-01 00:00:00,tx,Avis Car Rental-Cedar Springs,Dallas,33,,
warn-6953,2020-04-01 00:00:00,tx,Avis Car Rental-3850 26th,Dallas,8,,
warn-13309,2020-04-01,wa,King & Prince Seafood,Bellingham,31,,
warn-13310,2020-04-01,wa,Open Square LLC,Seattle,70,,
warn-13311,2020-04-01,wa,Rebound Orthopedics & Neurosurgery,Vancouver,163,,
warn-6954,2020-03-31 00:00:00,tx,Fixbrewhouse-El Paso,El Paso,127,,
warn-6955,2020-03-31 00:00:00,tx,El Gallo,Houston,10,,
warn-6956,2020-03-31 00:00:00,tx,Guadalajara Hacienda-,Shenandoah,42,,
warn-6957,2020-03-31 00:00:00,tx,HMS Host-Lubbock Airport,Lubbock,15,,
warn-6958,2020-03-31 00:00:00,tx,HMS Host-El Paso Airport,El Paso,70,,
warn-6959,2020-03-31 00:00:00,tx,Pioneer Frozen Foods-Dallas,Dallas,70,,
warn-6960,2020-03-31 00:00:00,tx,Guadalajara Hacienda,Katy,37,,
warn-6961,2020-03-31 00:00:00,tx,InterContinental-Stephen F Austin,Austin,99,,
warn-6962,2020-03-31 00:00:00,tx,Guadalajara Grille,Houston,36,,
warn-6963,2020-03-31 00:00:00,tx,Step Energy Services-Floresville,Floresville,69,,
warn-6964,2020-03-31 00:00:00,tx,Justin Brands-Ft Worth,Fort Worth,10,,
warn-6965,2020-03-31 00:00:00,tx,Fixbrewhouse-San Antonio,San Antonio,164,,
warn-6966,2020-03-31 00:00:00,tx,Justin Brands-Childress,Childress,7,,
warn-6967,2020-03-31 00:00:00,tx,Great American Products Ltd.,New Braunfels,1,,
warn-6968,2020-03-31 00:00:00,tx,Justin Brands-El Paso,El Paso,179,,
warn-6969,2020-03-31 00:00:00,tx,Holiday Inn-Riverwalk,San Antonio,61,,
warn-6970,2020-03-31 00:00:00,tx,Guadalajara Del Centro,Houston,71,,
warn-6971,2020-03-31 00:00:00,tx,SiteMinder Hospitality-Colonnade,Addison,36,,
warn-6972,2020-03-31 00:00:00,tx,Drive Time,Ft. Worth,108,,
warn-6973,2020-03-31 00:00:00,tx,"Flixbrewhouse-Cinema Breweries,Inc.",Round Rock,168,,
warn-6974,2020-03-31 00:00:00,tx,Fixbrewhouse-Frisco,Frisco,137,,
warn-6975,2020-03-31 00:00:00,tx,"uShip, Inc.",Austin,65,,
warn-6976,2020-03-31 00:00:00,tx,Justin Brands-N. Desert,El Paso,5,,
warn-6977,2020-03-31 00:00:00,tx,Justin Brands--Gateway W,El Paso,6,,
warn-6978,2020-03-31 00:00:00,tx,Justin Brands-1756 Gateway,El Paso,6,,
warn-6979,2020-03-31 00:00:00,tx,Justin Brands-7100 Gateway E,El Paso,6,,
warn-6980,2020-03-31 00:00:00,tx,"DynaEnergetics US, Inc.",Blum,85,,
warn-13312,2020-03-31,wa,Bethlehem Construction,Cashmere,67,,
warn-13313,2020-03-31,wa,"Northwest Aerospace Technologies, Inc",Everett,73,,
warn-13314,2020-03-31,wa,"Eye Associates Northwest, PC","Seattle, Kirkland",106,,
warn-13315,2020-03-31,wa,YMCA of Snohomish County,Everett,38,,
warn-6981,2020-03-30 00:00:00,tx,Sport Clips - FM620,Austin,6,,
warn-6982,2020-03-30 00:00:00,tx,Sport Clips - Trimmier Rd,Killeen,10,,
warn-6983,2020-03-30 00:00:00,tx,Sport Clips - Hwy 190,Copperas Cove,9,,
warn-6984,2020-03-30 00:00:00,tx,Sport Clips - Town Center,Pflugerville,12,,
warn-6985,2020-03-30 00:00:00,tx,Sport Clips - Frontage Rd.,Austin,13,,
warn-6986,2020-03-30 00:00:00,tx,Sport Clips - Shops Pkwy,Austin,13,,
warn-6987,2020-03-30 00:00:00,tx,Sport Clips - S. IH-35 Round Rock,Round Rock,6,,
warn-6988,2020-03-30 00:00:00,tx,Sport Clips - Walton Way,Cedar Park,8,,
warn-6989,2020-03-30 00:00:00,tx,Veritas Shop Fabrication,Whitehouse,67,,
warn-6990,2020-03-30 00:00:00,tx,Holiday Inn Army Hotels,San Antonio,61,,
warn-6991,2020-03-30 00:00:00,tx,Sport Clips - Palm Valley,Round Rock,8,,
warn-6992,2020-03-30 00:00:00,tx,Sport Clips - University Oaks,Round Rock,9,,
warn-6993,2020-03-30 00:00:00,tx,Sport Clips - Whitestone Blvd,Cedar Park,10,,
warn-6994,2020-03-30 00:00:00,tx,Sport Clips - Kyle Parkway,Kyle,12,,
warn-6995,2020-03-30 00:00:00,tx,Sports Clips - San Antonio Rd,Buda,7,,
warn-6996,2020-03-30 00:00:00,tx,Double Tree by Hilton Hotel,Austin,63,,
warn-6997,2020-03-30 00:00:00,tx,Sport Clips - Agnes St.,Bastrop,11,,
warn-6998,2020-03-30 00:00:00,tx,Sport Clips - Rivery Blvd.,Georgetown,17,,
warn-6999,2020-03-30 00:00:00,tx,Drive Time - Houston,Houston,61,,
warn-7000,2020-03-30 00:00:00,tx,Hilton Houston Westchase,Houston,50,,
warn-7001,2020-03-30 00:00:00,tx,IKO Southwest LLC,Hillsboro,31,,
warn-7002,2020-03-30 00:00:00,tx,"EMI Industries, LLC",Arlington,30,,
warn-7003,2020-03-30 00:00:00,tx,Sport Clips - N. Mopac,Austin,12,,
warn-7004,2020-03-30 00:00:00,tx,Sport clips - Bee Caves,Austin,6,,
warn-7005,2020-03-30 00:00:00,tx,Sport Clips - Lakeline,Austin,9,,
warn-7006,2020-03-30 00:00:00,tx,Sport Clips - Hwy. 290,Austin,13,,
warn-13316,2020-03-30,wa,"ALSCO, Inc",Kent,84,,
warn-13317,2020-03-30,wa,"Collegiate Hotel Group, LLC",Seattle,45,,
warn-13318,2020-03-30,wa,RL Hotel Olympia,Olympia,35,,
warn-13319,2020-03-30,wa,"Big Al's, Inc",Vancouver,117,,
warn-13320,2020-03-30,wa,Paper Source,"Seattle, Bellevue",52,,
warn-13321,2020-03-30,wa,"Kirkland Automotive Holdings I, LLC",Kirkland,46,,
warn-13322,2020-03-30,wa,"Kirkland Automotive Holdings II, LLC",Kirkland,75,,
warn-13323,2020-03-30,wa,"Gee Automotive Liberty Lake, LLC",Liberty Lake,97,,
warn-13324,2020-03-30,wa,"Ahern Rentals, Inc","Arlington, Fife",2,,
warn-7007,2020-03-29 00:00:00,tx,Suitssupply-Dallas,Dallas,19,,
warn-7008,2020-03-29 00:00:00,tx,Suitsupply-Austin,Austin,7,,
warn-7009,2020-03-28 00:00:00,tx,Ahern Rentals-El Paso,El Paso,1,,
warn-7010,2020-03-28 00:00:00,tx,Ahern Rentals-Corpus Christi.,Corpus Ch,1,,
warn-7011,2020-03-28 00:00:00,tx,Ahern Rentals-Irving,Irving,12,,
warn-7012,2020-03-28 00:00:00,tx,Ahern Rentals-Lubbock,Lubbock,1,,
warn-7013,2020-03-28 00:00:00,tx,Ahern Rentals-Houston,Houston,12,,
warn-7014,2020-03-28 00:00:00,tx,Ahern Rentals-Ft Worth,Fort Worth,3,,
warn-7015,2020-03-28 00:00:00,tx,Ahern Rentals-San Antonio,San Antonio,2,,
warn-7016,2020-03-27 00:00:00,tx,Paper Source-N. Lamar,Austin,12,,
warn-7017,2020-03-27 00:00:00,tx,Down on Grayson,San Antonio,75,,
warn-7018,2020-03-27 00:00:00,tx,DriveTime Automotive-Houston,Houston,61,,
warn-7019,2020-03-27 00:00:00,tx,Westin Stonbriar Hotel,Frisco,123,,
warn-7020,2020-03-27 00:00:00,tx,Paper Source-Southlake,Southlake,6,,
warn-7021,2020-03-27 00:00:00,tx,"Charbonneau Industries, Inc.",Houston,60,,
warn-7022,2020-03-27 00:00:00,tx,Paper Source-Palm Way,Austin,10,,
warn-7023,2020-03-27 00:00:00,tx,Charbonneau Ind.-Warehouse,Houston,20,,
warn-7024,2020-03-27 00:00:00,tx,Trico Products,Brownsville,212,,
warn-7025,2020-03-27 00:00:00,tx,Paper Source,Dallas,11,,
warn-7026,2020-03-27 00:00:00,tx,Pinnacle Logistics,Dallas,134,,
warn-7027,2020-03-27 00:00:00,tx,Dorman Milano Hat Co.,Dallas,20,,
warn-7028,2020-03-27 00:00:00,tx,Paper Source-Cole Ave,Dallas,10,,
warn-7029,2020-03-27 00:00:00,tx,Paper Source-Town and Country,Houston,10,,
warn-7030,2020-03-27 00:00:00,tx,Paper Source-Plano,Plano,8,,
warn-7031,2020-03-27 00:00:00,tx,Rosewood Mansion,Dallas,1,,
warn-7032,2020-03-27 00:00:00,tx,Paper Source-Westheimer,Houston,17,,
warn-7033,2020-03-27 00:00:00,tx,"Compeat, Inc.",Austin,56,,
warn-13325,2020-03-27,wa,"365 Hospitality Associates, LLC",Seattle,84,,
warn-13326,2020-03-27,wa,"National Products, Inc",Seattle,169,,
warn-13327,2020-03-27,wa,King & Prince Seafood,Redmond,116,,
warn-13328,2020-03-27,wa,Electronic Recyclers International Inc,Sumner,15,,
warn-7034,2020-03-26 00:00:00,tx,Pappasito's 24,Dallas,42,,
warn-7035,2020-03-26 00:00:00,tx,Pappasito's 01,Houston,86,,
warn-7036,2020-03-26 00:00:00,tx,Pappadeaux Seafood Kitchen 34,Pharr,201,,
warn-7037,2020-03-26 00:00:00,tx,Pappas Delta Blues,Plano,75,,
warn-7038,2020-03-26 00:00:00,tx,Pappadeaux Seafood Kitchen 35,Dallas,88,,
warn-7039,2020-03-26 00:00:00,tx,Pappadeaux Seafood Kitchen 42,Dallas,113,,
warn-7040,2020-03-26 00:00:00,tx,Pappasito's 02,Houston,106,,
warn-7041,2020-03-26 00:00:00,tx,Tinseltown USA El Paso,El Paso,108,,
warn-7042,2020-03-26 00:00:00,tx,Pappas Bar-B-Q 24,Duncanville,62,,
warn-7043,2020-03-26 00:00:00,tx,Cinemark 12 Pearland,Pearland,37,,
warn-7044,2020-03-26 00:00:00,tx,Pappasito's 10,Houston,169,,
warn-7045,2020-03-26 00:00:00,tx,Pappasito's 12,Houston,128,,
warn-7046,2020-03-26 00:00:00,tx,Pappas Catering Dallas,Richardson,11,,
warn-7047,2020-03-26 00:00:00,tx,Spitzer Industries-Brookshire,Brookshire,53,,
warn-7048,2020-03-26 00:00:00,tx,Pappasito's 06,Humble,150,,
warn-7049,2020-03-26 00:00:00,tx,Pappadeaux Seafood Kitchen 03,Austin,125,,
warn-7050,2020-03-26 00:00:00,tx,The Pearl South Padre,South Padre Is.,105,,
warn-7051,2020-03-26 00:00:00,tx,Tinseltown Movies 17,Grapevine,70,,
warn-7052,2020-03-26 00:00:00,tx,Pappas Bar-B-Q 05,Dallas,35,,
warn-7053,2020-03-26 00:00:00,tx,Pappasito's 20,Dallas,91,,
warn-7054,2020-03-26 00:00:00,tx,Pappas Bros. Steakhouse 2,Dallas,101,,
warn-7055,2020-03-26 00:00:00,tx,Pappasito's 07,Houston,95,,
warn-7056,2020-03-26 00:00:00,tx,Pappasito's 08,Houston,151,,
warn-7057,2020-03-26 00:00:00,tx,Cinemark 12 Sherman,Sherman,39,,
warn-7058,2020-03-26 00:00:00,tx,Little Pappasito's,Houston,109,,
warn-7059,2020-03-26 00:00:00,tx,Century 12 Abilene,Abilene,23,,
warn-7060,2020-03-26 00:00:00,tx,Pappasito's 15,Ft. Worth,136,,
warn-7061,2020-03-26 00:00:00,tx,Pappadeaux Seafood Kitchen 27,Shenandoah,186,,
warn-7062,2020-03-26 00:00:00,tx,Pappadeaux Seafood Kitchen 22,Houston,99,,
warn-7063,2020-03-26 00:00:00,tx,Pappadeaux Seafood Kitchen 10,Houston,167,,
warn-7064,2020-03-26 00:00:00,tx,Pappadeaux Seafood Kitchen 11,Dallas,165,,
warn-7065,2020-03-26 00:00:00,tx,Pappadeaux Seafood Kitchen 07,Richardson,180,,
warn-7066,2020-03-26 00:00:00,tx,Pappadeaux Seafood Kitchen 32,Houston,78,,
warn-7067,2020-03-26 00:00:00,tx,Pappas Catering Austin,Austin,17,,
warn-7068,2020-03-26 00:00:00,tx,Cinemark Montana 14,El Paso,74,,
warn-7069,2020-03-26 00:00:00,tx,Pappasito's 09,Austin,128,,
warn-7070,2020-03-26 00:00:00,tx,Pappadeaux Seafood Kitchen 09,Houston,184,,
warn-7071,2020-03-26 00:00:00,tx,Pappadeaux Seafood Kitchen 12,San Antonio,213,,
warn-7072,2020-03-26 00:00:00,tx,Cinemark West,El Paso,66,,
warn-7073,2020-03-26 00:00:00,tx,Pappadeaux Seafood Kitchen 1,Houston,95,,
warn-7074,2020-03-26 00:00:00,tx,Pappadeaux Seafood Kitchen 39,Austin,123,,
warn-7075,2020-03-26 00:00:00,tx,Pappadeaux Seafood Kitchen 05,Stafford,178,,
warn-7076,2020-03-26 00:00:00,tx,Pappadeaux Seafood Kitchen 06,Dallas,146,,
warn-7077,2020-03-26 00:00:00,tx,Pappasito's 13,Dallas,121,,
warn-7078,2020-03-26 00:00:00,tx,Pappadeaux Seafood Kitchen 16,Fort Worth,186,,
warn-7079,2020-03-26 00:00:00,tx,Pappadeaux Seafood Kitchen 18,Bedford,90,,
warn-7080,2020-03-26 00:00:00,tx,Pappadeaux Seafood Kitchen 36,Grapevine,154,,
warn-7081,2020-03-26 00:00:00,tx,Pappadeaux Seafood Kitchen 29,Duncanville,161,,
warn-7082,2020-03-26 00:00:00,tx,Pappadeaux Seafood Kitchen 41,Houston,113,,
warn-7083,2020-03-26 00:00:00,tx,Pappadeaux Seafood Kitchen 37,Houston,140,,
warn-7084,2020-03-26 00:00:00,tx,Cinemark Movie Bistro,El Paso,35,,
warn-7085,2020-03-26 00:00:00,tx,Pappadeaux Seafood Kitchen 02,Houston,100,,
warn-7086,2020-03-26 00:00:00,tx,Pappadeaux Seafood Kitchen 08,Arlington,155,,
warn-7087,2020-03-26 00:00:00,tx,Pappadeaux Seafood Kitchen 40,San Antonio,231,,
warn-7088,2020-03-26 00:00:00,tx,Cinemark Abilene,Abilene,36,,
warn-7089,2020-03-26 00:00:00,tx,Pappasito's 05,Richardson,116,,
warn-7090,2020-03-26 00:00:00,tx,Pappadeaux Seafood Kitchen 28,Houston,74,,
warn-7091,2020-03-26 00:00:00,tx,Cielo Vista Mall 14,El Paso,53,,
warn-7092,2020-03-26 00:00:00,tx,Pappadeaux Seafood Kitchen 21,Dallas,165,,
warn-7093,2020-03-26 00:00:00,tx,Pappas Catering San Antonio,San Antonio,27,,
warn-7094,2020-03-26 00:00:00,tx,Pappasito's 16,Arlington,127,,
warn-7095,2020-03-26 00:00:00,tx,Pappas Delta Blues - Houston,Webster,97,,
warn-7096,2020-03-26 00:00:00,tx,Cornerstone Community-Weatherford,Weatherford,4,,
warn-7097,2020-03-26 00:00:00,tx,Cornerstone Community-Mulberry,Decatur,7,,
warn-7098,2020-03-26 00:00:00,tx,Cornerstone Community-Mineral Wells,Mineral Wells,10,,
warn-7099,2020-03-26 00:00:00,tx,Cornerstone Community-Boyd,Boyd,4,,
warn-7100,2020-03-26 00:00:00,tx,Cornerstone Community-Decatur,Decatur,2,,
warn-7101,2020-03-26 00:00:00,tx,Pappasito's 03,Sugarland,135,,
warn-7102,2020-03-26 00:00:00,tx,Tinseltown Lubbock,Lubbock,67,,
warn-7103,2020-03-26 00:00:00,tx,Cinemark Pharr 16,Pharr,54,,
warn-7104,2020-03-26 00:00:00,tx,Pappas Burger 1,Houston,90,,
warn-7105,2020-03-26 00:00:00,tx,Cinemark - Allen 16,Allen,53,,
warn-7106,2020-03-26 00:00:00,tx,Movies 12  Texas City,Texas City,26,,
warn-7107,2020-03-26 00:00:00,tx,Tinseltown Jacinto City,Houston,50,,
warn-7108,2020-03-26 00:00:00,tx,Ridgmar 13,Fort Worth,56,,
warn-7109,2020-03-26 00:00:00,tx,Tinseltown The Woodlands,The Woodlands,71,,
warn-7110,2020-03-26 00:00:00,tx,Cinemark San Antonio 16,San Antonio,21,,
warn-7111,2020-03-26 00:00:00,tx,Tinseltown USA 290,Houston,78,,
warn-7112,2020-03-26 00:00:00,tx,"Cinemark 14 Wichita_x000D_
Falls",Wichita Falls,46,,
warn-7113,2020-03-26 00:00:00,tx,Pappas Bar-B-Q 14,Houston,40,,
warn-7114,2020-03-26 00:00:00,tx,Pappas Bros. Steakhouse 3,Houston,94,,
warn-7115,2020-03-26 00:00:00,tx,Cinemark Frisco Square,Frisco,64,,
warn-7116,2020-03-26 00:00:00,tx,Pappas Bar-B-Q 15,Houston,19,,
warn-7117,2020-03-26 00:00:00,tx,Movies 14 McKinney,McKinney,45,,
warn-7118,2020-03-26 00:00:00,tx,Pappas Bar-B-Q 19,Houston,29,,
warn-7119,2020-03-26 00:00:00,tx,Pappas Bar-B-Q 20,Houston,40,,
warn-7120,2020-03-26 00:00:00,tx,Pappas Bar-B-Q 21,Houston,17,,
warn-7121,2020-03-26 00:00:00,tx,CUT! by Cinemark,Frisco,172,,
warn-7122,2020-03-26 00:00:00,tx,Cinemark West Plano,Plano,165,,
warn-7123,2020-03-26 00:00:00,tx,Pappas Bar-B-Q 22,Houston,40,,
warn-7124,2020-03-26 00:00:00,tx,Cinema 6 Cleburn,Cleburne,15,,
warn-7125,2020-03-26 00:00:00,tx,Subway - (Pappas HOU Airport),Houston,85,,
warn-7126,2020-03-26 00:00:00,tx,Cinema 6 Stephenville,Stephenville,20,,
warn-7127,2020-03-26 00:00:00,tx,Cinemark Central Plano,Plano,52,,
warn-7128,2020-03-26 00:00:00,tx,Pappas Bros. Steakhouse 1,Houston,110,,
warn-7129,2020-03-26 00:00:00,tx,"Cinemark 15 @ Vista_x000D_
Ridge Mall",Lewisville,39,,
warn-7130,2020-03-26 00:00:00,tx,Cinemark 14 Roanoke,Roanoke,69,,
warn-7131,2020-03-26 00:00:00,tx,Cinemark 14 Denton,Denton,52,,
warn-7132,2020-03-26 00:00:00,tx,Cinemark 14 Cedar Hill,Cedar Hill,29,,
warn-7133,2020-03-26 00:00:00,tx,Cinemark (The Legacy),Plano,96,,
warn-7134,2020-03-26 00:00:00,tx,Main Place 6,McAllen,17,,
warn-7135,2020-03-26 00:00:00,tx,Pappas Bar-B-Q 23,Pasadena,47,,
warn-7136,2020-03-26 00:00:00,tx,Barry's Pizza (Pappas),Houston,23,,
warn-7137,2020-03-26 00:00:00,tx,Dot Coffee Shop (Pappas -Woodridge),Houston,88,,
warn-7138,2020-03-26 00:00:00,tx,Dot Coffee Shop (Pappas -Federal),Houston,80,,
warn-7139,2020-03-26 00:00:00,tx,Yia Yia Mary's Greek Kitchen (Pappas - San Felipe),Houston,83,,
warn-7140,2020-03-26 00:00:00,tx,Yia Yia Mary's Greek Kitchen (Pappas - Airport),Houston,18,,
warn-7141,2020-03-26 00:00:00,tx,Chick-fll-A (Pappas),Houston,33,,
warn-7142,2020-03-26 00:00:00,tx,Dunkin Donuts/Baskin Robbins (Pappas),Houston,23,,
warn-7143,2020-03-26 00:00:00,tx,Gordon's Galley (Pappas),Houston,24,,
warn-7144,2020-03-26 00:00:00,tx,Cinemark Edinburg,Edinburg,64,,
warn-7145,2020-03-26 00:00:00,tx,Ruby's (Pappas),Houston,87,,
warn-7146,2020-03-26 00:00:00,tx,Pappas Seafood House (NASA),Webster,149,,
warn-7147,2020-03-26 00:00:00,tx,Pappas Restaurants Corporate,Houston,124,,
warn-7148,2020-03-26 00:00:00,tx,Pappas Distribution/Trades Offices - 1,Houston,129,,
warn-7149,2020-03-26 00:00:00,tx,Pappas Distribution/Trades Offices - 2,Houston,23,,
warn-7150,2020-03-26 00:00:00,tx,Pappas Distribution/Trades Offices - 3,Houston,60,,
warn-7151,2020-03-26 00:00:00,tx,Pappas Bread and Dessert Bakeries,Houston,99,,
warn-7152,2020-03-26 00:00:00,tx,Pappas Pappas Bar-B-Q Catering,Houston,20,,
warn-7153,2020-03-26 00:00:00,tx,Pappas Catering Houston,Houston,25,,
warn-7154,2020-03-26 00:00:00,tx,Pappas Confectionary/ Delivery,Houston,107,,
warn-7155,2020-03-26 00:00:00,tx,Hunan (Pappas),Houston,19,,
warn-7156,2020-03-26 00:00:00,tx,Movies 4,Big Spring,11,,
warn-7157,2020-03-26 00:00:00,tx,Movies 10 Weslaco,Weslaco,32,,
warn-7158,2020-03-26 00:00:00,tx,Movies 17,McAllen,28,,
warn-7159,2020-03-26 00:00:00,tx,Little Pappas Seafood House,Houston,52,,
warn-7160,2020-03-26 00:00:00,tx,Town Centre Cinema 6,Plainview,12,,
warn-7161,2020-03-26 00:00:00,tx,Movies 16,Lubbock,30,,
warn-7162,2020-03-26 00:00:00,tx,Cinemark Cedar Park 12,Cedar Park,72,,
warn-7163,2020-03-26 00:00:00,tx,Pappas Burger 2,Houston,112,,
warn-7164,2020-03-26 00:00:00,tx,Tinseltown USA Beaumont,Beaumont,68,,
warn-7165,2020-03-26 00:00:00,tx,Pappas Shrimp Shack,Houston,46,,
warn-7166,2020-03-26 00:00:00,tx,Cinemark 14 Round Rock,Round Rock,52,,
warn-7167,2020-03-26 00:00:00,tx,Mall de Las Aguilas 7,Eagle Pass,23,,
warn-7168,2020-03-26 00:00:00,tx,Century 12 Odessa,Odessa,24,,
warn-7169,2020-03-26 00:00:00,tx,Hollywood USA - Amarillo,Amarillo,35,,
warn-7170,2020-03-26 00:00:00,tx,Movies 8 Paris,Paris,15,,
warn-7171,2020-03-26 00:00:00,tx,Cinemark 14 Texarkana,Texarkana,48,,
warn-7172,2020-03-26 00:00:00,tx,Movies 8 Del Rio,Del Rio,21,,
warn-7173,2020-03-26 00:00:00,tx,Pappas Seafood House (FM 1960),Humble,152,,
warn-7174,2020-03-26 00:00:00,tx,Tinseltown Mission,Mission,23,,
warn-7175,2020-03-26 00:00:00,tx,"Cinemark Rockwall 14_x000D_
and XD",Rockwall,54,,
warn-7176,2020-03-26 00:00:00,tx,Movies 8 Round Rock,Round Rock,23,,
warn-7177,2020-03-26 00:00:00,tx,Pappas Bar-B-Q 06,Houston,39,,
warn-7178,2020-03-26 00:00:00,tx,"Cinemark Southpark_x000D_
Meadows",Austin,58,,
warn-7179,2020-03-26 00:00:00,tx,Fossil Group,Dallas,222,,
warn-7180,2020-03-26 00:00:00,tx,Kirchhoff Automotive,Garland,148,,
warn-7181,2020-03-26 00:00:00,tx,"Hollywood USA Movies _x000D_
15",Garland,20,,
warn-7182,2020-03-26 00:00:00,tx,Pappas Bar-B-Q 02,Houston,50,,
warn-7183,2020-03-26 00:00:00,tx,Cinemark Grand Prairie,Grand Prairie,54,,
warn-7184,2020-03-26 00:00:00,tx,Pappas Bar-B-Q 03,Houston,32,,
warn-7185,2020-03-26 00:00:00,tx,Lewis Energy-Encinal,Encinal,187,,
warn-7186,2020-03-26 00:00:00,tx,Cinemark McKinney,McKinney,67,,
warn-7187,2020-03-26 00:00:00,tx,"Tincup Water Solutions, LLC",Stockdale,127,,
warn-7188,2020-03-26 00:00:00,tx,McCreless Mall 10,San Antonio,21,,
warn-7189,2020-03-26 00:00:00,tx,North East Mall 18,Hurst,62,,
warn-7190,2020-03-26 00:00:00,tx,Tinseltown San Angelo,San Angelo,47,,
warn-7191,2020-03-26 00:00:00,tx,Harker Heights 16,Harker Heights,48,,
warn-7192,2020-03-26 00:00:00,tx,Cinemark Temple 12,Temple,43,,
warn-7193,2020-03-26 00:00:00,tx,"Cinemark Stone Hill_x000D_
Town Center",Pflugerville,29,,
warn-7194,2020-03-26 00:00:00,tx,Cinemark 12 and XD,Mansfield,53,,
warn-7195,2020-03-26 00:00:00,tx,Pappas Bar-B-Q 04,Houston,58,,
warn-7196,2020-03-26 00:00:00,tx,Pappasito's 19,Houston,28,,
warn-7197,2020-03-26 00:00:00,tx,Pappasito's 18,Houston,29,,
warn-7198,2020-03-26 00:00:00,tx,Suitsupply-Houston,Houston,15,,
warn-7199,2020-03-26 00:00:00,tx,Suitsupply-The Woodlands,The Woodlands,6,,
warn-7200,2020-03-26 00:00:00,tx,Cinemark 12 Cypress,Cypress,67,,
warn-7201,2020-03-26 00:00:00,tx,Brazos Town Center 12,Rosenberg,34,,
warn-7202,2020-03-26 00:00:00,tx,Pappasito's 14,Houston,128,,
warn-7203,2020-03-26 00:00:00,tx,Victoria Mall,Victoria,23,,
warn-7204,2020-03-26 00:00:00,tx,Hydraulic Fracturing Facility,Midland,388,,
warn-7205,2020-03-26 00:00:00,tx,Suitsupply-Plano,Plano,9,,
warn-7206,2020-03-26 00:00:00,tx,Pappas Bar-B-Q 08,Houston,43,,
warn-7207,2020-03-26 00:00:00,tx,Pappasito's 21,Houston,117,,
warn-7208,2020-03-26 00:00:00,tx,Cinemark Lufkin 12,Lufkin,28,,
warn-7209,2020-03-26 00:00:00,tx,Pappasito's 22,Houston,117,,
warn-7210,2020-03-26 00:00:00,tx,Movies 14 Lancaster,Lancaster,54,,
warn-7211,2020-03-26 00:00:00,tx,Pappasito's 23,Shenandoah,180,,
warn-7212,2020-03-26 00:00:00,tx,Pappas Bar-B-Q 01,Houston,44,,
warn-7213,2020-03-26 00:00:00,tx,MicroStar Quality Services,Eagle Pass,74,,
warn-7214,2020-03-26 00:00:00,tx,Athens Cinema 4,Athens,9,,
warn-7215,2020-03-26 00:00:00,tx,Cinemark Webster,Webster,77,,
warn-7216,2020-03-26 00:00:00,tx,"Cinemark at Market_x000D_
Street",The Woodlands,15,,
warn-7217,2020-03-26 00:00:00,tx,Cinemark Brownsville,Brownsville,57,,
warn-7218,2020-03-26 00:00:00,tx,Cinemark Houston,Houston,53,,
warn-7219,2020-03-26 00:00:00,tx,Movies 10 Brownsville,Brownsville,30,,
warn-7220,2020-03-26 00:00:00,tx,"Cinemark New Caney_x000D_
and XD",New Caney,43,,
warn-7221,2020-03-26 00:00:00,tx,Cinemark 17,Dallas,58,,
warn-7222,2020-03-26 00:00:00,tx,Cinemark 19,Katy,61,,
warn-7223,2020-03-26 00:00:00,tx,Tinseltown USA Pflugerville,Pflugerville,97,,
warn-7224,2020-03-26 00:00:00,tx,Cinemark Harlingen,Harlingen,68,,
warn-7225,2020-03-26 00:00:00,tx,"Cinemark Spring Town_x000D_
Center",Spring,27,,
warn-7226,2020-03-26 00:00:00,tx,Movies 18,College Station,69,,
warn-7227,2020-03-26 00:00:00,tx,Pappas Bar-B-Q 09,Humble,59,,
warn-7228,2020-03-26 00:00:00,tx,Century 16 XD and IMAX,Corpus Christi,88,,
warn-7229,2020-03-26 00:00:00,tx,"Cinemark Hill Country_x000D_
Galleria",Austin,44,,
warn-7230,2020-03-26 00:00:00,tx,Pappas Bar-B-Q 10,Webster,31,,
warn-7231,2020-03-26 00:00:00,tx,Movies 12 Laredo,Laredo,29,,
warn-7232,2020-03-26 00:00:00,tx,Cinemark Mall Del Norte,Laredo,54,,
warn-7233,2020-03-26 00:00:00,tx,Movies 10 Harlingen,Harlingen,22,,
warn-7234,2020-03-26 00:00:00,tx,Pappas Bar-B-Q 12,Houston,46,,
warn-7235,2020-03-26 00:00:00,tx,Hollywood USA,Pasadena,64,,
warn-7236,2020-03-26 00:00:00,tx,Pappas Bar-B-Q 13,Houston,39,,
warn-7237,2020-03-26 00:00:00,tx,"Cinemark @ Alliance_x000D_
Towne Center",Fort Worth,64,,
warn-13329,2020-03-26,wa,"Earl's Restaurants USA, Inc",Bellevue,114,,
warn-13330,2020-03-26,wa,YMCA of the Inland Northwest,Spokane,509,,
warn-13331,2020-03-26,wa,"Contemporary Home Services, Inc",Auburn,124,,
warn-13332,2020-03-26,wa,SHG Hotel SPE LLC,Seattle,310,,
warn-13333,2020-03-26,wa,Ascend Hospitality Group,"Everett, Tukwila, Tacoma, Bellevue, Seattle",401,,
warn-7238,2020-03-25 00:00:00,tx,Quick Weight Loss Centers - Conroe,Conroe,4,,
warn-7239,2020-03-25 00:00:00,tx,Quick Weight Loss Centers - Cinco Ranch,Houston,4,,
warn-7240,2020-03-25 00:00:00,tx,Alsco - Kyle,Kyle,3,,
warn-7241,2020-03-25 00:00:00,tx,Quick Weight Loss Centers - FM 1960,Houston,4,,
warn-7242,2020-03-25 00:00:00,tx,The St. Anthony Hotel,San Antonio,208,,
warn-7243,2020-03-25 00:00:00,tx,Legacy West,Plano,82,,
warn-7244,2020-03-25 00:00:00,tx,FTS International Services-Aledo,Aledo,72,,
warn-7245,2020-03-25 00:00:00,tx,Quick Weight Loss Centers - Humble,Humble,3,,
warn-7246,2020-03-25 00:00:00,tx,Quick Weight Loss Centers - Pasadene,Pasadena,4,,
warn-7247,2020-03-25 00:00:00,tx,Quick Weight Loss Centers - HWY 6,Houston,4,,
warn-7248,2020-03-25 00:00:00,tx,Pappasito's 11,San Antonio,137,,
warn-7249,2020-03-25 00:00:00,tx,Hyatt Regency Houston,Houston,67,,
warn-7250,2020-03-25 00:00:00,tx,Quick Weight Loss Centers - Spring Stuebner Rd,Spring,4,,
warn-7251,2020-03-25 00:00:00,tx,Alsco-Oliver St,Houston,58,,
warn-7252,2020-03-25 00:00:00,tx,Quick Weight Loss Centers - Katy,Spring,4,,
warn-7253,2020-03-25 00:00:00,tx,Saint Arnold Brewing Co.,Houston,135,,
warn-7254,2020-03-25 00:00:00,tx,Hyatt Regency Houston Galeria,Houston,110,,
warn-7255,2020-03-25 00:00:00,tx,Quick Weight Loss Centers - Pearland,Webster,4,,
warn-7256,2020-03-25 00:00:00,tx,Quick Weight Loss Center - 9000 SW Frwy,Houston,5,,
warn-7257,2020-03-25 00:00:00,tx,Quick Weight Loss Centers - Westheimer,Houston,4,,
warn-7258,2020-03-25 00:00:00,tx,Quick Weight Loss Centers - Cypress,Cypress,4,,
warn-7259,2020-03-25 00:00:00,tx,Quick Weight Loss Centers - Webster,Webster,5,,
warn-7260,2020-03-25 00:00:00,tx,Quick Weight Loss Centers - 2615 SW Frwy,Houston,4,,
warn-7261,2020-03-25 00:00:00,tx,Quick Weight Loss Centers - Spring Sawdust,Spring,4,,
warn-7262,2020-03-25 00:00:00,tx,Quick Weight Loss Centers - Rosenberg,Rosenberg,4,,
warn-13334,2020-03-25,wa,Quarry Tile Company,Spokane,116,,
warn-13335,2020-03-25,wa,Pineapple Hospitality Company,Seattle,156,,
warn-7263,2020-03-24 00:00:00,tx,Marriott City Place-Spicewood Village,Spring,73,,
warn-7264,2020-03-24 00:00:00,tx,Four Seasons Hotel-Houston,Houston,344,,
warn-7265,2020-03-24 00:00:00,tx,Jostens,Denton,142,,
warn-7266,2020-03-24 00:00:00,tx,Cameron Mitchell Restaurants,Dallas,125,,
warn-7267,2020-03-24 00:00:00,tx,Autobahn Imports,Ft. Worth,124,,
warn-13336,2020-03-24,wa,HMSHost,Spokane,71,,
warn-13337,2020-03-24,wa,HMSHost,SeaTac,354,,
warn-13338,2020-03-24,wa,Four Points by Sheraton,Des Moines,60,,
warn-13339,2020-03-24,wa,"onni Properties, LLC",Seattle,7,,
warn-7268,2020-03-23 00:00:00,tx,Take 5 Department 548,Webster,4,,
warn-7269,2020-03-23 00:00:00,tx,Take 5 Department 511,Irving,7,,
warn-7270,2020-03-23 00:00:00,tx,Schulte Companies-Richland Hills,San Antonio,19,,
warn-7271,2020-03-23 00:00:00,tx,Schulte Companies-Loop 1604,San Antonio,13,,
warn-7272,2020-03-23 00:00:00,tx,Schulte Companies-Navarro St.,San Antonio,21,,
warn-7273,2020-03-23 00:00:00,tx,Schulte Companies-Houston,Houston,18,,
warn-7274,2020-03-23 00:00:00,tx,Schulte Companies-Dallas,Dallas,2,,
warn-7275,2020-03-23 00:00:00,tx,Schulte Companies-E. Houston,San Antonio,22,,
warn-7276,2020-03-23 00:00:00,tx,Schulte Companies-Cinema Ridge,San Antonio,19,,
warn-7277,2020-03-23 00:00:00,tx,Take 5 Department 527,Dallas,7,,
warn-7278,2020-03-23 00:00:00,tx,Take 5 Department 512,Irving,5,,
warn-7279,2020-03-23 00:00:00,tx,Take 5 Department 51,Garland,7,,
warn-7280,2020-03-23 00:00:00,tx,Take 5 Department 203,Garland,3,,
warn-7281,2020-03-23 00:00:00,tx,Take 5 Department 204,Fort Worth,8,,
warn-7282,2020-03-23 00:00:00,tx,Take 5 Department 533,Sachse,6,,
warn-7283,2020-03-23 00:00:00,tx,Take 5 Department 107,Huntsville,4,,
warn-7284,2020-03-23 00:00:00,tx,Hilton Houston Galeria,Houston,35,,
warn-7285,2020-03-23 00:00:00,tx,Take 5 Department 558,Houston,4,,
warn-7286,2020-03-23 00:00:00,tx,Take 5 Department 560,Houston,3,,
warn-7287,2020-03-23 00:00:00,tx,Take 5 Department 561,Humble,6,,
warn-7288,2020-03-23 00:00:00,tx,Take 5 Department 562,Channelview,6,,
warn-7289,2020-03-23 00:00:00,tx,Take 5 Department 608,Houston,3,,
warn-7290,2020-03-23 00:00:00,tx,Take 5 Department 101,Spring,5,,
warn-7291,2020-03-23 00:00:00,tx,Take 5 Department 566,Houston,3,,
warn-7292,2020-03-23 00:00:00,tx,Take 5 Department 109,College Station,4,,
warn-7293,2020-03-23 00:00:00,tx,Take 5 Department 117,Missouri City,7,,
warn-7294,2020-03-23 00:00:00,tx,Take 5 Department 507,Hudson Oaks,2,,
warn-7295,2020-03-23 00:00:00,tx,Take 5 Department 540,Houston,3,,
warn-7296,2020-03-23 00:00:00,tx,Take 5 Department 541,Houston,7,,
warn-7297,2020-03-23 00:00:00,tx,Take 5 Department 103,Pasadena,4,,
warn-7298,2020-03-23 00:00:00,tx,Take 5 Department 543,Houston,4,,
warn-7299,2020-03-23 00:00:00,tx,Dyn365 dba Restaurant365,Austin,95,,
warn-7300,2020-03-23 00:00:00,tx,Collegiate Hotel Group,Dallas,35,,
warn-7301,2020-03-23 00:00:00,tx,Take 5 Department 171,San Antonio,4,,
warn-7302,2020-03-23 00:00:00,tx,Take 5 Department 173,San Antonio,5,,
warn-7303,2020-03-23 00:00:00,tx,Take 5 Department 174,San Antonio,6,,
warn-7304,2020-03-23 00:00:00,tx,Take 5 Department 176,San Antonio,4,,
warn-7305,2020-03-23 00:00:00,tx,Take 5 Department 557,Houston,3,,
warn-7306,2020-03-23 00:00:00,tx,Alsco - Houston,Houston,128,,
warn-7307,2020-03-23 00:00:00,tx,Hard Rock Café,Houston,39,,
warn-7308,2020-03-23 00:00:00,tx,Maines Paper & Food Service,Terrell,41,,
warn-7309,2020-03-23 00:00:00,tx,Take 5 Department 82,Houston,4,,
warn-7310,2020-03-23 00:00:00,tx,Take 5 Department 81,Houston,9,,
warn-7311,2020-03-23 00:00:00,tx,Take 5 Department 83,Spring,5,,
warn-7312,2020-03-23 00:00:00,tx,Take 5 Department 86,Houston,5,,
warn-7313,2020-03-23 00:00:00,tx,Take 5 Department 97,Cypress,6,,
warn-7314,2020-03-23 00:00:00,tx,Cantina Del Rio,New Braunfels,52,,
warn-7315,2020-03-23 00:00:00,tx,Take 5 Department 431,Lake Worth,6,,
warn-7316,2020-03-23 00:00:00,tx,Take 5 Department 245,Houston,6,,
warn-7317,2020-03-23 00:00:00,tx,Take 5 Department 246,Hale Center,6,,
warn-7318,2020-03-23 00:00:00,tx,Take 5 Department 253,Houston,5,,
warn-7319,2020-03-23 00:00:00,tx,Take 5 Department 414,La Porte,3,,
warn-7320,2020-03-23 00:00:00,tx,Take 5 Department 415,Houston,3,,
warn-7321,2020-03-23 00:00:00,tx,Take 5 Department 104,Spring,5,,
warn-7322,2020-03-23 00:00:00,tx,Take 5 Deaprtment 427,Houston,4,,
warn-7323,2020-03-23 00:00:00,tx,Take 5 Department 233,Pearland,6,,
warn-7324,2020-03-23 00:00:00,tx,Take 5 Department 555,Katy,7,,
warn-7325,2020-03-23 00:00:00,tx,Take 5 Department 556,Houston,6,,
warn-7326,2020-03-23 00:00:00,tx,Take 5 Department 564,Crosby,5,,
warn-7327,2020-03-23 00:00:00,tx,Take 5 Department 565,League City,5,,
warn-7328,2020-03-23 00:00:00,tx,Take 5 Department 64,Dallas,8,,
warn-7329,2020-03-23 00:00:00,tx,Take 5 Department 66,Mesquite,9,,
warn-7330,2020-03-23 00:00:00,tx,Take 5 Department 416,Tomball,7,,
warn-7331,2020-03-23 00:00:00,tx,Take 5 Department 172,San Antonio,2,,
warn-7332,2020-03-23 00:00:00,tx,Take 5 Department 73,Duncanville,5,,
warn-7333,2020-03-23 00:00:00,tx,Take 5 Department 542,Katy,4,,
warn-7334,2020-03-23 00:00:00,tx,Take 5 Department 544,Humble,9,,
warn-7335,2020-03-23 00:00:00,tx,Take 5 Department 545,Houston,3,,
warn-7336,2020-03-23 00:00:00,tx,Take 5 Department 547,Deer Park,5,,
warn-7337,2020-03-23 00:00:00,tx,Take 5 Department 105,Spring,6,,
warn-7338,2020-03-23 00:00:00,tx,Take 5 Department 238,Missouri City,4,,
warn-7339,2020-03-23 00:00:00,tx,Eviti Gaming Headquarters,Austin,183,,
warn-7340,2020-03-23 00:00:00,tx,Take 5 Department 235,Houston,6,,
warn-7341,2020-03-23 00:00:00,tx,Take 5 Department 205,Houston,6,,
warn-7342,2020-03-23 00:00:00,tx,Take 5 Department 217,Pasadena,4,,
warn-7343,2020-03-23 00:00:00,tx,Take 5 Department 226,Conroe,3,,
warn-7344,2020-03-23 00:00:00,tx,Take 5 Department 230,Pasadena,2,,
warn-7345,2020-03-23 00:00:00,tx,Take 5 Department 231,Baytown,9,,
warn-7346,2020-03-23 00:00:00,tx,Take 5 Department 106,Conroe,4,,
warn-7347,2020-03-23 00:00:00,tx,Eveti Production Facility,Austin,48,,
warn-7348,2020-03-23 00:00:00,tx,Hooters - Beltline Rd.,Addison,36,,
warn-7349,2020-03-23 00:00:00,tx,Take 5 Department 549,Rosenberg,3,,
warn-7350,2020-03-23 00:00:00,tx,Hooters - Ingram Rd.,San Antonio,59,,
warn-7351,2020-03-23 00:00:00,tx,Hooters - San Pedro,San Antonio,46,,
warn-7352,2020-03-23 00:00:00,tx,Hooters - Commerce St.,San Antonio,35,,
warn-7353,2020-03-23 00:00:00,tx,Hooters -  Selma,Selma,36,,
warn-7354,2020-03-23 00:00:00,tx,Hooters - Rudder Fwy,Bryan,53,,
warn-7355,2020-03-23 00:00:00,tx,Hooters - Bass Pro Dr.,Harlingen,61,,
warn-7356,2020-03-23 00:00:00,tx,Take 5 Department 530,Murphy,8,,
warn-7357,2020-03-23 00:00:00,tx,Hooters - S. Padre Island Dr,Corpus Christi,51,,
warn-7358,2020-03-23 00:00:00,tx,Hooters - Wurbach Rd.,San Antonio,40,,
warn-7359,2020-03-23 00:00:00,tx,Hooters - N. Lamar,Dallas,80,,
warn-7360,2020-03-23 00:00:00,tx,Hooters - N. Bass Pro Dr.,Garland,42,,
warn-7361,2020-03-23 00:00:00,tx,Hooters - IH 20 West,Grand Prairie,66,,
warn-7362,2020-03-23 00:00:00,tx,Hooters - N. Beltline,Irving,50,,
warn-7363,2020-03-23 00:00:00,tx,Hooters - Market Place Blvd.,Irving,36,,
warn-7364,2020-03-23 00:00:00,tx,Hooters - Towne Crossing Blvd.,Mesquite,58,,
warn-7365,2020-03-23 00:00:00,tx,Take 5 Department 184,San Antonio,5,,
warn-7366,2020-03-23 00:00:00,tx,Hooters - Sherwood Way,San Angelo,47,,
warn-7367,2020-03-23 00:00:00,tx,Take 5 Department 194,Schertz,6,,
warn-7368,2020-03-23 00:00:00,tx,Take 5 Department 185,Universal City,7,,
warn-7369,2020-03-23 00:00:00,tx,Take 5 Department 186,Live Oak,5,,
warn-7370,2020-03-23 00:00:00,tx,Take 5 Department 187,Converse,4,,
warn-7371,2020-03-23 00:00:00,tx,Take 5 Department 188,San Antonio,4,,
warn-7372,2020-03-23 00:00:00,tx,Take 5 Department 189,New Braunfels,8,,
warn-7373,2020-03-23 00:00:00,tx,Take 5 Department 190,San Antonio,5,,
warn-7374,2020-03-23 00:00:00,tx,Take 5 Department 191,San Antonio,6,,
warn-7375,2020-03-23 00:00:00,tx,Take 5 Department 49,Dallas,5,,
warn-7376,2020-03-23 00:00:00,tx,Take 5 Department 193,Canyon Lake,9,,
warn-7377,2020-03-23 00:00:00,tx,Hooters - Heards Ln.,Galveston,63,,
warn-7378,2020-03-23 00:00:00,tx,Take 5 Department 195,Boerne,1,,
warn-7379,2020-03-23 00:00:00,tx,Take 5 Department 196,San Antonio,6,,
warn-7380,2020-03-23 00:00:00,tx,Take 5 Department 197,Helotes,5,,
warn-7381,2020-03-23 00:00:00,tx,Take 5 Department 505,Burleson,3,,
warn-7382,2020-03-23 00:00:00,tx,Hooters,Kirby,52,,
warn-7383,2020-03-23 00:00:00,tx,Take 5 Department 506,Cedar Hill,5,,
warn-7384,2020-03-23 00:00:00,tx,Take 5 Department 509,Mineral Wells,5,,
warn-7385,2020-03-23 00:00:00,tx,Take 5 Department 192,San Antonio,5,,
warn-7386,2020-03-23 00:00:00,tx,Hooters - Preston Rd.,Frisco,26,,
warn-7387,2020-03-23 00:00:00,tx,Hooters - FM 1960,Houston,28,,
warn-7388,2020-03-23 00:00:00,tx,Hooters - SW Blvd.,Fort Worth,20,,
warn-7389,2020-03-23 00:00:00,tx,Hooters - Throckmorton,Fort Worth,50,,
warn-7390,2020-03-23 00:00:00,tx,Hooters - Crossroads,Grapevine,49,,
warn-7391,2020-03-23 00:00:00,tx,Hooters - Grapevine Hwy,Richland Hills,50,,
warn-7392,2020-03-23 00:00:00,tx,Hooters - Sunmount,El Paso,75,,
warn-7393,2020-03-23 00:00:00,tx,Hooters - State Line,Texarkana,33,,
warn-7394,2020-03-23 00:00:00,tx,Hooters - N. Collins,Arlington,64,,
warn-7395,2020-03-23 00:00:00,tx,Hooters - Uptown,Cedar Hill,45,,
warn-7396,2020-03-23 00:00:00,tx,Hooters - Overland Trl,Abilene,40,,
warn-7397,2020-03-23 00:00:00,tx,Hooters - Plano,Plano,36,,
warn-7398,2020-03-23 00:00:00,tx,Hooters - Call Field Rd.,Wichita Falls,31,,
warn-7399,2020-03-23 00:00:00,tx,Hooters - Denton,Denton,54,,
warn-7400,2020-03-23 00:00:00,tx,Hooters - S. Stemmons,Lewisville,51,,
warn-7401,2020-03-23 00:00:00,tx,Hooters - N. Central Exwy,McKinney,37,,
warn-7402,2020-03-23 00:00:00,tx,Alsco-Center Branch,Houston,1,,
warn-7403,2020-03-23 00:00:00,tx,Holiday Inn-Austin,Austin,67,,
warn-7404,2020-03-23 00:00:00,tx,Hooters - East Expressway,McAllen,50,,
warn-7405,2020-03-23 00:00:00,tx,Hooters - Jack Kultgen Fwy,Waco,36,,
warn-7406,2020-03-23 00:00:00,tx,Hooters - Tombail Fwy,Houston,37,,
warn-7407,2020-03-23 00:00:00,tx,Hooters - Katy Fwy,Katy,531,,
warn-7408,2020-03-23 00:00:00,tx,Hooters - Hwy 59 North,Humble,53,,
warn-7409,2020-03-23 00:00:00,tx,Hooters - Sam Houston,Pasadena,62,,
warn-7410,2020-03-23 00:00:00,tx,Hooters - South Fwy,Pearland,51,,
warn-7411,2020-03-23 00:00:00,tx,Hooters - NASA Rd.,Seabrook,44,,
warn-7412,2020-03-23 00:00:00,tx,Hooters - Gulf Fwy,Webster,46,,
warn-7413,2020-03-23 00:00:00,tx,Hooters - West I-20,Arlington,60,,
warn-7414,2020-03-23 00:00:00,tx,Take 5 Department 110,Bryan,4,,
warn-7415,2020-03-23 00:00:00,tx,Hooters - 4710 I-0 East,Baytown,46,,
warn-7416,2020-03-23 00:00:00,tx,Hooters - 40 West,Amarillo,47,,
warn-7417,2020-03-23 00:00:00,tx,Hooters - S.W. Fwy,Stafford,45,,
warn-7418,2020-03-23 00:00:00,tx,Hooters - 850 I-10,Beaumont,37,,
warn-7419,2020-03-23 00:00:00,tx,Hooters - San Bernardo,Laredo,39,,
warn-7420,2020-03-23 00:00:00,tx,Hooters - John Ben Shepperd Pkwy.,Odessa,69,,
warn-7421,2020-03-23 00:00:00,tx,Hooters - 27001 H35,Round Rock,80,,
warn-7422,2020-03-23 00:00:00,tx,Hooters - San Marcos,San Marcos,61,,
warn-7423,2020-03-23 00:00:00,tx,Houston Marriott Westchase,Houston,175,,
warn-7424,2020-03-23 00:00:00,tx,Take 5 Department 503,Burleson,3,,
warn-7425,2020-03-23 00:00:00,tx,Tske 5 Department 510,Bedford,3,,
warn-7426,2020-03-23 00:00:00,tx,Take 5 Department 435,Saginaw,7,,
warn-7427,2020-03-23 00:00:00,tx,Take 5 Department 436,Magnolia,3,,
warn-7428,2020-03-23 00:00:00,tx,Take 5 Department 441,Lubbock,5,,
warn-7429,2020-03-23 00:00:00,tx,Take 5 Department 442,Lubbock,10,,
warn-7430,2020-03-23 00:00:00,tx,Take 5 Department 444,Lubbock,6,,
warn-7431,2020-03-23 00:00:00,tx,Take 5 Department 433,Tomball,4,,
warn-7432,2020-03-23 00:00:00,tx,Take 5 Department 502,Arlington,4,,
warn-7433,2020-03-23 00:00:00,tx,Take 5 Department 425,Fort Worth,9,,
warn-7434,2020-03-23 00:00:00,tx,Take 5 Department 57,Dallas,5,,
warn-7435,2020-03-23 00:00:00,tx,Chalk Mountain Services of Texas LLC,Kermit,46,,
warn-7436,2020-03-23 00:00:00,tx,Take 5 Department 61,Dallas,7,,
warn-7437,2020-03-23 00:00:00,tx,Take 5 Department 500,Aledo,3,,
warn-7438,2020-03-23 00:00:00,tx,Rabalais I & E,Texas City,110,,
warn-7439,2020-03-23 00:00:00,tx,US Steel Tubular - Lone Star Tubualr,Lone Star,593,,
warn-7440,2020-03-23 00:00:00,tx,OTG Management,Houston,353,,
warn-7441,2020-03-23 00:00:00,tx,Take 5 Department 501,Arlington,4,,
warn-7442,2020-03-23 00:00:00,tx,Take 5 Department 206,Pflugerville,7,,
warn-7443,2020-03-23 00:00:00,tx,Take 5 Department 58,Dallas,8,,
warn-7444,2020-03-23 00:00:00,tx,Hooters - Hwy 6 South,Houston,31,,
warn-7445,2020-03-23 00:00:00,tx,Take 5 Department 183,San Antonio,5,,
warn-7446,2020-03-23 00:00:00,tx,Take 5 Department 62,Garland,6,,
warn-7447,2020-03-23 00:00:00,tx,Take 5 Deaprtment 63,Dallas,8,,
warn-7448,2020-03-23 00:00:00,tx,Take 5 Department 68,Richardson,5,,
warn-7449,2020-03-23 00:00:00,tx,Take 5 Department 554,Katy,6,,
warn-7450,2020-03-23 00:00:00,tx,Take 5 Department 96,Fort Worth,8,,
warn-7451,2020-03-23 00:00:00,tx,Chalk Montain Services of Texas LLC - Pleasanton,Pleasanton,219,,
warn-7452,2020-03-23 00:00:00,tx,Take 5 Department 209,San Marcos,8,,
warn-7453,2020-03-23 00:00:00,tx,Take 5 Department 212,Temple,3,,
warn-7454,2020-03-23 00:00:00,tx,Take 5 Department 276,Killeen,8,,
warn-7455,2020-03-23 00:00:00,tx,Take 5 Department 241,Austin,5,,
warn-7456,2020-03-23 00:00:00,tx,Take 5 Department 244,Austin,7,,
warn-7457,2020-03-23 00:00:00,tx,Take 5 Department 405,San Antonio,4,,
warn-7458,2020-03-23 00:00:00,tx,Take 5 Department 421,Plano,6,,
warn-7459,2020-03-23 00:00:00,tx,Take 5 Department 79,Spring,3,,
warn-7460,2020-03-23 00:00:00,tx,Take 5 Department 550,Houston,4,,
warn-7461,2020-03-23 00:00:00,tx,Take 5 Department 598,Amarillo,4,,
warn-7462,2020-03-23 00:00:00,tx,Take 5 Department 513,Andrews,3,,
warn-7463,2020-03-23 00:00:00,tx,Take 5 Department 70,Plano,6,,
warn-7464,2020-03-23 00:00:00,tx,Take 5 Department 504,Burleson,6,,
warn-7465,2020-03-23 00:00:00,tx,Take 5 Department 72,Texarkana,4,,
warn-7466,2020-03-23 00:00:00,tx,Take 5 Department 208,Lewisville,4,,
warn-7467,2020-03-23 00:00:00,tx,Take 5 Department 202,San Marcos,6,,
warn-7468,2020-03-23 00:00:00,tx,Take 5 Department 596,San Antonio,3,,
warn-7469,2020-03-23 00:00:00,tx,Take 5 Department 201,San Antonio,4,,
warn-7470,2020-03-23 00:00:00,tx,Take 5 Department 69,Plano,4,,
warn-7471,2020-03-23 00:00:00,tx,Take 5 Department 177,San Antonio,5,,
warn-7472,2020-03-23 00:00:00,tx,America's Auto Auction,Conroe,17,,
warn-7473,2020-03-23 00:00:00,tx,America's Auto Auction - Almeda-Genoa Rd,Houston,58,,
warn-7474,2020-03-23 00:00:00,tx,America's Auton Auction - Almed-Genoa Rd.,Irving,10,,
warn-7475,2020-03-23 00:00:00,tx,Take 5 Department 178,San Antonio,2,,
warn-7476,2020-03-23 00:00:00,tx,Take 5 Department 180,San Antonio,5,,
warn-7477,2020-03-23 00:00:00,tx,Take 5 Department 181,San Antonio,10,,
warn-7478,2020-03-23 00:00:00,tx,Take 5 Department 182,San Antonio,5,,
warn-7479,2020-03-23 00:00:00,tx,Take 5 Department 200,Spring Branch,4,,
warn-7480,2020-03-23 00:00:00,tx,Take 5 Department 519,Odessa,9,,
warn-7481,2020-03-23 00:00:00,tx,Take 5 Department 514,Big Spring,4,,
warn-7482,2020-03-23 00:00:00,tx,Take 5 Department 515,Midland,5,,
warn-7483,2020-03-23 00:00:00,tx,Take 5 Department 516,Midland,7,,
warn-7484,2020-03-23 00:00:00,tx,Take 5 Department 517,Midland,6,,
warn-7485,2020-03-23 00:00:00,tx,Take 5 Department 518,Odessa,5,,
warn-7486,2020-03-23 00:00:00,tx,Take 5 Department 59,Dallas,5,,
warn-7487,2020-03-23 00:00:00,tx,Take 5 Department 520,Canyon,5,,
warn-7488,2020-03-23 00:00:00,tx,Take 5 Department 521,Hereford,4,,
warn-7489,2020-03-23 00:00:00,tx,Take 5 Department 522,Lubbock,6,,
warn-7490,2020-03-23 00:00:00,tx,Take 5 Department 523,Plainview,4,,
warn-7491,2020-03-23 00:00:00,tx,Take 5 Department 524,Abilene,6,,
warn-7492,2020-03-23 00:00:00,tx,Take 5 Department 525,Lubbock,3,,
warn-7493,2020-03-23 00:00:00,tx,Take 5 Department 526,Lubbock,4,,
warn-7494,2020-03-23 00:00:00,tx,Take 5 Department 529,Lubbock,4,,
warn-7495,2020-03-23 00:00:00,tx,Take 5 Department 552,Baytown,6,,
warn-13340,2020-03-23,wa,Leafly Holdings Inc,Seattle,71,,
warn-13341,2020-03-23,wa,"Westport, LLC","Westport, Port Angeles, Seattle",335,,
warn-13342,2020-03-23,wa,Edgewater Hotel,Seattle,227,,
warn-7496,2020-03-22 00:00:00,tx,Vacation Publications dba Vacations To,Houston,325,,
warn-7497,2020-03-22 00:00:00,tx,CBC Restaurant Corp. dba Corner Bakery Café,Dallas,67,,
warn-7498,2020-03-21 00:00:00,tx,Wyndham San Antonio Riverwalk,San Antonio,141,,
warn-7499,2020-03-21 00:00:00,tx,Embassy Suites-San Antonio,San Antonio,41,,
warn-7500,2020-03-21 00:00:00,tx,Marriott Dallas Addison Quorum by the Galleria,Dallas,79,,
warn-7501,2020-03-21 00:00:00,tx,Marriott Odessa Hotel,Odessa,127,,
warn-7502,2020-03-21 00:00:00,tx,Austin Hotel and Residences,Austin,210,,
warn-7503,2020-03-20 00:00:00,tx,Warwick Melrose Hotel,Dallas,113,,
warn-7504,2020-03-20 00:00:00,tx,Sheraton Ft. Worth,Ft. Worth,164,,
warn-7505,2020-03-20 00:00:00,tx,Virgin Hotels Dallas,Dallas,199,,
warn-7506,2020-03-20 00:00:00,tx,FTS International Services-Odessa,Odessa,207,,
warn-7507,2020-03-20 00:00:00,tx,Sydell Hotels LLC,Austin,181,,
warn-7508,2020-03-20 00:00:00,tx,Hilton Lincoln Center,Dallas,97,,
warn-7509,2020-03-20 00:00:00,tx,Tapatio Springs Resort,Boerne,58,,
warn-7510,2020-03-20 00:00:00,tx,Sport Clips,Georgetown,66,,
warn-7511,2020-03-20 00:00:00,tx,Benchmark Hospitality of Corpus Christi,Corpus Ch,115,,
warn-7512,2020-03-20 00:00:00,tx,SA Burger,San Marcos,5,,
warn-7513,2020-03-20 00:00:00,tx,Rio Plaza,San Antonio,3,,
warn-7514,2020-03-20 00:00:00,tx,Mule Restaurant Group,San Antonio,147,,
warn-7515,2020-03-20 00:00:00,tx,Four Seasons Hotel-Austin,Austin,369,,
warn-7516,2020-03-20 00:00:00,tx,Hilton-Arlington,Arlington,83,,
warn-13343,2020-03-20,wa,"Feast Restaurants, LLC","Wenatchee, Spokane, Sunnyside",147,,
warn-13344,2020-03-20,wa,Service Linen,Renton,106,,
warn-13345,2020-03-20,wa,Harbor Foodservice of Seattle LLC,Kent,200,,
warn-7517,2020-03-19 00:00:00,tx,Marriott Austin South,Austin,69,,
warn-7518,2020-03-19 00:00:00,tx,El Fenix,Dallas,70,,
warn-7519,2020-03-19 00:00:00,tx,Apache Corp.-Midland,Midland,85,,
warn-7520,2020-03-19 00:00:00,tx,Punch Bowl Social,Dallas,93,,
warn-7521,2020-03-19 00:00:00,tx,Punch Bowl Social-Domain,Austin,92,,
warn-7522,2020-03-19 00:00:00,tx,Tenaris-IPSCO Koppel Tubulars,Baytown,223,,
warn-7523,2020-03-19 00:00:00,tx,Texas Central School Bus,Keller,309,,
warn-7524,2020-03-19 00:00:00,tx,Sheraton Suites Market Center,Dallas,56,,
warn-7525,2020-03-19 00:00:00,tx,Punch Bowl Social-Congress,Austin,130,,
warn-7526,2020-03-19 00:00:00,tx,FTS International Services-Pleasnton,Pleasanton,207,,
warn-7527,2020-03-19 00:00:00,tx,Uncle Julio's-Dallas,Dallas,82,,
warn-13346,2020-03-19,wa,Crowne Plaza,Seattle,70,,
warn-7528,2020-03-18 00:00:00,tx,Haliburton Energy Services-N. Sam Houston,Houston,3500,,
warn-13347,2020-03-18,wa,Schwartz Brothers Restaurants,"Seattle, Bellevue",297,,
warn-13348,2020-03-18,wa,"Elmer's Restaurants, Inc","Vancouver, Tacoma, Poulsbo",83,,
warn-7529,2020-03-17 00:00:00,tx,FTS International Services,Ft. Worth,35,,
warn-7530,2020-03-17 00:00:00,tx,Four Seasons Resort,Irving,100,,
warn-7531,2020-03-17 00:00:00,tx,Ra Sushi Addison Corp,Addison,36,,
warn-7532,2020-03-16 00:00:00,tx,Schulte Companies-NE Loop 410,San Antonio,27,,
warn-7533,2020-03-16 00:00:00,tx,Alamo Drafthouse-Katy,Katy,121,,
warn-7534,2020-03-16 00:00:00,tx,Alamo Drafthouse-Lubbock,Lubbock,121,,
warn-7535,2020-03-16 00:00:00,tx,Pappadeaux Seafood Kitchen 04,Houston,100,,
warn-7536,2020-03-16 00:00:00,tx,Aramark Educational Services of TX,San Antonio,420,,
warn-7537,2020-03-16 00:00:00,tx,Alamo Drafthouse - El Paso,El Paso,116,,
warn-7538,2020-03-13 00:00:00,tx,"Hohmann & Barnard, Inc.",Fort Worth,13,,
warn-7539,2020-03-13 00:00:00,tx,M&M Manufacturing,Fort Worth,43,,
warn-13349,2020-03-13,wa,Amentum,Whidbey Island,13,,
warn-7540,2020-03-10 00:00:00,tx,SXSW,Austin,60,,
warn-7541,2020-03-09 00:00:00,tx,"Cargo Leasing Services, LLC",San Antonio,60,,
warn-7542,2020-03-06 00:00:00,tx,"Aryzta, LLC",Austin,95,,
warn-7543,2020-03-05 00:00:00,tx,Concentrix CVG,Laredo,135,,
warn-13350,2020-03-05,wa,Oakwood Worldwide (US) LP,Tukwila,8,,
warn-13351,2020-03-04,wa,"Compass Airlines, LLC","Seattle, WA",197,,
warn-7544,2020-03-03 00:00:00,tx,USAA - San Antonio,San Antonio,26,,
warn-7545,2020-02-28 00:00:00,tx,"NortonLifeLock, Inc.",Plano,2,,
warn-13352,2020-02-27,wa,"Expedia, Inc.","Seattle, Bellevue",442,,
warn-7546,2020-02-26 00:00:00,tx,Windhaven Insurance-Dallas,Dallas,96,,
warn-7547,2020-02-25 00:00:00,tx,TPC Group's,Port Neches,100,,
warn-7548,2020-02-25 00:00:00,tx,Bellaire Medical Center-Cornerstone Specialty Hospitals,Houston,126,,
warn-7549,2020-02-25 00:00:00,tx,King's Manor Methodist Retirement System-Westgate Nursing Home,Hereford,70,,
warn-7550,2020-02-25 00:00:00,tx,Windhaven Insurance-Austin,Austin,35,,
warn-13353,2020-02-25,wa,Saalex Solutions Inc,Keyport,59,,
warn-13354,2020-02-24,wa,Dash Delivery LLC,King and Snohomish Counties,106,,
warn-7551,2020-02-21 00:00:00,tx,Blue Apron- Arlington,Arlington,254,,
warn-7552,2020-02-19 00:00:00,tx,AmerisourceBergen-PharMedium Healthcare,Sugar Land,365,,
warn-7553,2020-02-18 00:00:00,tx,"Alta Mesa Services, LP",Houston,91,,
warn-13355,2020-02-18,wa,"Transportation Brokerage Specialists, Inc","King, Pierce, and Snohomish Counties",230,,
warn-13356,2020-02-14,wa,Delivery Force,King and Snohomish Counties,272,,
warn-7554,2020-02-12 00:00:00,tx,Railcrew Xpress-RCX Logistics-Austin,Austin,88,,
warn-7555,2020-02-12 00:00:00,tx,XPO Logistics-Ft Worth,Ft. Worth,304,,
warn-7556,2020-02-12 00:00:00,tx,Railcrew Express-RCX Logistics,Houston,110,,
warn-7557,2020-02-05 00:00:00,tx,Watson Grinding and Manufacturing,Houston,88,,
warn-7558,2020-02-04 00:00:00,tx,Transform SR LLC #01377-and #06222 Formally Sears,Houston,77,,
warn-13357,2020-02-04,wa,Senior Aerospace AMT,Arlington,72,,
warn-13358,2020-02-04,wa,Dynacraft,Algona,140,,
warn-7559,2020-02-03 00:00:00,tx,Waitr and Bite Squad,Beaumont,219,,
warn-7560,2020-01-31 00:00:00,tx,TTEC - Ennis,Ennis,50,,
warn-7561,2020-01-31 00:00:00,tx,Gulf Stream Marine - Industrial Terminal Facility,Houston,210,,
warn-4336,2020-01-30 00:00:00,il,,Aurora,72,Plant Closure,
warn-7562,2020-01-30 00:00:00,tx,Coca Cola-Southwest Beverages-Nacogdoches,Nacogdoches,74,,
warn-7563,2020-01-29 00:00:00,tx,"Sheridan Production Company, LLC",Andrews,116,,
warn-13359,2020-01-29,wa,Oakwood Worldwide (US) LP,Tukwila,8,,
warn-7564,2020-01-28 00:00:00,tx,At Home with Shanel,Plano,1,,
warn-7565,2020-01-27 00:00:00,tx,Sheridan Production Co.-Houston,Houston,130,,
warn-4181,2020-01-24 18:00:00,il,,Mattoon,796,Plant Closure,
warn-14,2020-01-21 00:00:00,il,,Skokie,149,Plant Closure,
warn-7566,2020-01-21 00:00:00,tx,Concentrix CVG CORP,Longview,127,,
warn-13360,2020-01-21,wa,Comcast,Puyallup,52,,
warn-13361,2020-01-17,wa,AECOM,Pacific Beach and Whidbey Island,11,,
warn-7567,2020-01-15 00:00:00,tx,Comcast-Technician Logistics Center,Houston,58,,
warn-7568,2020-01-15 00:00:00,tx,Belk-Dallas Galleria,Dallas,68,,
warn-7569,2020-01-15 00:00:00,tx,Kindred Hospital Spring,Houston,160,,
warn-7570,2020-01-15 00:00:00,tx,Kindred Hospital-Ft. Worth,Ft. Worth,180,,
warn-7571,2020-01-15 00:00:00,tx,Kindred Hospital-Dallas,Dallas,201,,
warn-7572,2020-01-13 00:00:00,tx,Fluor - Glen Rose,Glen Rose,70,,
warn-7573,2020-01-08 00:00:00,tx,Kindred Hospital-Bay Area,Pasadena,137,,
warn-7574,2020-01-08 00:00:00,tx,Kindred Hospital-Tomball,Tomball,147,,
warn-7575,2020-01-08 00:00:00,tx,Triumph Hospital - The Heights,Houston,138,,
warn-13362,2020-01-08,wa,Astria Regional Medical Center,Yakima,463,,
warn-13363,2020-01-08,wa,"Zume, Inc",Seattle,78,,
warn-7576,2020-01-06 00:00:00,tx,Apache Corp-San Antonio,San Antonio,272,,
warn-7577,2020-01-06 00:00:00,tx,"Valerus Field Solutions, LP",Sealy,250,,
warn-13364,2020-01-06,wa,Macy's,Burlington,114,,
warn-7578,2020-01-03 00:00:00,tx,"Fleetwood Transportation Services, Inc.& Fleetwood Logistics",Burke,49,,
warn-13365,2019-12-31,wa,Seattle Times - North Creek,Bothell,42,,
warn-13366,2019-12-30,wa,"Northwestern Industries, Inc",Seattle,133,,
warn-13367,2019-12-30,wa,"VICIS, Inc",Seattle,84,,
warn-13368,2019-12-17,wa,Macy's,Seattle,236,,
warn-13369,2019-12-17,wa,"Vanguard Int'l Group, dba Pride Packing Co LLC",Wapato,201,,
warn-13370,2019-11-22,wa,CEVA Logistics,Auburn,13,,
warn-18,2019-11-19 06:00:00,il,,Lincolnshire,2000,Plant Closure,
warn-13371,2019-11-18,wa,Honeywell Aerospace,Renton,82,,
warn-13372,2019-11-07,wa,Ida Culver House Broadview,Seattle,148,,
warn-13373,2019-11-06,wa,"Merchant e-Solutions, Inc",Spokane Valley,71,,
warn-13374,2019-11-04,wa,CXT / LB Foster Company,Spokane,77,,
warn-13375,2019-10-29,wa,Clarisonic (aka Pacific Bioscience Laboratories and Pacific Bioscience Laboratories Products Inc),Redmond,92,,
warn-13376,2019-10-29,wa,"MV Transportation, Inc",Spokane Valley,59,,
warn-13377,2019-10-29,wa,Oakwood Worldwide (US) LP,Tukwila,7,,
warn-4064,2019-10-28 17:00:00,il,,St. Charles,78,Plant Closure,
warn-13378,2019-10-23,wa,Backflip Studios,Renton,1,,
warn-13379,2019-10-23,wa,Applus Technologies Inc,Statewide,118,,
warn-13380,2019-10-15,wa,School Specialty Inc / Premier Agendas LLC,Bellingham,40,,
warn-13381,2019-10-11,wa,Zirkle Fruit Company,Prosser,164,,
warn-13382,2019-10-10,wa,Katerra,Seattle,58,,
warn-13383,2019-10-07,wa,FleetPride,Tacoma,7,,
warn-13384,2019-10-03,wa,Wyndham Vacation Clubs,Redmond,103,,
warn-13385,2019-09-30,wa,CHI Franciscan Health,Burien,86,,
warn-12674,2019-09-26 00:00:00,tx,Finisar Corporation,Allen,104,,
warn-12675,2019-09-26 00:00:00,tx,Nobilis Health Corp.-Sugarland,Sugar Land,36,,
warn-12673,2019-09-20 00:00:00,tx,Nobilis Health Corp.,Houston,9,,
warn-12672,2019-09-16 00:00:00,tx,Nestle USA-Supply Chain Frozen DSD,Houston,51,,
warn-13386,2019-09-16,wa,Trident Seafoods Corporation,Seattle,63,,
warn-13387,2019-09-13,wa,Food Services of America,Kent,200,,
warn-4124,2019-09-12 00:00:00,il,,Mendota,473,Plant Closure,
warn-12670,2019-09-12 00:00:00,tx,State Street Financial Services-Alterra Pkwy,Austin,51,,
warn-12671,2019-09-12 00:00:00,tx,"State Street Financial Services, Inc",Austin,9,,
warn-13388,2019-09-12,wa,Northwest Hardwoods,Mount Vernon,66,,
warn-13389,2019-09-11,wa,Univar Solutions,Redmond,65,,
warn-13390,2019-09-11,wa,Premier XD,Everett,99,,
warn-13391,2019-09-11,wa,Premier XD,Everett,7,,
warn-12669,2019-09-10 00:00:00,tx,Concentrix CVG CORP,Longview,177,,
warn-12666,2019-09-05 00:00:00,tx,"O-I (Owens-Illinois, Inc./Owens-Brockway Glass Container, Inc.)",Waco,81,,
warn-12664,2019-09-03 00:00:00,tx,El Rio Grande Facility,Garland,116,,
warn-13392,2019-09-03,wa,"Transdev Services, Inc",Kent,340,,
warn-12665,2019-08-30 00:00:00,tx,New LifeCare Management Services dba LifeCare Health Partners,Plano,13,,
warn-12662,2019-08-29 00:00:00,tx,Sears Holdings-Unit 4446,Dallas,86,,
warn-12667,2019-08-29 00:00:00,tx,MetLife-(Regent),Irving,79,,
warn-13393,2019-08-29,wa,Brinderson,Anacortes,61,,
warn-12661,2019-08-28 00:00:00,tx,AECOM-FlInt Energy Services-Odesssa,Odessa,107,,
warn-12660,2019-08-27 00:00:00,tx,AECOM-Flint Energy Services Inc.-Pecos,Pecos,88,,
warn-12657,2019-08-26 00:00:00,tx,TTEC Healthcare Solutions,Temple,271,,
warn-12659,2019-08-26 00:00:00,tx,"Tri-Point Oil & Gas Production, LLC",Kountze,66,,
warn-12656,2019-08-23 00:00:00,tx,Nix Home Care Facility,San Antonio,585,,
warn-13394,2019-08-22,wa,First Transit,Seattle,86,,
warn-12654,2019-08-21 00:00:00,tx,United Structures of America,Houston,73,,
warn-12658,2019-08-21 00:00:00,tx,"Epic Companies, LLC",Houston,8,,
warn-12651,2019-08-16 00:00:00,tx,Welocalize,Houston,100,,
warn-12652,2019-08-16 00:00:00,tx,Teleperformance USA-Dallas,Dallas,44,,
warn-12655,2019-08-16 00:00:00,tx,Siemens Energy Inc-Houston Service Center,Houston,18,,
warn-13395,2019-08-16,wa,Zirkle Fruit Company,Prosser,95,,
warn-13396,2019-08-16,wa,Nestle,Kent,67,,
warn-12653,2019-08-14 00:00:00,tx,"SpiceWorks, Inc.",Austin,59,,
warn-13397,2019-08-14,wa,Conifer,Tacoma,169,,
warn-12648,2019-08-09 00:00:00,tx,Centrica,Houston,23,,
warn-12642,2019-08-08 00:00:00,tx,UPS General Services Co.,Coppell,64,,
warn-13398,2019-08-06,wa,Seneca Foods Corporation,Yakima,300,,
warn-12663,2019-08-04 00:00:00,tx,"GLI, Inc. dba GLI Distributing, LLC",San Antonio,184,,
warn-13399,2019-08-02,wa,United Natural Foods/SUPERVALU,Tacoma,280,,
warn-12640,2019-08-01 00:00:00,tx,DHL,Houston,105,,
warn-12641,2019-08-01 00:00:00,tx,Centrica,Houston,20,,
warn-13400,2019-07-31,wa,AECOM,Pacific Beach and Whidbey Island,10,,
warn-12637,2019-07-30 00:00:00,tx,Anjinomoto Foods - Fort Worth Facility,Fort Worth,117,,
warn-12638,2019-07-30 00:00:00,tx,Southwest Key Programs-Conroe,Conroe,197,,
warn-12639,2019-07-30 00:00:00,tx,"MV Transportation, Inc-Dallas",Dallas,129,,
warn-12643,2019-07-30 00:00:00,tx,Dynamic Workforce Solutions-Athens,Athens,13,,
warn-12644,2019-07-30 00:00:00,tx,Dynamic Workforce Solutions-Henderson,Henderson,4,,
warn-12645,2019-07-30 00:00:00,tx,Dynamic Workforce Solutions-Longview,Longview,34,,
warn-12646,2019-07-30 00:00:00,tx,Dynamic Workforce Solutions-Jacksonville,Jacksonville,2,,
warn-12647,2019-07-30 00:00:00,tx,Dynamic Workforce Solutions-Marshall,Marshall,4,,
warn-12649,2019-07-30 00:00:00,tx,Dynamic Workforce Solutions-Tyler,Tyler,28,,
warn-12650,2019-07-30 00:00:00,tx,Dynamic Workforce Solutions-Palestine,Palestine,3,,
warn-13401,2019-07-30,wa,HMS Host,SeaTac,21,,
warn-12635,2019-07-29 00:00:00,tx,Nix Hospital,San Antonio,585,,
warn-12636,2019-07-29 00:00:00,tx,"True Health Diagnostics, LLC",Frisco,16,,
warn-12634,2019-07-24 00:00:00,tx,Siemens Energy Inc-Houston Service Center,Houston,10,,
warn-13402,2019-07-23,wa,Futurewei,Bellevue,41,,
warn-13403,2019-07-23,wa,Salvation Army,Seattle,58,,
warn-12630,2019-07-22 00:00:00,tx,FutureWei-Plano Facility,Plano,38,,
warn-12631,2019-07-22 00:00:00,tx,Swissport-Spirit,Houston,134,,
warn-12632,2019-07-22 00:00:00,tx,Centrica,Houston,54,,
warn-12633,2019-07-22 00:00:00,tx,Boeing - El Paso,El Paso,2,,
warn-13404,2019-07-16,wa,Sky Chefs,Seattle,49,,
warn-13405,2019-07-16,wa,"REC Silicon, Inc.",Moses Lake,100,,
warn-13406,2019-07-15,wa,United Natural Foods/SUPERVALU,Auburn,116,,
warn-12625,2019-07-12 00:00:00,tx,Charming Charlie-Houston,Houston,271,,
warn-12626,2019-07-12 00:00:00,tx,"NTT Data, Inc.-N Lake Creek",Austin,1,,
warn-12624,2019-07-11 00:00:00,tx,"KMCO, LLC",Crosby,70,,
warn-12621,2019-07-09 00:00:00,tx,Tramontina USA,Sugar Land,108,,
warn-12622,2019-07-08 00:00:00,tx,"NTT Data, Inc.-11th St.",Austin,1,,
warn-12623,2019-07-08 00:00:00,tx,"NTT Data, Inc.-S. Mopac",Austin,50,,
warn-12627,2019-07-08 00:00:00,tx,"NTT Data, Inc.-Jackson Ave.",Austin,97,,
warn-12628,2019-07-08 00:00:00,tx,"NTT Data, Inc.-N IH 35",Austin,1,,
warn-12629,2019-07-08 00:00:00,tx,"NTT Data, Inc.-Riverside Dr.",Austin,3,,
warn-13407,2019-07-03,wa,Community Psychiatric Clinic,Seattle,26,,
warn-12619,2019-07-02 00:00:00,tx,BGIS-San Antonio Data Center,San Antonio,45,,
warn-12620,2019-07-02 00:00:00,tx,Aramark-Hendricks Medical Center,Abilene,121,,
warn-13408,2019-06-28,wa,Keiro Northwest,Seattle,259,,
warn-12617,2019-06-27 00:00:00,tx,Aramark-University of Houston,Houston,58,,
warn-13409,2019-06-26,wa,Capital One,Seattle,146,,
warn-12616,2019-06-25 00:00:00,tx,Sodexo-Northwest Texas Hospital,Amarillo,95,,
warn-10,2019-06-24 00:00:00,il,,Chicago,166,Plant Closure,
warn-12614,2019-06-21 00:00:00,tx,Albertsons #3933,El Paso,90,,
warn-12618,2019-06-21 00:00:00,tx,Boeing - El Paso,El Paso,3,,
warn-13410,2019-06-21,wa,Whole Foods Market,Vancouver,121,,
warn-12613,2019-06-14 00:00:00,tx,Siemens Energy Inc-Houston Service Center,Houston,14,,
warn-13411,2019-06-13,wa,Kindred Hospital,Seattle,166,,
warn-4097,2019-06-11 00:00:00,il,13: IL,Elgin,149,Mass Layoff,
warn-12611,2019-06-10 00:00:00,tx,Syngenta Crop Protection LLC-GBB Facility,Houston,135,,
warn-13412,2019-06-10,wa,Nordstrom,Seattle,167,,
warn-12609,2019-06-04 00:00:00,tx,"Aprima Medical Software, Inc. an eMD's Co.",Richardson,19,,
warn-12610,2019-06-04 00:00:00,tx,Christus St Mary Hospital,Port Arthur,199,,
warn-12612,2019-06-04 00:00:00,tx,DSV Solutions,Los Indios,,,
warn-12668,2019-06-03 00:00:00,tx,Christus St Mary Hospital,Port Arthur,150,,
warn-13413,2019-06-03,wa,Ostrom's Mushroom Farms,Olympia,239,,
warn-12608,2019-05-31 00:00:00,tx,Hard Rock Café International,Dallas,27,,
warn-13414,2019-05-30,wa,Teck,Metaline Falls,210,,
warn-12606,2019-05-29 00:00:00,tx,AdvoCare,Plano,31,,
warn-12607,2019-05-29 00:00:00,tx,AdvoCare-Richardson,Richardson,39,,
warn-13415,2019-05-28,wa,Macy's,Seattle,134,,
warn-13416,2019-05-28,wa,"Security Industry Specialists, Inc.",Seattle,1066,,
warn-12605,2019-05-24 00:00:00,tx,Holiday Inn-San Antonio,San Antonio,61,,
warn-12604,2019-05-23 00:00:00,tx,Vesuvius USA-Tyler,Tyler,30,,
warn-12601,2019-05-21 00:00:00,tx,"Allgoods, LLC-Arlington",Arlington,12,,
warn-12602,2019-05-21 00:00:00,tx,"Allgoods, LLC-Grand Prairie",Grand Prairie,21,,
warn-12603,2019-05-21 00:00:00,tx,"Allgoods, LLC-Ft. Worth",Ft. Worth,37,,
warn-12600,2019-05-20 00:00:00,tx,Pine Creek Medical Center,Dallas,113,,
warn-9,2019-05-16 00:00:00,il,,Franklin Park,75,Plant Closure,
warn-12597,2019-05-13 00:00:00,tx,"Dolce International Fort Worth, Inc.-American Airlines Training Ctr.",Ft. Worth,56,,
warn-12598,2019-05-13 00:00:00,tx,"United Airlines, Inc.-Passanger Revenue Accounting",Houston,100,,
warn-12615,2019-05-10 00:00:00,tx,Siemens Energy Inc-Houston Service Center,Houston,21,,
warn-4105,2019-05-08 00:00:00,il,,Galena,53,Layoff,
warn-12596,2019-05-08 00:00:00,tx,Product & Logistics-Monahans,Monahans,124,,
warn-12595,2019-05-01 00:00:00,tx,Mitratech Holdings,Austin,83,,
warn-12599,2019-05-01 00:00:00,tx,Durham School Services-Pflugerville,Pflugerville,157,,
warn-12591,2019-04-29 00:00:00,tx,"Wise Foods, Inc.",Ft. Worth,80,,
warn-12592,2019-04-29 00:00:00,tx,"Wise Foods, Inc.-Railhouse Rd.",Ft. Worth,10,,
warn-12593,2019-04-27 00:00:00,tx,Falcon Transport Co.,Hutchins,19,,
warn-12594,2019-04-27 00:00:00,tx,Falcon Transport Co.-Cedar Hill,Cedar Hill,12,,
warn-12589,2019-04-25 00:00:00,tx,United Services Automobile Association (USAA),San Antonio,54,,
warn-12586,2019-04-24 00:00:00,tx,"P3I, Inc.",Lackland AFB,85,,
warn-12587,2019-04-24 00:00:00,tx,Boeing - El Paso,El Paso,2,,
warn-12585,2019-04-23 00:00:00,tx,First Transit-Transit Management of Denton Co.,Denton,160,,
warn-12590,2019-04-22 00:00:00,tx,Ocwen Financial Corp.-Addison,Addison,29,,
warn-12588,2019-04-18 00:00:00,tx,Vesuvius USA-Tyler,Tyler,9,,
warn-13417,2019-04-16,wa,idX West,Puyallup,61,,
warn-12584,2019-04-09 00:00:00,tx,"Alta Mesa Services, LP",Houston,13,,
warn-12582,2019-04-08 00:00:00,tx,Volt Management Corp.,San Antonio,42,,
warn-12583,2019-04-08 00:00:00,tx,Kohler Co.,Brownwood,223,,
warn-12575,2019-04-05 00:00:00,tx,Aramark-Amon Carter Blvd,Ft. Worth,19,,
warn-12576,2019-04-05 00:00:00,tx,Aramark-John Carpenter Fwy,Irving,3,,
warn-12577,2019-04-05 00:00:00,tx,Aramark-Highway 360,Ft. Worth,12,,
warn-12578,2019-04-05 00:00:00,tx,Aramark-American Airlines,Ft. Worth,70,,
warn-12579,2019-04-05 00:00:00,tx,Aramark-American Blvd,Ft. Worth,6,,
warn-12580,2019-04-05 00:00:00,tx,Aramark-Airport Frwy,Ft. Worth,10,,
warn-12573,2019-04-04 00:00:00,tx,Sitel-Amarillo,Amarillo,327,,
warn-12574,2019-04-04 00:00:00,tx,La Torretta Lake Resort,Montgomery,241,,
warn-12572,2019-04-03 00:00:00,tx,Walmart #949,Dallas,415,,
warn-13418,2019-04-03,wa,McKesson,Everett,67,,
warn-12571,2019-04-02 00:00:00,tx,Ware Industries dba Marino Ware-Norbet Trucking,Pasadena,69,,
warn-12581,2019-04-02 00:00:00,tx,CDI HS- Multiple Locations,Weatherford,249,,
warn-12570,2019-04-01 00:00:00,tx,Signet Jewelers-Rombaur Rd.,Dallas,58,,
warn-12568,2019-03-29 00:00:00,tx,Yodle.com- Yodle Web.com,Austin,10,,
warn-12569,2019-03-29 00:00:00,tx,"Legacy Measurement Solutions, Inc.",Tyler,59,,
warn-13419,2019-03-29,wa,Web.com,Spokane,64,,
warn-12566,2019-03-28 00:00:00,tx,Hart-Hanks-Texarkana,Texarkana,73,,
warn-12567,2019-03-28 00:00:00,tx,"Teleperformance USA-FHCS, Inc.",Dallas,390,,
warn-12564,2019-03-26 00:00:00,tx,Avella Specialty Pharmacy,Houston,161,,
warn-12565,2019-03-26 00:00:00,tx,Avella Specialty Pharmacy-Bissonet,Houston,1,,
warn-12562,2019-03-25 00:00:00,tx,Signet Jewelers-Dallas,Dallas,122,,
warn-13420,2019-03-25,wa,Walmart,"Vancouver, Washington",80,,
warn-12560,2019-03-19 00:00:00,tx,XPO Logistics,Dallas,92,,
warn-12559,2019-03-18 00:00:00,tx,JP Morgan Chase & Co-Consumer Banking & Card,Arlington,368,,
warn-12561,2019-03-18 00:00:00,tx,Cypress Fairbanks Medical Center,Houston,586,,
warn-12563,2019-03-18 00:00:00,tx,DriveTime Automotive Group,San Antonio,55,,
warn-13421,2019-03-08,wa,"ABM Aviation, Inc.",SeaTac,176,,
warn-12556,2019-03-07 00:00:00,tx,"Aprima Medical Software, Inc. an eMD's Co.",Richardson,149,,
warn-12557,2019-03-07 00:00:00,tx,General Inoformation Services dba HireRight,Dallas,76,,
warn-12558,2019-03-07 00:00:00,tx,"Verizon Connect, Inc.",Austin,133,,
warn-12555,2019-03-05 00:00:00,tx,CHI St. Joseph Health- Bellville Hospital,Bellville,45,,
warn-13422,2019-03-05,wa,Brooks,Sumner,67,,
warn-12553,2019-03-04 00:00:00,tx,Magni-Fab,Howe,24,,
warn-12554,2019-03-04 00:00:00,tx,Monogram Foods-Monogram Pet Treats,Schulenburg,65,,
warn-12551,2019-03-01 00:00:00,tx,"Natera, Inc.",Austin,99,,
warn-12552,2019-03-01 00:00:00,tx,Magni-Fab Southwest,Howe,5,,
warn-13423,2019-03-01,wa,JCPenney,Seattle,113,,
warn-12550,2019-02-27 00:00:00,tx,Petroleum Service Corp.,Mont Belvieu,151,,
warn-13424,2019-02-27,wa,Lowes,KIRKLAND,175,,
warn-12547,2019-02-25 00:00:00,tx,Post Acute Specialty Hospital-PAM Sepcialty Hosptial,Corpus Ch,65,,
warn-12548,2019-02-25 00:00:00,tx,"AmerisourceBergen-H.D. Smith, LLC",Flower Mound,17,,
warn-12549,2019-02-25 00:00:00,tx,Payless Shoesource-Dallas Corp. Office,Dallas,75,,
warn-13425,2019-02-25,wa,ArenaNet,Bellevue,143,,
warn-12542,2019-02-22 00:00:00,tx,Robert Allen Duralee Group-The RADGroup,Houston,8,,
warn-4068,2019-02-19 00:00:00,il,BALL FOSTER GLASS PACKAGING,Lincoln,150,Plant Closure,
warn-12541,2019-02-18 00:00:00,tx,Encana Service Company,The Woodlands,274,,
warn-12545,2019-02-15 00:00:00,tx,"Robert Allen Duralee Group, Inc.-The RADGroup",Dallas,8,,
warn-12540,2019-02-13 00:00:00,tx,Rosenberger N.A.,Plano,74,,
warn-12543,2019-02-13 00:00:00,tx,Spectrum Pharmaceuticals,Colleyville,1,,
warn-12538,2019-02-11 00:00:00,tx,VF Jeanswear - El Paso5,El Paso,25,,
warn-12539,2019-02-11 00:00:00,tx,Post Acute Specialty Hospital of Corpus Christi,Corpus Ch,162,,
warn-12537,2019-02-08 00:00:00,tx,"Alta Mesa Services, LP",Houston,58,,
warn-12544,2019-02-06 00:00:00,tx,"KCI USA, Inc.",San Antonio,210,,
warn-12546,2019-02-06 00:00:00,tx,KCI USA Inc. - Farion Pkwy,San Antonio,38,,
warn-13426,2019-02-06,wa,"Legacy Fruit Packers, LLC",Wapato,199,,
warn-13427,2019-02-06,wa,"Larson Orchard Management, Inc.",Selah,807,,
warn-13428,2019-02-06,wa,"Valley Fruit III, LLC",Wapato,1009,,
warn-12534,2019-02-04 00:00:00,tx,"Penske Logistics, LLC - Midland",Midland,65,,
warn-12536,2019-02-01 00:00:00,tx,Yodle.com- Yodle Web.com,Austin,155,,
warn-13429,2019-02-01,wa,HMS Host,SeaTac,202,,
warn-13430,2019-02-01,wa,JELD WEN,Yakima,179,,
warn-12531,2019-01-31 00:00:00,tx,Blue Apron- Arlington,Arlington,206,,
warn-12532,2019-01-31 00:00:00,tx,Kimberly Clark-Holeman Distribution,Paris,126,,
warn-12533,2019-01-31 00:00:00,tx,Children's Health System of Texas,Dallas,93,,
warn-12530,2019-01-29 00:00:00,tx,Boeing Company,Houston,6,,
warn-13431,2019-01-22,wa,Skagit Bank,Burlington,60,,
warn-12527,2019-01-18 00:00:00,tx,Sears Fashion Distribution Center2,Garland,84,,
warn-12528,2019-01-18 00:00:00,tx,"Sodexo, Inc.-AA Admirals Club",DFW Airport,105,,
warn-12535,2019-01-18 00:00:00,tx,"U.S. Xpress, Inc.",Laredo,20,,
warn-12526,2019-01-15 00:00:00,tx,AllianceOne Receivables Management,Dallas,236,,
warn-12525,2019-01-11 00:00:00,tx,Kohl's-Dallas,Dallas,330,,
warn-12529,2019-01-10 00:00:00,tx,Chariot Transit Inc.,Austin,79,,
warn-12524,2019-01-09 00:00:00,tx,R1 RCM Inc.,Austin,63,,
warn-12523,2019-01-07 00:00:00,tx,Pier 1 Imports-Mansfield,Mansfield,65,,
warn-12522,2019-01-04 00:00:00,tx,Nestle USA,Fort Worth,42,,
warn-12521,2018-12-27 00:00:00,tx,Boeing Company,Houston,1,,
warn-13432,2018-12-21,wa,Julep Beauty,"Seattle, Bellevue",102,,
warn-13433,2018-12-18,wa,Employee Transportation Services,Everett and Renton,75,,
warn-12520,2018-12-13 00:00:00,tx,Wildhorse Resource Development Corp.,Houston,94,,
warn-12519,2018-12-11 00:00:00,tx,Tandem Hospital Partners,Houston,62,,
warn-8,2018-12-06 00:00:00,il,,Elk Grove Village,101,Plant Closure,
warn-13434,2018-12-06,wa,Thomson Reuters,Bellevue,58,,
warn-12512,2018-12-05 00:00:00,tx,Rockdale Family Care Center,Rockdale,45,,
warn-12493,2018-12-03 00:00:00,tx,Little River Healthcare-gastroenterology,Round Rock,3,,
warn-12494,2018-12-03 00:00:00,tx,Central Texas Urology,Waco,33,,
warn-12495,2018-12-03 00:00:00,tx,Rockdale Hospital,Rockdale,148,,
warn-12496,2018-12-03 00:00:00,tx,Georgetown Orthopedics,Georgetown,32,,
warn-12497,2018-12-03 00:00:00,tx,Temple Surgery Center,Temple,124,,
warn-12498,2018-12-03 00:00:00,tx,Georgetown Imaging,Georgetown,13,,
warn-12499,2018-12-03 00:00:00,tx,Waco Imaging,Waco,6,,
warn-12500,2018-12-03 00:00:00,tx,Cameron Hospital,Cameron,34,,
warn-12501,2018-12-03 00:00:00,tx,King's Daughters Clinic,Temple,4,,
warn-12502,2018-12-03 00:00:00,tx,Manager Group-Temple,Temple,20,,
warn-12503,2018-12-03 00:00:00,tx,Little River Healthcare Pharmacy,Temple,6,,
warn-12504,2018-12-03 00:00:00,tx,Manager Group-Austin,Austin,6,,
warn-12505,2018-12-03 00:00:00,tx,Meridian Surgery Center,Austin,2,,
warn-12506,2018-12-03 00:00:00,tx,Bergeson Spine Clinic,Georgetown,6,,
warn-12507,2018-12-03 00:00:00,tx,Killeen Clinic,Killeen,4,,
warn-12508,2018-12-03 00:00:00,tx,Rockdale Downtown Medical Clinic,Rockdale,45,,
warn-12509,2018-12-03 00:00:00,tx,Cameron Clinic,Cameron,7,,
warn-12510,2018-12-03 00:00:00,tx,Harker Heights Women's Center,Harker Heights,4,,
warn-12511,2018-12-03 00:00:00,tx,Petrobras America Inc.,Houston,121,,
warn-13435,2018-12-03,wa,Providence,Lacey,26,,
warn-12513,2018-11-30 00:00:00,tx,El Paso Specialty Hospital-Wound Care,El Paso,7,,
warn-12514,2018-11-30 00:00:00,tx,El Paso Specialty Hospital,El Paso,189,,
warn-12515,2018-11-30 00:00:00,tx,El Paso Specialty Physicians Group-Remcon,El Paso,14,,
warn-12516,2018-11-30 00:00:00,tx,El Paso Specialty Physicians Group-Murchison,El Paso,14,,
warn-12517,2018-11-30 00:00:00,tx,El Paso Specialty Physicians Group-Lee Trevino,El Paso,72,,
warn-12518,2018-11-30 00:00:00,tx,El Paso Specialty Physicians Group-Curie,El Paso,10,,
warn-13436,2018-11-29,wa,Tacoma News Tribune,Tacoma,67,,
warn-12492,2018-11-21 00:00:00,tx,Boeing - El Paso,El Paso,2,,
warn-12491,2018-11-19 00:00:00,tx,Comerica Inc.,Dallas,60,,
warn-12488,2018-11-13 00:00:00,tx,"Pioneer Natural Sands, LLC.-Brady Plant",Brady,219,,
warn-12481,2018-11-09 00:00:00,tx,Domtar Personal Care,Waco,135,,
warn-12487,2018-11-08 00:00:00,tx,"Product & Logistics Services, LLC.",Von Ormy,16,,
warn-12489,2018-11-08 00:00:00,tx,DAL Global Services-Austin-Bergstrom,Bergstrom AFB,165,,
warn-12490,2018-11-08 00:00:00,tx,Product & Logistics-Pleasantville,Pleasanton,172,,
warn-12484,2018-11-07 00:00:00,tx,Alorica,Beaumont,367,,
warn-12486,2018-11-06 00:00:00,tx,Covia,Voca,93,,
warn-12479,2018-11-05 00:00:00,tx,Boeing - El Paso,El Paso,1,,
warn-12485,2018-11-05 00:00:00,tx,"XLC Services, LLC",DeSoto,150,,
warn-12478,2018-11-02 00:00:00,tx,Savers,El Paso,94,,
warn-12476,2018-11-01 00:00:00,tx,Star Shuttle,San Antonio,200,,
warn-12477,2018-10-31 00:00:00,tx,Coca Cola-Southwest Beverages,Dallas,97,,
warn-13437,2018-10-31,wa,QualChoice Health Plan Services,Federal Way,164,,
warn-13438,2018-10-31,wa,ZymoGenetics,Seattle,63,,
warn-12475,2018-10-29 00:00:00,tx,"Neighbors Health, LLC.",Houston,56,,
warn-12480,2018-10-29 00:00:00,tx,Acme Brick-Round Rock,Round Rock,31,,
warn-12482,2018-10-29 00:00:00,tx,Acme Brick-Carrollton,Carrollton,42,,
warn-12483,2018-10-29 00:00:00,tx,Acme Brick Co.-Cedar Park,Cedar Park,31,,
warn-12474,2018-10-26 00:00:00,tx,Conduent,Houston,213,,
warn-12473,2018-10-25 00:00:00,tx,Siemens Energy Inc-Houston Service Center,Houston,200,,
warn-12471,2018-10-23 00:00:00,tx,Skinny IT,Frisco,8,,
warn-12470,2018-10-18 00:00:00,tx,Sears & Roebuck #01277 and #06409,San Antonio,89,,
warn-4023,2018-10-16 17:00:00,il,Caterpillar,Montgomery,400,Plant Closure,
warn-12469,2018-10-12 00:00:00,tx,3M-Research Blvd.,Austin,113,,
warn-12472,2018-10-09 00:00:00,tx,Alsco-Center Branch,Houston,145,,
warn-13439,2018-10-04,wa,"Twin City Foods, Inc.",Stanwood,65,,
warn-12466,2018-10-03 00:00:00,tx,Boeing - El Paso,El Paso,146,,
warn-12467,2018-10-02 00:00:00,tx,JP Morgan Chase & Co.-San Antonio,San Antonio,107,,
warn-4632,2018-09-27 00:00:00,il,Jet Aviation,Cahokia,99,Plant Closure,
warn-12465,2018-09-26 00:00:00,tx,Challenge Manufacturing-Lone Star Assembly Plant 6,Irving,89,,
warn-12464,2018-09-25 00:00:00,tx,Xome Realty Services,Lewisville,72,,
warn-13440,2018-09-21,wa,Vertafore,Bothell,53,,
warn-12462,2018-09-19 00:00:00,tx,Ambit Management LLC,Plano,92,,
warn-7,2018-09-17 00:00:00,il,,Des Plaines,298,Plant Closure,
warn-12463,2018-09-14 00:00:00,tx,Boeing Company,Houston,1,,
warn-12461,2018-09-13 00:00:00,tx,JP Morgan Chase & Co.,Houston,102,,
warn-12460,2018-09-12 00:00:00,tx,Walmart #5324,San Antonio,77,,
warn-3765,2018-09-07 05:00:00,il,Caterpillar,Joliet,285,Plant Closure,
warn-12458,2018-09-05 00:00:00,tx,LGSTX Distribution Services,DFW Airport,259,,
warn-12459,2018-09-05 00:00:00,tx,"Account Control Technology, Inc.-San Angelo",San Angelo,69,,
warn-13441,2018-09-05,wa,State Farm,Tacoma,269,,
warn-12455,2018-09-04 00:00:00,tx,Boon Group,Austin,81,,
warn-12456,2018-09-01 00:00:00,tx,"Tribune Broadcasting Company, LLC-KDAF",Dallas,68,,
warn-12457,2018-09-01 00:00:00,tx,Tribune Broadcasting Co. - KIAH,Houston,52,,
warn-12468,2018-08-30 00:00:00,tx,"Del Monte Foods, Inc.",Crystal City,63,,
warn-3997,2018-08-28 00:00:00,il,,Wauconda,128,Plant Closure,
warn-4056,2018-08-28 00:00:00,il,,Wauconda,33,Layoff,
warn-12454,2018-08-28 00:00:00,tx,Aramark Health Care Support Services-Laredo Medical Center,Laredo,56,,
warn-12452,2018-08-24 00:00:00,tx,Sears & Roebuck #01067,Houston,89,,
warn-12453,2018-08-24 00:00:00,tx,Sears Auto Center #06577,Houston,11,,
warn-12451,2018-08-20 00:00:00,tx,"ABM Aviation, Inc.",DFW Airport,600,,
warn-12446,2018-08-09 00:00:00,tx,XPO Logistics Supply Chain,Coppell,67,,
warn-12447,2018-08-09 00:00:00,tx,Williamson-Dickie,Uvalde,156,,
warn-12450,2018-08-09 00:00:00,tx,Alsco-Blankenship Branch,Houston,120,,
warn-12445,2018-08-01 00:00:00,tx,General Dynamics-CSRA,Fort Hood,77,,
warn-12449,2018-08-01 00:00:00,tx,Inserso-Global Services Center,San Antonio,67,,
warn-12444,2018-07-31 00:00:00,tx,Rexam Beverage Can,Longview,85,,
warn-12448,2018-07-31 00:00:00,tx,Argyle Security Group-,San Antonio,32,,
warn-12443,2018-07-30 00:00:00,tx,"MV Transportation, Inc.-Austin",Austin,234,,
warn-12441,2018-07-28 00:00:00,tx,"ATP2, LLC-Financial Service Center",Austin,188,,
warn-12439,2018-07-26 00:00:00,tx,Capital One-Plano,Plano,286,,
warn-12440,2018-07-26 00:00:00,tx,DaVita Rx,Coppell,869,,
warn-12442,2018-07-26 00:00:00,tx,"Atlassian, Inc.",Austin,101,,
warn-3983,2018-07-18 00:00:00,il,"SIEMENS MEDICAL SYSTEMS, INC.",Hoffman Estates,104,Plant Closure,
warn-12434,2018-07-12 00:00:00,tx,Wellbridge Healthcare Plano,Plano,96,,
warn-12435,2018-07-12 00:00:00,tx,Wellbridge Healthcare San Marcos,San Marcos,61,,
warn-12436,2018-07-12 00:00:00,tx,Wellbridge Healthcare Ft. Worth,Ft. Worth,77,,
warn-13442,2018-07-12,wa,Arvato,Yakima,168,,
warn-12432,2018-07-11 00:00:00,tx,Koontz-Wagner,Houston,52,,
warn-12438,2018-07-11 00:00:00,tx,XPO Logistics Worldwide dba XPO Logistics Supply Chain,Ft. Worth,69,,
warn-12433,2018-07-10 00:00:00,tx,"Ricoh USA, Inc.",Houston,28,,
warn-12437,2018-07-10 00:00:00,tx,"Ricoh USA, Inc.-Nortwest Freeway",Houston,3,,
warn-12430,2018-07-06 00:00:00,tx,Stamford Family Health Center,Stamford,54,,
warn-12431,2018-07-06 00:00:00,tx,Packers Sanitation Services- Don Miguels Facility,Dallas,115,,
warn-12429,2018-06-20 00:00:00,tx,Walmart #474,Edna,88,,
warn-12428,2018-06-19 00:00:00,tx,Stamford Family Health Center,Stamford,29,,
warn-12425,2018-06-18 00:00:00,tx,"PPG Architectural Coatings Finishes, Inc.",Houston,52,,
warn-12426,2018-06-15 00:00:00,tx,"Account Control Technology, Inc.-San Angelo",San Angelo,72,,
warn-12427,2018-06-15 00:00:00,tx,"Account Control Technology, Inc.-Dallas",Dallas,100,,
warn-12424,2018-06-14 00:00:00,tx,"ECS Refining, Inc.",Mesquite,108,,
warn-12422,2018-06-06 00:00:00,tx,Baker Hughes-Schertz,Schertz,266,,
warn-13443,2018-06-01,wa,Conduent,Federal Way,304,,
warn-12423,2018-05-31 00:00:00,tx,Kmart-Laredo,Laredo,79,,
warn-12419,2018-05-29 00:00:00,tx,Zachary Engineering Corp.,Amarillo,100,,
warn-12420,2018-05-25 00:00:00,tx,TSI Corporation,Fort Hood,60,,
warn-12416,2018-05-24 00:00:00,tx,Shape Corp.,Garland,70,,
warn-13444,2018-05-24,wa,Wargaming (Seattle) Inc.,Redmond,155,,
warn-12418,2018-05-18 00:00:00,tx,Boeing Company,Houston,1,,
warn-12417,2018-05-17 00:00:00,tx,"Restoration Hardware, Inc.",Grand Prairie,123,,
warn-12414,2018-05-16 00:00:00,tx,College Station RHC Co. LLC,Brenham,88,,
warn-12415,2018-05-16 00:00:00,tx,College Station Medical Center,College Station,80,,
warn-12413,2018-05-15 00:00:00,tx,Acuity Hospital of South TX,San Antonio,137,,
warn-13445,2018-05-11,wa,Menzies Aviation,SeaTac,63,,
warn-12412,2018-05-10 00:00:00,tx,Bay Area Regional Medical Center,Webster,956,,
warn-12421,2018-05-10 00:00:00,tx,Horizons HR Services,Irving,120,,
warn-12411,2018-05-09 00:00:00,tx,XTO Energy Inc.,Ft. Worth,66,,
warn-12408,2018-05-07 00:00:00,tx,Trinity Steel Fabricators-Tomball,Tomball,158,,
warn-12409,2018-05-07 00:00:00,tx,Trinity Steel Fabricators-Corporate,Houston,20,,
warn-12407,2018-05-04 00:00:00,tx,"Genpact Mortgage Services, Inc.",Richardson,124,,
warn-12410,2018-05-04 00:00:00,tx,Aramark Campus Services-Texas Womans Univ.,Denton,110,,
warn-12405,2018-05-03 00:00:00,tx,KBR-Longview,Longview,229,,
warn-12406,2018-04-25 00:00:00,tx,Harman International,Richardson,17,,
warn-13446,2018-04-25,wa,Sears,Redmond,68,,
warn-12404,2018-04-23 00:00:00,tx,Paramedics Plus,Bellmead,91,,
warn-13447,2018-04-20,wa,Jorgensen Forge,Tukwila,101,,
warn-12401,2018-04-18 00:00:00,tx,Arjo - Wetmore Rd,San Antonio,54,,
warn-12402,2018-04-18 00:00:00,tx,Boyd's Coffee,Houston,8,,
warn-12403,2018-04-17 00:00:00,tx,NRG Energy,Houston,8,,
warn-12400,2018-04-16 00:00:00,tx,Atlantic Coffee Solutions,Houston,279,,
warn-13448,2018-04-13,wa,A.O. Smith,Renton,57,,
warn-12397,2018-04-11 00:00:00,tx,Vistra Energy- Dynegy Corporate Headquarters,Houston,308,,
warn-12398,2018-04-11 00:00:00,tx,Durham School Services-Justin,Justin,250,,
warn-12399,2018-04-11 00:00:00,tx,Capital One Bank - Plano,Plano,102,,
warn-12396,2018-04-09 00:00:00,tx,Aramark Campus Services-Abilene Christian Univ.,Abilene,150,,
warn-3944,2018-04-06 00:00:00,il,,Lombard,89,Plant Closure,
warn-13449,2018-04-06,wa,Lionbridge,Vancouver,119,,
warn-12394,2018-04-05 00:00:00,tx,Aramark Facility Services-GM Arlington,Arlington,227,,
warn-12395,2018-04-05 00:00:00,tx,Borr Drilling Limited-Paragon Offshore Limited,Houston,66,,
warn-13450,2018-03-29,wa,Flow International,Kent,110,,
warn-12390,2018-03-27 00:00:00,tx,Baker Metal Products-Merrell Rd.,Dallas,22,,
warn-12391,2018-03-27 00:00:00,tx,Baker Metal Products-Willowbook,Dallas,2,,
warn-12392,2018-03-27 00:00:00,tx,Baker Metal Products-Carrollton,Carrollton,11,,
warn-12393,2018-03-27 00:00:00,tx,"Baker Metal Products, Inc.",Dallas,44,,
warn-12388,2018-03-23 00:00:00,tx,Boyd's Coffee-Northlake,Northlake,1,,
warn-12389,2018-03-23 00:00:00,tx,Boyd's Coffee- San Antonio,San Antonio,2,,
warn-12387,2018-03-22 00:00:00,tx,"AT&T Communications, Inc.",Houston,117,,
warn-12386,2018-03-20 00:00:00,tx,Caterpillar-Waco2,Waco,190,,
warn-13451,2018-03-20,wa,CHI Franciscan Health,Tacoma,51,,
warn-13452,2018-03-20,wa,"Twin City Foods, Inc.",Stanwood,92,,
warn-12385,2018-03-16 00:00:00,tx,Harman International,Richardson,1,,
warn-12383,2018-03-15 00:00:00,tx,Toys R Us -Distribution Center,Midlothian,150,,
warn-12384,2018-03-15 00:00:00,tx,NRG Energy,Houston,89,,
warn-13453,2018-03-02,wa,Hitachi,Bellevue,61,,
warn-12381,2018-02-27 00:00:00,tx,"Jason Pharmaceuticals, Inc. dba Medifast",Coppell,66,,
warn-12382,2018-02-27 00:00:00,tx,Bank of America-Amon Carter,Ft. Worth,87,,
warn-13454,2018-02-26,wa,Pacific Seafood,Federal Way,69,,
warn-12377,2018-02-23 00:00:00,tx,"Arrow Electronics, Inc.-Dallas",Dallas,66,,
warn-12378,2018-02-22 00:00:00,tx,Capital One-Plano,Plano,103,,
warn-13455,2018-02-22,wa,Marine View Beverage,Port Angeles,5,,
warn-13456,2018-02-22,wa,Marine View Beverage,Poulsbo,70,,
warn-13457,2018-02-22,wa,Marine View Beverage,Sumner,138,,
warn-13458,2018-02-22,wa,Marine View Beverage,Sumner,9,,
warn-13459,2018-02-22,wa,Marine View Beverage,Tumwater,56,,
warn-13460,2018-02-21,wa,Cenveo Corporation,Kent,62,,
warn-12374,2018-02-20 00:00:00,tx,Jacobs Field Services NA- Celanese Pasadena,Pasadena,81,,
warn-12376,2018-02-20 00:00:00,tx,Hart-Hanks-Texarkana,Texarkana,460,,
warn-12379,2018-02-19 00:00:00,tx,Nueterra-Cook Children's NE Hospital,Hurst,158,,
warn-12366,2018-02-16 00:00:00,tx,Omni Hotels and Resorts,Austin,150,,
warn-12367,2018-02-16 00:00:00,tx,"Aptim Maintenance, LLC-Deer Park",Deer Park,327,,
warn-12369,2018-02-16 00:00:00,tx,"Brock Services, LLC-Celanese Clear Lake",Pasadena,88,,
warn-12370,2018-02-16 00:00:00,tx,Transamerica Life Insurance Co. - Plano,Plano,264,,
warn-12371,2018-02-16 00:00:00,tx,"Lufkin Industries, Inc. (GE Oil & Gas)-",Lufkin,78,,
warn-12372,2018-02-16 00:00:00,tx,"Brock Services, LLC-Celanese Bay City",Bay City,29,,
warn-12380,2018-02-16 00:00:00,tx,Harman International,Richardson,7,,
warn-12373,2018-02-14 00:00:00,tx,Jacobs Field Services NA-Celanese Bay City,Bay City,10,,
warn-12375,2018-02-14 00:00:00,tx,Jacobs Field Services NA-Celanese Bishop,Bishop,140,,
warn-12363,2018-02-13 00:00:00,tx,Cenveo Corp.-Ennis,Ennis,192,,
warn-12362,2018-02-09 00:00:00,tx,Jacobson Warehouse dba XPO Logistics Supply Chain,Flower Mound,58,,
warn-12364,2018-02-07 00:00:00,tx,Wells Fargo-San Antonio-Bankruptcy Group,San Antonio,73,,
warn-3941,2018-02-05 00:00:00,il,,Des Plaines,140,Mass Layoff,
warn-12356,2018-02-02 00:00:00,tx,"Compass Group, USA-GM",Roanoke,5,,
warn-12361,2018-02-02 00:00:00,tx,Boeing Company,Houston,1,,
warn-12360,2018-02-01 00:00:00,tx,"Stearns Lending, LLC",Lewisville,85,,
warn-12365,2018-02-01 00:00:00,tx,"Aptim Maintenance, LLC-Gregory",Gregory,221,,
warn-13461,2018-02-01,wa,ASM Research,Lakewood,7,,
warn-3946,2018-01-30 00:00:00,il,Siemens Building Technologies,West Chicago,200,Plant Closure,
warn-13462,2018-01-30,wa,Georgia Pacific Corporation,Camas,243,,
warn-12353,2018-01-26 00:00:00,tx,CompuCom-Plano,Plano,132,,
warn-12355,2018-01-26 00:00:00,tx,ASM Research-Arlington,Arlington,56,,
warn-12357,2018-01-26 00:00:00,tx,"AAGP, Ltd dba Texas Direct Auto",Grand Prairie,90,,
warn-12358,2018-01-26 00:00:00,tx,ASM Research-Austin,Austin,46,,
warn-12359,2018-01-26 00:00:00,tx,ASM Research-San Antonio,San Antonio,3,,
warn-12354,2018-01-25 00:00:00,tx,Harman International,Richardson,18,,
warn-12351,2018-01-24 00:00:00,tx,Southeast Service Corp. dba SSC Service Solutions- San Jacinto College,Pasadena,124,,
warn-12347,2018-01-23 00:00:00,tx,"KCI USA, Inc.",San Antonio,30,,
warn-12348,2018-01-23 00:00:00,tx,"CIT Bank, N.A.",Austin,70,,
warn-12349,2018-01-23 00:00:00,tx,Vallourec Drilling Products - Dallas,Dallas,1,,
warn-12350,2018-01-23 00:00:00,tx,Vallourec Drilling Products-,Houston,143,,
warn-12352,2018-01-23 00:00:00,tx,"Vallourec Drilling Products USA, Inc.",Houston,8,,
warn-12346,2018-01-22 00:00:00,tx,Academy Sports & Outdoors Headquarters,Katy,57,,
warn-12342,2018-01-18 00:00:00,tx,Northrop-Grumman Systems Corp.,Fort Hood,59,,
warn-12343,2018-01-18 00:00:00,tx,Success Parnters-Lake Dallas,Lake Dallas,15,,
warn-12344,2018-01-18 00:00:00,tx,Success Partners-Plano,Plano,43,,
warn-12340,2018-01-15 00:00:00,tx,Transcom Worldwide (US) Inc.,San Antonio,172,,
warn-12339,2018-01-12 00:00:00,tx,Maersk Oil Houston,Houston,84,,
warn-12341,2018-01-12 00:00:00,tx,Dish Network-El Paso,El Paso,90,,
warn-12336,2018-01-11 00:00:00,tx,Sam's Club #8217,Houston,170,,
warn-12337,2018-01-11 00:00:00,tx,Sam's Club #4845,New Caney,155,,
warn-12338,2018-01-11 00:00:00,tx,Sam's Club #6416,San Antonio,163,,
warn-13463,2018-01-11,wa,Sam's Club,Auburn,168,,
warn-13464,2018-01-11,wa,Sam's Club,Renton,179,,
warn-13465,2018-01-11,wa,Sam's Club,Seattle,148,,
warn-12334,2018-01-10 00:00:00,tx,Sam's Club #6346,Houston,145,,
warn-12335,2018-01-10 00:00:00,tx,Select Medical- Garland,Garland,96,,
warn-12332,2018-01-09 00:00:00,tx,Sears Holdings - #01847,Austin,57,,
warn-12333,2018-01-09 00:00:00,tx,Sears Holdings - #02757,Austin,8,,
warn-12345,2018-01-09 00:00:00,tx,Evolent Health,Corpus Ch,91,,
warn-12329,2018-01-04 00:00:00,tx,Aramark Facility Services-Valley Baptist Brownsville,Brownsville,50,,
warn-12326,2018-01-03 00:00:00,tx,"Ricoh USA, Inc.",Houston,150,,
warn-12330,2018-01-03 00:00:00,tx,Assurant Mobile Solutions- BroadTech LLC,Lewisville,195,,
warn-12331,2018-01-03 00:00:00,tx,"Parker School Uniforms, LLC",Houston,320,,
warn-12328,2018-01-02 00:00:00,tx,DHL Supply Chain,McAllen,108,,
warn-12327,2017-12-29 00:00:00,tx,Aramark Facility Services- Valley Baptist Harlingen,Harlingen,160,,
warn-12323,2017-12-21 00:00:00,tx,Aramark Services-Baylor Scott & White,Dallas,105,,
warn-12324,2017-12-21 00:00:00,tx,Baylor Scott & White Medical Center,Dallas,711,,
warn-12325,2017-12-21 00:00:00,tx,Boeing Company,Houston,1,,
warn-3399,2017-12-20 00:00:00,il,,Metropolis,500,Mass Layoff,
warn-12321,2017-12-19 00:00:00,tx,Harman International,Richardson,12,,
warn-12322,2017-12-19 00:00:00,tx,TeleTech-Houston,Houston,63,,
warn-12320,2017-12-14 00:00:00,tx,AT&T - Dallas,Dallas,280,,
warn-12319,2017-12-13 00:00:00,tx,Noble Americas Corp.,Houston,67,,
warn-12317,2017-12-08 00:00:00,tx,Harden Pharmacy dba MBS Pharmacy-Round Rock,Round Rock,92,,
warn-12318,2017-12-08 00:00:00,tx,Harden Pharmacy dba MBS Pharmacy-Ft. Worth,Ft. Worth,48,,
warn-12316,2017-12-07 00:00:00,tx,Lectrus Corporation,Houston,64,,
warn-12314,2017-12-06 00:00:00,tx,Dallas County Schools,Dallas,2456,,
warn-12315,2017-12-06 00:00:00,tx,Crothall Healthcare-Bay Area Medical Center,Webster,94,,
warn-12313,2017-11-20 00:00:00,tx,Eaton Crouse-Hinds Division,Houston,52,,
warn-12311,2017-11-17 00:00:00,tx,Southstar LLC - Kroger Facility,Keller,690,,
warn-12312,2017-11-17 00:00:00,tx,Harman International,Richardson,6,,
warn-12308,2017-11-15 00:00:00,tx,Luminant Generation-Three Oaks Mine,Elgin,255,,
warn-13466,2017-11-14,wa,Northrop Grumman,Lakewood,43,,
warn-12306,2017-11-13 00:00:00,tx,Signet Jewelers,Irving,200,,
warn-12307,2017-11-13 00:00:00,tx,"Restoration Hardware, Inc.",Grand Prairie,54,,
warn-12302,2017-11-10 00:00:00,tx,CGI Federal Inc.,San Antonio,159,,
warn-12309,2017-11-10 00:00:00,tx,Luminant Generation-Shadow Plant Unit 4 & 5,Rockdale,135,,
warn-12310,2017-11-10 00:00:00,tx,Luminant Generation Co. LLC,Mount Pleasant,192,,
warn-13467,2017-11-09,wa,"ABM Aviation, Inc.",SeaTac,171,,
warn-12298,2017-11-08 00:00:00,tx,"Aptim Maintenance, LLC",Texas City,103,,
warn-12299,2017-11-08 00:00:00,tx,Capital One-Plano,Plano,768,,
warn-13468,2017-11-07,wa,Zenith Education Group,Everett,29,,
warn-13469,2017-11-07,wa,Zenith Education Group,Tacoma,45,,
warn-12297,2017-11-04 00:00:00,tx,Kindred Rehabilitation Hospital,Arlington,92,,
warn-12295,2017-11-03 00:00:00,tx,East Houston Regional Medical Center,Houston,479,,
warn-12300,2017-11-03 00:00:00,tx,Zenith Education Group - Arlington,Arlington,30,,
warn-12301,2017-11-03 00:00:00,tx,Zenith Education Group - San Antonio,San Antonio,30,,
warn-12303,2017-11-03 00:00:00,tx,Zenith Education Group - Houston,Houston,34,,
warn-12304,2017-11-03 00:00:00,tx,Zenith Education Group - Austin,Austin,28,,
warn-12305,2017-11-03 00:00:00,tx,Zenith Education Group-Ft Worth,Ft. Worth,31,,
warn-12293,2017-11-02 00:00:00,tx,Overwatch Systems dba Textron Systems Advanced Information Solutions,Austin,46,,
warn-12294,2017-11-02 00:00:00,tx,"Dayton Superior, Inc. - New Braunfels",New Braunfels,90,,
warn-12296,2017-11-02 00:00:00,tx,Walmart #6589,San Antonio,67,,
warn-13470,2017-11-02,wa,Boeing,Puget Sound Area,2,,
warn-13471,2017-11-01,wa,The Hacker Group,Seattle,17,,
warn-13472,2017-10-31,wa,The Hacker Group,Seattle,65,,
warn-12287,2017-10-27 00:00:00,tx,First Data - Sugar Land,Sugar Land,275,,
warn-12288,2017-10-27 00:00:00,tx,"Clearwater Research, Inc.",San Marcos,2,,
warn-12289,2017-10-27 00:00:00,tx,PharMerica-#8888 Arlington Central Pharmacy,Arlington,20,,
warn-12290,2017-10-27 00:00:00,tx,PharMerica-#8610 Dallas-KHPS,Dallas,10,,
warn-12291,2017-10-27 00:00:00,tx,PharMerica-#8649 Arlington KHPS,Arlington,2,,
warn-12292,2017-10-27 00:00:00,tx,PharMerica-#8840 Dallas-LTACH,Dallas,10,,
warn-12286,2017-10-23 00:00:00,tx,"Cornbread Ventures, LP - Ztejas",Austin,24,,
warn-12285,2017-10-20 00:00:00,tx,Aramark-Aero Café,Ft. Worth,56,,
warn-12284,2017-10-19 00:00:00,tx,"BrandFX, LLC",Ft. Worth,60,,
warn-12283,2017-10-18 00:00:00,tx,Harman International,Richardson,39,,
warn-13473,2017-10-13,wa,"Northwest Trustee Services, Inc.",Bellevue,25,,
warn-13474,2017-10-13,wa,"Foreclosure Expeditors Initiators, LLC",Bellevue,4,,
warn-13475,2017-10-13,wa,"RCO Legal, PS",Bellevue,12,,
warn-13476,2017-10-13,wa,"Realty in Motion, LLC",Bellevue,27,,
warn-13477,2017-10-10,wa,Providence Medical Center,Everett,62,,
warn-12281,2017-10-06 00:00:00,tx,National Lloyds-American Summit - NLASCO Services,Waco,78,,
warn-12279,2017-10-05 00:00:00,tx,Atwood Oceanics Management,Houston,79,,
warn-12280,2017-10-05 00:00:00,tx,L&W Group-Arlington Stamping,Grand Prairie,119,,
warn-12282,2017-10-03 00:00:00,tx,Kmart #9325,El Paso,35,,
warn-12278,2017-10-02 00:00:00,tx,Freeport-McMoRan Oil & Gas,Houston,1,,
warn-12277,2017-09-29 00:00:00,tx,Associated Air Center,Dallas,169,,
warn-12275,2017-09-27 00:00:00,tx,NRG Energy,Houston,84,,
warn-13478,2017-09-26,wa,"Associated Materials, Inc.",Bothell,87,,
warn-12273,2017-09-25 00:00:00,tx,M&G Resins USA LLC dba M&G Chemicals,Corpus Ch,100,,
warn-12274,2017-09-25 00:00:00,tx,Convergy's- Lubbock,Lubbock,406,,
warn-12272,2017-09-22 00:00:00,tx,"CB&I, Inc. - 850 Pine Street",Beaumont,455,,
warn-12276,2017-09-21 00:00:00,tx,Lakeside Country Club,Houston,148,,
warn-12271,2017-09-18 00:00:00,tx,Boeing Company,Houston,3,,
warn-13479,2017-09-18,wa,Boeing,Puget Sound Area,18,,
warn-12269,2017-09-15 00:00:00,tx,Fluor Enterprises-M&G Jumbo Project,Corpus Ch,274,,
warn-12270,2017-09-15 00:00:00,tx,Harman International,Richardson,25,,
warn-12268,2017-09-13 00:00:00,tx,AT&T-El Paso,El Paso,119,,
warn-12266,2017-09-11 00:00:00,tx,Palestine Regional Medical Center,Palestine,38,,
warn-12267,2017-09-11 00:00:00,tx,Palestine Regional Medical,Palestine,13,,
warn-12265,2017-09-06 00:00:00,tx,Freeport-McMoRan Oil & Gas,Houston,1,,
warn-12264,2017-09-05 00:00:00,tx,"Novitex Enterprise Solutions, Inc.",Round Rock,86,,
warn-3886,2017-09-01 00:00:00,il,,Buffalo Grove,105,Mass Layoff,
warn-12263,2017-09-01 00:00:00,tx,"Oracle America, Inc.",Austin,108,,
warn-12262,2017-08-25 00:00:00,tx,Superior Foods,McAllen,118,,
warn-13480,2017-08-24,wa,Boeing,Puget Sound Area,74,,
warn-12261,2017-08-18 00:00:00,tx,Color Spot Nurseries-Richmond,Richmond,142,,
warn-12259,2017-08-14 00:00:00,tx,Sunoco LP - Stripes LLC,Corpus Ch,110,,
warn-12260,2017-08-14 00:00:00,tx,Cheddar's Scratch Kitchen,Irving,69,,
warn-13481,2017-08-10,wa,Wells Fargo Home Mortgage Servicing,Vancouver,72,,
warn-12258,2017-08-08 00:00:00,tx,M2 Services-Ft Hood,Fort Hood,101,,
warn-12254,2017-08-07 00:00:00,tx,DSC Logistics Inc.-Dallas,Dallas,75,,
warn-12256,2017-08-07 00:00:00,tx,Capital One-Beaumont,Beaumont,47,,
warn-12257,2017-08-07 00:00:00,tx,Rowan Companies,Houston,85,,
warn-12255,2017-08-02 00:00:00,tx,Andeavor,San Antonio,15,,
warn-12246,2017-08-01 00:00:00,tx,Harman International,Richardson,140,,
warn-12247,2017-08-01 00:00:00,tx,Samson Lone Star Facility,Longview,60,,
warn-12248,2017-08-01 00:00:00,tx,Snap Kitchen-Fountain View,Houston,84,,
warn-12249,2017-08-01 00:00:00,tx,Snap Kitchen-Kirby Dr.,Houston,17,,
warn-12250,2017-08-01 00:00:00,tx,Freeport-McMoRan Oil & Gas,Houston,5,,
warn-12251,2017-08-01 00:00:00,tx,Snap Kitchen-Bee Cave Rd.,Austin,23,,
warn-12252,2017-08-01 00:00:00,tx,Snap Kitchen- Triangle Ave.,Austin,42,,
warn-12253,2017-08-01 00:00:00,tx,24-7 Intouch,Frisco,200,,
warn-12242,2017-07-31 00:00:00,tx,Aramark-Jones Hall,Houston,2,,
warn-12243,2017-07-31 00:00:00,tx,"Aramark Sports and Entertainment Services of TX, LLC",Houston,166,,
warn-12244,2017-07-31 00:00:00,tx,Aramark-Wortham Theater,Houston,3,,
warn-12245,2017-07-28 00:00:00,tx,Aramark-Miller Theater,Houston,4,,
warn-12241,2017-07-27 00:00:00,tx,Tom Thumb  #3571,Ft. Worth,61,,
warn-13482,2017-07-27,wa,Boeing,Puget Sound,220,,
warn-12240,2017-07-26 00:00:00,tx,"Xylem, Inc.",Dallas,85,,
warn-12239,2017-07-25 00:00:00,tx,TeleTech -Richardson,Richardson,358,,
warn-13483,2017-07-25,wa,APM Terminals,Tacoma,12,,
warn-3895,2017-07-24 00:00:00,il,BlueCross BlueShield of Illinois,Waukegan,82,Mass Layoff,
warn-12238,2017-07-24 00:00:00,tx,Kindred Hospital-White Rock,Dallas,79,,
warn-13484,2017-07-24,wa,Le Eco,Bellevue,25,,
warn-12236,2017-07-20 00:00:00,tx,"BeautiControl, Inc-Plano Pkwy",Carrollton,64,,
warn-12237,2017-07-20 00:00:00,tx,"BeautiControl, Inc.",Carrollton,77,,
warn-12231,2017-07-19 00:00:00,tx,"Always Fresh, Inc.",Fort Worth,9,,
warn-12232,2017-07-19 00:00:00,tx,"Associated Wholesale Grocers, Inc.",Ft. Worth,199,,
warn-12233,2017-07-19 00:00:00,tx,Convergy's- Lubbock,Lubbock,86,,
warn-13485,2017-07-17,wa,Vertafore,"Bothell, WA",121,,
warn-12234,2017-07-14 00:00:00,tx,Aramark Corp,Harlingen,80,,
warn-12235,2017-07-14 00:00:00,tx,Aramark - Brownsville,Brownsville,43,,
warn-12230,2017-07-12 00:00:00,tx,Walter Investment Management Corp-Dietech Financial-Irving,Irving,437,,
warn-13486,2017-07-12,wa,"KIK Tacoma, Inc.","Tacoma, WA",20,,
warn-12229,2017-07-11 00:00:00,tx,WestRock,Waxahachie,145,,
warn-12225,2017-07-06 00:00:00,tx,CoreCivic-Lindsay State Jail,Jacksboro,169,,
warn-12221,2017-07-03 00:00:00,tx,CoreCivic-Bradshaw State,Henderson,192,,
warn-12226,2017-07-03 00:00:00,tx,CoreCivic-Willacy State Jail,Raymondville,157,,
warn-12224,2017-07-01 00:00:00,tx,Freeport-McMoRan Oil & Gas,Houston,25,,
warn-12220,2017-06-30 00:00:00,tx,Boeing Company,Houston,3,,
warn-13487,2017-06-30,wa,Boeing,Puget Sound Area,89,,
warn-13488,2017-06-29,wa,K-Mart,Tacoma,67,,
warn-12219,2017-06-23 00:00:00,tx,Corix Utility Services,Austin,49,,
warn-12218,2017-06-22 00:00:00,tx,Ignite Restaurant Group,Houston,87,,
warn-12222,2017-06-22 00:00:00,tx,Sears Holdings - #06899,Friendswood,8,,
warn-12223,2017-06-22 00:00:00,tx,Sears Holdings- #01197,Houston,96,,
warn-12227,2017-06-22 00:00:00,tx,Sears Holdings-#01257,Friendswood,69,,
warn-12228,2017-06-22 00:00:00,tx,Sears Holdings - #06197,Houston,8,,
warn-3868,2017-06-21 00:00:00,il,"Fisher and Ludlow, Inc.",Litchfield,64,Plant Closure,
warn-13489,2017-06-21,wa,Adventist Health,Walla Walla,371,,
warn-12216,2017-06-20 00:00:00,tx,Rowan Companies,Houston,50,,
warn-12217,2017-06-20 00:00:00,tx,Hyatt Corp dba Trvaasa Austin,Austin,114,,
warn-12214,2017-06-15 00:00:00,tx,GE Manufacturing Services - GEMS,Ft. Worth,19,,
warn-12215,2017-06-15 00:00:00,tx,"Brock Services, LLC - TX Eastman",Longview,226,,
warn-13490,2017-06-15,wa,Space Needle,Seattle,153,,
warn-6,2017-06-12 00:00:00,il,,Hodgkins,114,Plant Closure,
warn-12213,2017-06-02 00:00:00,tx,XTO Energy Inc.,Ft. Worth,67,,
warn-12212,2017-06-01 00:00:00,tx,Freeport-McMoRan Oil & Gas,Houston,26,,
warn-12211,2017-05-31 00:00:00,tx,East Texas Medical Center- Trinity,Trinity,60,,
warn-12210,2017-05-29 00:00:00,tx,Boeing Company,Houston,2,,
warn-12208,2017-05-26 00:00:00,tx,Kellogg Co. - Houston Distribution Center,Houston,220,,
warn-12209,2017-05-26 00:00:00,tx,Kellogg Co. - Dallas Distribution Center,Ft. Worth,201,,
warn-12206,2017-05-24 00:00:00,tx,Rowan Companies,Houston,100,,
warn-12204,2017-05-23 00:00:00,tx,Macy's-Temple,Temple,56,,
warn-12205,2017-05-23 00:00:00,tx,Aramark-Univ. of Houston,Houston,407,,
warn-13491,2017-05-23,wa,Boeing,Puget Sound Area,337,,
warn-12203,2017-05-22 00:00:00,tx,Color Spot Nurseries - Sanger,Sanger,65,,
warn-12201,2017-05-16 00:00:00,tx,Randalls-Houston Division,Houston,50,,
warn-12202,2017-05-16 00:00:00,tx,Randalls-Houston Distribution Center,Houston,199,,
warn-12200,2017-05-15 00:00:00,tx,"Delek US Holdings, Inc.-Alon USA Energy, Inc.",Dallas,92,,
warn-12197,2017-05-12 00:00:00,tx,LifeCare Hospitals of S. TX-N. Jackson,McAllen,166,,
warn-12198,2017-05-12 00:00:00,tx,LifeCare Hospitals of S. TX-South M St.,McAllen,39,,
warn-12199,2017-05-12 00:00:00,tx,Leggett & Platt-Dallas,Dallas,59,,
warn-12207,2017-05-11 00:00:00,tx,"Trelleborg Offshore US, Inc.-Rankin Road",Houston,60,,
warn-12196,2017-05-10 00:00:00,tx,Ingram Micro-Touchstone Wireless Repair and Logistics,Ft. Worth,140,,
warn-13492,2017-05-08,wa,Electronic Arts Inc,"Seattle, WA",45,,
warn-13493,2017-05-08,wa,Boeing,Puget Sound Area,580,,
warn-12193,2017-05-05 00:00:00,tx,Capitol Wright Dist-New Braunfels Facility,New Braunfels,79,,
warn-12194,2017-05-05 00:00:00,tx,Capitol Wright Dist - Bastrop Facility,Bastrop,63,,
warn-12192,2017-05-01 00:00:00,tx,Maximus-Austin,Austin,88,,
warn-13494,2017-05-01,wa,Spectrum Glass Company,Woodinville,14,,
warn-12186,2017-04-28 00:00:00,tx,Freeport-McMoRan Oil & Gas,Houston,25,,
warn-12187,2017-04-28 00:00:00,tx,Triumph Southwest LP dba Kindred Hospital Town & Country,Houston,133,,
warn-12190,2017-04-28 00:00:00,tx,"Zachry Industrial, Inc-Phillips 66-Sweeny Refinery",Old Ocean,204,,
warn-12191,2017-04-27 00:00:00,tx,"World Wide Technology, Inc.",Lewisville,156,,
warn-12188,2017-04-25 00:00:00,tx,Boeing Company,Houston,1,,
warn-12189,2017-04-25 00:00:00,tx,CoreCivic-Bartlett State Jail,Bartlett,181,,
warn-12195,2017-04-24 00:00:00,tx,"United Group Service, Inc. (Pinnacle Partner Solutions",Lake Dallas,12,,
warn-12184,2017-04-21 00:00:00,tx,Management & Training Corp-Bridgeport,Bridgeport,41,,
warn-12185,2017-04-21 00:00:00,tx,Management & Training Corp-West TX Intermediate Sanction Facility,Brownfield,64,,
warn-12183,2017-04-19 00:00:00,tx,DaVita Rx,Coppell,7,,
warn-13495,2017-04-12,wa,Railex,"Burbank, WA",88,,
warn-13496,2017-04-12,wa,Caradigm LLC,"Bellevue, WA",39,,
warn-12182,2017-04-11 00:00:00,tx,The Houston City Club,Houston,128,,
warn-12181,2017-04-06 00:00:00,tx,Freeport-McMoRan Oil & Gas,Houston,24,,
warn-12161,2017-03-30 00:00:00,tx,General Dynamics IT-Waco,Waco,840,,
warn-12162,2017-03-30 00:00:00,tx,Dollar Express-Beaumont,Beaumont,6,,
warn-12163,2017-03-30 00:00:00,tx,Dollar Express #1818,San Antonio,13,,
warn-12164,2017-03-30 00:00:00,tx,Dollar Express-Brownsville,Brownsville,7,,
warn-12165,2017-03-30 00:00:00,tx,Dollar Express - #7347,Houston,8,,
warn-12166,2017-03-30 00:00:00,tx,Dollar Express- Corpus Christi,Corpus Ch,9,,
warn-12167,2017-03-30 00:00:00,tx,Dollar Express-Balch Springs,Balch Springs,7,,
warn-12168,2017-03-30 00:00:00,tx,Dollar Express-Pasadena,Pasadena,6,,
warn-12169,2017-03-30 00:00:00,tx,Dollar Express-#1758.,San Antonio,5,,
warn-12170,2017-03-30 00:00:00,tx,Dollar Express-#2333,Houston,7,,
warn-12171,2017-03-30 00:00:00,tx,Dollar Express - #11578,Ft. Worth,5,,
warn-12172,2017-03-30 00:00:00,tx,Dollar Express - #8701,Houston,8,,
warn-12173,2017-03-30 00:00:00,tx,Dollar Express-Arlington,Arlington,15,,
warn-12174,2017-03-30 00:00:00,tx,Dollar Express-#4624,Houston,8,,
warn-12175,2017-03-30 00:00:00,tx,Dollar Express-Dallas,Dallas,9,,
warn-12176,2017-03-30 00:00:00,tx,Dollar Express - #4608,Houston,8,,
warn-12177,2017-03-30 00:00:00,tx,Dollar Express-#4847,Ft. Worth,7,,
warn-12178,2017-03-30 00:00:00,tx,Dollar Express-Lubbock,Lubbock,5,,
warn-12179,2017-03-30 00:00:00,tx,Dollar Express -Odessa,Odessa,7,,
warn-12180,2017-03-30 00:00:00,tx,Dollar Express-Eagle Pass,Eagle Pass,8,,
warn-13497,2017-03-30,wa,Ostrom's Mushroom Farms,Everson,65,,
warn-12160,2017-03-29 00:00:00,tx,DynCorp Technical Services LLC-Ellington Field,Houston,189,,
warn-12159,2017-03-28 00:00:00,tx,Camelot Education-Beechnut Acadeny,Austin,71,,
warn-12158,2017-03-27 00:00:00,tx,Aramark-Southern Methodist Univ.,Dallas,159,,
warn-12153,2017-03-24 00:00:00,tx,bebe Stores-Houston Premium Outlets,Cypress,17,,
warn-12154,2017-03-24 00:00:00,tx,Radio Shack Corporation,Ft. Worth,150,,
warn-12155,2017-03-24 00:00:00,tx,bebe Stores Houston Galleria,Houston,24,,
warn-12156,2017-03-24 00:00:00,tx,bebe Stores -Baybrook Mall,Friendswood,8,,
warn-12157,2017-03-24 00:00:00,tx,bebe Stores - Willowbrook Mall,Houston,10,,
warn-13498,2017-03-23,wa,Boeing,Puget Sound Area,245,,
warn-12152,2017-03-22 00:00:00,tx,Marriott Hotel Services,Irving,240,,
warn-12151,2017-03-08 00:00:00,tx,Noble Energy - CWEI,Midland,123,,
warn-13499,2017-03-06,wa,"Nippon Paper Indsutries USA, Co. Ltd.",Port Angeles,151,,
warn-12149,2017-03-03 00:00:00,tx,Freeport-McMoRan Oil & Gas,Houston,20,,
warn-12150,2017-03-03 00:00:00,tx,BCFS Health and Human Services-National Call Center,San Antonio,95,,
warn-13500,2017-03-03,wa,Menzies Aviation,SeaTac,949,,
warn-12147,2017-03-02 00:00:00,tx,Whole Foods Market-Bolm Rd.,Austin,40,,
warn-12148,2017-03-02 00:00:00,tx,CoreCivic-Edna Detention Center,Eden,270,,
warn-13501,2017-03-02,wa,Harman (Harman International Industries),"Cheney, WA",86,,
warn-12143,2017-02-27 00:00:00,tx,Cempra Pharmaceuticals - Flower Mound,Flower Mound,1,,
warn-12144,2017-02-27 00:00:00,tx,Cempra Pharmaceuticals-San Antonio,San Antonio,1,,
warn-12145,2017-02-27 00:00:00,tx,Cempra Pharmaceuticals - Colleyville,Colleyville,1,,
warn-12146,2017-02-27 00:00:00,tx,Cempra Pharmaceuticals - Houston,Houston,1,,
warn-12141,2017-02-21 00:00:00,tx,Pentair Thermal Management,Houston,51,,
warn-12142,2017-02-21 00:00:00,tx,Gulf Marine Fabricators - Aransas Pass,Aransas Pass,19,,
warn-13502,2017-02-16,wa,PeaceHealth,Various locations in Washington,142,,
warn-3825,2017-02-15 00:00:00,il,,Schaumburg,75,Mass Layoff,
warn-12140,2017-02-14 00:00:00,tx,Skyline Homette Corporation,Mansfield,105,,
warn-12137,2017-02-10 00:00:00,tx,Forex Capital Markets LLC-FXCM Global Services,Plano,56,,
warn-12138,2017-02-10 00:00:00,tx,Boeing Company,Houston,1,,
warn-12139,2017-02-10 00:00:00,tx,Teleperformance USA - Abilene2,Abilene,274,,
warn-13503,2017-02-10,wa,Crown Resources Corporation/Echo Bay Minerals Company (KRB),Ferry and Okanogan Counties,95,,
warn-12134,2017-02-09 00:00:00,tx,Chi St. Luke's Health-The Woodlands,The Woodlands,27,,
warn-12135,2017-02-09 00:00:00,tx,Chi St. Luke's Health-Woodlands,Woodlands,29,,
warn-12136,2017-02-09 00:00:00,tx,Chi St. Luke's Health-Conroe,Conroe,26,,
warn-13504,2017-02-09,wa,Hearth and Home Technologies,Colville,90,,
warn-12133,2017-02-06 00:00:00,tx,Chi St. Luke's Health-Woodlands,Woodlands,7,,
warn-12129,2017-02-03 00:00:00,tx,Aramark Corp,Harlingen,45,,
warn-12131,2017-02-03 00:00:00,tx,Fidelity Investments-Grapevine,Grapevine,98,,
warn-12132,2017-02-03 00:00:00,tx,Anadarko Petroleum - Carrizo Springs,Carrizo Springs,85,,
warn-3824,2017-02-02 00:00:00,il,"IDEX MPT, Inc.",Elmhurst,63,Plant Closure,
warn-12127,2017-02-01 00:00:00,tx,GE Manufacturing Services - GEMS,Ft. Worth,208,,
warn-12121,2017-01-31 00:00:00,tx,Endurance International Group,Austin,90,,
warn-12128,2017-01-31 00:00:00,tx,Freeport-McMoRan Oil & Gas,Houston,36,,
warn-13505,2017-01-31,wa,BAE Systems,"Keyport, WA",59,,
warn-12122,2017-01-30 00:00:00,tx,Penske Vehicle Services-Austin,Austin,2,,
warn-12125,2017-01-30 00:00:00,tx,Penske Vehicle Services,Irving,4,,
warn-12120,2017-01-29 00:00:00,tx,Maximus-Irving,Irving,56,,
warn-12115,2017-01-27 00:00:00,tx,Qualfon,Harlingen,58,,
warn-12116,2017-01-27 00:00:00,tx,Mission Solar Energy,San Antonio,170,,
warn-12117,2017-01-27 00:00:00,tx,Atwood Oceanics Management,Houston,60,,
warn-12124,2017-01-27 00:00:00,tx,AT&T- Support Services-Attsco,Richardson,54,,
warn-12130,2017-01-26 00:00:00,tx,Aramark - Brownsville,Brownsville,19,,
warn-12118,2017-01-25 00:00:00,tx,Transocean Offshore Deepwater Drilling-Deepwater Asgard,Houston,110,,
warn-12126,2017-01-25 00:00:00,tx,CSM Bakery Products,Sugar Land,147,,
warn-12114,2017-01-20 00:00:00,tx,Maxim Integrated-Dallas Alamo,Dallas,107,,
warn-12119,2017-01-20 00:00:00,tx,Red River Army Depot-Texarkana,Texarkana,62,,
warn-12113,2017-01-17 00:00:00,tx,Convergys Corporation,Laredo,285,,
warn-12123,2017-01-17 00:00:00,tx,"University General Hospital, LLC dba Foundation Surgical Hospital",Houston,252,,
warn-12110,2017-01-13 00:00:00,tx,Baptist Hospitals of SE TX,Orange,18,,
warn-12109,2017-01-12 00:00:00,tx,Transocean Offshore Deepwater Drilling-Development Driller III,Houston,80,,
warn-12108,2017-01-11 00:00:00,tx,Albertsons #4193,Watauga,73,,
warn-12106,2017-01-10 00:00:00,tx,"Swift Energy Operating, LLC",Houston,56,,
warn-12107,2017-01-10 00:00:00,tx,"Security Specialists, Inc.",Ft. Worth,89,,
warn-13506,2017-01-10,wa,Glu Mobile Washington Inc.,"Bellevue, WA",58,,
warn-12111,2017-01-05 00:00:00,tx,MD Anderson Cancer Center-Michale E. Keeling Center,Bastrop,5,,
warn-12112,2017-01-05 00:00:00,tx,MD Anderson Cancer Center- Virginia Harris Cockrell Center,Smithville,2,,
warn-13507,2017-01-05,wa,Macy's,Everett,135,,
warn-13508,2017-01-05,wa,Voicebox Technologies Corporation,Bellevue,115,,
warn-12101,2017-01-04 00:00:00,tx,CompuCom-Plano,Plano,144,,
warn-12102,2017-01-04 00:00:00,tx,Macy's-Collin Creek Mall,Plano,119,,
warn-12103,2017-01-04 00:00:00,tx,Macy's - El Paso,El Paso,31,,
warn-12104,2017-01-04 00:00:00,tx,Macy's-Pasadena,Pasadena,83,,
warn-12105,2017-01-04 00:00:00,tx,Macy's - West Oaks Mall,Houston,144,,
warn-13509,2017-01-03,wa,Spectrum Health Systems Inc,Nineteen locations across Washington State,79,,
warn-12099,2016-12-30 00:00:00,tx,Freeport-McMoRan Oil & Gas-Texas St.,Houston,55,,
warn-12100,2016-12-30 00:00:00,tx,Freeport-McMoRan Oil & Gas,Houston,8,,
warn-13510,2016-12-16,wa,Seattle Sportservice Inc,Seattle,761,,
warn-12093,2016-12-12 00:00:00,tx,Boeing Company,Houston,1,,
warn-12094,2016-12-08 00:00:00,tx,Capitol Wright Dist - North Austin Facility,Austin,186,,
warn-12095,2016-12-08 00:00:00,tx,Capitol Wright Dist. - Taylor Facility,Taylor,33,,
warn-12096,2016-12-08 00:00:00,tx,Capitol Wright Dist. - South Austin Facility,Austin,132,,
warn-12097,2016-12-08 00:00:00,tx,Capitol Wright Dist - La Grange Facility,La Grange,7,,
warn-12098,2016-12-08 00:00:00,tx,Capitol Wright Distributing-Round Rock,Austin,200,,
warn-13511,2016-12-08,wa,Omak Wood Products,Omak,217,,
warn-1736,2016-12-07 00:00:00,il,John Deere Harvester Works,East Moline,2800,Mass Layoff,
warn-12091,2016-12-06 00:00:00,tx,McCarty-Hull Cigar Company,Amarillo,70,,
warn-12092,2016-12-06 00:00:00,tx,The Honest Company,Austin,65,,
warn-12089,2016-12-02 00:00:00,tx,Management & Training Corp - STISF,Houston,110,,
warn-12090,2016-12-01 00:00:00,tx,"Oracle America, Inc.",Austin,71,,
warn-12086,2016-11-30 00:00:00,tx,Alabama Metal Industries Corporation (AMICO),Dayton,20,,
warn-12088,2016-11-30 00:00:00,tx,Alabama Metal Industries Corp,Houston,3,,
warn-12087,2016-11-29 00:00:00,tx,MEMC Pasadena Inc.-SunEdison,Pasadena,2,,
warn-12084,2016-11-28 00:00:00,tx,"UTLX Manufacturing, Inc.",Houston,106,,
warn-12085,2016-11-28 00:00:00,tx,Aramark - Chi St. Luke's Medical Center Hospital,Houston,0,,
warn-12083,2016-11-18 00:00:00,tx,Boeing Company,Houston,1,,
warn-12081,2016-11-17 00:00:00,tx,Lozier,Ft. Worth,131,,
warn-12082,2016-11-17 00:00:00,tx,Atlas COPCO-Grand Prairie,Grand Prairie,120,,
warn-12079,2016-11-16 00:00:00,tx,Rowan Companies,Houston,80,,
warn-12080,2016-11-16 00:00:00,tx,Gulf Marine Fabricators - Aransas Pass,Aransas Pass,251,,
warn-13512,2016-11-15,wa,Garco,Airway Heights,112,,
warn-13513,2016-11-15,wa,Intel Corporation,DuPont,77,,
warn-12074,2016-11-10 00:00:00,tx,Silverleaf Resorts-Pantego,Pantego,87,,
warn-12078,2016-11-10 00:00:00,tx,Walmart-Optical Lab #9271,Dallas,91,,
warn-12073,2016-11-09 00:00:00,tx,Seton Healthcare- Chevy Chase,Austin,34,,
warn-12075,2016-11-09 00:00:00,tx,Seton Family of Hospitals,Austin,68,,
warn-12076,2016-11-09 00:00:00,tx,Seton Healthcare-Medical Park Tower,Austin,21,,
warn-12077,2016-11-09 00:00:00,tx,Seton Smithville Hospital,Smithville,6,,
warn-12071,2016-11-08 00:00:00,tx,Yodle.com- Yodle Web.com,Austin,100,,
warn-12072,2016-11-08 00:00:00,tx,"Experience Works, Inc.-Texas State Office",Waco,1,,
warn-12068,2016-11-04 00:00:00,tx,Frontier Communications Corp.-Citizens Telecom Services,Allen,381,,
warn-12069,2016-11-04 00:00:00,tx,Bimbo Bakeries USA - Lubbock,Lubbock,69,,
warn-12065,2016-11-03 00:00:00,tx,Anadarko Petroleum- Cathrage Production Office,Carthage,53,,
warn-12067,2016-11-03 00:00:00,tx,Anadarko Petroleum-Henderson Production,Henderson,3,,
warn-12064,2016-11-02 00:00:00,tx,Cisco Systems - Richardson,Richardson,87,,
warn-12066,2016-11-02 00:00:00,tx,Anadarko Petroleum- Oakhill Production Office,Longview,2,,
warn-12062,2016-10-31 00:00:00,tx,Phoenix House-Lancaster,Lancaster,101,,
warn-13514,2016-10-31,wa,"Ocean Beauty Seafoods, Inc",Seattle,69,,
warn-13515,2016-10-31,wa,Hearthstone Cottages,Ellensburg,48,,
warn-13516,2016-10-31,wa,Hearthstone Cottages,East Wenatchee,36,,
warn-13517,2016-10-31,wa,Colonial Vista Retirement Centers,Wenatchee,70,,
warn-13518,2016-10-31,wa,Colonial Vista Retirement Centers,Wenatchee,149,,
warn-13519,2016-10-28,wa,"Healthy Options, LLC",Wenatchee,66,,
warn-12070,2016-10-27 00:00:00,tx,Golfsmith International,Austin,276,,
warn-12060,2016-10-26 00:00:00,tx,Terex Services North America,Waco,56,,
warn-12061,2016-10-26 00:00:00,tx,TXU-TCEH Corp-Martin Lake Comples,Tatum,43,,
warn-12063,2016-10-26 00:00:00,tx,TXU Energy-TCEH Corp,Dallas,217,,
warn-12059,2016-10-25 00:00:00,tx,American Home Patient,Longview,98,,
warn-12058,2016-10-20 00:00:00,tx,Cash America Pawn,Ft. Worth,69,,
warn-12055,2016-10-18 00:00:00,tx,Concentrix Corp.,Austin,569,,
warn-12056,2016-10-18 00:00:00,tx,Color Spot Nurseries - Huntsville,Huntsville,38,,
warn-13520,2016-10-18,wa,"Healthways SC, LLC",Bellevue,68,,
warn-13521,2016-10-18,wa,Boeing,Puget Sound,56,,
warn-12049,2016-10-14 00:00:00,tx,Luminant Mining Co.-Martin Lake Liberty Mine,Tatum,26,,
warn-12050,2016-10-14 00:00:00,tx,Luminant Mining Co.-Martin Lake Tatum Mine,Tatum,26,,
warn-12051,2016-10-14 00:00:00,tx,Luminant Mining Co.-Martin Lake Oak Hill,Henderson,26,,
warn-12052,2016-10-14 00:00:00,tx,Luminant Mining Co.-Martin Lake Beckville Mine,Beckville,26,,
warn-12053,2016-10-14 00:00:00,tx,Luminant Mining Co.-Martin Lake Mine Adm Bldg.,Tatum,28,,
warn-12054,2016-10-14 00:00:00,tx,GE Power,Houston,255,,
warn-12057,2016-10-14 00:00:00,tx,Boeing Company,Houston,3,,
warn-13522,2016-10-14,wa,Jorgensen Forge,Tukwila,111,,
warn-13523,2016-10-12,wa,"Hollander Investments, Inc.",Everett,84,,
warn-12048,2016-10-04 00:00:00,tx,Louis Shanks,Houston,50,,
warn-12047,2016-10-03 00:00:00,tx,Aramark Healthcare - Northwest TX Healthcare,Amarillo,76,,
warn-13524,2016-10-03,wa,"Capital One Investing, LLC",Seattle,239,,
warn-12044,2016-09-30 00:00:00,tx,Mission Solar Energy,San Antonio,87,,
warn-12045,2016-09-30 00:00:00,tx,Walmart-Lamesa,Lamesa,72,,
warn-12046,2016-09-30 00:00:00,tx,Walmart-Brownfield,Brownfield,81,,
warn-12043,2016-09-27 00:00:00,tx,"CDK Global, LLC",El Paso,87,,
warn-12042,2016-09-26 00:00:00,tx,Alcoa World Alumina,Point Comfort,14,,
warn-13525,2016-09-26,wa,Spectrum Glass Company,Woodinville,7,,
warn-12041,2016-09-22 00:00:00,tx,Spectrum Brands-STP Products Manufacturing Co.,Garland,71,,
warn-12040,2016-09-21 00:00:00,tx,Purolator Advanced Filtration,Houston,74,,
warn-12039,2016-09-20 00:00:00,tx,Boeing Company,Houston,2,,
warn-13526,2016-09-20,wa,L'Oreal USA,Redmond & Kent,120,,
warn-12038,2016-09-19 00:00:00,tx,Texas Westmoreland Coal Co.- Jewett Mine,Jewett,250,,
warn-12035,2016-09-14 00:00:00,tx,OneMain Financial,Irving,29,,
warn-12036,2016-09-14 00:00:00,tx,"PrimeFlight Aviation-San Antonio, TX",San Antonio,90,,
warn-12037,2016-09-14 00:00:00,tx,Freeport-McMoRan Oil & Gas-Texas St.,Houston,21,,
warn-13527,2016-09-14,wa,Disney Social Games,Bellevue,61,,
warn-12034,2016-09-13 00:00:00,tx,Freeport-McMoRan Oil & Gas,Houston,2,,
warn-12033,2016-09-07 00:00:00,tx,National Oilwell Varco - SHP Facility,Houston,54,,
warn-12032,2016-09-02 00:00:00,tx,Aramark-CHI St. Luke's Health,Woodlands,57,,
warn-12029,2016-08-31 00:00:00,tx,Whiting Petroleum -Wickett Field Office,Wickett,34,,
warn-12030,2016-08-31 00:00:00,tx,Whiting Petroleum - Midland Office,Midland,34,,
warn-12031,2016-08-31 00:00:00,tx,Whiting Petroleim - Wickett Plant,Wickett,34,,
warn-12027,2016-08-24 00:00:00,tx,"Arris Group, LLC",San Antonio,160,,
warn-13528,2016-08-24,wa,W.G. Cells,Bellevue,64,,
warn-13529,2016-08-24,wa,Boeing,Puget Sound,116,,
warn-12026,2016-08-22 00:00:00,tx,Boeing Company,Houston,2,,
warn-12025,2016-08-17 00:00:00,tx,Continental Motors Group,San Antonio,56,,
warn-12024,2016-08-16 00:00:00,tx,Kindred Hospital-Medical Center Holcombe,Houston,204,,
warn-12022,2016-08-15 00:00:00,tx,Minyard Sun Fresh Market,Dallas,96,,
warn-12023,2016-08-15 00:00:00,tx,ATCO Structures,Diboll,88,,
warn-12017,2016-08-08 00:00:00,tx,MedTrust-Wilford Hall Medical Center,San Antonio,143,,
warn-12018,2016-08-08 00:00:00,tx,MedTrust -Brooke Army Medical Center,San Antonio,142,,
warn-12020,2016-08-08 00:00:00,tx,Dyncorp International- Sheppard Flight Support System,Sheppard AFB,479,,
warn-2849,2016-08-04 00:00:00,il,"Amsted Rail Co., Inc.",Granite City,1100,Mass Layoff,
warn-12021,2016-08-04 00:00:00,tx,"Triumph Hospitial of E. Houston, LP dba Kindred Hospitals",Baytown,91,,
warn-12019,2016-08-03 00:00:00,tx,MEMC Pasadena Inc.-SunEdison,Pasadena,7,,
warn-12014,2016-08-01 00:00:00,tx,Freeport-McMoRan Oil & Gas-Texas St.,Houston,4,,
warn-12013,2016-07-28 00:00:00,tx,Maersk Oil Houston,Houston,122,,
warn-12015,2016-07-28 00:00:00,tx,Shipcom Wireless Inc.,Houston,160,,
warn-12012,2016-07-27 00:00:00,tx,Boeing Company,Houston,7,,
warn-12016,2016-07-27 00:00:00,tx,DuPont-La Porte,La Porte,27,,
warn-12011,2016-07-25 00:00:00,tx,"Packers Sanitation Services, Inc.-Bob Evans Foods",Sulphur Springs,23,,
warn-12010,2016-07-22 00:00:00,tx,Walter Investment Management Corp-Ditech Financial LLC,San Antonio,78,,
warn-12009,2016-07-21 00:00:00,tx,Computer Sciences Corporation (CSC) - Ft. Worth2,Ft. Worth,155,,
warn-13530,2016-07-18,wa,Spectrum Glass Company,Woodinville,6,,
warn-12008,2016-07-13 00:00:00,tx,"Anadarko Industries, LLC",Houston,76,,
warn-13531,2016-07-13,wa,Trading Company Stores,Cheney,53,,
warn-13532,2016-07-13,wa,Trading Company Stores,Spokane Valley,76,,
warn-13533,2016-07-13,wa,Trading Company Stores,Spokane,83,,
warn-13534,2016-07-11,wa,Triumph Structures-Everett,Everett,99,,
warn-12007,2016-07-07 00:00:00,tx,DuPont-La Porte,La Porte,10,,
warn-12028,2016-07-07 00:00:00,tx,"BFN Operations, LLC - Zelenka Farms",Irving,34,,
warn-11997,2016-07-01 00:00:00,tx,Spenco Medical Corporation,Waco,97,,
warn-12005,2016-07-01 00:00:00,tx,"BG US Services, Inc.",Houston,154,,
warn-13535,2016-07-01,wa,DCS Facility Services,Statewide,220,,
warn-11996,2016-06-30 00:00:00,tx,WinCo Foods #137,Ft. Worth,11,,
warn-11998,2016-06-30 00:00:00,tx,WinCo Foods #122,McKinney,2,,
warn-11999,2016-06-30 00:00:00,tx,Wichita Tribal Enterprises LLC,Houston,24,,
warn-12000,2016-06-30 00:00:00,tx,WinCo Foods #131,Garland,1,,
warn-12001,2016-06-30 00:00:00,tx,WinCo Foods #140,Denton,1,,
warn-12002,2016-06-30 00:00:00,tx,WinCo Foods #120,Ft. Worth,11,,
warn-12003,2016-06-30 00:00:00,tx,WinCo Foods #126,N. Richland Hills,11,,
warn-12004,2016-06-30 00:00:00,tx,WinCo Foods #124,Duncanville,1,,
warn-12006,2016-06-30 00:00:00,tx,WinCo Foods #121,Lewisville,1,,
warn-11995,2016-06-29 00:00:00,tx,VSE Corporation-Ft. Hood,Gatesville,44,,
warn-11994,2016-06-24 00:00:00,tx,Weatherford Artificial Lift Systems-Katy,Katy,90,,
warn-11992,2016-06-23 00:00:00,tx,Synchrony Bank - Operations Contact Center,Frisco,77,,
warn-11993,2016-06-23 00:00:00,tx,Lockheed Martin Corp.-Global Solutions,Randolph AFB,110,,
warn-13536,2016-06-23,wa,Minerallac,Seattle,9,,
warn-13537,2016-06-22,wa,Boeing,Puget Sound,99,,
warn-11991,2016-06-21 00:00:00,tx,San Fab Industrial Contracting,El Paso,125,,
warn-11987,2016-06-20 00:00:00,tx,Ingram Micro - Elwood Staffing-Touchstone Wireless Repair and Logistics,Ft. Worth,937,,
warn-11988,2016-06-20 00:00:00,tx,"Packers Sanitation Services, Inc.-Sysco Louisiana Foods",Stafford,4,,
warn-11989,2016-06-20 00:00:00,tx,"Packers Sanitation Services, Inc.-Freedman Meats",Houston,7,,
warn-11990,2016-06-17 00:00:00,tx,Boeing Company,Houston,4,,
warn-11986,2016-06-16 00:00:00,tx,Sandvik Inc.,Stafford,75,,
warn-11985,2016-06-15 00:00:00,tx,Freeport-McMoRan Oil & Gas,Houston,16,,
warn-11983,2016-06-14 00:00:00,tx,Select Medical -Regency Hospital  Ft. Worth,Ft. Worth,152,,
warn-11984,2016-06-13 00:00:00,tx,Aramark-Lancaster ISD,Lancaster,76,,
warn-11980,2016-06-10 00:00:00,tx,"Landes Workforce, LLC",Dallas,181,,
warn-11981,2016-06-10 00:00:00,tx,Hercules Offshore,Houston,60,,
warn-11982,2016-06-10 00:00:00,tx,Hastings Entertainment-Amarillo,Amarillo,375,,
warn-11978,2016-06-05 00:00:00,tx,JP Morgan Chase - Banking Services,Houston,90,,
warn-11979,2016-06-01 00:00:00,tx,Alcoa World Alumina,Point Comfort,254,,
warn-13538,2016-06-01,wa,Boeing,Puget Sound,211,,
warn-2679,2016-05-26 00:00:00,il,,Schaumburg,75,Mass Layoff,
warn-11973,2016-05-26 00:00:00,tx,Compass Group dba Chartwells,Bastrop,70,,
warn-11975,2016-05-26 00:00:00,tx,"Lufkin Industries, LLC, (GE Oil & Gas-Gear Repair",Lufkin,44,,
warn-11976,2016-05-26 00:00:00,tx,"Lufkin Industries, LLC, (GE Oil & Gas/Power Transmission)",Lufkin,213,,
warn-11977,2016-05-26 00:00:00,tx,"Lufkin Industries, Inc. (GE Oil & Gas)-",Lufkin,105,,
warn-11968,2016-05-25 00:00:00,tx,Science Applications International Corp - Ft. Bliss,Fort Bliss,68,,
warn-11970,2016-05-25 00:00:00,tx,"TS3 Technology, Inc.",Stafford,77,,
warn-11971,2016-05-25 00:00:00,tx,RAS Services Inc.,Dallas,112,,
warn-11972,2016-05-25 00:00:00,tx,Sports Authority-Mansfield2,Mansfield,20,,
warn-13539,2016-05-25,wa,Forever 21 Retail,Tacoma,70,,
warn-11965,2016-05-24 00:00:00,tx,Boeing Company,Houston,11,,
warn-11974,2016-05-24 00:00:00,tx,Alcoa World Alumina,Point Comfort,137,,
warn-13540,2016-05-23,wa,Olympic Panel Products,Shelton,217,,
warn-11964,2016-05-20 00:00:00,tx,"Lufkin Industries, LLC, (GE Oil & Gas/Power Transmission)",Lufkin,120,,
warn-11966,2016-05-20 00:00:00,tx,OneMain Financial,Irving,116,,
warn-11967,2016-05-20 00:00:00,tx,National Oilwell Varco -Galena Park,Galena Park,54,,
warn-11969,2016-05-20 00:00:00,tx,Alcoa World Alumina,Point Comfort,34,,
warn-13541,2016-05-20,wa,Broadspectrum,Anacortes,57,,
warn-3746,2016-05-18 00:00:00,il,Siemens Building Technologies,Buffalo Grove,29,Layoff,
warn-3876,2016-05-18 00:00:00,il,"Philips Medical Systems, Inc.",Aurora,201,Plant Closure,
warn-11962,2016-05-18 00:00:00,tx,"Progressive Waste Solutions of TX, Inc.",Ft. Worth,76,,
warn-11963,2016-05-18 00:00:00,tx,"KingsIsle Entertainment, Inc.",Austin,72,,
warn-13542,2016-05-18,wa,Summit Management Company,Winlock,3,,
warn-13543,2016-05-18,wa,Spectrum Glass Company,Woodinville,124,,
warn-13544,2016-05-12,wa,CRF Frozen Foods,Pasco,250,,
warn-11957,2016-05-11 00:00:00,tx,Ensco Offshore Co.,Houston,350,,
warn-13545,2016-05-10,wa,Washington Closure Hanford,Richland,435,,
warn-11953,2016-05-08 00:00:00,tx,CompuCom Systems Inc.,Dallas,6,,
warn-11958,2016-05-06 00:00:00,tx,Forest Park Medical Center - Ft Worth,Ft. Worth,175,,
warn-11951,2016-05-05 00:00:00,tx,"Anconnect, LLC.",Amarillo,137,,
warn-11952,2016-05-05 00:00:00,tx,Transamerica Life Insurance Co.-Houston,Houston,54,,
warn-11954,2016-05-05 00:00:00,tx,"Kennametal, Inc.",Houston,65,,
warn-11955,2016-05-05 00:00:00,tx,Homemade Real Foods,Ft. Worth,88,,
warn-11959,2016-05-05 00:00:00,tx,Sanjel (USA) - Cibolo,Cibolo,103,,
warn-11960,2016-05-05 00:00:00,tx,Sanjel (USA),Odessa,312,,
warn-11949,2016-05-02 00:00:00,tx,Daiichi Sankyo,Westlake,18,,
warn-11950,2016-05-02 00:00:00,tx,CompuCom Systems Inc.,Dallas,85,,
warn-11956,2016-05-02 00:00:00,tx,Alcoa World Alumina,Point Comfort,60,,
warn-11961,2016-05-02 00:00:00,tx,Sanjel (USA)- Houston,Houston,11,,
warn-11945,2016-04-29 00:00:00,tx,Walmart-Ft. Worth,Ft. Worth,108,,
warn-11946,2016-04-29 00:00:00,tx,Freeport-McMoRan Oil & Gas,Houston,106,,
warn-11947,2016-04-29 00:00:00,tx,Freeport-McMoRan Oil & Gas-Texas St.,Houston,54,,
warn-11948,2016-04-29 00:00:00,tx,Freeport-McMoran Oil & Gas-(MMR),Houston,10,,
warn-11944,2016-04-27 00:00:00,tx,CSM Bakery Products,Sugar Land,163,,
warn-11943,2016-04-26 00:00:00,tx,Boeing Company,Houston,8,,
warn-11941,2016-04-22 00:00:00,tx,VSE Corporation-Red River DPW,Texarkana,94,,
warn-11942,2016-04-22 00:00:00,tx,"Mile Hi Specialty Foods, Inc.",Dallas,148,,
warn-13546,2016-04-21,wa,Cablecraft Motion Controls,Tacoma,38,,
warn-11938,2016-04-14 00:00:00,tx,Phoenix House-Houston,Houston,57,,
warn-11940,2016-04-14 00:00:00,tx,Phoenix House-Humble,Humble,97,,
warn-11937,2016-04-13 00:00:00,tx,Mount Vernon Mills - Cuero Plant,Cuero,280,,
warn-11939,2016-04-13 00:00:00,tx,"Seadrill Americas, Inc.",Houston,112,,
warn-11936,2016-04-12 00:00:00,tx,Mercer (US) Inc.,Houston,71,,
warn-11935,2016-04-11 00:00:00,tx,Union Tank Car Co.-Houston,Houston,230,,
warn-11932,2016-04-08 00:00:00,tx,"Emerald Correctional Management, LLC-Rolling Plains",Haskell,134,,
warn-11933,2016-04-08 00:00:00,tx,Western Container Corp.,Big Spring,97,,
warn-11926,2016-04-07 00:00:00,tx,"Chevron USA, Inc. - Houston2",Houston,164,,
warn-11927,2016-04-07 00:00:00,tx,Red River Army Depot - AECOM- New Boston,New Boston,857,,
warn-11928,2016-04-07 00:00:00,tx,Chevron-Smith St.,Houston,164,,
warn-11929,2016-04-07 00:00:00,tx,Chevron-Two Allen Center,Houston,163,,
warn-11930,2016-04-07 00:00:00,tx,Select Medical - SSH Houston,Houston,175,,
warn-11931,2016-04-07 00:00:00,tx,"Chevron USA, Inc.",Houston,164,,
warn-11924,2016-04-05 00:00:00,tx,"Goss International Americas, LLC",Kennedale,71,,
warn-11922,2016-04-04 00:00:00,tx,CompuCom Systems Inc.,Dallas,87,,
warn-11923,2016-04-04 00:00:00,tx,Ventech Engineers International,Pasadena,96,,
warn-11919,2016-04-01 00:00:00,tx,NetVersant Solutions LLC,Houston,43,,
warn-11920,2016-04-01 00:00:00,tx,Science Applications International Corp - Ft. Bliss,Fort Bliss,65,,
warn-13547,2016-04-01,wa,Cascade Valley Hospital & Clinics,Arlington,418,,
warn-13548,2016-04-01,wa,Xerox Commercial Solutioins,Kent,98,,
warn-11916,2016-03-31 00:00:00,tx,Maersk Oil Houston,Houston,57,,
warn-11917,2016-03-31 00:00:00,tx,"Schenker, Inc.",El Paso,28,,
warn-11921,2016-03-31 00:00:00,tx,DuPont-La Porte,La Porte,17,,
warn-11914,2016-03-30 00:00:00,tx,"Exterran Energy Solutions, LP - Alleyton",Alleyton,241,,
warn-11918,2016-03-30 00:00:00,tx,Select Medical - Global Rehab.,Dallas,77,,
warn-11911,2016-03-28 00:00:00,tx,"BP America, Inc.-Energy",Houston,166,,
warn-11912,2016-03-28 00:00:00,tx,"BP America, Inc.-Corporate",Houston,167,,
warn-11910,2016-03-25 00:00:00,tx,"BP America, Inc.",Houston,167,,
warn-11909,2016-03-22 00:00:00,tx,Boeing Company,Houston,15,,
warn-11913,2016-03-22 00:00:00,tx,Barclays Capital Inc.-Technology Center,McKinney,196,,
warn-13549,2016-03-22,wa,Mycom North America,Redmond,2,,
warn-11906,2016-03-21 00:00:00,tx,"Rotary Drilling Tools USA, LLC-Pipe Coatings International",Beasley,65,,
warn-11907,2016-03-21 00:00:00,tx,Tubular Repair,Odessa,4,,
warn-11908,2016-03-21 00:00:00,tx,MyCom North America,Richardson,23,,
warn-3744,2016-03-17 00:00:00,il,,Quincy,80,Mass Layoff,
warn-11903,2016-03-17 00:00:00,tx,Panosanic Avionics Corp.,Coppell,51,,
warn-11905,2016-03-17 00:00:00,tx,Shade Structures,Dallas,54,,
warn-13550,2016-03-17,wa,Wells Fargo Home Mortgage Servicing,Vancouver,1,,
warn-13551,2016-03-16,wa,Sterling Life Insurance Company,Bellingham,55,,
warn-11901,2016-03-15 00:00:00,tx,Dealertrack Technologies,Dallas,59,,
warn-11904,2016-03-15 00:00:00,tx,Trinity Rail-Trinity Tank Car-Harrison Rd.,Longview,228,,
warn-11915,2016-03-15 00:00:00,tx,Trinity Rail-Trinity Tank Car-Jordan Valley,Longview,236,,
warn-11902,2016-03-14 00:00:00,tx,Trinity Rail-Trinity Tank Car,Longview,381,,
warn-11900,2016-03-11 00:00:00,tx,Cudd Energy Services,San Antonio,60,,
warn-13552,2016-03-11,wa,Haggen Food & Pharmacy,Puyallup,78,,
warn-13553,2016-03-11,wa,Haggen Food & Pharmacy,Port Angeles,67,,
warn-11899,2016-03-09 00:00:00,tx,Transocean Offshore Deepwater Drilling-Discover Americas,Houston,80,,
warn-13554,2016-03-09,wa,Haggen Food & Pharmacy,Federal Way,71,,
warn-13555,2016-03-09,wa,Haggen Food & Pharmacy,Burien,54,,
warn-11897,2016-03-08 00:00:00,tx,DISH Network,Alvin,550,,
warn-11898,2016-03-08 00:00:00,tx,National Oilwell Varco- Oscar Nelson Jr. Dr.,Baytown,107,,
warn-13556,2016-03-08,wa,Locating Inc.,Lakewood,60,,
warn-11896,2016-03-07 00:00:00,tx,"C&J Energy Services, Inc.",Robstown,87,,
warn-13557,2016-03-07,wa,Xerox Commercial Solutioins,Redmond,325,,
warn-13558,2016-03-07,wa,Albertson's LLC,Bellingham,65,,
warn-11895,2016-03-03 00:00:00,tx,Invista-Victoria,Victoria,50,,
warn-11894,2016-03-02 00:00:00,tx,"Standard Motor Products, Inc.",Grapevine,182,,
warn-13559,2016-03-02,wa,University of Phoenix,Seattle,4,,
warn-13560,2016-03-02,wa,"Apollo Education Group, Inc. (AEG)",Seattle,72,,
warn-11891,2016-02-29 00:00:00,tx,Forever 21 Retail Store #0716,Dallas,68,,
warn-11892,2016-02-29 00:00:00,tx,Bruce Foods,El Paso,177,,
warn-11893,2016-02-29 00:00:00,tx,Compass Group-Eurest,Houston,55,,
warn-11889,2016-02-26 00:00:00,tx,Devon Energy Corporation-Bridgeport,Bridgeport,,,
warn-11890,2016-02-26 00:00:00,tx,Devon Energy Corporation-Spring,Spring,300,,
warn-13561,2016-02-26,wa,Maslow Media Group,Seattle,8,,
warn-3687,2016-02-24 00:00:00,il,Walgreens,Deerfield,270,Plant Closure,
warn-11888,2016-02-24 00:00:00,tx,Investor's Business Dailey,Plano,14,,
warn-11885,2016-02-23 00:00:00,tx,CalFrac Well Services,San Antonio,87,,
warn-11886,2016-02-23 00:00:00,tx,Luminant Mining Company-Monticello Winfield Mine,Winfield,27,,
warn-11887,2016-02-23 00:00:00,tx,Boeing Company,Houston,15,,
warn-11882,2016-02-22 00:00:00,tx,Luminant Mining Company-Monticello Thermo mine,Sulphur Springs,26,,
warn-11883,2016-02-22 00:00:00,tx,Maersk Oil Houston,Houston,35,,
warn-11884,2016-02-22 00:00:00,tx,Luminant Mining Services Company,Mt Pleasant,27,,
warn-11881,2016-02-19 00:00:00,tx,"Cobalt International Energy, Inc.",Houston,50,,
warn-11880,2016-02-16 00:00:00,tx,Alcoa World Alumina,Point Comfort,175,,
warn-12368,2016-02-15 00:00:00,tx,"Brock Services, LLC - Celanese Bishop",Bishop,153,,
warn-11879,2016-02-10 00:00:00,tx,Pioneer Natural Resources Pumping Services- Victoria,Victoria,148,,
warn-11877,2016-02-09 00:00:00,tx,IPSCO Koppel Tubulars Corporation,Baytown,112,,
warn-11878,2016-02-09 00:00:00,tx,Transocean Offshore Deepwater Drilling-Deep Water Champion,Houston,40,,
warn-11876,2016-02-08 00:00:00,tx,Transocean Offshore Deepwater Drilling-Discoverer Deep Seas,Houston,140,,
warn-3708,2016-02-06 00:00:00,il,Richland Manufacturing,Olney,35,Layoff,
warn-11934,2016-02-04 00:00:00,tx,Sherwin Alumina Co.,Gregory,924,,
warn-13562,2016-02-03,wa,Concentrix,Bremerton,520,,
warn-13563,2016-02-03,wa,Wells Fargo Home Mortgage Servicing,Vancouver,59,,
warn-11874,2016-02-02 00:00:00,tx,Boeing Company,Houston,1,,
warn-11875,2016-02-02 00:00:00,tx,C&J Energy Services Inc.,Pleasanton,78,,
warn-11872,2016-02-01 00:00:00,tx,ThermoFisher Scientific-Houston,Houston,62,,
warn-11873,2016-02-01 00:00:00,tx,Sunoco LP - Stripes LLC,Corpus Ch,161,,
warn-13564,2016-02-01,wa,Cardinal Health,Auburn,59,,
warn-11870,2016-01-29 00:00:00,tx,National Oilwell Varco-Air Center Blvd.,Houston,129,,
warn-11871,2016-01-29 00:00:00,tx,Maxim Integrated Products-Lone Star Office,Dallas,36,,
warn-11869,2016-01-27 00:00:00,tx,Boeing Company,Houston,2,,
warn-11864,2016-01-26 00:00:00,tx,Maersk Oil Houston,Houston,80,,
warn-11865,2016-01-26 00:00:00,tx,Quicksilver Resources Inc.,Ft. Worth,105,,
warn-11866,2016-01-26 00:00:00,tx,Quicksilver Resources Inc.-Eagle Pkwy,Ft. Worth,11,,
warn-11867,2016-01-26 00:00:00,tx,"Schenker, Inc.",El Paso,29,,
warn-11868,2016-01-26 00:00:00,tx,Quicksilver Resources Inc. - Glen Rose,Glen Rose,48,,
warn-11863,2016-01-25 00:00:00,tx,Tenaris dba Texas ARAI-Maverick Tube Corp.,Houston,166,,
warn-11862,2016-01-22 00:00:00,tx,Sprint-Temple,Temple,375,,
warn-11861,2016-01-21 00:00:00,tx,Southwestern Energy Co.,Spring,376,,
warn-11860,2016-01-19 00:00:00,tx,TD Bank-Auto Finance Dallas Contact Center,Westlake,300,,
warn-11850,2016-01-15 00:00:00,tx,Walmart-Brownsville,Brownsville,276,,
warn-11851,2016-01-15 00:00:00,tx,Walmart-Southlake,Southlake,63,,
warn-11852,2016-01-15 00:00:00,tx,Walmart-Bryan,Bryan,82,,
warn-11853,2016-01-15 00:00:00,tx,Walmart-Dallas,Dallas,72,,
warn-11854,2016-01-15 00:00:00,tx,Walmart-Raymondville,Raymondville,149,,
warn-11855,2016-01-15 00:00:00,tx,Walmart-Frisco,Frisco,62,,
warn-11856,2016-01-15 00:00:00,tx,Alcoa World Alumina,Point Comfort,130,,
warn-11857,2016-01-15 00:00:00,tx,Walmart-Houston,Houston,87,,
warn-11858,2016-01-15 00:00:00,tx,Walmart-Austin,Austin,201,,
warn-11859,2016-01-15 00:00:00,tx,Walmart-Houston2,Houston,353,,
warn-11848,2016-01-14 00:00:00,tx,Residential Credit Solutions,Ft. Worth,144,,
warn-11849,2016-01-14 00:00:00,tx,SERCO-Upper Rio Broderplex,El Paso,91,,
warn-11847,2016-01-13 00:00:00,tx,Noble Drilling (US) LLC - Noble Jim Day Rig,Sugar Land,120,,
warn-11846,2016-01-12 00:00:00,tx,CCS Medical Inc.,Farmers Branch,83,,
warn-11845,2016-01-11 00:00:00,tx,US Steel Tubular Products- Lone Star,Lone Star,679,,
warn-13565,2016-01-08,wa,Haggen Food & Pharmacy,Puyallup,87,,
warn-13566,2016-01-07,wa,Macy's,Spokane,94,,
warn-11844,2016-01-06 00:00:00,tx,Macy's-Ridgmar,Ft. Worth,92,,
warn-11843,2015-12-28 00:00:00,tx,New York Life - Long Term Care Ins.,Austin,50,,
warn-11842,2015-12-23 00:00:00,tx,Boeing Company,Houston,29,,
warn-11841,2015-12-22 00:00:00,tx,Aramark - Wichita Falls,Wichita Falls,114,,
warn-11840,2015-12-18 00:00:00,tx,L.R. Texas dba CSS Industires,El Paso,70,,
warn-13567,2015-12-18,wa,Hoquiam Plywood Products,Hoquiam,90,,
warn-11839,2015-12-16 00:00:00,tx,Dresser Rand ( A Siemens Business),Houston,72,,
warn-11925,2015-12-16 00:00:00,tx,Daiichi Sankyo,Westlake,107,,
warn-11837,2015-12-15 00:00:00,tx,Millennium 1 Solutions,San Antonio,77,,
warn-13568,2015-12-15,wa,Omak Wood Products,Omak,184,,
warn-11838,2015-12-11 00:00:00,tx,Daiichi Sankyo,Westlake,18,,
warn-13569,2015-12-10,wa,Aramark Sports & Entertainment,Seattle,78,,
warn-11834,2015-12-07 00:00:00,tx,"Aramark Healthcare Services, LLC",Houston,324,,
warn-11835,2015-12-07 00:00:00,tx,Cameron International Corp.-Topsides Controls Group,Houston,55,,
warn-11836,2015-12-07 00:00:00,tx,PCH Communications dba Commonground-MGS,Houston,6,,
warn-3711,2015-12-02 00:00:00,il,"NN, Inc.",Wheeling,78,Plant Closure,
warn-13570,2015-12-02,wa,Management & Training Corporation,Sedro Woolley,90,,
warn-11833,2015-12-01 00:00:00,tx,"YP Holdings, LLC",Dallas,100,,
warn-11829,2015-11-30 00:00:00,tx,Noble Drilling (US) LLC - Noble Jim Day Rig,Sugar Land,130,,
warn-11830,2015-11-30 00:00:00,tx,Boeing Company,Houston,5,,
warn-11831,2015-11-30 00:00:00,tx,Sulzer Pumps (US) Inc.,Brookshire,115,,
warn-11832,2015-11-30 00:00:00,tx,"Arruth Associates,Inc.",Houston,93,,
warn-13571,2015-11-24,wa,JACO Environmental,Bothell/Everett,154,,
warn-11828,2015-11-19 00:00:00,tx,"Williams Sonoma, Inc.",Arlington,85,,
warn-13572,2015-11-19,wa,Alcoa Intalco Works,Ferndale,465,,
warn-11825,2015-11-17 00:00:00,tx,Jacobs Field Services N.A.-Marathon Galveston Bay,Texas City,196,,
warn-11826,2015-11-17 00:00:00,tx,"AECOM-Flint Energy Services, Inc.-Kilgore",Kilgore,43,,
warn-11827,2015-11-17 00:00:00,tx,"AECOM-Flint Energy Services, Inc.-Victoria",Victoria,65,,
warn-2533,2015-11-16 00:00:00,il,Richland Manufacturing,Rantoul,38,Layoff,
warn-11823,2015-11-16 00:00:00,tx,First Transit-Transit Management-McKinney,McKinney,70,,
warn-11824,2015-11-16 00:00:00,tx,First Transit-Transit Management -Sherman,Sherman,70,,
warn-11816,2015-11-13 00:00:00,tx,"Topsail Staffing, LLC-HealthPRO-Emerald Dr.",Dallas,15,,
warn-11817,2015-11-13 00:00:00,tx,"Topsail Staffing, LLC-HealthPPO-Preston Rd.",Dallas,15,,
warn-11818,2015-11-13 00:00:00,tx,"Topsail Staffing, LLC-HealthPRO",Dallas,15,,
warn-11819,2015-11-13 00:00:00,tx,"Trelleborg Offshoe US, Inc. - Hardy Road",Houston,100,,
warn-11820,2015-11-13 00:00:00,tx,"Topsail Staffing, LLC-HealthPRO- Bedford",Bedford,15,,
warn-11821,2015-11-13 00:00:00,tx,"Trelleborg Offshore US, Inc.-Rankin Road",Houston,100,,
warn-11822,2015-11-13 00:00:00,tx,Cameron International- Thomas Road,Houston,75,,
warn-11814,2015-11-12 00:00:00,tx,National Oilwell Varco-San Angelo2,San Angelo,120,,
warn-11815,2015-11-12 00:00:00,tx,TransLogistics Solutions of North Texas (TLNT),Sherman,58,,
warn-13573,2015-11-09,wa,Alcoa Inc.,Malaga,415,,
warn-11812,2015-11-04 00:00:00,tx,Fidelity Exploration & Production Company,Minden,2,,
warn-11813,2015-11-04 00:00:00,tx,Boeing Company,Houston,11,,
warn-11810,2015-11-02 00:00:00,tx,Forest Park Medical Center,Dallas,196,,
warn-11811,2015-11-02 00:00:00,tx,Gulf Greyhound Park,La Marque,125,,
warn-11809,2015-10-30 00:00:00,tx,American Airlines-(TX Aero Engine Service LLC-TAESL,Ft. Worth,595,,
warn-11808,2015-10-29 00:00:00,tx,"Infinity Construction Services, LP",Freeport,389,,
warn-11807,2015-10-28 00:00:00,tx,"MV Transportation, Inc.- Houston",Houston,333,,
warn-11806,2015-10-26 00:00:00,tx,Vantage Deepwater Drilling Inc.,Houston,135,,
warn-11793,2015-10-20 00:00:00,tx,INVISTA,Orange,110,,
warn-11794,2015-10-20 00:00:00,tx,Del Taco - Dallas2,Dallas,16,,
warn-11795,2015-10-20 00:00:00,tx,Del Taco - Plano,Plano,16,,
warn-11796,2015-10-20 00:00:00,tx,Del Taco - Frisco,Frisco,23,,
warn-11797,2015-10-20 00:00:00,tx,Del Taco - Lewisville,Lewisville,20,,
warn-11798,2015-10-20 00:00:00,tx,Del Taco - Little Elm,Little Elm,19,,
warn-11799,2015-10-20 00:00:00,tx,Del Taco - San Marcos,San Marcos,15,,
warn-11800,2015-10-20 00:00:00,tx,Del Taco - Cedar Park,Cedar Park,20,,
warn-11801,2015-10-20 00:00:00,tx,Del Taco - Round Rock,Round Rock,19,,
warn-11802,2015-10-20 00:00:00,tx,Del Taco-Mckinney,McKinney,14,,
warn-11803,2015-10-20 00:00:00,tx,Del Taco - Dallas,Dallas,18,,
warn-11804,2015-10-20 00:00:00,tx,Del Taco - San Antonio,San Antonio,21,,
warn-11805,2015-10-20 00:00:00,tx,Del Taco - Denton,Denton,17,,
warn-13574,2015-10-20,wa,CH2M,Bellingham,128,,
warn-11792,2015-10-19 00:00:00,tx,Forum Energy Technologies,Gainesville,60,,
warn-11790,2015-10-16 00:00:00,tx,Forest Park Medical Center-San Antonio,San Antonio,139,,
warn-11791,2015-10-16 00:00:00,tx,Clarke American (Harland Clarke)-San Antonio,San Antonio,107,,
warn-11789,2015-10-15 00:00:00,tx,Boeing Company,Houston,14,,
warn-11785,2015-10-12 00:00:00,tx,Hewlett Packard - Houston2,Houston,16,,
warn-11786,2015-10-12 00:00:00,tx,Barclays Capital-Houston,Houston,12,,
warn-11787,2015-10-12 00:00:00,tx,MullinTBG,Dallas,7,,
warn-11788,2015-10-12 00:00:00,tx,Barclays Capital-Dallas,Dallas,16,,
warn-13575,2015-10-08,wa,Graphic Packaging,Renton,108,,
warn-1763,2015-10-06 00:00:00,il,Mitsubishi Motor Manufacturing,NORMAL,1235,Plant Closure,
warn-11784,2015-10-01 00:00:00,tx,Doyon Security Services,El Paso,42,,
warn-11782,2015-09-29 00:00:00,tx,Boeing Company,Houston,15,,
warn-11783,2015-09-29 00:00:00,tx,AT&T-Houston,Houston,201,,
warn-13576,2015-09-25,wa,Haggen Food & Pharmacy,Statewide,1073,,
warn-11781,2015-09-24 00:00:00,tx,National Oilwell Varco-Lockwood Dr.,Houston,85,,
warn-3683,2015-09-23 00:00:00,il,Nokia Siemens Networks,Arlington Heights,950,Layoff,
warn-3699,2015-09-23 00:00:00,il,"Bloomington/Normal Seating, Co.",Normal,59,Plant Closure,
warn-13577,2015-09-23,wa,CH2M,Bellingham,128,,
warn-11779,2015-09-22 00:00:00,tx,ABM Janitorial Services,Houston,260,,
warn-11780,2015-09-22 00:00:00,tx,Hercules Offshore,Houston,50,,
warn-3694,2015-09-21 00:00:00,il,,Woodridge,115,Plant Closure,
warn-11778,2015-09-21 00:00:00,tx,"KW International, LLC",Houston,47,,
warn-11777,2015-09-17 00:00:00,tx,Peerless Manufacturing-Dallas,Wichita Falls,70,,
warn-11775,2015-09-15 00:00:00,tx,Lockheed Martin- Commercial Engine Solutions,San Antonio,87,,
warn-11776,2015-09-15 00:00:00,tx,USAA-Addison,Addison,105,,
warn-11774,2015-09-11 00:00:00,tx,"PFSweb, Inc.",Grapeland,61,,
warn-11773,2015-09-03 00:00:00,tx,Cameron International-Houston,Houston,150,,
warn-11761,2015-09-01 00:00:00,tx,ConocoPhillips-Katy Frwy,Houston,50,,
warn-11762,2015-09-01 00:00:00,tx,ConocoPhillips-Westlake Park2,Houston,50,,
warn-11763,2015-09-01 00:00:00,tx,Bronco Oilfield Services-Longview,Longview,52,,
warn-11764,2015-09-01 00:00:00,tx,ConocoPhillips-Dairy Ashford,Houston,50,,
warn-11765,2015-09-01 00:00:00,tx,ConocoPhillips-St. Mary's,Houston,50,,
warn-11766,2015-09-01 00:00:00,tx,ConocoPhillips-Park Ten Pl.,Houston,50,,
warn-11767,2015-09-01 00:00:00,tx,ConocoPhillips-Westlake Park,Houston,50,,
warn-11768,2015-09-01 00:00:00,tx,Texas Health Care,Ft. Worth,65,,
warn-11769,2015-09-01 00:00:00,tx,ConocoPhillips-Threadneedle,Houston,50,,
warn-11770,2015-09-01 00:00:00,tx,ConocoPhillips-Barker Cypress,Houston,50,,
warn-11771,2015-09-01 00:00:00,tx,ConocoPhillips-Post Oak,Houston,50,,
warn-11772,2015-09-01 00:00:00,tx,ConocoPhillips-JFK Blvd.,Houston,50,,
warn-11760,2015-08-31 00:00:00,tx,"Lufkin Industries, (GE Oil & Gas)",Lufkin,176,,
warn-11759,2015-08-28 00:00:00,tx,Hewlett Packard - Houston2,Houston,70,,
warn-11757,2015-08-27 00:00:00,tx,Timberlawn -Garland,Garland,80,,
warn-11758,2015-08-27 00:00:00,tx,Timberlawn Mental Health System,Dallas,80,,
warn-11756,2015-08-26 00:00:00,tx,Boeing Company,Houston,70,,
warn-13578,2015-08-26,wa,Red Lion Hotel,Vancouver,82,,
warn-11755,2015-08-24 00:00:00,tx,Lamons Gasket Company,Houston,77,,
warn-13579,2015-08-24,wa,HTC America,Bellevue,85,,
warn-13580,2015-08-24,wa,Boeing,Puget Sound,39,,
warn-13581,2015-08-24,wa,Interfor,Tacoma,127,,
warn-13582,2015-08-14,wa,Haggen Food & Pharmacy,Spanaway,62,,
warn-11751,2015-08-12 00:00:00,tx,Chevron-Two Allen Center,Houston,237,,
warn-11752,2015-08-12 00:00:00,tx,Chevron-Smith St.,Houston,237,,
warn-11753,2015-08-12 00:00:00,tx,"Chevron USA, Inc. - Houston2",Houston,237,,
warn-11754,2015-08-12 00:00:00,tx,"Chevron USA, Inc.",Houston,239,,
warn-11749,2015-08-10 00:00:00,tx,Color Spot Nurseries-Waco,Waco,43,,
warn-11750,2015-08-10 00:00:00,tx,Color Spot Nurseries-Walnut Springs,Walnut Springs,75,,
warn-13583,2015-08-10,wa,HTC America,Bellevue,23,,
warn-13584,2015-08-10,wa,HTC America Innovation,Seattle,24,,
warn-11748,2015-08-07 00:00:00,tx,National Oilwell Varco-Fiberglass Systems,Mineral Wells,110,,
warn-3692,2015-08-06 00:00:00,il,,Chicago,1200,Mass Layoff,
warn-11733,2015-07-31 00:00:00,tx,Dynamic Workforce Solutions- Houston St.,San Antonio,18,,
warn-11734,2015-07-31 00:00:00,tx,Dynamic Workforce Solutions - Pearsall,Pearsall,2,,
warn-11735,2015-07-31 00:00:00,tx,Dynamic Workforce Solutions- Kerrville,Kerrville,7,,
warn-11736,2015-07-31 00:00:00,tx,Dynamic Workforce Solutions - Kenedy,Kenedy,1,,
warn-11737,2015-07-31 00:00:00,tx,Dynamic Workforce Solutions - Marbach,San Antonio,17,,
warn-11738,2015-07-31 00:00:00,tx,Dynamic Workforce Solutions - Hillcrest,San Antonio,23,,
warn-11739,2015-07-31 00:00:00,tx,Cal Dive International,Houston,252,,
warn-11740,2015-07-31 00:00:00,tx,Dynamic Workforce Solutions-Boerne,Boerne,1,,
warn-11741,2015-07-31 00:00:00,tx,Dynamic Workforce Solutions-Hondo,Hondo,2,,
warn-11742,2015-07-31 00:00:00,tx,Dynamic Workforce Solutions - S. Flores,San Antonio,46,,
warn-11743,2015-07-31 00:00:00,tx,Dynamic Workforce Solutions-Walzem,San Antonio,25,,
warn-11744,2015-07-31 00:00:00,tx,Dynamic Workforce Solutions-New Braunfels,New Braunfels,7,,
warn-11745,2015-07-31 00:00:00,tx,Dynamic Workforce Solutions - Pleasanton,Pleasanton,4,,
warn-11746,2015-07-31 00:00:00,tx,National Oilwell Varco-Willis,Willis,150,,
warn-11747,2015-07-31 00:00:00,tx,Cal Dive International-Pt. Arthur,Port Arthur,126,,
warn-11728,2015-07-30 00:00:00,tx,"EZCORP, Inc.",Austin,98,,
warn-11729,2015-07-30 00:00:00,tx,Silverleaf Resorts-Pantego,Pantego,120,,
warn-11730,2015-07-30 00:00:00,tx,Silverleaf Resorts-Irving,Irving,83,,
warn-11731,2015-07-30 00:00:00,tx,Silvereaf Resorts- Holly Lake Ranch,Hawkins,18,,
warn-11732,2015-07-30 00:00:00,tx,Silverleaf Resorts-Tyler,Tyler,33,,
warn-11727,2015-07-24 00:00:00,tx,Maxim Integrated Products-Lone Star Office,Dallas,27,,
warn-11726,2015-07-22 00:00:00,tx,The Tatitlek Corp.-Tatilek Traning Services,Fort Bliss,67,,
warn-13585,2015-07-22,wa,Boeing,Puget Sound,172,,
warn-11725,2015-07-21 00:00:00,tx,HOWCO,Yorktown,17,,
warn-11722,2015-07-20 00:00:00,tx,Boeing Company,Houston,5,,
warn-11723,2015-07-20 00:00:00,tx,"TimkenSteel Material Services, LLC",Houston,39,,
warn-11724,2015-07-20 00:00:00,tx,Flextronics-Waco,Plano,168,,
warn-11721,2015-07-17 00:00:00,tx,Sun Products Corporation,Pasadena,113,,
warn-11720,2015-07-16 00:00:00,tx,NCS Pearson,Austin,140,,
warn-11718,2015-07-13 00:00:00,tx,Maxim Integrated Products-Lone Star Office,Dallas,60,,
warn-11719,2015-07-13 00:00:00,tx,First Transit-Austin,Austin,342,,
warn-13586,2015-07-13,wa,Mount Baker Vapor,Bellingham,92,,
warn-11717,2015-07-08 00:00:00,tx,Baylor Medical Center - Our Children's House at Baylor - Dallas,Dallas,181,,
warn-11716,2015-07-07 00:00:00,tx,Noble Energy-Rosetta Resources Inc.,Houston,76,,
warn-11715,2015-07-02 00:00:00,tx,"Wedge Energy Services, LLC",Joshua,46,,
warn-11714,2015-07-01 00:00:00,tx,University of TX-Pan American-S. Padre Island,S Padre Island,345,,
warn-11712,2015-06-30 00:00:00,tx,Christus Health Southeast TX,Port Arthur,162,,
warn-11713,2015-06-30 00:00:00,tx,Xerox Commercial Solutions - Wichita Falls,Wichita Falls,257,,
warn-13587,2015-06-30,wa,Sodexo,Snohomish,63,,
warn-11711,2015-06-29 00:00:00,tx,University of Texas at Brownsville (UTB),Brownsville,1141,,
warn-11710,2015-06-26 00:00:00,tx,"Marvell Semiconductor, Inc.-Austin Design Center",Austin,52,,
warn-11708,2015-06-24 00:00:00,tx,Boeing Company,Houston,3,,
warn-11709,2015-06-24 00:00:00,tx,Avnet,Coppell,68,,
warn-13588,2015-06-22,wa,Boeing,Puget Sound,23,,
warn-11707,2015-06-19 00:00:00,tx,Sears Holdings Unit 2507 &  6644,McAllen,132,,
warn-13589,2015-06-17,wa,Bags,Seattle,190,,
warn-11706,2015-06-16 00:00:00,tx,APM Terminals,La Porte,109,,
warn-11705,2015-06-15 00:00:00,tx,Containment Solutions Inc.,Conroe,62,,
warn-13590,2015-06-11,wa,Boeing,Puget Sound,18,,
warn-11698,2015-06-10 00:00:00,tx,CDI HS-Beeville2,Beeville,8,,
warn-11699,2015-06-10 00:00:00,tx,CDI HS-Skidmore,Skidmore,8,,
warn-11700,2015-06-10 00:00:00,tx,CDI HS-Goliad,Goliad,9,,
warn-11701,2015-06-10 00:00:00,tx,CDI HS-Woodsboro,Woodsboro,8,,
warn-11702,2015-06-10 00:00:00,tx,CDI HS-George West,George West,8,,
warn-11703,2015-06-10 00:00:00,tx,CDI HS-Refugio,Refugio,8,,
warn-11704,2015-06-10 00:00:00,tx,CDI HS-Beeville,Beeville,9,,
warn-11697,2015-06-04 00:00:00,tx,Goldstar Transit,Manor,69,,
warn-11694,2015-06-03 00:00:00,tx,PM Realty Group LP (PMRG),Houston,26,,
warn-11695,2015-06-03 00:00:00,tx,PM Realty Group LP (PMRG)-Smith,Houston,21,,
warn-11696,2015-06-03 00:00:00,tx,PM Realty Group LP (PMRG) Smith St,Houston,5,,
warn-11693,2015-06-02 00:00:00,tx,Speedy Stop Food Stores,Victoria,84,,
warn-11691,2015-06-01 00:00:00,tx,Aramark-Allen,Allen,114,,
warn-11692,2015-06-01 00:00:00,tx,Horizon Lines Inc.,Irving,114,,
warn-13591,2015-05-28,wa,Interfor,Tacoma,90,,
warn-11685,2015-05-27 00:00:00,tx,Ocwen Financial Corp.-Litton Loan Servicing (LLS) LP,Houston,141,,
warn-11686,2015-05-27 00:00:00,tx,"Axion Services, LLC",Houston,14,,
warn-11687,2015-05-27 00:00:00,tx,"Magnum Precision Operations, LLC",Houston,83,,
warn-11688,2015-05-27 00:00:00,tx,"Shamrock Precision Operations, LLC",Houston,41,,
warn-11689,2015-05-27 00:00:00,tx,Boeing Company,Houston,8,,
warn-11690,2015-05-27 00:00:00,tx,ThermoFisher Scientific-Sugarland,Sugar Land,52,,
warn-11683,2015-05-26 00:00:00,tx,Hodges Trucking,Alvarado,67,,
warn-11684,2015-05-26 00:00:00,tx,GDC Technics,San Antonio,162,,
warn-11681,2015-05-18 00:00:00,tx,Gulf Marine Fabricators - Aransas Pass,Aransas Pass,554,,
warn-11682,2015-05-18 00:00:00,tx,"Blue Bell Creameries, L.P.",Brenham,341,,
warn-11679,2015-05-15 00:00:00,tx,Access Mediquip,Houston,40,,
warn-11680,2015-05-15 00:00:00,tx,Ryder-Haltom City,Haltom City,0,,
warn-11678,2015-05-14 00:00:00,tx,"TIC Energy & Chemical, Inc-(TEC) -Freeport",Freeport,74,,
warn-11677,2015-05-13 00:00:00,tx,"Danbury Aerospace, Inc. (DAI)",San Antonio,106,,
warn-11676,2015-05-12 00:00:00,tx,Select Medical Corp.,Houston,222,,
warn-3754,2015-05-09 00:00:00,il,"Jason Industries, Inc.",Buffalo Grove,81,Plant Closure,
warn-11675,2015-05-07 00:00:00,tx,"Capital One Services, Inc.",Irving,299,,
warn-11673,2015-05-05 00:00:00,tx,Child Care Associates,Ft. Worth,75,,
warn-11674,2015-05-05 00:00:00,tx,HOWCO,Yorktown,32,,
warn-11672,2015-05-04 00:00:00,tx,Valmont Brenham,Brenham,173,,
warn-3666,2015-05-01 00:00:00,il,"Stein Steel Mill Services, Inc.",Granite City,53,Plant Closure,
warn-11669,2015-05-01 00:00:00,tx,Austin American Statesman,Austin,103,,
warn-11670,2015-05-01 00:00:00,tx,Celebrating Home,Marshall,80,,
warn-11671,2015-05-01 00:00:00,tx,Whole Foods Market-Houston,Houston,100,,
warn-11667,2015-04-29 00:00:00,tx,Aramark-Texarkana,Texarkana,105,,
warn-11668,2015-04-29 00:00:00,tx,Aramark-Atlanta,Atlanta,5,,
warn-11661,2015-04-28 00:00:00,tx,Bell Helicopter-High River Rd.,Ft. Worth,35,,
warn-11662,2015-04-28 00:00:00,tx,Bell Helicopter-Bell Helicopter Blvd.,Ft. Worth,35,,
warn-11663,2015-04-28 00:00:00,tx,Bell Helicopter-Aviator Way,Ft. Worth,35,,
warn-11664,2015-04-28 00:00:00,tx,Bell Helicopter-Highway 360,Grand Prairie,35,,
warn-11665,2015-04-28 00:00:00,tx,Bell Helicopter-Arlington,Arlington,35,,
warn-11666,2015-04-28 00:00:00,tx,Bell Helicopter-S Norwood,Hurst,538,,
warn-11660,2015-04-27 00:00:00,tx,CB&I Stone & Webster,Glen Rose,322,,
warn-13592,2015-04-27,wa,Emeritus Senior Living,Seattle,10,,
warn-13593,2015-04-27,wa,Golden Nugget Tukwila Casino,Tukwila,69,,
warn-13594,2015-04-27,wa,Simpson Lumber Company,Shelton,275,,
warn-11657,2015-04-23 00:00:00,tx,Hudson Group,Houston,79,,
warn-11658,2015-04-23 00:00:00,tx,"Breg, Inc.",Grand Prairie,193,,
warn-11659,2015-04-23 00:00:00,tx,Baker Hughes-Alice2,Alice,27,,
warn-13595,2015-04-23,wa,Boeing,Puget Sound,153,,
warn-11654,2015-04-22 00:00:00,tx,Halliburton-Interwood,Houston,134,,
warn-11655,2015-04-22 00:00:00,tx,Delaware N Co. Travel Hosp. Svcs. Inc.-Houston,Houston,333,,
warn-11656,2015-04-22 00:00:00,tx,Express Scripts-N. Riverside,Ft. Worth,227,,
warn-11651,2015-04-21 00:00:00,tx,Halliburton-Ft. Stockton,Fort Stockton,93,,
warn-11652,2015-04-21 00:00:00,tx,Halliburton-Brownfield,Brownfield,99,,
warn-11653,2015-04-21 00:00:00,tx,Boeing Company,Houston,1,,
warn-11650,2015-04-20 00:00:00,tx,Maxum Petroleum Operating Company dba Pilot Thomas Logistics,Robstown,60,,
warn-11649,2015-04-17 00:00:00,tx,"US Steel Oilwell Services, LLC",Houston,210,,
warn-11648,2015-04-15 00:00:00,tx,Walmart-Midland,Midland,456,,
warn-11646,2015-04-14 00:00:00,tx,Office Max - Garland,Garland,72,,
warn-11647,2015-04-14 00:00:00,tx,Walmart - Livingston,Livingston,420,,
warn-11641,2015-04-09 00:00:00,tx,Android Industries-E Pioneer Pkwy,Arlington,100,,
warn-11642,2015-04-09 00:00:00,tx,Android Industries,Arlington,400,,
warn-11643,2015-04-09 00:00:00,tx,Android Industries-Pioneer Pkwy,Arlington,49,,
warn-11644,2015-04-09 00:00:00,tx,Eisai Inc.,Irving,51,,
warn-11645,2015-04-09 00:00:00,tx,Android Industries-East Randoll Mill,Arlington,40,,
warn-11638,2015-04-08 00:00:00,tx,FTS International,Bryan,194,,
warn-11639,2015-04-08 00:00:00,tx,Durham School Services-Lewisville,Lewisville,358,,
warn-11640,2015-04-08 00:00:00,tx,Durham School Services-Burleson,Burleson,124,,
warn-11637,2015-04-07 00:00:00,tx,"Lufkin Industries, (GE Oil & Gas)",Lufkin,149,,
warn-13596,2015-04-02,wa,Federal Home Loan Bank,Seattle,109,,
warn-11635,2015-03-30 00:00:00,tx,"DHW Well Service, Inc.",Victoria,55,,
warn-11636,2015-03-30 00:00:00,tx,"Seadrill Americas, Inc.",Houston,159,,
warn-11634,2015-03-27 00:00:00,tx,AF Global Corporation,Houston,89,,
warn-11633,2015-03-26 00:00:00,tx,LabCorp-Dallas,Dallas,56,,
warn-2999,2015-03-25 00:00:00,il,,Granite City,2086,Plant Closure,
warn-11631,2015-03-24 00:00:00,tx,East Texas Medical Center-Crockett,Crockett,120,,
warn-11632,2015-03-24 00:00:00,tx,Tenaris dba Texas ARAI-Maverick Tube Corp.,Houston,133,,
warn-11629,2015-03-23 00:00:00,tx,Halliburton Energy Services-Alice,Alice,60,,
warn-11630,2015-03-23 00:00:00,tx,Boeing Company,Houston,9,,
warn-11627,2015-03-17 00:00:00,tx,Justin Brands,Ft. Worth,68,,
warn-11628,2015-03-17 00:00:00,tx,Trican Well Service,Odessa,137,,
warn-11626,2015-03-13 00:00:00,tx,Hewlett Packard - Houston2,Houston,77,,
warn-13597,2015-03-09,wa,Triumph Composite Systems,Spokane,25,,
warn-3569,2015-03-07 00:00:00,il,Graham Packaging Company,Chicago,170,Plant Closure,
warn-11624,2015-03-06 00:00:00,tx,Softcard,Dallas,121,,
warn-11625,2015-03-06 00:00:00,tx,Sprint-Irving3,Irving,68,,
warn-11623,2015-03-04 00:00:00,tx,"Oilfield Trucking Solutions, a subsidiary of Seventy Seven Energy, Inc.",Pearsall,58,,
warn-11622,2015-03-03 00:00:00,tx,"Ultra Premium Oilfield, LTD (TMK)",Odessa,96,,
warn-11621,2015-03-02 00:00:00,tx,Management & Training Corp. (MTC)-Willacy Proc Ctr,Raymondville,337,,
warn-13598,2015-03-02,wa,Valeant Pharmaceuticals,Seattle,77,,
warn-11620,2015-02-26 00:00:00,tx,SER Jobs for Progress-Administrative Office,San Antonio,,,
warn-13599,2015-02-26,wa,"Ambassador Programs, Inc.",Spokane,60,,
warn-13600,2015-02-26,wa,Trulia,Bellevue,157,,
warn-13601,2015-02-26,wa,Boeing,Puget Sound,319,,
warn-11618,2015-02-25 00:00:00,tx,Boeing Company,Houston,7,,
warn-11619,2015-02-25 00:00:00,tx,Baker Hughes-Snyder,Snyder,133,,
warn-11616,2015-02-24 00:00:00,tx,Baker Hughes-Kilgore,Kilgore,58,,
warn-11617,2015-02-24 00:00:00,tx,Convergys Customer Management Group Inc.-Pharr,Pharr,281,,
warn-11613,2015-02-23 00:00:00,tx,"Advanced Stimulation Technologies, Inc.",Midland,69,,
warn-11614,2015-02-23 00:00:00,tx,Tenaris dba Maverick Tube,Houston,133,,
warn-11615,2015-02-23 00:00:00,tx,"Maverick Tube LLC, dba Tenaris Conroe",Conroe,236,,
warn-11611,2015-02-20 00:00:00,tx,Amega West,Tyler,58,,
warn-11612,2015-02-20 00:00:00,tx,US Steel Tubular Products - Hughes Springs,Hughes Springs,70,,
warn-11609,2015-02-18 00:00:00,tx,Bank of America-Plano2,Plano,22,,
warn-11610,2015-02-18 00:00:00,tx,Bank of America - Addison,Addison,71,,
warn-11605,2015-02-17 00:00:00,tx,Staples,Houston,0,,
warn-11606,2015-02-17 00:00:00,tx,Hamilton Scientific-Laboratory Solutions,Round Rock,67,,
warn-11607,2015-02-17 00:00:00,tx,"Acme Energy Services, Inc. dba Big Dog Drilling",Midland,31,,
warn-11608,2015-02-17 00:00:00,tx,Bank of America - Plano,Plano,23,,
warn-11604,2015-02-09 00:00:00,tx,Baker Hughes-Alice,Alice,51,,
warn-11603,2015-02-06 00:00:00,tx,JELD-WEN -Temple,Temple,69,,
warn-11599,2015-02-05 00:00:00,tx,Baker Hughes-Mineral Wells,Mineral Wells,110,,
warn-11600,2015-02-05 00:00:00,tx,Boeing Company,Houston,2,,
warn-11601,2015-02-05 00:00:00,tx,"Aramark Sports and Entertainment Services of TX, LLC",Houston,77,,
warn-11602,2015-02-05 00:00:00,tx,Apex Tool Group,Garland,291,,
warn-11597,2015-02-04 00:00:00,tx,Radio Shack Corporation,Ft. Worth,683,,
warn-11598,2015-02-04 00:00:00,tx,Radio Shack Support Facilities & Distribution Center,Ft. Worth,172,,
warn-13602,2015-02-03,wa,Emeritus Senior Living,"Seattle, WA",41,,
warn-3659,2015-02-02 00:00:00,il,,St. Charles,300,Mass Layoff,
warn-11596,2015-02-02 00:00:00,tx,"Sentry Supply Inc.,dba Superior Supply Inc.",Carrizo Springs,4,,
warn-11593,2015-01-30 00:00:00,tx,"Sandridge Energy, Inc.",Odessa,25,,
warn-11594,2015-01-30 00:00:00,tx,Lariat Services - Odessa,Odessa,26,,
warn-11595,2015-01-30 00:00:00,tx,Convergys Contact Center,Jacksonville,78,,
warn-11590,2015-01-29 00:00:00,tx,"Lufkin Industries, Inc. (GE Oil & Gas)-",Lufkin,395,,
warn-11591,2015-01-29 00:00:00,tx,"Trican Well Service, L.P.",Longview,125,,
warn-11592,2015-01-29 00:00:00,tx,Office Max - Garland,Garland,58,,
warn-11589,2015-01-27 00:00:00,tx,US Steel Tubular Products- Lone Star,Lone Star,1095,,
warn-13603,2015-01-26,wa,Great American Casino,Kent,93,,
warn-11587,2015-01-20 00:00:00,tx,Boeing Company,Houston,3,,
warn-11588,2015-01-20 00:00:00,tx,Laredo Petroleum,Farmers Branch,36,,
warn-11584,2015-01-15 00:00:00,tx,Engineered Polymer Solutions-Garland2,Garland,23,,
warn-11585,2015-01-15 00:00:00,tx,PCI Manufacturing LLC,Sulphur Springs,60,,
warn-11586,2015-01-15 00:00:00,tx,Engineered Polymer Solutions-Garland,Garland,31,,
warn-13604,2015-01-15,wa,Bradken Foundry,Chehalis,89,,
warn-11583,2015-01-14 00:00:00,tx,Sendero Drilling,San Angelo,30,,
warn-13605,2015-01-07,wa,United Airlines,Seattle,41,,
warn-11582,2015-01-06 00:00:00,tx,US Steel Tubular Products - Houston2,Houston,142,,
warn-11581,2015-01-05 00:00:00,tx,HighMount Exploration & Production LLC,Houston,11,,
warn-11580,2014-12-30 00:00:00,tx,"Schenker, Inc.",El Paso,18,,
warn-13606,2014-12-29,wa,Group Health,Seattle,15,,
warn-11578,2014-12-22 00:00:00,tx,Sears Holdings-Unit 4446,Dallas,77,,
warn-11579,2014-12-22 00:00:00,tx,Boeing Company,Houston,1,,
warn-11576,2014-12-18 00:00:00,tx,"21CT, Inc.",Austin,52,,
warn-11577,2014-12-18 00:00:00,tx,WFF Facility Services,San Marcos,72,,
warn-3635,2014-12-11 00:00:00,il,,DeKalb,89,Plant Closure,
warn-11575,2014-12-08 00:00:00,tx,Uti Intregrated Logistics-Lancaster,Lancaster,76,,
warn-13607,2014-12-02,wa,Boeing,Puget Sound,83,,
warn-13608,2014-12-01,wa,United Airlines,Seattle,264,,
warn-13609,2014-12-01,wa,Swiift Transportation,Pasco,180,,
warn-11574,2014-11-25 00:00:00,tx,East Texas Medical Center,Mt Vernon,8,,
warn-11573,2014-11-24 00:00:00,tx,Boeing Company,Houston,6,,
warn-11572,2014-11-21 00:00:00,tx,Hewlett Packard - Houston2,Houston,66,,
warn-13610,2014-11-12,wa,Avamere Georgian House of Lakewood,Lakewood WA,69,,
warn-13611,2014-11-12,wa,JCPenney,"Sumner, WA",112,,
warn-11571,2014-11-11 00:00:00,tx,"Telect, Inc.-Plano",Plano,116,,
warn-11569,2014-11-10 00:00:00,tx,"Penncro Associates, Inc-Bryan",Bryan,106,,
warn-11570,2014-11-10 00:00:00,tx,American Cotton Growers,Littlefield,340,,
warn-11567,2014-11-06 00:00:00,tx,Boeing Company,Houston,1,,
warn-11568,2014-11-06 00:00:00,tx,BAE Systems Technology Solutions & Services,Ft. Worth,203,,
warn-11566,2014-11-03 00:00:00,tx,HighMount Exploration & Production LLC,Houston,19,,
warn-13612,2014-10-31,wa,Nordstrom,Vancouver,142,,
warn-13613,2014-10-31,wa,Group Health,Seattle,102,,
warn-11562,2014-10-30 00:00:00,tx,Capital One,Houston,111,,
warn-11563,2014-10-30 00:00:00,tx,Hercules Offshore,Houston,36,,
warn-11564,2014-10-30 00:00:00,tx,East Texas Medical Center,Mt Vernon,58,,
warn-11565,2014-10-30 00:00:00,tx,Uti Integrated Logistics-Dallas,Dallas,371,,
warn-13614,2014-10-30,wa,Microsoft,Redmond,635,,
warn-11561,2014-10-29 00:00:00,tx,East Texas Medical Center-Clarksville,Clarksville,82,,
warn-13615,2014-10-22,wa,Amgen,Seattle,274,,
warn-11558,2014-10-17 00:00:00,tx,Pexco-Houston,Houston,40,,
warn-11559,2014-10-17 00:00:00,tx,"PESystems, Inc.",San Antonio,62,,
warn-11560,2014-10-17 00:00:00,tx,GAF,Dallas,40,,
warn-11557,2014-10-16 00:00:00,tx,Conduit Global-Operator Service Co. LLC DBA,Lubbock,136,,
warn-11556,2014-10-14 00:00:00,tx,Boeing Company,Houston,14,,
warn-13616,2014-10-13,wa,Cobalt Mortgage,Kirkland,10,,
warn-11555,2014-10-10 00:00:00,tx,Bank of America - Addison,Addison,75,,
warn-13617,2014-10-09,wa,"Metrie, Inc.",Monroe,54,,
warn-11552,2014-10-06 00:00:00,tx,Bank of America - Plano,Plano,93,,
warn-11553,2014-10-06 00:00:00,tx,Bank of America-Plano2,Plano,94,,
warn-11554,2014-10-06 00:00:00,tx,Spring Branch Healthcare Center,Houston,80,,
warn-13618,2014-10-06,wa,Emeritus Senior Living,"Seattle, WA",29,,
warn-11551,2014-09-30 00:00:00,tx,HighMount Exploration & Production LLC,Houston,11,,
warn-11550,2014-09-25 00:00:00,tx,Bank of America - Fort Worth,Ft. Worth,50,,
warn-11549,2014-09-22 00:00:00,tx,Boeing Company,Houston,34,,
warn-13619,2014-09-18,wa,Hightail,Not Provided,1,,
warn-13620,2014-09-18,wa,Macro Technologies,Kirkland,64,,
warn-13621,2014-09-18,wa,Cobalt Mortgage,Kirkland,148,,
warn-13622,2014-09-18,wa,Microsoft,Redmond,747,,
warn-11548,2014-09-17 00:00:00,tx,Abbott Vascular,Webster,52,,
warn-13623,2014-09-17,wa,Staples,Auburn,50,,
warn-11546,2014-09-16 00:00:00,tx,"Houston Regional Sports Network, L.P.",Houston,141,,
warn-11547,2014-09-16 00:00:00,tx,Menzies Aviation,Houston,324,,
warn-11545,2014-09-09 00:00:00,tx,HighMount Exploration & Production LLC,Houston,35,,
warn-13624,2014-09-05,wa,Niagara Bottling,"Burlington, WA",73,,
warn-11543,2014-09-04 00:00:00,tx,Fluor Federal Solutions LLC,McKinney,79,,
warn-11544,2014-09-04 00:00:00,tx,ImageAPI,Midland,92,,
warn-13625,2014-09-04,wa,Novo Nordisk,Seattle,63,,
warn-11541,2014-09-03 00:00:00,tx,"Leo's Foods, Inc.",Ft. Worth,201,,
warn-11542,2014-09-03 00:00:00,tx,Maximus-Midland,Midland,319,,
warn-13626,2014-09-03,wa,JCPenney,Bellevue,141,,
warn-11539,2014-09-02 00:00:00,tx,North Texas Job Corps Center,McKinney,240,,
warn-11540,2014-09-02 00:00:00,tx,East Texas Medical Center-Gilmore,Gilmer,36,,
warn-3616,2014-08-29 00:00:00,il,,Alsip,170,Plant Closure,
warn-11538,2014-08-27 00:00:00,tx,Riverstone Residential Group,Dallas,101,,
warn-11536,2014-08-25 00:00:00,tx,HighMount Exploration & Production LLC,Houston,8,,
warn-11537,2014-08-25 00:00:00,tx,Boeing Company,Houston,3,,
warn-13627,2014-08-25,wa,Boeing,Puget Sound,70,,
warn-13628,2014-08-22,wa,Employment Security Department,Statewide,149,,
warn-11535,2014-08-13 00:00:00,tx,Taylor Made Golf Co.- Adams Golf,Plano,138,,
warn-13629,2014-08-12,wa,G4S Government Solutions,"Bangor, Silverdale",93,,
warn-11533,2014-08-11 00:00:00,tx,Day & Zimmermann,Texarkana,90,,
warn-11534,2014-08-11 00:00:00,tx,Saddle Creek Logistics Services,Lancaster,89,,
warn-11532,2014-08-08 00:00:00,tx,"Springleaf Financial, Inc.-Dallas Service Center",Irving,114,,
warn-11530,2014-08-07 00:00:00,tx,Xerox Commercial Solutions LLC -Houston,Houston,468,,
warn-11531,2014-08-07 00:00:00,tx,L & H Packing Company,San Antonio,325,,
warn-13630,2014-08-06,wa,Emeritus Senior Living,"Seattle, WA",6,,
warn-13631,2014-08-06,wa,Elliott's Oyster House,"Seattle, WA",200,,
warn-11529,2014-08-05 00:00:00,tx,Launch Ability,Dallas,95,,
warn-11527,2014-08-04 00:00:00,tx,Sprint-Ft Worth,Ft. Worth,78,,
warn-11528,2014-08-04 00:00:00,tx,Bank of America - InfoMart,Dallas,51,,
warn-11526,2014-08-01 00:00:00,tx,Ceva Logistics-Lewisville,Lewisville,189,,
warn-13632,2014-08-01,wa,Interfor,"Beaver & Forks, WA",87,,
warn-11525,2014-07-30 00:00:00,tx,Coworx Staffing Services,Ft. Worth,95,,
warn-11524,2014-07-28 00:00:00,tx,"Professional Transportation, Inc.",Beaumont,,,
warn-11523,2014-07-23 00:00:00,tx,Johns Manville,Cleburne,90,,
warn-11522,2014-07-22 00:00:00,tx,Boeing Company,Houston,3,,
warn-13633,2014-07-21,wa,Boeing,Puget Sound,95,,
warn-11521,2014-07-18 00:00:00,tx,Anthem College,Irving,30,,
warn-3578,2014-07-17 00:00:00,il,,Elgin,60,Plant Closure,
warn-13634,2014-07-17,wa,Microsoft,Redmond,1351,,
warn-11520,2014-07-14 00:00:00,tx,Valmont Newark,Mansfield,90,,
warn-11518,2014-07-11 00:00:00,tx,"United Space Alliance, LLC (JSC) - Houston2",Houston,502,,
warn-11519,2014-07-11 00:00:00,tx,"United Space Alliance, LLC",Houston,13,,
warn-11517,2014-07-10 00:00:00,tx,"Conduit Global-kgb USA, Inc.",San Antonio,,,
warn-11515,2014-07-01 00:00:00,tx,Elbit systems of America-(M7 Aerospace),San Antonio,58,,
warn-11516,2014-07-01 00:00:00,tx,Travelocity-,San Antonio,85,,
warn-11514,2014-06-30 00:00:00,tx,Pactiv Food Service/food Packaging,Dallas,66,,
warn-13635,2014-06-27,wa,Waste Management,"Oak Harbor, WA",125,,
warn-11513,2014-06-26 00:00:00,tx,"Red Ventures, LLC",San Antonio,92,,
warn-11511,2014-06-24 00:00:00,tx,Sitel-San Angelo,San Angelo,378,,
warn-11512,2014-06-24 00:00:00,tx,ThermoFisher Scientific,Austin,115,,
warn-11510,2014-06-23 00:00:00,tx,Boeing Company,Houston,189,,
warn-11506,2014-06-11 00:00:00,tx,American Commercial College-San Angelo,San Angelo,12,,
warn-11507,2014-06-11 00:00:00,tx,American Commercial College-Odessa,Odessa,11,,
warn-11508,2014-06-11 00:00:00,tx,American Commercial College-Lubbock,Lubbock,5,,
warn-11509,2014-06-11 00:00:00,tx,American Commercial College-Wichita Falls,Wichita Falls,16,,
warn-13636,2014-06-11,wa,CenturyLink,"Seattle, WA",158,,
warn-11505,2014-06-09 00:00:00,tx,"Entropic Communications, Inc.",Austin,62,,
warn-11504,2014-06-06 00:00:00,tx,Bank of America - Addison,Addison,10,,
warn-11503,2014-06-04 00:00:00,tx,NFI Industries,Longview,71,,
warn-11499,2014-06-03 00:00:00,tx,"Triumph Hospital of N. Houston, LP dba Kindred Hospital",Houston,107,,
warn-11500,2014-06-03 00:00:00,tx,"Triumph Hospital of E. Houston, LP dba Kindred Hospital",Channelview,139,,
warn-11501,2014-06-03 00:00:00,tx,US Steel Tubular Products - Bellview,Bellville,71,,
warn-11502,2014-06-03 00:00:00,tx,First Transit-San Marcos,San Marcos,90,,
warn-13637,2014-06-03,wa,Eagle Marine Services,"Seattle, WA",94,,
warn-11498,2014-06-02 00:00:00,tx,HighMount Exploration & Production LLC,Houston,5,,
warn-11494,2014-05-30 00:00:00,tx,Sprint-Ft Worth,Ft. Worth,2,,
warn-11495,2014-05-30 00:00:00,tx,Sprint-Temple,Temple,37,,
warn-11496,2014-05-30 00:00:00,tx,Boeing Company,Houston,4,,
warn-11497,2014-05-30 00:00:00,tx,Flextronics-Ft. Worth,Ft. Worth,223,,
warn-11492,2014-05-29 00:00:00,tx,Bank of America-Plano2,Plano,20,,
warn-11493,2014-05-29 00:00:00,tx,Bank of America - Plano,Plano,21,,
warn-13638,2014-05-29,wa,Emeritus Senior Living,"Seattle, WA",4,,
warn-11491,2014-05-16 00:00:00,tx,Sears Parts Distribution Center,Ft. Worth,60,,
warn-11489,2014-05-15 00:00:00,tx,Tarkett,Houston,10,,
warn-11490,2014-05-15 00:00:00,tx,"Texas Tile Manufacturing, LLC",Houston,99,,
warn-11487,2014-05-08 00:00:00,tx,Bank of America-Amon Carter,Ft. Worth,58,,
warn-11488,2014-05-08 00:00:00,tx,Sims Recycling Solutions,Dallas,45,,
warn-11486,2014-05-05 00:00:00,tx,Honeywell Aerospace,Irving,40,,
warn-13639,2014-05-05,wa,Eager Beaver Computers,"Spokane Valley, WA",1,,
warn-11485,2014-05-02 00:00:00,tx,"Penncro Associates, Inc.",McAllen,125,,
warn-13640,2014-05-02,wa,PerkinElmer,"Spokane, WA",80,,
warn-11483,2014-04-30 00:00:00,tx,Express Scripts-Irving,Irving,148,,
warn-11484,2014-04-30 00:00:00,tx,Express Scripts-Ft. Worth,Ft. Worth,418,,
warn-11482,2014-04-29 00:00:00,tx,Kimberly-Clark - San Antonio,San Antonio,87,,
warn-13641,2014-04-29,wa,Express Scripts,"Liberty Lake, WA",203,,
warn-11481,2014-04-25 00:00:00,tx,Veolia Transportation-Austin,Austin,118,,
warn-11480,2014-04-22 00:00:00,tx,Greatwide Dedicated Transport III,New Caney,50,,
warn-11479,2014-04-21 00:00:00,tx,Boeing Company,Houston,12,,
warn-3619,2014-04-18 00:00:00,il,"Hibu, Inc.",Effingham,32,Layoff,
warn-11478,2014-04-15 00:00:00,tx,Oak Farms Dallas West,Dallas,173,,
warn-11475,2014-04-11 00:00:00,tx,Excel Garment Mfg. Inc.,El Paso,80,,
warn-11476,2014-04-11 00:00:00,tx,"Onda Lay Pipe and Rental, Inc.",Midland,58,,
warn-11477,2014-04-11 00:00:00,tx,Ryder Logistics - Roanoke2,Roanoke,85,,
warn-11474,2014-04-09 00:00:00,tx,Dallas Colgate Oral Pharmaceuticals,Dallas,14,,
warn-11473,2014-04-07 00:00:00,tx,Emeritus at Vickery Towers,Dallas,127,,
warn-3567,2014-03-28 00:00:00,il,,Itasca,30,Layoff,
warn-11471,2014-03-24 00:00:00,tx,Sprint-Ft Worth,Ft. Worth,450,,
warn-11472,2014-03-24 00:00:00,tx,Macy's-Sage Road,Houston,136,,
warn-11470,2014-03-21 00:00:00,tx,URS Corp.,Austin,78,,
warn-11469,2014-03-19 00:00:00,tx,Sprint-Temple,Temple,170,,
warn-11467,2014-03-11 00:00:00,tx,"The Fresh Market, Inc.-#165",Houston,54,,
warn-11468,2014-03-11 00:00:00,tx,"The Fresh Market, Inc.-#165",Houston,54,,
warn-11465,2014-03-10 00:00:00,tx,PepsiCo-Dallas,Dallas,132,,
warn-11466,2014-03-10 00:00:00,tx,PepsiCo-Dallas Metro warehouse,Dallas,31,,
warn-11464,2014-03-07 00:00:00,tx,"Dallas Airmotive, Inc.",Dallas,10,,
warn-13642,2014-03-04,wa,Chasing Fireflies,Seattle,92,,
warn-11456,2014-03-03 00:00:00,tx,Bank of America-Richardson2,Richardson,71,,
warn-11458,2014-03-03 00:00:00,tx,Bank of America-Amon Carter,Ft. Worth,36,,
warn-11459,2014-03-03 00:00:00,tx,Bank of America-Plano2,Plano,37,,
warn-11460,2014-03-03 00:00:00,tx,Bechtel Power Corporation,Sherman,63,,
warn-11461,2014-03-03 00:00:00,tx,Bank of America - Addison,Addison,6,,
warn-11462,2014-03-03 00:00:00,tx,Bank of America - Plano,Plano,37,,
warn-11463,2014-03-03 00:00:00,tx,L-3 Communications Corpus Christi Army Depot,Corpus Christi,0,,
warn-11454,2014-02-28 00:00:00,tx,Northwood University,Cedar Hill,60,,
warn-11455,2014-02-28 00:00:00,tx,"Dallas Airmotive, Inc.",Dallas,90,,
warn-11457,2014-02-28 00:00:00,tx,Boeing - San Antonio,San Antonio,268,,
warn-11452,2014-02-27 00:00:00,tx,Mitsubishi Nuclear Energy Systems,Irving,2,,
warn-11453,2014-02-27 00:00:00,tx,RockTenn-Grand Prairie,Grand Prairie,66,,
warn-11450,2014-02-25 00:00:00,tx,URS Corp.,Austin,79,,
warn-11451,2014-02-25 00:00:00,tx,"Green Tree Servicing, LLC",Dallas,82,,
warn-13643,2014-02-25,wa,Pepsi,Seattle,52,,
warn-11447,2014-02-24 00:00:00,tx,"Blood Systems, Inc.",El Paso,135,,
warn-11448,2014-02-24 00:00:00,tx,General Dynamics IT,Houston,1195,,
warn-11449,2014-02-24 00:00:00,tx,HelioVolt Corporation,Austin,103,,
warn-13644,2014-02-20,wa,Sears,Seattle,13,,
warn-13645,2014-02-20,wa,Sears,"Seattle, WA",66,,
warn-11446,2014-02-19 00:00:00,tx,Boeing Company,Houston,4,,
warn-13646,2014-02-18,wa,Boeing,Puget Sound,79,,
warn-11445,2014-02-12 00:00:00,tx,Extreme Reach,Irving,117,,
warn-13647,2014-02-11,wa,Zynga Inc.,Seattle,52,,
warn-13648,2014-02-11,wa,N-Store Merchandising,"Statewide, WA",35,,
warn-13649,2014-02-11,wa,Sprint,"Bellevue & Kirkland, WA",91,,
warn-11444,2014-02-05 00:00:00,tx,Fort Worth Housing Authority,Ft. Worth,25,,
warn-11442,2014-02-04 00:00:00,tx,Sealy Mattress Company,N. Richland Hills,130,,
warn-11443,2014-02-04 00:00:00,tx,Boeing Company,Houston,3,,
warn-11441,2014-02-03 00:00:00,tx,Tandy Brands,Dallas,94,,
warn-13650,2014-02-03,wa,Boeing,Puget Sound,9,,
warn-11440,2014-01-31 00:00:00,tx,Royal Appliance Mfg. Co.,El Paso,209,,
warn-11439,2014-01-27 00:00:00,tx,AccuFleet International,Houston,70,,
warn-13651,2014-01-24,wa,"Mettler-Toledo AutoChem, Inc.","Redmond, WA",21,,
warn-11438,2014-01-23 00:00:00,tx,Celestica Aerospace Technology Corporation,Austin,183,,
warn-11436,2014-01-22 00:00:00,tx,"Lexicon Pharmaceuticals, Inc.",Woodlands,130,,
warn-11437,2014-01-22 00:00:00,tx,"Quality Terminal Services, LLC",Haslet,194,,
warn-11435,2014-01-21 00:00:00,tx,Boeing Company,Houston,1,,
warn-13652,2014-01-21,wa,Boeing,Puget Sound,8,,
warn-13653,2014-01-17,wa,General Dynamics/Electric Boat,"Silverdale, WA",29,,
warn-11433,2014-01-15 00:00:00,tx,Jacobs Field Services N.A. Inc.- Lanxess Facility,Orange,94,,
warn-11434,2014-01-15 00:00:00,tx,Valley Therapy Cener,McAllen,0,,
warn-11432,2014-01-14 00:00:00,tx,Cameron International - Electra,Electra,121,,
warn-11431,2014-01-13 00:00:00,tx,Dr Pepper Snapple Group-Ft Worth,Ft. Worth,5,,
warn-13654,2014-01-13,wa,Oldcastle Building Envelope,Everett,56,,
warn-11429,2014-01-10 00:00:00,tx,Baylor Medical Center - Garland,Garland,47,,
warn-11430,2014-01-10 00:00:00,tx,"Hubbell & Hudson Management, LLC.",Woodlands,80,,
warn-11428,2014-01-03 00:00:00,tx,"Atos IT Solutions and Services, Inc.",Irving,1,,
warn-13655,2013-12-23,wa,Boeing,Puget Sound,11,,
warn-11427,2013-12-20 00:00:00,tx,"Genpact Mortgage Services, Inc.",Richardson,65,,
warn-3108,2013-12-19 00:00:00,il,,Kewanee,159,Plant Closure,
warn-11426,2013-12-19 00:00:00,tx,Rio Grande Mining Co. (RGMC),Marfa,152,,
warn-11424,2013-12-16 00:00:00,tx,Color Star Growers of Colorado,Giddings,86,,
warn-11425,2013-12-16 00:00:00,tx,Color Star Growers of Colorado-Sanger,Sanger,99,,
warn-13656,2013-12-10,wa,Transfield Services Rersource & Energy,"Ferndale, WA",49,,
warn-11422,2013-12-09 00:00:00,tx,TriumphVought Aircraft Division,Grand Prairie,400,,
warn-11423,2013-12-09 00:00:00,tx,Precision Camera,El Paso,11,,
warn-11419,2013-12-02 00:00:00,tx,Ocwen Financial Corp.-Addison,Addison,92,,
warn-11420,2013-12-02 00:00:00,tx,Ocwen Financial Corp.-Coppell,Coppell,137,,
warn-11421,2013-12-02 00:00:00,tx,Ocwen Financial Corp-Lewisville,Lewisville,10,,
warn-11418,2013-11-25 00:00:00,tx,Boeing Company,Houston,1,,
warn-13657,2013-11-25,wa,Boeing,Puget Sound,71,,
warn-11416,2013-11-20 00:00:00,tx,"Applied Materials, Inc. - Austin4",Austin,2,,
warn-11417,2013-11-20 00:00:00,tx,Applied Materials-Addeco-SVO,Austin,1,,
warn-13658,2013-11-20,wa,Berry Plastics Corporation,Kent,118,,
warn-11414,2013-11-18 00:00:00,tx,Sabre Holdings-Travelocity,Southlake,15,,
warn-11415,2013-11-18 00:00:00,tx,GE Power and Water,Houston,200,,
warn-13659,2013-11-18,wa,Sprint,Bellevue,17,,
warn-2762,2013-11-12 00:00:00,il,,Fairfield,450,Mass Layoff,
warn-11413,2013-11-12 00:00:00,tx,Thomson Reuters,Ft. Worth,308,,
warn-13660,2013-11-06,wa,Boeing,Puget Sound,39,,
warn-11411,2013-11-05 00:00:00,tx,Encana Oil & Gas (USA),Plano,239,,
warn-11412,2013-11-05 00:00:00,tx,BlackBerry Corporation,Irving,178,,
warn-11410,2013-11-01 00:00:00,tx,Caterpillar,Kilgore,41,,
warn-13661,2013-11-01,wa,Electric Boat,Bremerton,6,,
warn-11409,2013-10-28 00:00:00,tx,Precision Camera,El Paso,49,,
warn-11408,2013-10-22 00:00:00,tx,Convergys Customer Management Group Inc.- Brownsville,Brownsville,362,,
warn-13662,2013-10-22,wa,Pacific Rail Services,Seattle,75,,
warn-3519,2013-10-17 00:00:00,il,,Franklin Park,81,Plant Closure,
warn-11407,2013-10-17 00:00:00,tx,Wells Fargo and Co.- Irving,Irving,125,,
warn-11406,2013-10-16 00:00:00,tx,Dr Pepper Snapple Group,Spring,112,,
warn-11400,2013-10-15 00:00:00,tx,Travelocity-,San Antonio,62,,
warn-11401,2013-10-15 00:00:00,tx,"Corsicana Bedding Trucking, Inc.(Hwy 287)",Corsicana,2,,
warn-11402,2013-10-15 00:00:00,tx,The Eureka Company dba Electrolux,El Paso,72,,
warn-11403,2013-10-15 00:00:00,tx,"Corsicana Bedding Trucking, Inc. (Hwy 31)",Corsicana,2,,
warn-11404,2013-10-15 00:00:00,tx,BAE Systems - Sealy,Sealy,190,,
warn-11405,2013-10-15 00:00:00,tx,"Corsicana Bedding Trucking, Inc.",Carrollton,5,,
warn-13663,2013-10-15,wa,Boeing,Puget Sound,200,,
warn-11398,2013-10-14 00:00:00,tx,Child Care Associates,Ft. Worth,,,
warn-11399,2013-10-14 00:00:00,tx,Boeing Company,Houston,7,,
warn-11397,2013-10-11 00:00:00,tx,US Foods,Conroe,84,,
warn-3504,2013-10-10 00:00:00,il,"Grainger, Inc.",Niles,94,Plant Closure,
warn-11396,2013-10-10 00:00:00,tx,"Trinity Mining & Construction Equipment, Inc.",San Antonio,86,,
warn-11395,2013-10-09 00:00:00,tx,State Farm Ins.-El Paso,El Paso,162,,
warn-11394,2013-10-04 00:00:00,tx,Green Field Energy Services-West TX,Midland,110,,
warn-11393,2013-10-03 00:00:00,tx,Visiting Nurses Association-El Paso,El Paso,845,,
warn-11392,2013-10-02 00:00:00,tx,BAE Systems- NAS Corpus Christi,Corpus Christi,361,,
warn-13664,2013-10-01,wa,Visiting Nurse Home Care,"Whatcom, County",150,,
warn-3502,2013-09-30 00:00:00,il,,Watseka,126,Plant Closure,
warn-11391,2013-09-30 00:00:00,tx,JC's 5star Outlet,Grapevine,96,,
warn-13665,2013-09-30,wa,RockTenn,Renton,58,,
warn-11390,2013-09-27 00:00:00,tx,"Diebold, Inc.",Coppell,8,,
warn-11388,2013-09-26 00:00:00,tx,"GenOn Energy, Inc.",Houston,13,,
warn-11389,2013-09-26 00:00:00,tx,Bob Evans Farms,Richardson,113,,
warn-11387,2013-09-25 00:00:00,tx,JP Morgan Chase-Mortgage Bank,Coppell,14,,
warn-11386,2013-09-24 00:00:00,tx,"Dillard's, Inc.-Plano",Plano,0,,
warn-11382,2013-09-23 00:00:00,tx,Sprint-Temple,Temple,3,,
warn-11383,2013-09-23 00:00:00,tx,Sprint-Irving3,Irving,1,,
warn-11384,2013-09-23 00:00:00,tx,Gulf States Toyota -Vehicle Processing Center,Houston,83,,
warn-11385,2013-09-23 00:00:00,tx,Sprint-Ft Worth,Ft. Worth,17,,
warn-13666,2013-09-23,wa,Boeing,Puget Sound,266,,
warn-11380,2013-09-20 00:00:00,tx,"Schneider National Bulk Carriers, Inc.-Elmendorf",Elmendorf,76,,
warn-11381,2013-09-20 00:00:00,tx,"Arrow Electronics, Inc.-Austin",Austin,60,,
warn-11378,2013-09-18 00:00:00,tx,Applied Materials-Addeco-SVO,Austin,13,,
warn-11379,2013-09-18 00:00:00,tx,"Applied Materials, Inc. - Austin4",Austin,7,,
warn-11376,2013-09-17 00:00:00,tx,Halcon Resources,Electra,101,,
warn-11377,2013-09-17 00:00:00,tx,Cardell Cabinets-San Antonio,San Antonio,903,,
warn-11375,2013-09-16 00:00:00,tx,Sabre Holdings-Travelocity,Southlake,14,,
warn-11373,2013-09-13 00:00:00,tx,Ameritox-Walls St.,Midland,35,,
warn-11374,2013-09-13 00:00:00,tx,Ameritox-Hwy 80,Midland,50,,
warn-11372,2013-09-12 00:00:00,tx,"Onda Lay Pipe and Rental, Inc.",Midland,75,,
warn-11371,2013-09-11 00:00:00,tx,BAE Systems - Sealy,Sealy,140,,
warn-11368,2013-09-10 00:00:00,tx,"US Security Assoicates, Inc.-Houston",Houston,59,,
warn-11369,2013-09-10 00:00:00,tx,"US Security Associates, Inc.-San Antonio",San Antonio,226,,
warn-11370,2013-09-10 00:00:00,tx,"US Security Associates, Inc.-Austin",Austin,67,,
warn-13667,2013-09-10,wa,Mike Campbell & Associates,Lacey,76,,
warn-11367,2013-09-09 00:00:00,tx,Excel Garment Mfg. Inc.,El Paso,160,,
warn-13668,2013-09-09,wa,Sprint,Bellevue & Kirkland,161,,
warn-11365,2013-09-06 00:00:00,tx,Silverleaf Resorts - North Richland Hills,Ft. Worth,109,,
warn-11366,2013-09-06 00:00:00,tx,"The Logistics Company, Inc (TLC)",Fort Bliss,66,,
warn-11364,2013-09-03 00:00:00,tx,"GenOn Energy, Inc.",Houston,6,,
warn-13669,2013-09-03,wa,RoadLink Workforce Solutions,Chehalis,86,,
warn-11363,2013-08-27 00:00:00,tx,American National Insurance Co.,San Antonio,106,,
warn-11362,2013-08-26 00:00:00,tx,Boeing Company,Houston,7,,
warn-11359,2013-08-22 00:00:00,tx,Sprint-Irving3,Irving,13,,
warn-11360,2013-08-22 00:00:00,tx,Sprint-Temple,Temple,165,,
warn-11361,2013-08-22 00:00:00,tx,Sprint-Ft Worth,Ft. Worth,106,,
warn-3507,2013-08-20 00:00:00,il,,Carol Stream,93,Plant Closure,
warn-11347,2013-08-12 00:00:00,tx,SER Jobs for Progress-Hillcrest Dr,San Antonio,28,,
warn-11348,2013-08-12 00:00:00,tx,JP Morgan Chase-Mortgage Bank,Coppell,52,,
warn-11349,2013-08-12 00:00:00,tx,SER Jobs for Progress-E. Houston,San Antonio,20,,
warn-11350,2013-08-12 00:00:00,tx,JPMorgan Chase - Chase Home Lending,Ft. Worth,451,,
warn-11351,2013-08-12 00:00:00,tx,SER Jobs for Progress-Haven for Hope Way,San Antonio,1,,
warn-11352,2013-08-12 00:00:00,tx,SER Jobs for Progress-S. Flores St.,San Antonio,27,,
warn-11353,2013-08-12 00:00:00,tx,SER Jobs for Progress-Dolorosa,San Antonio,,,
warn-11354,2013-08-12 00:00:00,tx,"Retreat Capital Management, Inc.",Irving,73,,
warn-11355,2013-08-12 00:00:00,tx,SER Jobs for Progress-SW 40th Street,San Antonio,4,,
warn-11356,2013-08-12 00:00:00,tx,SER Jobs for Progress-Administrative Office,San Antonio,32,,
warn-11357,2013-08-12 00:00:00,tx,SER Jobs for Progress-Marbach Rd.,San Antonio,13,,
warn-11358,2013-08-12 00:00:00,tx,SER Jobs for Progress-Walzem Rd.,San Antonio,17,,
warn-11332,2013-08-06 00:00:00,tx,Camber-SARET,Killeen,51,,
warn-11346,2013-08-06 00:00:00,tx,Bank of America - Addison,Addison,113,,
warn-11345,2013-08-02 00:00:00,tx,Aramark Healthcare,San Antonio,65,,
warn-13670,2013-08-01,wa,AREVA Federal Services LLC,Richland,3,,
warn-11344,2013-07-31 00:00:00,tx,"GenOn Energy, Inc.",Houston,25,,
warn-13671,2013-07-29,wa,Boeing,Puget Sound,3,,
warn-13672,2013-07-25,wa,Boeing,Puget Sound,143,,
warn-11343,2013-07-24 00:00:00,tx,International Paper-Edinburg East Container Plant,Edinburg,105,,
warn-13673,2013-07-24,wa,Medical Center Pharmacy,Olympia,4,,
warn-11341,2013-07-23 00:00:00,tx,Boeing Company,Houston,14,,
warn-11342,2013-07-23 00:00:00,tx,"Pentagroup Financial, LLC",Houston,123,,
warn-11340,2013-07-22 00:00:00,tx,The Travelers Indemnity,Houston,105,,
warn-11333,2013-07-19 00:00:00,tx,Flextronics Americas LLC-Irving,Irving,6,,
warn-11334,2013-07-19 00:00:00,tx,Flextronics Americas LLC-Houston2,Houston,6,,
warn-11335,2013-07-19 00:00:00,tx,Flextronics Americas LLC-Houston,Houston,7,,
warn-11336,2013-07-19 00:00:00,tx,Flextronics Americas LLC-Austin,Austin,7,,
warn-11337,2013-07-19 00:00:00,tx,Flextronics Americas LLC-Webster,Webster,6,,
warn-11338,2013-07-19 00:00:00,tx,Flextronics Americas LLC-San Antonio,San Antonio,7,,
warn-11339,2013-07-19 00:00:00,tx,Flextronics Americas LLC-Dallas,Dallas,6,,
warn-13674,2013-07-18,wa,Pacific Construction Systems,Bellevue,103,,
warn-13675,2013-07-15,wa,Andrews International Inc.,Seattle,35,,
warn-11331,2013-07-12 00:00:00,tx,Management & Training Corp.(MTC)-Limestone County,Groesbeck,130,,
warn-11330,2013-07-11 00:00:00,tx,Blue Lynx Media,Lewisville,84,,
warn-11328,2013-07-09 00:00:00,tx,Houghton Mifflin Harcourt,Lewisville,61,,
warn-11329,2013-07-09 00:00:00,tx,Walmart-Laredo Distribution Center,Laredo,53,,
warn-3505,2013-07-08 00:00:00,il,,Cary,60,Plant Closure,
warn-13676,2013-07-08,wa,"Fluor Federal Services, Inc.",Richland,150,,
warn-11325,2013-07-01 00:00:00,tx,Xerox Business Services-El Paso,El Paso,439,,
warn-11326,2013-07-01 00:00:00,tx,Dyncorp International-Killeen,Killeen,35,,
warn-11327,2013-07-01 00:00:00,tx,Dyncorp International-Temple,Temple,52,,
warn-11324,2013-06-28 00:00:00,tx,Weatherford,San Antonio,63,,
warn-11323,2013-06-27 00:00:00,tx,Xerox Business Services,Houston,81,,
warn-13677,2013-06-25,wa,Boeing,Puget Sound,266,,
warn-11322,2013-06-24 00:00:00,tx,Bank Of America - Dallas4,Dallas,112,,
warn-11321,2013-06-21 00:00:00,tx,Bank of America-Richardson,Richardson,421,,
warn-3495,2013-06-17 00:00:00,il,,Chicago,114,Mass Layoff,
warn-11320,2013-06-14 00:00:00,tx,OneWest Bank,Austin,725,,
warn-11318,2013-06-13 00:00:00,tx,"GenOn Energy, Inc.",Houston,5,,
warn-11319,2013-06-13 00:00:00,tx,Southern Foods Group-Oak Farms,Waco,150,,
warn-11315,2013-06-12 00:00:00,tx,National Envelope Corporation- Ennis,Ennis,219,,
warn-11316,2013-06-12 00:00:00,tx,Compas Group-Shell,Houston,190,,
warn-11317,2013-06-12 00:00:00,tx,National Envelope Corporation - Frisco,Frisco,128,,
warn-11314,2013-06-10 00:00:00,tx,Corrections Corporation of America-Mineral Wells,Mineral Wells,239,,
warn-11312,2013-06-07 00:00:00,tx,Zynga Inc.,Allen,62,,
warn-11313,2013-06-07 00:00:00,tx,Zynga Inc.-Austin,Austin,32,,
warn-13678,2013-06-07,wa,Zynga Inc.,Seattle,2,,
warn-11311,2013-06-04 00:00:00,tx,"Sterling Administrative Services, LLC",Waco,94,,
warn-11310,2013-06-03 00:00:00,tx,Select Specialty Hospital-Midland,Midland,112,,
warn-11307,2013-05-31 00:00:00,tx,"GenOn Energy, Inc.",Houston,14,,
warn-11308,2013-05-31 00:00:00,tx,Ryder Logistics-Roanoke,Roanoke,60,,
warn-11309,2013-05-31 00:00:00,tx,AT&T-Midland,Midland,101,,
warn-11304,2013-05-21 00:00:00,tx,Highway Technologies-Austin,Austin,53,,
warn-11305,2013-05-21 00:00:00,tx,Highway Technologies-Houston,Houston,54,,
warn-11306,2013-05-21 00:00:00,tx,Highway Technologies-Ft Worth,Ft. Worth,80,,
warn-13679,2013-05-21,wa,Boeing,Puget Sound,253,,
warn-11303,2013-05-20 00:00:00,tx,Boeing Company,Houston,11,,
warn-13680,2013-05-16,wa,RoadLink Workforce Solutions,Chehalis,150,,
warn-11302,2013-05-15 00:00:00,tx,Cameron International,Magnolia,88,,
warn-11301,2013-05-13 00:00:00,tx,"Diebold, Inc.",Coppell,52,,
warn-11299,2013-05-09 00:00:00,tx,Community Education Centers-(JHDC),Waco,120,,
warn-11300,2013-05-09 00:00:00,tx,Galt Medical Corp.,Garland,139,,
warn-13681,2013-05-08,wa,EPIC,Yakima County,328,,
warn-11298,2013-05-07 00:00:00,tx,MetLife Bank-Bent Branch,Irving,116,,
warn-11295,2013-05-06 00:00:00,tx,"Endura Products, Inc.",Nacogdoches,55,,
warn-11296,2013-05-06 00:00:00,tx,"TIC Energy & Chemical, Inc.",Seadrift,146,,
warn-11297,2013-05-06 00:00:00,tx,"AES NA Central, LLC",Woodlands,59,,
warn-11294,2013-05-02 00:00:00,tx,"GenOn Energy, Inc.",Houston,14,,
warn-11293,2013-04-26 00:00:00,tx,Ruth's Chris Steak House,San Antonio,86,,
warn-11289,2013-04-23 00:00:00,tx,Durham School Services-Uvalde,Uvalde,80,,
warn-11290,2013-04-23 00:00:00,tx,Durham School Services-Little Elm,Little Elm,67,,
warn-11291,2013-04-23 00:00:00,tx,Durham School Services-Weatherford,Weatherford,95,,
warn-11292,2013-04-23 00:00:00,tx,Durham School Services- Joshua,Joshua,43,,
warn-13682,2013-04-23,wa,Boeing,Puget Sound,99,,
warn-11288,2013-04-22 00:00:00,tx,Boeing Company,Houston,39,,
warn-13683,2013-04-17,wa,Comprehensive Clinical Development NW,Tacoma,43,,
warn-13684,2013-04-11,wa,Sargento,Bellingham,34,,
warn-13685,2013-04-10,wa,First A.M.E. Child Development Center,Seattle,45,,
warn-11287,2013-04-08 00:00:00,tx,Community Education Centers(CEC)-IAH Facility,Livingston,12,,
warn-13686,2013-04-08,wa,Boeing,Puget Sound,939,,
warn-11286,2013-04-03 00:00:00,tx,Navistar-SST Truck Company,Garland,45,,
warn-11285,2013-04-01 00:00:00,tx,Bway Corporation-Santa Anna,Dallas,69,,
warn-11283,2013-03-29 00:00:00,tx,"GenOn Energy, Inc.",Houston,12,,
warn-11284,2013-03-29 00:00:00,tx,APL Logistics-Grand Prairie,Grand Prairie,12,,
warn-11282,2013-03-26 00:00:00,tx,Ryder Logistics & Transportation,Laredo,50,,
warn-13687,2013-03-26,wa,"Sykes Enterprises, Incorporated",Spokane Valley,148,,
warn-11281,2013-03-25 00:00:00,tx,Boeing Company,Houston,17,,
warn-11279,2013-03-20 00:00:00,tx,The Scooter Store,New Braunfels,993,,
warn-11280,2013-03-20 00:00:00,tx,Equifax Inc.,Houston,136,,
warn-11278,2013-03-18 00:00:00,tx,Community Education Centers (CEC)-Limestone County Detention Center,Groesbeck,227,,
warn-11275,2013-03-14 00:00:00,tx,Silgan Containers Corporation,Crystal City,19,,
warn-11276,2013-03-14 00:00:00,tx,JP Morgan Chase-Mortgage Bank Default Borrowers Assistance,Arlington,103,,
warn-11277,2013-03-14 00:00:00,tx,Nationwide Insurance - Nationwide Sales Solutions,Amarillo,83,,
warn-11274,2013-03-11 00:00:00,tx,Weir Mesa,Odessa,95,,
warn-13688,2013-03-06,wa,"Semiahmoo Resort Company, LLC",Blaine,107,,
warn-11273,2013-03-04 00:00:00,tx,JC Penney-Valley View Center,Dallas,132,,
warn-11272,2013-02-28 00:00:00,tx,APL Logistics-Grand Prairie,Grand Prairie,44,,
warn-11265,2013-02-27 00:00:00,tx,"Americanos USA, LLC-Laredo",Laredo,,,
warn-11266,2013-02-27 00:00:00,tx,"Americanos USA, LLC-El Paso",El Paso,,,
warn-11267,2013-02-27 00:00:00,tx,"Americanos USA, LLC-Ft. Worth",Ft. Worth,,,
warn-11268,2013-02-27 00:00:00,tx,"Americanos USA, LLC-San Antonio",San Antonio,,,
warn-11269,2013-02-27 00:00:00,tx,"Americanos USA, LLC-Houston",Houston,,,
warn-11270,2013-02-27 00:00:00,tx,"Americanos USA, LLC-El Paso2",El Paso,,,
warn-11271,2013-02-27 00:00:00,tx,"Americanos USA, LLC",Dallas,4,,
warn-3441,2013-02-26 00:00:00,il,Cardinal Health Care Inc.,Waukegan,776,Layoff,
warn-11264,2013-02-25 00:00:00,tx,Express Scripts-Irving,Irving,132,,
warn-13689,2013-02-21,wa,Central Parking,Bellevue,102,,
warn-11262,2013-02-20 00:00:00,tx,Excel Garment Mfg. Inc.,El Paso,115,,
warn-11263,2013-02-20 00:00:00,tx,Boeing Company,Houston,1,,
warn-11261,2013-02-19 00:00:00,tx,DePelchin Children's Center-Elkins RTC,Houston,57,,
warn-11258,2013-02-12 00:00:00,tx,"Homeward Residential, Inc.",Coppell,300,,
warn-11259,2013-02-12 00:00:00,tx,"GenOn Energy, Inc.",Houston,9,,
warn-11260,2013-02-12 00:00:00,tx,PowerLink Services L.P.,Coppell,4,,
warn-11257,2013-02-08 00:00:00,tx,Boeing Company,Houston,9,,
warn-11256,2013-02-05 00:00:00,tx,"Packers Sanitation Services, Inc.(PSSI)",Plainview,125,,
warn-11254,2013-01-31 00:00:00,tx,Royal Appliance Mfg. Co.,El Paso,151,,
warn-11255,2013-01-31 00:00:00,tx,Saks Fifth Avenue-Dallas,Dallas,123,,
warn-13690,2013-01-30,wa,Levy Premium Foodservice LP,Seattle,363,,
warn-11253,2013-01-29 00:00:00,tx,Flextronics Americas,Stafford,147,,
warn-13691,2013-01-28,wa,Briggs Nursery,Porter,150,,
warn-11252,2013-01-22 00:00:00,tx,Boeing Company,Houston,10,,
warn-11251,2013-01-18 00:00:00,tx,"GenOn Energy, Inc.",Houston,13,,
warn-13692,2013-01-18,wa,Katana Summit,Ephrata,81,,
warn-11249,2013-01-17 00:00:00,tx,Vertis Communications-Dallas,Dallas,26,,
warn-11250,2013-01-17 00:00:00,tx,Cargill Meat Solutions Corporation-Plainview,Plainview,2211,,
warn-13693,2013-01-15,wa,Kmart,Seattle,85,,
warn-11248,2013-01-14 00:00:00,tx,JP Morgan Chase-Mortgage Bank,Coppell,121,,
warn-13694,2013-01-14,wa,American Suzuki Motor Corporation,Snohomish and Spokane Counties,2,,
warn-11247,2013-01-11 00:00:00,tx,Gulf Coast Window Covering,Houston,135,,
warn-11246,2013-01-10 00:00:00,tx,Zimmer Spine,Austin,88,,
warn-13695,2013-01-09,wa,"Pacific Physicians' Laboratory, Inc.",Lynnwood,59,,
warn-11245,2013-01-08 00:00:00,tx,Macy's -Houston2,Houston,105,,
warn-11243,2013-01-07 00:00:00,tx,Visiting Nurse Association-Dallas,Dallas,238,,
warn-11244,2013-01-07 00:00:00,tx,ArjoHuntleigh,San Antonio,110,,
warn-13696,2012-12-27,wa,Skookum,Ft. Lewis,54,,
warn-11242,2012-12-20 00:00:00,tx,Corelogic-San Antonio,San Antonio,70,,
warn-13697,2012-12-20,wa,Life Care Center of West Seattle,Seattle,99,,
warn-11241,2012-12-19 00:00:00,tx,"GenOn Energy, Inc.",Houston,18,,
warn-11239,2012-12-18 00:00:00,tx,"Sikorsky Support Services, Inc.",Corpus Christi,456,,
warn-11240,2012-12-18 00:00:00,tx,"NREIS of Texas, LLC",Dallas,5,,
warn-13698,2012-12-18,wa,TriWest Healthcare Alliance Corporation,Pierce County,127,,
warn-13699,2012-12-18,wa,TriWest Healthcare Alliance Corporation,Yakima,1,,
warn-13700,2012-12-18,wa,TriWest Healthcare Alliance Corporation,Seattle,1,,
warn-13701,2012-12-18,wa,TriWest Healthcare Alliance Corporation,Port Angeles,2,,
warn-13702,2012-12-18,wa,TriWest Healthcare Alliance Corporation,Bremerton,5,,
warn-13703,2012-12-14,wa,TriWest Healthcare Alliance Corporation,Everett,2,,
warn-13704,2012-12-14,wa,TriWest Healthcare Alliance Corporation,Oak Harbor,4,,
warn-13705,2012-12-14,wa,TriWest Healthcare Alliance Corporation,Fairchild AFB,3,,
warn-11238,2012-12-06 00:00:00,tx,Reckitt Benckiser LLC,Ft. Worth,98,,
warn-11237,2012-12-05 00:00:00,tx,"Air Products and Chemicals, Inc.",Pasadena,52,,
warn-11235,2012-12-03 00:00:00,tx,Bowie County Correctional Center,Texarkana,141,,
warn-11236,2012-12-03 00:00:00,tx,"GenOn Energy, Inc.",Houston,28,,
warn-11233,2012-11-28 00:00:00,tx,Texas Instruments - Dallas,Dallas,500,,
warn-11234,2012-11-28 00:00:00,tx,Rave Cinemas LLC-(TSC),Dallas,54,,
warn-11229,2012-11-26 00:00:00,tx,Rice Epicurean Markets #202,Houston,92,,
warn-11230,2012-11-26 00:00:00,tx,Rice Epicurean Markets #206,Houston,70,,
warn-11231,2012-11-26 00:00:00,tx,Rice Epicurean Markets #204,Houston,50,,
warn-11232,2012-11-26 00:00:00,tx,Rice Epicurean Markets #207,Houston,50,,
warn-11228,2012-11-20 00:00:00,tx,Retama Park,Selma,150,,
warn-11225,2012-11-19 00:00:00,tx,Devon Energy Corporation,Houston,320,,
warn-11226,2012-11-19 00:00:00,tx,Hawker Beechcraft Services (HBS),San Antonio,67,,
warn-11227,2012-11-19 00:00:00,tx,Sears Holdings-Product Rebuild Center-Unit 7167,Woodlands,4,,
warn-11224,2012-11-14 00:00:00,tx,IronTiger Logistics,Garland,61,,
warn-11223,2012-11-09 00:00:00,tx,"Champion Windows, Inc.",Houston,70,,
warn-11222,2012-11-08 00:00:00,tx,RockTenn-Tyler,Tyler,53,,
warn-11221,2012-11-07 00:00:00,tx,Research in Motion Corporation(RIM),Irving,238,,
warn-11220,2012-11-06 00:00:00,tx,Wingspan Portfolio Advisors,Dallas,459,,
warn-11218,2012-11-05 00:00:00,tx,Plains Cotton Coop. Assoc./American Cot. Growers,Littlefield,110,,
warn-11219,2012-11-05 00:00:00,tx,Boeing Company,Houston,3,,
warn-11216,2012-11-02 00:00:00,tx,Werner Co.,Socorro,62,,
warn-11217,2012-11-02 00:00:00,tx,"Earthgrains Baking Companies, Inc.",Dallas,166,,
warn-11211,2012-11-01 00:00:00,tx,Barneys New York,Dallas,61,,
warn-11212,2012-11-01 00:00:00,tx,Navistar Truck Group,Garland,600,,
warn-11213,2012-11-01 00:00:00,tx,ATI Career Training Center - N. Richland Hills,Richland Hills,50,,
warn-11214,2012-11-01 00:00:00,tx,ATI Career Training Center#275,Richland Hills,122,,
warn-11215,2012-11-01 00:00:00,tx,"GenOn Energy, Inc.",Houston,33,,
warn-13706,2012-10-31,wa,BAE Systems,Keyport,57,,
warn-13707,2012-10-30,wa,"Semiahmoo Resort Company, LLC",Blaine,224,,
warn-11210,2012-10-26 00:00:00,tx,"Neovia Logistics Services, LLC",McAllen,20,,
warn-13708,2012-10-25,wa,"Clopay Building Products Company, Inc.",Auburn,55,,
warn-11208,2012-10-24 00:00:00,tx,Sears Holdings-Product Rebuild Center-Unit 1457& 6957,Woodlands,117,,
warn-11209,2012-10-24 00:00:00,tx,"Reata Pharmaceuticals, Inc.",Irving,93,,
warn-11207,2012-10-18 00:00:00,tx,RSI Home Product,Dallas,100,,
warn-11206,2012-10-17 00:00:00,tx,Regency Hospital of Odessa,Odessa,71,,
warn-11205,2012-10-11 00:00:00,tx,Freshpoint,Austin,52,,
warn-11200,2012-10-09 00:00:00,tx,"United Space Alliance, LLC (JSC) - Houston2",Houston,3,,
warn-11201,2012-10-09 00:00:00,tx,Ares Corporation,Houston,,,
warn-11202,2012-10-09 00:00:00,tx,"United Space Alliance, LLC",Houston,33,,
warn-11203,2012-10-09 00:00:00,tx,"United Space Alliance, LLC - Webster",Webster,2,,
warn-11204,2012-10-09 00:00:00,tx,"United Space Alliance, LLC-LockheedMartin Facility",Houston,1,,
warn-13709,2012-10-08,wa,Draper Valley Holdings LLC,Renton,66,,
warn-11199,2012-10-03 00:00:00,tx,"GenOn Energy, Inc.",Houston,15,,
warn-11198,2012-10-01 00:00:00,tx,"Cubic Applications, Inc",El Paso,496,,
warn-11197,2012-09-27 00:00:00,tx,Compass Group-Morrison Senior Living,San Antonio,,,
warn-3414,2012-09-25 00:00:00,il,Bombardier Motor Corp. of America,Benton,310,Plant Closure,
warn-13710,2012-09-25,wa,URS Federal Services,Oak Harbor,236,,
warn-11196,2012-09-24 00:00:00,tx,Covidien - Medical Supplies,Commerce,293,,
warn-11181,2012-09-20 00:00:00,tx,Exide Technologies,Frisco,120,,
warn-11195,2012-09-20 00:00:00,tx,Leviton Manufacturing Co.,El Paso,339,,
warn-13711,2012-09-20,wa,Dendreon Corporation,Seattle,145,,
warn-11194,2012-09-19 00:00:00,tx,SVTC Technologies,Austin,105,,
warn-13712,2012-09-18,wa,American Airlines,Seattle,66,,
warn-11187,2012-09-17 00:00:00,tx,American Airlines - Austin,Austin,62,,
warn-11188,2012-09-17 00:00:00,tx,American Airlines-,Ft. Worth,1403,,
warn-11189,2012-09-17 00:00:00,tx,American Airlines - Ft. Worth2,Ft. Worth,80,,
warn-11190,2012-09-17 00:00:00,tx,American Airlines - Dallas,Dallas,1325,,
warn-11191,2012-09-17 00:00:00,tx,Boeing Company,Houston,6,,
warn-11192,2012-09-17 00:00:00,tx,American Airlines - Houston2,Houston,53,,
warn-11193,2012-09-17 00:00:00,tx,American Airlines-Dallas2,Dallas,149,,
warn-11186,2012-09-11 00:00:00,tx,"TIC Energy & Chemical, Inc.-Freeport",Freeport,74,,
warn-13713,2012-09-10,wa,Berry Plastics Corporation,Kent,59,,
warn-11185,2012-09-07 00:00:00,tx,Saks Fifth Avenue-Austin,Austin,64,,
warn-11184,2012-09-04 00:00:00,tx,"Kay and Associates, Inc - Sikorsky Aerospace",Beeville,45,,
warn-11182,2012-08-31 00:00:00,tx,Compucom,Houston,66,,
warn-11183,2012-08-31 00:00:00,tx,Randstad-Capgemini Facility,Victoria,225,,
warn-3487,2012-08-23 00:00:00,il,KELLY TEMPORARY SERVICES,Carlyle,53,Plant Closure,
warn-11180,2012-08-21 00:00:00,tx,Boeing Company,Houston,1,,
warn-13714,2012-08-21,wa,AREVA Federal Services LLC,Richland,5,,
warn-11179,2012-08-20 00:00:00,tx,"Jack in the Box, Inc.",Dallas,70,,
warn-11176,2012-08-15 00:00:00,tx,"Schneider National Bulk Carriers, Inc.-Victoria",Victoria,197,,
warn-11177,2012-08-15 00:00:00,tx,"Mueller Industries, Inc.(Fabricated Tube Products)",Carrollton,117,,
warn-11178,2012-08-15 00:00:00,tx,Devon Energy Corporation,Houston,8,,
warn-11175,2012-08-14 00:00:00,tx,Motorola - Ft. Worth3,Ft. Worth,57,,
warn-11173,2012-08-10 00:00:00,tx,International Paper-Texas Sheets Plant,San Antonio,65,,
warn-11174,2012-08-10 00:00:00,tx,International Paper-SA Container Plant,San Antonio,64,,
warn-11172,2012-08-09 00:00:00,tx,Fluor-Port Lavaca,Port Lavaca,65,,
warn-13715,2012-08-06,wa,Harland Clarke Holdings Corp.,Milton,35,,
warn-11170,2012-08-01 00:00:00,tx,Devcon Security Services Corp.,Irving,197,,
warn-11171,2012-08-01 00:00:00,tx,Sears Holdings Corp. - Product Rebuild Center,Garland,51,,
warn-13716,2012-08-01,wa,Auburn Regional Medical Center,Auburn,827,,
warn-11169,2012-07-30 00:00:00,tx,"Arbor E&T, LLC-Capital Area",Austin,75,,
warn-11164,2012-07-24 00:00:00,tx,"United Space Alliance, LLC - Webster",Webster,7,,
warn-11165,2012-07-24 00:00:00,tx,"United Space Alliance, LLC - Houston5",Houston,9,,
warn-11166,2012-07-24 00:00:00,tx,"United Space Alliance, LLC (JSC) - Houston2",Houston,3,,
warn-11167,2012-07-24 00:00:00,tx,"United Space Alliance, LLC-LockheedMartin Facility",Houston,4,,
warn-11168,2012-07-24 00:00:00,tx,"United Space Alliance, LLC",Houston,35,,
warn-11163,2012-07-23 00:00:00,tx,American Airlines - Dallas,Dallas,40,,
warn-11162,2012-07-19 00:00:00,tx,Veolia Transportation-Dallas,Dallas,375,,
warn-13717,2012-07-19,wa,Universal Lumpers,Auburn,97,,
warn-11161,2012-07-17 00:00:00,tx,America's Body Company LLC,La Grange,48,,
warn-13718,2012-07-16,wa,"Thales Avionics, Inc.",Seattle,42,,
warn-13719,2012-07-05,wa,Seattle Hilton Hotel,Seattle,141,,
warn-11155,2012-06-27 00:00:00,tx,ARAMARK Correctional Services,Houston,66,,
warn-11156,2012-06-27 00:00:00,tx,Community Education Centers (CEC) - Kyle Unit,Kyle,30,,
warn-11158,2012-06-27 00:00:00,tx,Community Education Centers (CEC) - Halbert Unit,Burnet,33,,
warn-11159,2012-06-27 00:00:00,tx,Community Education Centers (CEC) - Walker Sayle Unit,Breckenridge,29,,
warn-11160,2012-06-27 00:00:00,tx,Community Education Centers (CEC) -TDCJ Glossbrenner Unit,San Diego,24,,
warn-11157,2012-06-26 00:00:00,tx,Verizon Wireless- Houston,Houston,943,,
warn-11153,2012-06-25 00:00:00,tx,Boeing Company,Houston,2,,
warn-11154,2012-06-25 00:00:00,tx,American Airlines - Dallas,Dallas,3,,
warn-11152,2012-06-22 00:00:00,tx,Chesapeake Energy Corp.,Ft. Worth,60,,
warn-13720,2012-06-22,wa,National Food Corporation,Everett,75,,
warn-13721,2012-06-20,wa,Parsons,Pasco,103,,
warn-11150,2012-06-19 00:00:00,tx,Christus/Santa Rosa-2,San Antonio,202,,
warn-11151,2012-06-19 00:00:00,tx,Outsource Partners International - Houston,Houston,72,,
warn-11147,2012-06-15 00:00:00,tx,Blue Cross Blue Shield/Trail Blazer Health Enterp.,Dallas,390,,
warn-11148,2012-06-15 00:00:00,tx,Trail Blazer Health -BCBS,Denison,460,,
warn-11149,2012-06-15 00:00:00,tx,"Engineered Polymer Solutions, Inc.",Grand Prairie,58,,
warn-11143,2012-06-07 00:00:00,tx,StarTran,Austin,671,,
warn-11144,2012-06-07 00:00:00,tx,Capital Metro,Austin,2,,
warn-11145,2012-06-07 00:00:00,tx,StarTran-2,Austin,182,,
warn-3382,2012-06-04 00:00:00,il,"Konstant Products, Inc",Quincy,69,Plant Closure,
warn-13722,2012-06-04,wa,Sterling Bank (First Independent Bank),Vancouver,63,,
warn-11141,2012-05-29 00:00:00,tx,Colgan Air,Houston,95,,
warn-11142,2012-05-29 00:00:00,tx,"RG STEEL, LLC.",Houston,11,,
warn-3365,2012-05-24 00:00:00,il,,Carlyle,108,Plant Closure,
warn-11139,2012-05-24 00:00:00,tx,Coach America,Dallas,79,,
warn-11140,2012-05-24 00:00:00,tx,Southwest Water-Tanner,Houston,239,,
warn-13723,2012-05-22,wa,Delta Air Lines Reservation Call Center,SeaTac,189,,
warn-11138,2012-05-21 00:00:00,tx,Boeing Company,Houston,1,,
warn-11137,2012-05-15 00:00:00,tx,Dana Holding Corporation,Longview,210,,
warn-11117,2012-05-08 00:00:00,tx,Hostess Brands-Tenaha Highway 1,Center,3,,
warn-11118,2012-05-08 00:00:00,tx,Hostess Brands-Stonewall,Greenville,7,,
warn-11119,2012-05-08 00:00:00,tx,Hostess Brands-Wichita Street,Ft. Worth,14,,
warn-11120,2012-05-08 00:00:00,tx,Hostess Brands-Seymour Highway,Wichita Falls,7,,
warn-11121,2012-05-08 00:00:00,tx,Hostess Brands-Garland2,Garland,22,,
warn-11122,2012-05-08 00:00:00,tx,Hostess Brands-New Boston Road.,Texarkana,13,,
warn-11123,2012-05-08 00:00:00,tx,Hostess Brands-Texoma Parkway,Sherman,6,,
warn-11124,2012-05-08 00:00:00,tx,Hostess Brands-Hempstead Rd.,Houston,15,,
warn-11125,2012-05-08 00:00:00,tx,Hostess Brands-West Pipeline,Hurst,19,,
warn-11126,2012-05-08 00:00:00,tx,Hostess Brands-St.Elmo,Austin,11,,
warn-11127,2012-05-08 00:00:00,tx,Hostess Brands-N. General Bruce,Temple,5,,
warn-11128,2012-05-08 00:00:00,tx,Hostess Brands-College Street,Beaumont,7,,
warn-11129,2012-05-08 00:00:00,tx,Hostess Brands-Connection Dr.#3408,Irving,51,,
warn-11130,2012-05-08 00:00:00,tx,Hostess Brands-Interdrive West,Houston,48,,
warn-11131,2012-05-08 00:00:00,tx,Hostess Brands-S Keller Rd,Mineral Wells,2,,
warn-11132,2012-05-08 00:00:00,tx,Hostess Brands-Spencer Hwy,Pasadena,15,,
warn-11133,2012-05-08 00:00:00,tx,Hostess Brands-West Ledbetter Drive #2264,Dallas,19,,
warn-11134,2012-05-08 00:00:00,tx,Hostess Brands-Rigsby Ave,San Antonio,17,,
warn-11135,2012-05-08 00:00:00,tx,Hostess Brands-Hwy 105 E.,Conroe,2,,
warn-11136,2012-05-08 00:00:00,tx,Hostess Brands-Beltline Rd. #3323,Garland,2,,
warn-11114,2012-05-07 00:00:00,tx,CSC Applied Technology-Houston,Houston,191,,
warn-11115,2012-05-07 00:00:00,tx,CSC Applied Technology,El Paso,37,,
warn-11116,2012-05-07 00:00:00,tx,Colgan Air,Houston,174,,
warn-13724,2012-05-07,wa,"Amonix, Inc.",Langley,1,,
warn-13725,2012-05-07,wa,Hostess Brands,Bellingham,6,,
warn-13726,2012-05-07,wa,Hostess Brands,Everett,15,,
warn-13727,2012-05-07,wa,Hostess Brands,Seattle,111,,
warn-13728,2012-05-07,wa,Hostess Brands,Kent,17,,
warn-13729,2012-05-07,wa,Hostess Brands,Bremerton,6,,
warn-13730,2012-05-07,wa,Hostess Brands,Lakewood,53,,
warn-13731,2012-05-07,wa,Hostess Brands,Tacoma,3,,
warn-13732,2012-05-07,wa,Hostess Brands,Tumwater,8,,
warn-13733,2012-05-07,wa,Hostess Brands,Longview,6,,
warn-13734,2012-05-07,wa,Hostess Brands,Moses Lake,2,,
warn-13735,2012-05-07,wa,Hostess Brands,Yakima,9,,
warn-13736,2012-05-07,wa,Hostess Brands,Spokane,14,,
warn-13737,2012-05-02,wa,Verizon Wireless,Bellevue,814,,
warn-11113,2012-04-27 00:00:00,tx,Suntron Corporation,Sugar Land,95,,
warn-13738,2012-04-27,wa,Davis Wire Corporation,Kent,57,,
warn-13739,2012-04-27,wa,BAE Systems,Keyport,61,,
warn-11146,2012-04-25 00:00:00,tx,Kohl's-Credit Call Center,Corsicana,125,,
warn-11111,2012-04-24 00:00:00,tx,Blockbuster Distribution Center-McKinney,McKinney,220,,
warn-11112,2012-04-24 00:00:00,tx,Boeing Company,Houston,5,,
warn-11109,2012-04-20 00:00:00,tx,The Great Indoors.-Farmers Branch #1902,Farmers Branch,71,,
warn-11110,2012-04-20 00:00:00,tx,The Great Indoors - Houston2 #1914,Houston,74,,
warn-11108,2012-04-17 00:00:00,tx,"PrimeFlight Aviation-San Antonio, TX",San Antonio,64,,
warn-11107,2012-04-13 00:00:00,tx,Tornier,Stafford,58,,
warn-11106,2012-04-12 00:00:00,tx,Roomstore-GP(Gifford),Grand Prairie,60,,
warn-13740,2012-04-10,wa,Cardiac Science Corporate,Bothell,60,,
warn-13741,2012-04-10,wa,Harland Clarke Holdings Corp.,Milton,74,,
warn-11105,2012-04-07 00:00:00,tx,Grubb & Ellis Company,Dallas,36,,
warn-11104,2012-04-05 00:00:00,tx,JC Penny Corporate Headquarters,Plano,602,,
warn-13742,2012-04-02,wa,"Zipper Interactive, Inc.",Redmond,86,,
warn-11102,2012-03-29 00:00:00,tx,PrimeFlight Aviation Services Inc.,Houston,276,,
warn-11103,2012-03-29 00:00:00,tx,THQ -Austin,Austin,99,,
warn-11099,2012-03-28 00:00:00,tx,Focus Direct LLC,San Antonio,78,,
warn-11100,2012-03-28 00:00:00,tx,Saxon Mortgage (Ft.Worth),Ft. Worth,454,,
warn-11101,2012-03-28 00:00:00,tx,Saxon Mortgage (Irving),Irving,226,,
warn-11098,2012-03-27 00:00:00,tx,Beef Products Inc.,Amarillo,209,,
warn-11097,2012-03-26 00:00:00,tx,Boeing Company,Houston,2,,
warn-13743,2012-03-26,wa,Boeing,Puget Sound,39,,
warn-11096,2012-03-09 00:00:00,tx,Dearborn National,Richardson,58,,
warn-11095,2012-03-08 00:00:00,tx,Northrop Grumman - Department of Veterans Affairs,Austin,69,,
warn-11093,2012-03-07 00:00:00,tx,Baylor Southwest Medical Center,Fort Worth,165,,
warn-11094,2012-03-07 00:00:00,tx,Blockbuster Distribution Center-McKinney,McKinney,175,,
warn-11091,2012-03-01 00:00:00,tx,"MV Transportation, Inc.",Port Arthur,124,,
warn-11092,2012-03-01 00:00:00,tx,CSC Applied Technology Division,Carrollton,92,,
warn-11090,2012-02-29 00:00:00,tx,Simos-Baytown,Baytown,128,,
warn-13744,2012-02-28,wa,Swedish Visiting Nurse Services,"Seattle, Mountlake Terrace",216,,
warn-13745,2012-02-23,wa,CenturyLink,Gig Harbor,52,,
warn-11088,2012-02-16 00:00:00,tx,"Morningstar Foods, LLC",Sulphur Springs,55,,
warn-11086,2012-02-14 00:00:00,tx,Simos,New Caney,56,,
warn-11087,2012-02-14 00:00:00,tx,Simos-Sealy,Sealy,23,,
warn-13746,2012-02-10,wa,Heinz North America,Kent,79,,
warn-11082,2012-02-08 00:00:00,tx,"United Space Alliance, LLC - Houston5",Houston,23,,
warn-11083,2012-02-08 00:00:00,tx,"United Space Alliance, LLC - Webster",Webster,5,,
warn-11084,2012-02-08 00:00:00,tx,"United Space Alliance, LLC",Houston,24,,
warn-11085,2012-02-08 00:00:00,tx,"United Space Alliance, LLC (JSC) - Houston2",Houston,21,,
warn-11081,2012-02-06 00:00:00,tx,Community Education Centers (CEC) - Liberty County Jail,Liberty,70,,
warn-11080,2012-02-03 00:00:00,tx,Boeing Company,Houston,3,,
warn-11077,2012-02-01 00:00:00,tx,"Schneider Logistics, Inc. (SLI)",Laredo,4,,
warn-11076,2012-01-31 00:00:00,tx,Manheim San Antonio,San Antonio,70,,
warn-11075,2012-01-27 00:00:00,tx,Boeing Company,Houston,1,,
warn-11078,2012-01-27 00:00:00,tx,MetLife (Horizon),Irving,600,,
warn-11079,2012-01-27 00:00:00,tx,MetLife (Walnut Ln),Irving,204,,
warn-3345,2012-01-20 00:00:00,il,,Aurora,128,Plant Closure,
warn-11074,2012-01-20 00:00:00,tx,Boeing Company,Houston,1,,
warn-11072,2012-01-17 00:00:00,tx,United Parcel Service - Carrollton,Carrollton,135,,
warn-11071,2012-01-13 00:00:00,tx,"TIC Energy & Chemical, Inc.",Seadrift,91,,
warn-11073,2012-01-13 00:00:00,tx,"Tanimura & Antle Onions, LLC",Edinburg,67,,
warn-13747,2012-01-10,wa,"Sykes Enterprises, Incorporated",Spokane Valley,167,,
warn-11070,2012-01-06 00:00:00,tx,Macy's (Mall of the Mainland) - Texas City,Texas City,97,,
warn-11069,2012-01-05 00:00:00,tx,Nuconsteel,Denton,90,,
warn-11067,2012-01-04 00:00:00,tx,DSC Logistics Inc.- Roanoke,Roanoke,127,,
warn-11068,2012-01-02 00:00:00,tx,Whole Foods Market - Dallas Bakehouse,Dallas,70,,
warn-11066,2011-12-29 00:00:00,tx,"Northrop Grumman Technical Services, Inc.",Fort Hood,210,,
warn-11065,2011-12-28 00:00:00,tx,Computer Sciences Corporation (CSC) - Ft. Worth2,Ft. Worth,,,
warn-11064,2011-12-27 00:00:00,tx,"Veterans Evaluation Services, Inc. (VES)",Houston,73,,
warn-11063,2011-12-21 00:00:00,tx,Devon Energy Corporation,Houston,6,,
warn-3333,2011-12-20 00:00:00,il,,Du Quoin,31,Layoff,
warn-11061,2011-12-16 00:00:00,tx,American Eagle & Executive Airlines,Ft. Worth,9,,
warn-11062,2011-12-16 00:00:00,tx,Boeing Company,Houston,1,,
warn-11060,2011-12-14 00:00:00,tx,American Eagle & Executive Airlines,Ft. Worth,223,,
warn-11057,2011-12-13 00:00:00,tx,"DGI Services, LLC",Ft. Worth,8,,
warn-11058,2011-12-13 00:00:00,tx,"BAE Systems Controls, Inc.",Irving,160,,
warn-11056,2011-12-12 00:00:00,tx,"Total Sleep Holdings, Inc.",Irving,64,,
warn-13748,2011-12-09,wa,Snokist Growers,Yakima,607,,
warn-11059,2011-12-06 00:00:00,tx,Chevron Phillips Chemical Company LP - Phillips Sumika Polypropylene Company (PSPC),Pasadena,61,,
warn-11052,2011-12-05 00:00:00,tx,"Milprint Inc. (Bemis Company, Inc.)",Longview,107,,
warn-11053,2011-12-05 00:00:00,tx,Nash Finch Company (MDV),San Antonio,4,,
warn-11055,2011-12-02 00:00:00,tx,Community Education Centers (CEC) - Newton County Correctional Facility,Newton,99,,
warn-11054,2011-11-29 00:00:00,tx,System One Services (Utility Partners of America),Austin,,,
warn-11051,2011-11-23 00:00:00,tx,"JC Evans Construction Company, Inc.",Leander,300,,
warn-13749,2011-11-21,wa,"Emerald Shared Services DBA K&L Distributors, Inc.",Renton,215,,
warn-11049,2011-11-18 00:00:00,tx,"Afni, Inc.",San Antonio,375,,
warn-11050,2011-11-18 00:00:00,tx,Boeing Company,Houston,1,,
warn-11048,2011-11-15 00:00:00,tx,"KLN Steel Products Company, LLC",San Antonio,108,,
warn-11044,2011-11-09 00:00:00,tx,"Snyder's-Lance, Inc.",Corsicana,102,,
warn-11038,2011-11-08 00:00:00,tx,"United Space Alliance, LLC - Houston6",Houston,4,,
warn-11039,2011-11-08 00:00:00,tx,"United Space Alliance, LLC - Houston4",Houston,14,,
warn-11040,2011-11-08 00:00:00,tx,"United Space Alliance, LLC - Webster",Webster,3,,
warn-11041,2011-11-08 00:00:00,tx,"United Space Alliance, LLC (JSC) - Houston2",Houston,18,,
warn-11042,2011-11-08 00:00:00,tx,"United Space Alliance, LLC",Houston,15,,
warn-11043,2011-11-08 00:00:00,tx,"Safety-Kleen Systems, Inc. - Addison",Addison,135,,
warn-11046,2011-11-08 00:00:00,tx,Jacobs Field Services N.A. Inc. (Motiva CEP Project),Port Arthur,88,,
warn-11047,2011-11-08 00:00:00,tx,Jacobs Engineering Group Inc. (Motiva CEP Project),Port Arthur,130,,
warn-11045,2011-11-07 00:00:00,tx,Motiva CEP Project (Bechtel),Port Arthur,290,,
warn-11036,2011-11-04 00:00:00,tx,Richmond Bone & Joint Clinic,Richmond,0,,
warn-11037,2011-11-01 00:00:00,tx,"Asset Acceptance, LLC",San Antonio,65,,
warn-11034,2011-10-31 00:00:00,tx,Boeing Company,Houston,2,,
warn-11035,2011-10-27 00:00:00,tx,"PTV NuStats, LLC",Edinburg,60,,
warn-11033,2011-10-26 00:00:00,tx,"Hertz Transporting, Inc.",DFW Airport,219,,
warn-11030,2011-10-24 00:00:00,tx,Rockwell Collins - Dyess AFB,Dyess AFB,51,,
warn-11031,2011-10-24 00:00:00,tx,Rockwell Collins - Sheppard AFB,Sheppard AFB,2,,
warn-11032,2011-10-21 00:00:00,tx,International Bedding Corporation,Cleburne,71,,
warn-13750,2011-10-21,wa,Washington State Employment Security Department,Statewide,222,,
warn-13751,2011-10-20,wa,"Lowe's HIW, Inc.",Tacoma,92,,
warn-13752,2011-10-19,wa,Kimberly-Clark Corporation,Everett,760,,
warn-11027,2011-10-18 00:00:00,tx,"Champion Windows, Inc.",Houston,135,,
warn-11028,2011-10-18 00:00:00,tx,Edge of Reality,Austin,39,,
warn-11026,2011-10-14 00:00:00,tx,Boeing Company,Houston,4,,
warn-13753,2011-10-13,wa,"BlueScope Buildings North America, Inc.",Arlington,67,,
warn-13754,2011-10-13,wa,Kerry Ingredients & Flavours,Kent,58,,
warn-13755,2011-10-12,wa,Hampton Lumber Mills,Darrington,76,,
warn-11025,2011-10-03 00:00:00,tx,Pikotek,Houston,35,,
warn-11029,2011-10-03 00:00:00,tx,Frio County Detention Center,Pearsall,57,,
warn-11023,2011-09-30 00:00:00,tx,"Securiguard, Incorporated",Kingsville,53,,
warn-11024,2011-09-30 00:00:00,tx,Boeing Company,Houston,1,,
warn-11022,2011-09-28 00:00:00,tx,Molded Fiber Glass Companies/Texas (MFG Texas),Gainesville,65,,
warn-3252,2011-09-27 00:00:00,il,,Mt. Morris,417,Plant Closure,
warn-11021,2011-09-27 00:00:00,tx,"Northrop Grumman Technical Services, Inc.",Fort Hood,0,,
warn-11020,2011-09-16 00:00:00,tx,Boeing Company,Houston,7,,
warn-11017,2011-09-15 00:00:00,tx,TSI Corporation,Fort Hood,0,,
warn-13756,2011-09-15,wa,Stimson Lumber,Colville,67,,
warn-11019,2011-09-14 00:00:00,tx,Devon Energy Corporation,Houston,7,,
warn-11018,2011-09-13 00:00:00,tx,"Pace American Enterprises, Inc.",McGregor,46,,
warn-11016,2011-09-09 00:00:00,tx,Sara Lee Food Service - Paris,Paris,150,,
warn-11011,2011-09-08 00:00:00,tx,Lockheed Martin Missiles and Fire Control,Grand Prairie,71,,
warn-11012,2011-09-07 00:00:00,tx,Flextronics Americas LLC (RTS) - Irving,Irving,1,,
warn-11013,2011-09-07 00:00:00,tx,Flextronics Americas LLC (RTS) - Georgetown,Georgetown,1,,
warn-11014,2011-09-07 00:00:00,tx,Flextronics Americas LLC (RTS) - Austin2,Austin,2,,
warn-11015,2011-09-07 00:00:00,tx,Flextronics Americas LLC (RTS) - Carrollton,Carrollton,21,,
warn-11007,2011-09-01 00:00:00,tx,Ingersoll Rand - Dallas,Carrollton,1,,
warn-11008,2011-09-01 00:00:00,tx,Ingersoll Rand - McGregor,McGregor,1,,
warn-11009,2011-09-01 00:00:00,tx,Ingersoll Rand - Tyler2,Tyler,1,,
warn-11010,2011-09-01 00:00:00,tx,Residential Solutions (Ingersoll Rand),Tyler,11,,
warn-11006,2011-08-31 00:00:00,tx,"Sikorsky Support Services, Inc.",Corpus Christi,450,,
warn-13757,2011-08-31,wa,TeleTech,Bremerton,240,,
warn-11003,2011-08-29 00:00:00,tx,Carrier Corporation,Tyler,172,,
warn-11004,2011-08-26 00:00:00,tx,"United Space Alliance, LLC",Houston,5,,
warn-11005,2011-08-26 00:00:00,tx,"United Space Alliance, LLC (JSC) - Houston2",Houston,3,,
warn-11000,2011-08-23 00:00:00,tx,"BlueScope Buildings NA, Inc. dba Butler Mfg.",San Marcos,64,,
warn-13758,2011-08-23,wa,"Woodinville Lumber, Inc.",Woodinville,76,,
warn-13759,2011-08-23,wa,"Woodinville Construction Services, L.L.C.",Woodinville,38,,
warn-13760,2011-08-23,wa,Tri-County Truss,Burlington,94,,
warn-10999,2011-08-19 00:00:00,tx,Boeing Company,Houston,5,,
warn-13761,2011-08-17,wa,Kmart,Spokane,68,,
warn-11001,2011-08-16 00:00:00,tx,Comerica Incorporated - Houston2,Houston,150,,
warn-11002,2011-08-16 00:00:00,tx,Comerica Incorporated,Houston,150,,
warn-10997,2011-08-09 00:00:00,tx,"Arbor E&T, LLC - Longview",Longview,53,,
warn-13762,2011-08-09,wa,Hampton Affiliates,Randle,80,,
warn-13763,2011-08-01,wa,Lockheed Martin Corporation,5 Puget Sound military locations,41,,
warn-10984,2011-07-29 00:00:00,tx,Pilgrim's Pride - Dallas3,Dallas,508,,
warn-10990,2011-07-29 00:00:00,tx,Pilgrim's Pride - Dallas4,Dallas,508,,
warn-10996,2011-07-29 00:00:00,tx,"Areva NP,  Inc.",Keller,1,,
warn-13764,2011-07-29,wa,CH2MHill Plateau Remediation Company,Richland,750,,
warn-13765,2011-07-29,wa,Materials & Energy Corporation,Richland,141,,
warn-10983,2011-07-28 00:00:00,tx,"Kehe Food Distributors, Inc. - Dallas",Dallas,4,,
warn-10986,2011-07-28 00:00:00,tx,SuperMedia LLC - Irving,Irving,2,,
warn-10993,2011-07-28 00:00:00,tx,Lockheed Martin GT&L - Ft. Worth2,Ft. Worth,10,,
warn-10994,2011-07-28 00:00:00,tx,Lockheed Martin GT&L  - Kingsville,Kingsville,6,,
warn-10995,2011-07-28 00:00:00,tx,Lockheed Martin GT&L - Corpus Christi2,Corpus Christi,8,,
warn-10985,2011-07-27 00:00:00,tx,"United Space Alliance, LLC - Houston5",Houston,9,,
warn-10987,2011-07-27 00:00:00,tx,"United Space Alliance, LLC",Houston,9,,
warn-10988,2011-07-27 00:00:00,tx,"United Space Alliance, LLC - Houston7",Houston,5,,
warn-10989,2011-07-27 00:00:00,tx,"United Space Alliance, LLC (JSC) - Houston2",Houston,30,,
warn-10991,2011-07-27 00:00:00,tx,"United Space Alliance, LLC - Houston6",Houston,5,,
warn-10992,2011-07-27 00:00:00,tx,"United Space Alliance, LLC - Houston4",Houston,6,,
warn-10998,2011-07-27 00:00:00,tx,"Arbor E&T, LLC - Tyler",Tyler,52,,
warn-10981,2011-07-26 00:00:00,tx,Sears Holdings Corp. - Product Rebuild Center,Garland,59,,
warn-10982,2011-07-26 00:00:00,tx,HealthSouth Hospital of Houston,Houston,161,,
warn-10980,2011-07-22 00:00:00,tx,Boeing Company,Houston,41,,
warn-10979,2011-07-18 00:00:00,tx,Nationwide Insurance - Nationwide Sales Solutions,Amarillo,64,,
warn-10977,2011-07-15 00:00:00,tx,Exel - Houston3,Houston,70,,
warn-10978,2011-07-15 00:00:00,tx,"ACI Glass Products, LLC",Farmers Branch,47,,
warn-10976,2011-07-11 00:00:00,tx,"Ahtna Facility Services, Inc. - AFSI",Fort Sam Houston,40,,
warn-10975,2011-07-06 00:00:00,tx,Atrium Patio Doors by Woodgrain Millwork,Greenville,63,,
warn-10974,2011-07-01 00:00:00,tx,"Northrop Grumman Technical Services, Inc.",Fort Hood,0,,
warn-10973,2011-06-29 00:00:00,tx,Teleperformance USA - Edinburg,Edinburg,275,,
warn-10972,2011-06-22 00:00:00,tx,BI Products LLC,Allen,72,,
warn-13766,2011-06-22,wa,Wells Fargo Home Mortgage Servicing,Bellevue,113,,
warn-10969,2011-06-20 00:00:00,tx,"Cricket Communications, Inc.",Harlingen,116,,
warn-13767,2011-06-20,wa,Monterey Gormet Foods,Kent,75,,
warn-10970,2011-06-17 00:00:00,tx,Boeing Company,Houston,9,,
warn-10971,2011-06-15 00:00:00,tx,Intertek Shared Services Center,Houston,63,,
warn-13768,2011-06-15,wa,Penguin Windows,"Lynnwood, Vancouver",121,,
warn-10968,2011-06-14 00:00:00,tx,Atos Origin - Austin,Austin,75,,
warn-10967,2011-06-03 00:00:00,tx,Boeing Company,Houston,239,,
warn-10962,2011-06-01 00:00:00,tx,Cenveo EPG - Dallas,Dallas,71,,
warn-10965,2011-06-01 00:00:00,tx,Ally Financial,Midland,106,,
warn-10963,2011-05-31 00:00:00,tx,CSC - Applied Technology Group - Temple,Temple,0,,
warn-10964,2011-05-31 00:00:00,tx,CSC - Applied Technology Group - Killeen,Killeen,0,,
warn-10966,2011-05-31 00:00:00,tx,CSC - Applied Technology Group - San Angelo,San Angelo,61,,
warn-10954,2011-05-27 00:00:00,tx,Flextronics Americas LLC (RTS) - Austin,Austin,2,,
warn-13769,2011-05-27,wa,Petermann Northwest LLC,Seattle,109,,
warn-13770,2011-05-27,wa,"Grays Harbor Paper, LLC",Hoquiam,231,,
warn-13771,2011-05-26,wa,"Insight Schools, Inc.",Bellevue,168,,
warn-10946,2011-05-25 00:00:00,tx,Flextronics Americas LLC (RTS) - San Antonio,San Antonio,1,,
warn-10947,2011-05-25 00:00:00,tx,Flextronics Americas LLC (RTS) - Dallas,Dallas,1,,
warn-10948,2011-05-25 00:00:00,tx,Flextronics Americas LLC (RTS) - Longview,Longview,2,,
warn-10949,2011-05-25 00:00:00,tx,Flextronics Americas LLC (RTS) - Tyler,Tyler,1,,
warn-10950,2011-05-25 00:00:00,tx,Flextronics Americas LLC (RTS) - Savoy,Savoy,1,,
warn-10951,2011-05-25 00:00:00,tx,Flextronics Americas LLC (RTS) - Frisco,Frisco,1,,
warn-10952,2011-05-25 00:00:00,tx,Flextronics Americas LLC (RTS) - Plano,Plano,3,,
warn-10953,2011-05-25 00:00:00,tx,Flextronics Americas LLC (RTS) - Killeen,Killeen,3,,
warn-10955,2011-05-25 00:00:00,tx,Flextronics Americas LLC (RTS) - Grapevine,Grapevine,2,,
warn-10956,2011-05-25 00:00:00,tx,Flextronics Americas LLC (RTS) - Little Elm,Little Elm,1,,
warn-10957,2011-05-25 00:00:00,tx,Flextronics Americas LLC (RTS) - Lewisville,Lewisville,2,,
warn-10958,2011-05-25 00:00:00,tx,Flextronics Americas LLC (RTS) - The Colony,The Colony,1,,
warn-10959,2011-05-25 00:00:00,tx,Flextronics Americas LLC (RTS) - Round Rock2,Round Rock,1,,
warn-10960,2011-05-25 00:00:00,tx,Flextronics Americas LLC (RTS) - Corpus Christi,Corpus Christi,3,,
warn-10961,2011-05-25 00:00:00,tx,Flextronics Americas LLC (RTS) - Arlington,Arlington,3,,
warn-10945,2011-05-23 00:00:00,tx,Manheim Metro Dallas,Grand Prairie,106,,
warn-10944,2011-05-18 00:00:00,tx,Ensco International Incorporated,Dallas,150,,
warn-10943,2011-05-16 00:00:00,tx,Devon Energy Corporation,Houston,4,,
warn-10933,2011-05-10 00:00:00,tx,Trans Pecos Foods,Pecos,107,,
warn-10934,2011-05-10 00:00:00,tx,"United Space Alliance, LLC - Houston4",Houston,87,,
warn-10935,2011-05-10 00:00:00,tx,"United Space Alliance, LLC - Houston5",Houston,207,,
warn-10936,2011-05-10 00:00:00,tx,"United Space Alliance, LLC",Houston,208,,
warn-10937,2011-05-10 00:00:00,tx,"United Space Alliance, LLC - Webster",Webster,6,,
warn-10938,2011-05-10 00:00:00,tx,"United Space Alliance, LLC - Houston7",Houston,1,,
warn-10939,2011-05-10 00:00:00,tx,"United Space Alliance, LLC - Houston3",Houston,13,,
warn-10940,2011-05-10 00:00:00,tx,"United Space Alliance, LLC (JSC) - Houston2",Houston,311,,
warn-10941,2011-05-10 00:00:00,tx,"United Space Alliance, LLC-LockheedMartin Facility",Houston,5,,
warn-10942,2011-05-10 00:00:00,tx,"United Space Alliance, LLC - Houston6",Houston,38,,
warn-13772,2011-05-10,wa,BAE Systems,Keyport,90,,
warn-13773,2011-04-29,wa,Cardiac Science Corporate,Bothell,54,,
warn-10930,2011-04-28 00:00:00,tx,"Hines Growers, LLC",Richmond,145,,
warn-10931,2011-04-28 00:00:00,tx,SuperMedia LLC - Irving,Irving,281,,
warn-10932,2011-04-28 00:00:00,tx,Durham School Services - Navasota,Navasota,61,,
warn-13774,2011-04-26,wa,Pinnacle Foods Group,Tacoma,139,,
warn-10928,2011-04-25 00:00:00,tx,Carrier Corporation,Tyler,38,,
warn-10929,2011-04-22 00:00:00,tx,CVS Caremark - Richardson,Richardson,250,,
warn-10926,2011-04-19 00:00:00,tx,Aramark Management Services LLP - Lewisville,Lewisville,278,,
warn-10927,2011-04-19 00:00:00,tx,Farmers Insurance Exchange - 21st Century,Lewisville,85,,
warn-10922,2011-04-15 00:00:00,tx,Aramark Sports LLC,Houston,70,,
warn-10921,2011-04-14 00:00:00,tx,Federal Reserve Bank of Dallas - SA Branch,San Antonio,71,,
warn-13775,2011-04-14,wa,"Radia, Inc. P. S.",Everett,51,,
warn-10920,2011-04-13 00:00:00,tx,First Transit Company - Houston,Houston,278,,
warn-10919,2011-04-12 00:00:00,tx,US Bank Corporate Payment Systems,Houston,61,,
warn-10924,2011-04-12 00:00:00,tx,Capital One Bank - Plano,Plano,62,,
warn-13776,2011-04-12,wa,Whirlpool Corporation,Yakima,140,,
warn-10923,2011-04-11 00:00:00,tx,AT&T - San Antonio4,San Antonio,31,,
warn-10925,2011-04-11 00:00:00,tx,AT&T - San Antonio5,San Antonio,30,,
warn-10918,2011-04-01 00:00:00,tx,Palm Harbor Homes - Kyle2,Kyle,125,,
warn-10917,2011-03-25 00:00:00,tx,Prospect Airport Services Inc. - DFW Airport,Ft. Worth,288,,
warn-10915,2011-03-23 00:00:00,tx,Wells Fargo and Co.,Bedford,67,,
warn-10916,2011-03-23 00:00:00,tx,Wells Fargo-San Antonio-Bankruptcy Group,San Antonio,77,,
warn-10914,2011-03-18 00:00:00,tx,Best Buy - Dealtree,Flower Mound,150,,
warn-10913,2011-03-14 00:00:00,tx,Presto Products,Carrollton,200,,
warn-13777,2011-03-11,wa,"Union Bank, N.A.",Everett,72,,
warn-10910,2011-03-09 00:00:00,tx,Robb & Stucky Interiors - Dallas,Dallas,6,,
warn-10911,2011-03-09 00:00:00,tx,Howrey LLP,Houston,78,,
warn-10912,2011-03-09 00:00:00,tx,Robb & Stucky Interiors,Plano,45,,
warn-10909,2011-02-24 00:00:00,tx,"UtiliQuest, LLC - Fort Worth",Ft. Worth,153,,
warn-10906,2011-02-23 00:00:00,tx,Clayton Homes Trendsetter Homes Div.,Belton,250,,
warn-10907,2011-02-23 00:00:00,tx,Blockbuster Inc. - Dallas (HQ),Dallas,238,,
warn-10908,2011-02-23 00:00:00,tx,Blockbuster Inc. - McKinney Distribution Center,McKinney,627,,
warn-10905,2011-02-22 00:00:00,tx,ACS Commercial Solutions,Houston,200,,
warn-3289,2011-02-18 00:00:00,il,,Freeport,206,Plant Closure,
warn-10903,2011-02-17 00:00:00,tx,"RockTenn - RTS Packaging, LLC",El Paso,52,,
warn-10904,2011-02-16 00:00:00,tx,Palm Harbor Homes (HQ) - Addison,Addison,62,,
warn-11089,2011-02-15 00:00:00,tx,Northrop Grumman -Technical Services Inc.,San Antonio,32,,
warn-13778,2011-02-15,wa,CompuCom Application Services,Bellevue,60,,
warn-10900,2011-02-10 00:00:00,tx,South Texas Health System,Edinburg,66,,
warn-10901,2011-02-10 00:00:00,tx,Amazon.com,Irving,140,,
warn-13779,2011-02-09,wa,Harland Clarke Holdings Corp.,Milton,53,,
warn-10902,2011-02-08 00:00:00,tx,"Jacobs Field Services North America, Inc.",Baytown,200,,
warn-10891,2011-02-01 00:00:00,tx,"United Space Alliance, LLC",Houston,44,,
warn-10892,2011-02-01 00:00:00,tx,"United Space Alliance, LLC - Webster",Webster,1,,
warn-10893,2011-02-01 00:00:00,tx,"United Space Alliance, LLC - Houston10",Houston,1,,
warn-10894,2011-02-01 00:00:00,tx,"United Space Alliance, LLC - Houston3",Houston,5,,
warn-10896,2011-02-01 00:00:00,tx,"United Space Alliance, LLC - Houston11",Houston,7,,
warn-10897,2011-02-01 00:00:00,tx,"United Space Alliance, LLC - Houston6",Houston,5,,
warn-10898,2011-02-01 00:00:00,tx,"United Space Alliance, LLC (JSC) - Houston2",Houston,71,,
warn-10899,2011-02-01 00:00:00,tx,"United Space Alliance, LLC - Houston4",Houston,11,,
warn-13780,2011-02-01,wa,Penguin Windows,"Lynwood, Mukilteo, Lakewood",210,,
warn-13781,2011-01-31,wa,DAL Global Services,Seattle,168,,
warn-10888,2011-01-28 00:00:00,tx,"United Airlines, Inc.",Houston,250,,
warn-10889,2011-01-28 00:00:00,tx,"United Airlines, Inc. - Houston2",Houston,250,,
warn-10895,2011-01-28 00:00:00,tx,Acuity Hospital of Houston,Houston,221,,
warn-13782,2011-01-28,wa,"Pilchuck Contractors, Inc.",Puget Sound,300,,
warn-10886,2011-01-27 00:00:00,tx,JCPenney - Rockwall,Rockwall,75,,
warn-10887,2011-01-27 00:00:00,tx,JCPenney - Cedar Hill,Cedar Hill,81,,
warn-10890,2011-01-25 00:00:00,tx,TSI Corporation,Fort Hood,0,,
warn-10885,2011-01-19 00:00:00,tx,Acuity Brands Lighting (ABL),Austin,112,,
warn-10884,2011-01-18 00:00:00,tx,Russell Newman - Denton,Denton,96,,
warn-10882,2011-01-14 00:00:00,tx,Tabs Direct (Story Road) - Irving2,Irving,75,,
warn-10883,2011-01-14 00:00:00,tx,Tabs Direct (Gateway) - Irving,Irving,50,,
warn-10881,2011-01-12 00:00:00,tx,"Aegis Communications Group, Inc. - Killeen",Killeen,100,,
warn-10878,2011-01-06 00:00:00,tx,"Hines Growers, LLC",Richmond,106,,
warn-10879,2011-01-04 00:00:00,tx,Macy's (Highland Mall) - Austin,Austin,127,,
warn-10880,2011-01-03 00:00:00,tx,"UtiliQuest, LLC - Houston",Houston,30,,
warn-10876,2010-12-27 00:00:00,tx,Bilingual Research Services (West),El Paso,121,,
warn-10877,2010-12-27 00:00:00,tx,Bilingual Research Services (East) - El Paso2,El Paso,120,,
warn-10875,2010-12-23 00:00:00,tx,"STMicroelectronics, Inc.",Coppell,3,,
warn-13783,2010-12-20,wa,"Semiahmoo Resort Company, LLC",Blaine,321,,
warn-10874,2010-12-06 00:00:00,tx,"OBIM Fresh-Cut Fruit Co., LLC",Ft. Worth,272,,
warn-13784,2010-12-06,wa,"ZipRealty, Inc.",Kirkland,129,,
warn-10873,2010-12-01 00:00:00,tx,Transamerica Life Insurance Company - Dallas,Dallas,247,,
warn-10819,2010-11-30 00:00:00,tx,Novartis Pharmaceuticals Corporation - Shallowater,Shallowater,1,,
warn-10820,2010-11-30 00:00:00,tx,Novartis Pharmaceuticals Corporation - Cypress,Cypress,1,,
warn-10821,2010-11-30 00:00:00,tx,Novartis Pharmaceuticals Corporation - Spring,Spring,1,,
warn-10822,2010-11-30 00:00:00,tx,Novartis Pharmaceuticals Corporation - Seabrook,Seabrook,1,,
warn-10823,2010-11-30 00:00:00,tx,Novartis Pharmaceuticals Corporation - Gulf4,Spring,1,,
warn-10824,2010-11-30 00:00:00,tx,Novartis Pharmaceuticals Corporation - Tarrant5,Southlake,1,,
warn-10825,2010-11-30 00:00:00,tx,Novartis Pharmaceuticals Corporation - Gulf3,Magnolia,2,,
warn-10826,2010-11-30 00:00:00,tx,Novartis Pharmaceuticals Corporation - Gulf2,Conroe,1,,
warn-10827,2010-11-30 00:00:00,tx,Novartis Pharmaceuticals Corporation - Lubbock,Lubbock,5,,
warn-10828,2010-11-30 00:00:00,tx,Novartis Pharmaceuticals Corporation - Rural,Austin,1,,
warn-10829,2010-11-30 00:00:00,tx,Novartis Pharmaceuticals Corporation - Desoto,De Soto,1,,
warn-10830,2010-11-30 00:00:00,tx,Novartis Pharmaceuticals Corporation - Katy,Katy,1,,
warn-10831,2010-11-30 00:00:00,tx,Novartis Pharmaceuticals Corporation - Dallas2,Dallas,1,,
warn-10832,2010-11-30 00:00:00,tx,Novartis Pharmaceuticals Corporation - Dallas3,Dallas,1,,
warn-10833,2010-11-30 00:00:00,tx,Novartis Pharmaceuticals Corporation - San Antonio,San Antonio,6,,
warn-10834,2010-11-30 00:00:00,tx,Novartis Pharmaceuticals Corporation,Irving,0,,
warn-10835,2010-11-30 00:00:00,tx,Novartis Pharmaceuticals Corporation - Lewisville,Lewisville,1,,
warn-10836,2010-11-30 00:00:00,tx,Novartis Pharmaceuticals Corporation-The Woodlands,The Woodlands,1,,
warn-10837,2010-11-30 00:00:00,tx,Novartis Pharmaceuticals Corporation - El Paso,El Paso,2,,
warn-10838,2010-11-30 00:00:00,tx,Novartis Pharmaceuticals Corporation - McAllen,McAllen,1,,
warn-10839,2010-11-30 00:00:00,tx,Novartis Pharmaceuticals Corporation - East,Tyler,2,,
warn-10840,2010-11-30 00:00:00,tx,Novartis Pharmaceuticals Corporation - Capital,Austin,1,,
warn-10841,2010-11-30 00:00:00,tx,Novartis Pharmaceuticals Corporation - Capital2,Lago Vista,1,,
warn-10842,2010-11-30 00:00:00,tx,Novartis Pharmaceuticals Corporation - Texarkana,Texarkana,1,,
warn-10843,2010-11-30 00:00:00,tx,Novartis Pharmaceuticals Corporation - Coastal,Corpus Ch,1,,
warn-10844,2010-11-30 00:00:00,tx,Novartis Pharmaceuticals Corporation - Panhandle,Amarillo,1,,
warn-10845,2010-11-30 00:00:00,tx,Novartis Pharmaceuticals Corporation - Midland,Midland,1,,
warn-10846,2010-11-30 00:00:00,tx,Novartis Pharmaceuticals Corporation - Gulf,The Woodlands,2,,
warn-10847,2010-11-30 00:00:00,tx,Novartis Pharmaceuticals Corporation - Capital3,Pflugerville,1,,
warn-10848,2010-11-30 00:00:00,tx,Novartis Pharmaceuticals Corporation - Tarrant4,Grapevine,1,,
warn-10849,2010-11-30 00:00:00,tx,Novartis Pharmaceuticals Corporation-Missouri City,Missouri City,1,,
warn-10850,2010-11-30 00:00:00,tx,Novartis Pharmaceuticals Corporation - Tarrant3,Colleyville,1,,
warn-10851,2010-11-30 00:00:00,tx,Novartis Pharmaceuticals Corporation - Tarrant2,Ft. Worth,4,,
warn-10852,2010-11-30 00:00:00,tx,Novartis Pharmaceuticals Corporation - Tarrant,Keller,3,,
warn-10853,2010-11-30 00:00:00,tx,Novartis Pharmaceuticals Corporation - Concho,San Angelo,1,,
warn-10854,2010-11-30 00:00:00,tx,Novartis Pharmaceuticals Corporation - Tomball,Tomball,1,,
warn-10855,2010-11-30 00:00:00,tx,Novartis Pharmaceuticals Corporation - Richardson,Richardson,1,,
warn-10856,2010-11-30 00:00:00,tx,Novartis Pharmaceuticals Corporation - Humble,Humble,1,,
warn-10857,2010-11-30 00:00:00,tx,Novartis Pharmaceuticals Corporation - Houston,Houston,5,,
warn-10858,2010-11-30 00:00:00,tx,Novartis Pharmaceuticals Corporation - Bellaire,Bellaire,1,,
warn-10859,2010-11-30 00:00:00,tx,Novartis Pharmaceuticals Corporation - Pearland,Pearland,1,,
warn-10860,2010-11-30 00:00:00,tx,Novartis Pharmaceuticals Corporation - Nacogdoches,Nacogdoches,1,,
warn-10861,2010-11-30 00:00:00,tx,Novartis Pharmaceuticals Corporation - Plano,Plano,1,,
warn-10862,2010-11-30 00:00:00,tx,Novartis Pharmaceuticals Corporation - Frisco,Frisco,1,,
warn-10863,2010-11-30 00:00:00,tx,Novartis Pharmaceuticals Corporation - Dallas1,Dallas,1,,
warn-10864,2010-11-30 00:00:00,tx,Novartis Pharmaceuticals Corporation - Diboll,Diboll,1,,
warn-10865,2010-11-30 00:00:00,tx,Novartis Pharmaceuticals Corporation - Denton,Denton,1,,
warn-10866,2010-11-30 00:00:00,tx,Novartis Pharmaceuticals Corporation - McKinney,McKinney,1,,
warn-10871,2010-11-30 00:00:00,tx,ManTech Technical Services Group,Fort Hood,0,,
warn-10872,2010-11-30 00:00:00,tx,ManTech Technical Services Group - Fort Bliss,Fort Bliss,0,,
warn-10817,2010-11-29 00:00:00,tx,"STMicroelectronics, Inc.",Coppell,3,,
warn-10867,2010-11-29 00:00:00,tx,"ZipRealty, Inc. - Irving",Irving,135,,
warn-10868,2010-11-29 00:00:00,tx,"MMI Products, Inc.",Houston,70,,
warn-10869,2010-11-29 00:00:00,tx,"ZipRealty, Inc. - Houston",Houston,114,,
warn-10870,2010-11-29 00:00:00,tx,"ZipRealty, Inc.",Austin,68,,
warn-10818,2010-11-24 00:00:00,tx,FedEx National LTL,El Paso,99,,
warn-10816,2010-11-22 00:00:00,tx,"Sodexo, Inc. - Houston",Houston,323,,
warn-10815,2010-11-18 00:00:00,tx,Valmont Newark,Mansfield,3,,
warn-10814,2010-11-17 00:00:00,tx,Devon Energy Corporation,Houston,11,,
warn-10812,2010-11-15 00:00:00,tx,"Lack's Stores, Inc. - Corporate Headquarters",Victoria,80,,
warn-10813,2010-11-15 00:00:00,tx,"Lack's Stores, Inc.-Distribtn. Ctr.-New Braunfels",New Braunfels,157,,
warn-13785,2010-11-15,wa,International Paper,Bellevue,78,,
warn-13786,2010-11-02,wa,Exel,Auburn,146,,
warn-10803,2010-11-01 00:00:00,tx,Magellan Health Services-Southwest Care Mgt Center,Richardson,50,,
warn-10811,2010-11-01 00:00:00,tx,"Neighborhood Centers, Inc. - Houston2",Houston,125,,
warn-10802,2010-10-29 00:00:00,tx,"MI Windows and Doors, Inc.",Van Alstyne,66,,
warn-10804,2010-10-29 00:00:00,tx,"United Space Alliance, LLC - Houston4",Houston,9,,
warn-10805,2010-10-29 00:00:00,tx,"United Space Alliance, LLC-LockheedMartin Facility",Houston,6,,
warn-10806,2010-10-29 00:00:00,tx,"United Space Alliance, LLC",Houston,32,,
warn-10807,2010-10-29 00:00:00,tx,"United Space Alliance, LLC (JSC) - Houston2",Houston,48,,
warn-10808,2010-10-29 00:00:00,tx,"United Space Alliance, LLC - Houston3",Houston,29,,
warn-10809,2010-10-29 00:00:00,tx,"United Space Alliance, LLC - Houston6",Houston,3,,
warn-10810,2010-10-29 00:00:00,tx,"United Space Alliance, LLC - Houston5",Houston,45,,
warn-10801,2010-10-26 00:00:00,tx,"Northrop Grumman Technical Services, Inc.",Fort Hood,239,,
warn-13787,2010-10-21,wa,"Icicle Seafoods, Inc.",Seattle,83,,
warn-13788,2010-10-19,wa,CDM Long-Term Care Services,Vancouver,100,,
warn-10799,2010-10-18 00:00:00,tx,Devon Energy Corporation,Houston,34,,
warn-10798,2010-10-14 00:00:00,tx,"Rineer Hydraulics, Inc. - Boerne",Boerne,12,,
warn-10800,2010-10-14 00:00:00,tx,"Apache Corporation (Mariner Energy, Inc.)",Houston,108,,
warn-10797,2010-10-13 00:00:00,tx,North American Coal Corp - San Miguel Lignite Mine,Christine,213,,
warn-10790,2010-10-11 00:00:00,tx,Principal Financial Group - Austin,Austin,6,,
warn-10791,2010-10-11 00:00:00,tx,Principal Financial Group - Houston2,Houston,6,,
warn-10792,2010-10-11 00:00:00,tx,Principal Financial Group - Fort Worth,Ft. Worth,0,,
warn-10793,2010-10-11 00:00:00,tx,Principal Financial Group - San Antonio,San Antonio,6,,
warn-10794,2010-10-11 00:00:00,tx,Principal Financial Group - San Antonio2,San Antonio,5,,
warn-10795,2010-10-11 00:00:00,tx,Principal Financial Group - Houston,Houston,6,,
warn-10796,2010-10-11 00:00:00,tx,Principal Financial Group,Addison,18,,
warn-3101,2010-10-07 00:00:00,il,,Kankakee,119,Plant Closure,
warn-10787,2010-10-07 00:00:00,tx,"Hines Growers, LLC",Richmond,160,,
warn-10788,2010-10-07 00:00:00,tx,Base One Technologies,Dallas,23,,
warn-10789,2010-10-05 00:00:00,tx,Armstrong Hardwood Flooring,Center,73,,
warn-13789,2010-09-30,wa,AHP (Associated Hygienic Products LLC),Vancouver,101,,
warn-10786,2010-09-29 00:00:00,tx,Serco-NA,Mesquite,,,
warn-10784,2010-09-24 00:00:00,tx,UFE Incorporated2,El Paso,44,,
warn-10785,2010-09-21 00:00:00,tx,"Del-Jen, Inc. (A Fluor Company)",Del Rio,211,,
warn-13790,2010-09-21,wa,Xanodyne,Western Washington,3,,
warn-10782,2010-09-14 00:00:00,tx,Sitel Corporation - Longview,Longview,65,,
warn-13791,2010-09-13,wa,"The Men's Wearhouse, Inc.",Fife,42,,
warn-13792,2010-09-09,wa,Cruise West,Seattle,65,,
warn-10781,2010-09-07 00:00:00,tx,North Dallas Holdings LLC - Regency Hospital,Carrollton,155,,
warn-10783,2010-09-07 00:00:00,tx,"Arbor E&T, LLC (Res Care)",Dallas,39,,
warn-10769,2010-08-29 00:00:00,tx,"Rineer Hydraulics, Inc. - Boerne",Boerne,3,,
warn-10770,2010-08-27 00:00:00,tx,"Karsten Homes/CMH Manufacturing, Inc.",Breckenridge,130,,
warn-10772,2010-08-27 00:00:00,tx,"Tessada and Associates, Inc.",Houston,6,,
warn-10774,2010-08-26 00:00:00,tx,"Arbor E&T, LLC - Raymondville",Raymondville,8,,
warn-10775,2010-08-26 00:00:00,tx,"Arbor E&T, LLC - Weslaco",Weslaco,59,,
warn-10776,2010-08-26 00:00:00,tx,"Arbor E&T, LLC - McAllen",McAllen,38,,
warn-10777,2010-08-26 00:00:00,tx,"Arbor E&T, LLC - Edinburg",Edinburg,30,,
warn-10778,2010-08-26 00:00:00,tx,"Arbor E&T, LLC - Mission",Mission,59,,
warn-10779,2010-08-26 00:00:00,tx,"Arbor E&T, LLC - Rio Grande City",Rio Grande City,21,,
warn-10780,2010-08-26 00:00:00,tx,"Arbor E&T, LLC - Pharr",Pharr,50,,
warn-10767,2010-08-25 00:00:00,tx,Smead Manufacturing Company,McGregor,138,,
warn-10771,2010-08-25 00:00:00,tx,"Danfoss Chatleff, LLC",Buda,94,,
warn-3211,2010-08-23 00:00:00,il,,Bloomingdale,249,Plant Closure,
warn-13793,2010-08-20,wa,Skookum Fleet Management,Fort Lewis,50,,
warn-10768,2010-08-19 00:00:00,tx,URS Federal Services (Lear Siegler) - Fort Hood,Fort Hood,111,,
warn-10773,2010-08-19 00:00:00,tx,Signal International,Orange,580,,
warn-10766,2010-08-17 00:00:00,tx,Saks Fifth Avenue,Plano,64,,
warn-3221,2010-08-06 00:00:00,il,PRECISION TWIST DRILL CO.,Crystal Lake,169,Plant Closure,
warn-10763,2010-08-04 00:00:00,tx,"Expedia, Inc. - Arlington",Arlington,167,,
warn-10764,2010-08-04 00:00:00,tx,"Expedia, Inc.",Dallas,129,,
warn-10761,2010-08-02 00:00:00,tx,Riddell-Easton-Bell Sports,San Antonio,75,,
warn-13794,2010-08-02,wa,"Icicle Seafoods, Inc.",Bellingham,71,,
warn-10759,2010-07-30 00:00:00,tx,Benchmark Electronics-Austin,Austin,88,,
warn-10760,2010-07-30 00:00:00,tx,"APAC Customer Services, Inc. - Corpus Christi",Corpus Ch,0,,
warn-10762,2010-07-30 00:00:00,tx,Beckman Coulter,Webster,45,,
warn-10765,2010-07-30 00:00:00,tx,"Cimarron Software Services, Inc.",Houston,12,,
warn-10746,2010-07-27 00:00:00,tx,"United Space Alliance, LLC - Bay Terrace II",Houston,7,,
warn-10748,2010-07-27 00:00:00,tx,"United Space Alliance, LLC - Houston10",Houston,14,,
warn-10750,2010-07-27 00:00:00,tx,Whole Foods Market - Southwest Distribution Center,Austin,60,,
warn-10751,2010-07-27 00:00:00,tx,"United Space Alliance, LLC - Houston9",Houston,20,,
warn-10753,2010-07-27 00:00:00,tx,Devon Energy Corporation,Houston,15,,
warn-10756,2010-07-27 00:00:00,tx,"United Space Alliance, LLC - Houston6",Houston,8,,
warn-10757,2010-07-27 00:00:00,tx,"United Space Alliance, LLC - Houston7",Houston,20,,
warn-10758,2010-07-27 00:00:00,tx,"United Space Alliance, LLC - Houston5",Houston,44,,
warn-10747,2010-07-23 00:00:00,tx,"United Space Alliance, LLC (JSC) - Houston2",Houston,177,,
warn-10749,2010-07-23 00:00:00,tx,"United Space Alliance, LLC - Houston3",Houston,18,,
warn-10752,2010-07-23 00:00:00,tx,"United Space Alliance, LLC - Houston4",Houston,24,,
warn-10754,2010-07-23 00:00:00,tx,"United Space Alliance, LLC",Houston,64,,
warn-10755,2010-07-23 00:00:00,tx,"United Space Alliance, LLC - Webster",Webster,1,,
warn-10745,2010-07-19 00:00:00,tx,Transcom Worldwide (US) Inc.,San Antonio,737,,
warn-13795,2010-07-16,wa,Skookum Fleet Management,Fort Lewis,176,,
warn-13796,2010-07-16,wa,Commercial Vehicle Group,Vancouver,12,,
warn-10744,2010-07-13 00:00:00,tx,Beckman Coulter,Webster,30,,
warn-10743,2010-07-12 00:00:00,tx,Comdata Corporation - Irving,Irving,144,,
warn-10739,2010-07-07 00:00:00,tx,"Rineer Hydraulics, Inc.",San Antonio,7,,
warn-10740,2010-07-07 00:00:00,tx,"Rineer Hydraulics, Inc. - Boerne",Boerne,10,,
warn-10742,2010-07-07 00:00:00,tx,First Data Technologies Inc.,Corpus Ch,186,,
warn-10741,2010-07-05 00:00:00,tx,Devon Energy Corporation,Houston,41,,
warn-10738,2010-06-21 00:00:00,tx,"Telvista, Inc. - Odessa",Odessa,288,,
warn-10737,2010-06-14 00:00:00,tx,Global Contact Services (GCS),Kingsville,43,,
warn-10735,2010-06-10 00:00:00,tx,Teleperformance USA - Abilene2,Abilene,271,,
warn-10736,2010-06-04 00:00:00,tx,"EduCare Community Living, LP - The Willows",San Antonio,62,,
warn-13797,2010-06-02,wa,Mason County Forest Products,Shelton,130,,
warn-13798,2010-06-02,wa,Columbia Valley Community Health,Wenatchee,53,,
warn-10734,2010-06-01 00:00:00,tx,Gulf Marine Fabricators - Aransas Pass,Aransas Pass,99,,
warn-10731,2010-05-28 00:00:00,tx,Devon Energy Corporation,Houston,18,,
warn-13799,2010-05-27,wa,AlliedBarton Security Services LLC,"Seattle, Bellevue",128,,
warn-10732,2010-05-26 00:00:00,tx,Durham School Services - Hutto,Hutto,108,,
warn-10733,2010-05-26 00:00:00,tx,Durham School Services - Lago Vista,Lago Vista,12,,
warn-10730,2010-05-25 00:00:00,tx,Convergys Customer Management Group Inc.-McGregor,McGregor,120,,
warn-10729,2010-05-24 00:00:00,tx,Johnson County Correctional Facility,Cleburne,88,,
warn-13800,2010-05-21,wa,Boeing,Puget Sound,17,,
warn-10726,2010-05-19 00:00:00,tx,UTMB CMC - Marlin (TDCJ),Marlin,3,,
warn-10725,2010-05-18 00:00:00,tx,Devon Energy Corporation,Houston,45,,
warn-10727,2010-05-18 00:00:00,tx,"Sallie Mae, Inc.",Killeen,127,,
warn-10724,2010-05-17 00:00:00,tx,"Norwood Promotional Products, LLC",San Antonio,320,,
warn-10728,2010-05-17 00:00:00,tx,URS Federal Services (Lear Siegler) - Fort Hood,Fort Hood,85,,
warn-3197,2010-05-11 00:00:00,il,,Downers Grove,187,Plant Closure,
warn-10723,2010-05-10 00:00:00,tx,"Northrop Grumman Technical Services, Inc.",Fort Hood,0,,
warn-10715,2010-05-09 00:00:00,tx,"Rineer Hydraulics, Inc.",San Antonio,8,,
warn-10717,2010-05-09 00:00:00,tx,"Rineer Hydraulics, Inc. - Boerne",Boerne,10,,
warn-10719,2010-05-07 00:00:00,tx,"Chevron USA, Inc. - Houston2",Houston,285,,
warn-10720,2010-05-07 00:00:00,tx,"Chevron USA, Inc.",Houston,285,,
warn-10722,2010-05-07 00:00:00,tx,HighMount Exploration & Production LLC,Houston,84,,
warn-10721,2010-05-06 00:00:00,tx,"Coca-Cola Enterprises, Inc. - San Benito",San Benito,101,,
warn-10716,2010-05-04 00:00:00,tx,"Ikon Office Solutions, Inc.",Houston,63,,
warn-10714,2010-04-29 00:00:00,tx,Durham School Services - Lockhart,Lockhart,55,,
warn-733,2010-04-28 00:00:00,il,"General Electric International, Inc.",Morrison,110,Plant Closure,
warn-10711,2010-04-26 00:00:00,tx,Tabs Direct Inc.,Stafford,30,,
warn-10713,2010-04-26 00:00:00,tx,IWCO Direct,Ft. Worth,60,,
warn-10710,2010-04-23 00:00:00,tx,Devon Energy Corporation,Houston,2,,
warn-10709,2010-04-22 00:00:00,tx,Tabs Direct (Gateway) - Irving,Irving,42,,
warn-10712,2010-04-22 00:00:00,tx,TFE Logistics Group,Schertz,72,,
warn-2974,2010-04-21 00:00:00,il,,North Chicago,300,Plant Closure,
warn-10708,2010-04-21 00:00:00,tx,TurboCare Inc.,Dallas,81,,
warn-13801,2010-04-19,wa,Boeing,Puget Sound,125,,
warn-10704,2010-04-14 00:00:00,tx,Devon Energy Corporation,Houston,3,,
warn-10706,2010-04-14 00:00:00,tx,BillMatrix Corporation,Dallas,71,,
warn-10707,2010-04-14 00:00:00,tx,BillMatrix Corporation - Irving,Irving,37,,
warn-10699,2010-04-12 00:00:00,tx,Pilgrim's Pride Corporation - Pittsburg,Pittsburg,158,,
warn-10700,2010-04-12 00:00:00,tx,Devon Energy Corporation,Houston,15,,
warn-10703,2010-04-12 00:00:00,tx,United Services Automobile Association (USAA),San Antonio,109,,
warn-10705,2010-04-12 00:00:00,tx,Beckman Coulter,Webster,30,,
warn-10718,2010-04-12 00:00:00,tx,"IAP World Services, Inc. - Fort Bliss Logist. Spt.",Fort Bliss,126,,
warn-10696,2010-04-08 00:00:00,tx,Devon Energy Corporation,Houston,15,,
warn-10695,2010-04-07 00:00:00,tx,"Rodman, LLC - Round Rock",Round Rock,9,,
warn-10697,2010-04-07 00:00:00,tx,"Rodman, LLC",Frisco,242,,
warn-10694,2010-04-06 00:00:00,tx,Unisys Corporation Managed Service Center (MSC),Austin,229,,
warn-10692,2010-04-05 00:00:00,tx,"Aviat US, Inc.",San Antonio,96,,
warn-10702,2010-04-05 00:00:00,tx,URS Federal Services (Lear Siegler),New Boston,116,,
warn-10693,2010-04-02 00:00:00,tx,Ricoh Business Solutions,Irving,53,,
warn-3224,2010-03-31 00:00:00,il,Norcross Safety Products LLC,Rock Island,285,Mass Layoff,
warn-10691,2010-03-31 00:00:00,tx,The Village Healthcare Center,Houston,127,,
warn-13802,2010-03-30,wa,"ConAgra Foods, Inc.",Prosser,218,,
warn-10689,2010-03-29 00:00:00,tx,"STMicroelectronics, Inc.",Coppell,4,,
warn-10698,2010-03-26 00:00:00,tx,"Sodexo, Inc.",McAllen,5,,
warn-10701,2010-03-26 00:00:00,tx,"Sodexo, Inc. - Edinburg",Edinburg,5,,
warn-10687,2010-03-25 00:00:00,tx,ABB Inc.,Wichita Falls,5,,
warn-10686,2010-03-22 00:00:00,tx,Allstate Insurance Company - Carrollton,Carrollton,58,,
warn-10688,2010-03-22 00:00:00,tx,Counterforce,Houston,83,,
warn-10690,2010-03-19 00:00:00,tx,Beckman Coulter,Webster,17,,
warn-13803,2010-03-19,wa,Boeing,Puget Sound,65,,
warn-10684,2010-03-17 00:00:00,tx,Devon Energy Corporation,Houston,5,,
warn-10685,2010-03-17 00:00:00,tx,Devon Energy Corporation,Houston,11,,
warn-13804,2010-03-17,wa,"AB Car Rental Services, Inc.",Tukwila,206,,
warn-10681,2010-03-16 00:00:00,tx,"Selecta Corp., LLC/Dickies",Farmers Branch,99,,
warn-10682,2010-03-16 00:00:00,tx,Spring Branch Medical Center,Houston,720,,
warn-10683,2010-03-16 00:00:00,tx,West Corporation - Bryan,Bryan,260,,
warn-10680,2010-03-15 00:00:00,tx,"STMicroelectronics, Inc.",Coppell,1,,
warn-13805,2010-03-11,wa,"Olympic Security Services, Inc.",Tukwila,54,,
warn-10679,2010-03-09 00:00:00,tx,Devon Energy Corporation,Houston,1,,
warn-10678,2010-03-05 00:00:00,tx,"Loadcraft Industries, Ltd.",Brady,68,,
warn-10674,2010-03-02 00:00:00,tx,Anthony Forest Products2,Atlanta,26,,
warn-10676,2010-03-02 00:00:00,tx,Devon Energy Corporation,Houston,10,,
warn-10672,2010-03-01 00:00:00,tx,Convergys Customer Management Group Inc.,Killeen,150,,
warn-10675,2010-03-01 00:00:00,tx,"Research Analysis & Maintenance, Inc. (RAM)",Fort Bliss,104,,
warn-10677,2010-03-01 00:00:00,tx,CACI Team Bliss/CACI Technologies,Fort Bliss,264,,
warn-10671,2010-02-22 00:00:00,tx,Devon Energy Corporation,Houston,38,,
warn-10673,2010-02-22 00:00:00,tx,Lear-Siegler Mobility Center (URS Federal Serv's),New Boston,100,,
warn-13806,2010-02-22,wa,Zumiez Inc.,Everett,172,,
warn-10669,2010-02-19 00:00:00,tx,"CB&I, Inc. - 850 Pine Street",Beaumont,302,,
warn-10670,2010-02-19 00:00:00,tx,"La Corsha Hospitality Group, Ltd.",San Antonio,0,,
warn-13807,2010-02-19,wa,Boeing,Puget Sound,527,,
warn-10666,2010-02-17 00:00:00,tx,Precision Dynamics,Dallas,17,,
warn-10665,2010-02-16 00:00:00,tx,Southwest Nut Company,Fabens,168,,
warn-10664,2010-02-09 00:00:00,tx,"Innovative Consultants, L.L.C.",Houston,287,,
warn-10660,2010-02-08 00:00:00,tx,Express Scripts,Plano,155,,
warn-10667,2010-02-08 00:00:00,tx,"Grant Products International, Inc. - Premier Trim",Brownsville,103,,
warn-10668,2010-02-05 00:00:00,tx,ABB Inc.,Wichita Falls,1,,
warn-13808,2010-02-05,wa,Kmart,Bremerton,55,,
warn-10663,2010-02-04 00:00:00,tx,Armstrong Hardwood Flooring,Center,178,,
warn-10643,2010-02-03 00:00:00,tx,Texas Neighborhood Services - Greenville,Greenville,11,,
warn-10644,2010-02-03 00:00:00,tx,Texas Neighborhood Services - Cleburne,Cleburne,12,,
warn-10645,2010-02-03 00:00:00,tx,Texas Neighborhood Services - Corsicana,Corsicana,12,,
warn-10646,2010-02-03 00:00:00,tx,Texas Neighborhood Services - Denton,Denton,41,,
warn-10647,2010-02-03 00:00:00,tx,Texas Neighborhood Services - Granbury,Granbury,10,,
warn-10648,2010-02-03 00:00:00,tx,Texas Neighborhood Services - McKinney,McKinney,9,,
warn-10649,2010-02-03 00:00:00,tx,Texas Neighborhood Services - Mineral Wells,Mineral Wells,3,,
warn-10650,2010-02-03 00:00:00,tx,Texas Neighborhood Services - Waxahachie,Waxahachie,11,,
warn-10651,2010-02-03 00:00:00,tx,Texas Neighborhood Services -  Weatherford,Weatherford,9,,
warn-10652,2010-02-03 00:00:00,tx,Texas Neighborhood Services - Terrell,Terrell,10,,
warn-10653,2010-02-03 00:00:00,tx,Texas Neighborhood Services - Ennis,Ennis,2,,
warn-10654,2010-02-03 00:00:00,tx,Texas Neighborhood Services - Stephenville,Stephenville,8,,
warn-10655,2010-02-03 00:00:00,tx,Texas Neighborhood Services - Denton2,Denton,41,,
warn-10656,2010-02-03 00:00:00,tx,Texas Neighborhood Services - Decatur,Decatur,7,,
warn-10658,2010-02-03 00:00:00,tx,Texas Neighborhood Services - Rockwall,Rockwall,4,,
warn-10659,2010-02-03 00:00:00,tx,Texas Neighborhood Services - Plano,Plano,27,,
warn-10661,2010-02-03 00:00:00,tx,Sears Holdings Corporation,Houston,11,,
warn-10662,2010-02-03 00:00:00,tx,Sears Holdings Corporation,Houston,88,,
warn-10640,2010-02-01 00:00:00,tx,"STMicroelectronics, Inc.",Coppell,2,,
warn-10641,2010-02-01 00:00:00,tx,Coca Cola Enterprise Inc. - Austin,Austin,34,,
warn-10642,2010-02-01 00:00:00,tx,Coca Cola Enterprise Inc. - Austin2,Austin,33,,
warn-13809,2010-01-29,wa,BCI Coca Cola Bottling Company,Woodland,56,,
warn-10638,2010-01-28 00:00:00,tx,Silgan Containers Corporation,Crystal City,16,,
warn-10639,2010-01-28 00:00:00,tx,ABB Inc.,Wichita Falls,3,,
warn-10637,2010-01-27 00:00:00,tx,ABB Inc.,Wichita Falls,23,,
warn-10634,2010-01-26 00:00:00,tx,Devon Energy Corporation,Houston,23,,
warn-10636,2010-01-26 00:00:00,tx,Devon Energy Corporation,Houston,1,,
warn-10635,2010-01-25 00:00:00,tx,Beckman Coulter,Webster,19,,
warn-10657,2010-01-25 00:00:00,tx,First Student,McKinney,0,,
warn-13810,2010-01-22,wa,Boeing,Puget Sound,9,,
warn-10633,2010-01-20 00:00:00,tx,Fujifilm (Fujifilm N. America Printing Srv Group),Terrell,104,,
warn-13811,2010-01-20,wa,Auto Warehousing Co.,Tacoma,55,,
warn-10632,2010-01-18 00:00:00,tx,"STMicroelectronics, Inc.",Coppell,6,,
warn-10631,2010-01-15 00:00:00,tx,ABB Inc.,Wichita Falls,1,,
warn-13812,2010-01-15,wa,Boeing,Puget Sound,20,,
warn-13813,2010-01-14,wa,International Paper,Auburn,2,,
warn-13814,2010-01-14,wa,Bank of America,Bellevue,50,,
warn-10621,2010-01-12 00:00:00,tx,Radiology Associates - AMI - Four Season's Breast,San Antonio,10,,
warn-10622,2010-01-12 00:00:00,tx,Radiology Associates - AMI -  Sonterra,San Antonio,10,,
warn-10623,2010-01-12 00:00:00,tx,"Radiology Associates of San Antonio, P.A.",San Antonio,40,,
warn-10624,2010-01-12 00:00:00,tx,Radiology Associates - AMI - Medical Center,San Antonio,11,,
warn-10625,2010-01-12 00:00:00,tx,Radiology Associates - AMI - Stone Oak,San Antonio,11,,
warn-10626,2010-01-12 00:00:00,tx,Radiology Associates - AMI - Crown IR,San Antonio,10,,
warn-10627,2010-01-12 00:00:00,tx,Radiology Associates - AMI - Southside,San Antonio,11,,
warn-10628,2010-01-12 00:00:00,tx,Radiology Associates - AMI - Northeast,San Antonio,11,,
warn-10629,2010-01-12 00:00:00,tx,Radiology Associates - AMI - Crown MR,San Antonio,11,,
warn-10630,2010-01-12 00:00:00,tx,Radiology Associates - AMI - Village Drive,San Antonio,11,,
warn-10619,2010-01-10 00:00:00,tx,Sam's Club,Houston,130,,
warn-10618,2010-01-08 00:00:00,tx,ABB Inc.,Wichita Falls,3,,
warn-10620,2010-01-08 00:00:00,tx,ABB Inc.,Wichita Falls,2,,
warn-13815,2009-12-31,wa,CPC International Apple Company,Tieton,75,,
warn-10617,2009-12-28 00:00:00,tx,ABB Inc.,Wichita Falls,2,,
warn-10614,2009-12-21 00:00:00,tx,ABB Inc.,Wichita Falls,1,,
warn-10615,2009-12-21 00:00:00,tx,ACS Business Process Solutions - Houston,Houston,181,,
warn-10616,2009-12-21 00:00:00,tx,Guaranty Bank,Austin,279,,
warn-13816,2009-12-18,wa,Boeing,Puget Sound,56,,
warn-13817,2009-12-18,wa,Walter Meier Inc.,Auburn,5,,
warn-10611,2009-12-16 00:00:00,tx,First American Home Buyers,Odessa,179,,
warn-10612,2009-12-16 00:00:00,tx,ABB Inc.,Wichita Falls,1,,
warn-10613,2009-12-11 00:00:00,tx,Suntron Corporation,Sugar Land,2,,
warn-2900,2009-12-10 00:00:00,il,Android Industries-Belvidere,Belvidere,273,Plant Closure,
warn-3116,2009-12-10 00:00:00,il,,Sycamore,89,Plant Closure,
warn-10610,2009-12-10 00:00:00,tx,"Veolia Transportation, Inc.",Austin,18,,
warn-10609,2009-12-07 00:00:00,tx,"STMicroelectronics, Inc.",Coppell,2,,
warn-10604,2009-12-03 00:00:00,tx,Verizon Wireless - Longview,Longview,181,,
warn-10605,2009-12-03 00:00:00,tx,Avaya Inc.,Granbury,1,,
warn-10608,2009-12-03 00:00:00,tx,Cardinal Logistics Management Corporation,Arlington,64,,
warn-10602,2009-12-01 00:00:00,tx,StarTek USA - Victoria,Victoria,196,,
warn-10598,2009-11-25 00:00:00,tx,"Kehe Food Distributors, Inc.",San Antonio,25,,
warn-10599,2009-11-23 00:00:00,tx,The Variable Annuity Life Insurance Company,Houston,121,,
warn-10603,2009-11-23 00:00:00,tx,"STMicroelectronics, Inc.",Coppell,7,,
warn-3157,2009-11-20 00:00:00,il,"Honeywell, Inc.",Spring Valley,102,Plant Closure,
warn-3188,2009-11-20 00:00:00,il,"Honeywell, Inc.",Springfield,157,Plant Closure,
warn-10600,2009-11-20 00:00:00,tx,Auto Truck Transport - Garland2,Garland,204,,
warn-10601,2009-11-20 00:00:00,tx,Auto Truck Transport - Laredo2,Laredo,30,,
warn-13818,2009-11-20,wa,Boeing,Puget Sound,49,,
warn-10597,2009-11-19 00:00:00,tx,"Touchstone Wireless Repair and Logistics, L.P.",Ft. Worth,200,,
warn-3209,2009-11-18 00:00:00,il,,Lake Forest,7580,Mass Layoff,
warn-13819,2009-11-18,wa,Kmart,Vancouver,68,,
warn-10594,2009-11-13 00:00:00,tx,"ConAgra Foods, Inc.",Ft. Worth,121,,
warn-10596,2009-11-13 00:00:00,tx,ABB Inc.,Wichita Falls,46,,
warn-10588,2009-11-12 00:00:00,tx,"Applied Materials, Inc. - Dallas",Dallas,1,,
warn-10589,2009-11-12 00:00:00,tx,Applied Materials-Addeco-SVO,Austin,21,,
warn-10590,2009-11-12 00:00:00,tx,"Applied Materials, Inc. - Austin11",Austin,5,,
warn-10591,2009-11-12 00:00:00,tx,"Applied Materials, Inc. - Austin4",Austin,18,,
warn-10592,2009-11-12 00:00:00,tx,"Applied Materials, Inc. - Austin12",Austin,25,,
warn-10593,2009-11-12 00:00:00,tx,"Applied Materials, Inc. - Richardson2",Richardson,5,,
warn-10595,2009-11-12 00:00:00,tx,Beckman Coulter,Webster,11,,
warn-10587,2009-11-09 00:00:00,tx,Target - Brownsville,Brownsville,7,,
warn-10606,2009-11-09 00:00:00,tx,"STMicroelectronics, Inc.",Coppell,14,,
warn-10585,2009-11-05 00:00:00,tx,Sitel Corporation - Longview,Longview,250,,
warn-10580,2009-11-04 00:00:00,tx,Nortel Networks Inc.,Richardson,56,,
warn-13820,2009-11-04,wa,"Sun Microsystems, Inc",Bellevue,3,,
warn-10581,2009-11-03 00:00:00,tx,"Sun Microsystems, Inc. - Dallas2",Dallas,10,,
warn-10582,2009-11-03 00:00:00,tx,"Sun Microsystems, Inc. - Houston2",Houston,4,,
warn-10584,2009-11-03 00:00:00,tx,"Sun Microsystems, Inc.",Austin,11,,
warn-13821,2009-11-03,wa,BD Diagnostics,Redmond,15,,
warn-10578,2009-10-30 00:00:00,tx,HMSHost Corporation,Grapevine,74,,
warn-10579,2009-10-30 00:00:00,tx,ABB Inc.,Wichita Falls,122,,
warn-13822,2009-10-30,wa,Boeing,Puget Sound,48,,
warn-10577,2009-10-29 00:00:00,tx,Lyondell Chemical Company - Pasadena,Pasadena,1,,
warn-10583,2009-10-29 00:00:00,tx,Unicare Life and Health Insurance,Plano,162,,
warn-10586,2009-10-29 00:00:00,tx,"World Color Dallas, L.P.",Dallas,240,,
warn-10576,2009-10-26 00:00:00,tx,"Flying J, Inc.",Houston,32,,
warn-10607,2009-10-26 00:00:00,tx,"STMicroelectronics, Inc.",Coppell,6,,
warn-10575,2009-10-23 00:00:00,tx,MASCO Builder Cabinet Group,Cedar Hill,156,,
warn-3149,2009-10-22 00:00:00,il,,Mt. Vernon,51,Plant Closure,
warn-13823,2009-10-22,wa,"Expedia, Inc.",Tacoma,171,,
warn-10574,2009-10-20 00:00:00,tx,Direct Energy,Richardson,85,,
warn-10573,2009-10-15 00:00:00,tx,L & M Radiator,El Paso,67,,
warn-10572,2009-10-12 00:00:00,tx,"STMicroelectronics, Inc.",Coppell,9,,
warn-13824,2009-10-09,wa,Boeing,Puget Sound,53,,
warn-13825,2009-10-08,wa,Wells Fargo Mortgage,Kirkland,60,,
warn-10570,2009-10-07 00:00:00,tx,Redcats USA,Universal City,480,,
warn-10571,2009-10-07 00:00:00,tx,"Fluor Enterprises, Inc.",Sugar Land,617,,
warn-10568,2009-10-06 00:00:00,tx,Baker Hughes Incorporated,Houston,62,,
warn-13826,2009-10-05,wa,Brandrud,Auburn,104,,
warn-10564,2009-10-01 00:00:00,tx,Lockheed Martin - San Antonio,San Antonio,65,,
warn-10567,2009-10-01 00:00:00,tx,"Alcoa, Inc.",Rockdale,53,,
warn-10566,2009-09-30 00:00:00,tx,CMC Railroad,Dayton,51,,
warn-10565,2009-09-29 00:00:00,tx,"AccuFleet International, Inc.",Houston,87,,
warn-10563,2009-09-28 00:00:00,tx,Lyondell Chemical Company - Corpus Christi,Corpus Christi,14,,
warn-10569,2009-09-28 00:00:00,tx,"STMicroelectronics, Inc.",Coppell,9,,
warn-10562,2009-09-25 00:00:00,tx,"Lear Siegler Services, Inc - Sheppard AFB",Sheppard AFB,496,,
warn-3079,2009-09-24 00:00:00,il,R. R. DONNELLEY & SONS COMPANY,Hillside,118,Plant Closure,
warn-10561,2009-09-24 00:00:00,tx,Beckman Coulter,Webster,1,,
warn-10560,2009-09-23 00:00:00,tx,Kalyn Siebert Trailers,Gatesville,35,,
warn-10559,2009-09-21 00:00:00,tx,kgb Operator Services Co.,Lubbock,78,,
warn-13827,2009-09-18,wa,Boeing,Puget Sound,126,,
warn-13828,2009-09-15,wa,"SumTotal Systems, Inc.",Bellevue,59,,
warn-3047,2009-09-14 00:00:00,il,Caterpillar,Aurora,596,Plant Closure,
warn-10556,2009-09-14 00:00:00,tx,JELD-WEN Inc.,Corsicana,84,,
warn-10557,2009-09-14 00:00:00,tx,"STMicroelectronics, Inc.",Coppell,5,,
warn-13829,2009-09-14,wa,Adaptis Inc.,Seattle,138,,
warn-10554,2009-09-10 00:00:00,tx,"Flint Hills Resources, LP",Odessa,6,,
warn-10558,2009-09-08 00:00:00,tx,"MEMC Electronic Materials, Inc.",Sherman,236,,
warn-13830,2009-09-03,wa,Microsoft,Redmond,27,,
warn-10553,2009-09-01 00:00:00,tx,Capgemini Energy LP,Dallas,190,,
warn-10555,2009-08-31 00:00:00,tx,"STMicroelectronics, Inc.",Coppell,16,,
warn-13831,2009-08-31,wa,"CROSSMARK Home Improvements, LCC",Statewide,77,,
warn-13832,2009-08-28,wa,"Northwest Territorial Mint, LCC",Auburn,109,,
warn-13833,2009-08-28,wa,Philips Electronics,Snoqualmie,75,,
warn-13834,2009-08-21,wa,Boeing,Puget Sound,279,,
warn-3143,2009-08-20 00:00:00,il,,Rockford,112,Mass Layoff,
warn-10545,2009-08-20 00:00:00,tx,"Trinity North American Freight Car, Inc.",Ft. Worth,158,,
warn-10546,2009-08-20 00:00:00,tx,"Exterran Energy Solutions, LP - Houston2",Houston,122,,
warn-10548,2009-08-20 00:00:00,tx,"Exterran Energy Solutions, LP - Houston",Houston,79,,
warn-10549,2009-08-20 00:00:00,tx,"Exterran Energy Solutions, LP - Alleyton",Alleyton,51,,
warn-10550,2009-08-20 00:00:00,tx,"Exterran Energy Solutions, LP - Schulenburg",Schulenburg,29,,
warn-10552,2009-08-20 00:00:00,tx,"Genesys Telecommunications Lab., Inc. (Alcatel)",Plano,1,,
warn-10544,2009-08-18 00:00:00,tx,Samsung,Austin,550,,
warn-10547,2009-08-17 00:00:00,tx,"STMicroelectronics, Inc.",Coppell,3,,
warn-13835,2009-08-14,wa,"Crossroads Services, Inc.",Statewide,45,,
warn-10542,2009-08-12 00:00:00,tx,Premium Standard Farms - Dalhart 1,Dalhart,59,,
warn-10543,2009-08-12 00:00:00,tx,Premium Standard Farms - Dalhart 2,Dalhart,58,,
warn-10541,2009-08-06 00:00:00,tx,Lyondell Chemical Company,Beaumont,1,,
warn-10537,2009-08-03 00:00:00,tx,Gulf Marine Fabricators - Aransas Pass,Aransas Pass,56,,
warn-10540,2009-08-03 00:00:00,tx,"STMicroelectronics, Inc.",Coppell,1,,
warn-10538,2009-07-31 00:00:00,tx,Ryder Logistics & Transportation - Lewisville,Lewisville,63,,
warn-10551,2009-07-31 00:00:00,tx,Excel Garment Mfg. Inc.,El Paso,190,,
warn-13836,2009-07-31,wa,Boeing,Puget Sound,45,,
warn-3139,2009-07-29 00:00:00,il,"CLARCOR Air Filtration Products, Inc.",Rockford,125,Plant Closure,
warn-10535,2009-07-29 00:00:00,tx,Day & Zimmermann,Texarkana,0,,
warn-10534,2009-07-28 00:00:00,tx,Air System Components - El Paso,El Paso,1,,
warn-10533,2009-07-27 00:00:00,tx,LEAR Corporation - El Paso3,El Paso,150,,
warn-10536,2009-07-27 00:00:00,tx,Blue Cross and Blue Shield of Texas - Amarillo,Amarillo,57,,
warn-13837,2009-07-27,wa,"Stemilt Growers, Inc.",Orondo,94,,
warn-3135,2009-07-22 00:00:00,il,,Niles,165,Plant Closure,
warn-10532,2009-07-20 00:00:00,tx,"STMicroelectronics, Inc.",Coppell,9,,
warn-13838,2009-07-20,wa,"Stemilt Growers, Inc.",Orondo,67,,
warn-3013,2009-07-17 00:00:00,il,Caterpillar,Mossville,814,Plant Closure,
warn-13839,2009-07-17,wa,Boeing,Puget Sound,104,,
warn-13840,2009-07-17,wa,Electric Boat,Silverdale,8,,
warn-3011,2009-07-16 00:00:00,il,,Hennepin,288,Mass Layoff,
warn-3136,2009-07-14 00:00:00,il,,Dixon,206,Plant Closure,
warn-10465,2009-07-10 00:00:00,tx,"Flint Hills Resources, LP",Odessa,12,,
warn-10033,2009-07-08 00:00:00,tx,"United Retail Service, LLC - Irving",Irving,1,,
warn-10034,2009-07-08 00:00:00,tx,"United Retail Service, LLC - Lancaster",Lancaster,1,,
warn-10035,2009-07-08 00:00:00,tx,"United Retail Service, LLC - Mesquite",Mesquite,4,,
warn-10453,2009-07-08 00:00:00,tx,Applied Materials-Addeco-SVO,Austin,6,,
warn-10455,2009-07-08 00:00:00,tx,"Applied Materials, Inc. - Austin4",Austin,4,,
warn-10456,2009-07-08 00:00:00,tx,"Applied Materials, Inc. - Austin2",Austin,1,,
warn-10457,2009-07-08 00:00:00,tx,United Retail Service - Cibolo,Cibolo,1,,
warn-10458,2009-07-08 00:00:00,tx,United Retail Service - Midland,Midland,2,,
warn-10459,2009-07-08 00:00:00,tx,United Retail Service - Warren,Warren,2,,
warn-10460,2009-07-08 00:00:00,tx,United Retail Service - Houston,Houston,4,,
warn-10461,2009-07-08 00:00:00,tx,United Retail Service - Missouri City,Missouri City,2,,
warn-10462,2009-07-08 00:00:00,tx,United Retail Service - Richmond,Richmond,4,,
warn-10463,2009-07-08 00:00:00,tx,United Retail Service - Paris,Paris,1,,
warn-10464,2009-07-08 00:00:00,tx,United Retail Service - Donna,Donna,1,,
warn-10466,2009-07-08 00:00:00,tx,United Retail Service - Austin,Austin,6,,
warn-10467,2009-07-08 00:00:00,tx,"United Retail Service, LLC - Azle",Azle,1,,
warn-10468,2009-07-08 00:00:00,tx,United Retail Service - Brownsville,Brownsville,1,,
warn-10469,2009-07-08 00:00:00,tx,United Retail Service - Harlingen,Harlingen,2,,
warn-10470,2009-07-08 00:00:00,tx,United Retail Service - Alvin,Alvin,1,,
warn-10471,2009-07-08 00:00:00,tx,United Retail Service - Seguin,Seguin,1,,
warn-10472,2009-07-08 00:00:00,tx,United Retail Service - Boerne,Boerne,1,,
warn-10473,2009-07-08 00:00:00,tx,United Retail Service - San Antonio,San Antonio,13,,
warn-10474,2009-07-08 00:00:00,tx,"United Retail Service, LLC - Clear Lake Shores",Clear Lake Shores,1,,
warn-10475,2009-07-08 00:00:00,tx,"United Retail Service, LLC - Celina",Celina,1,,
warn-10476,2009-07-08 00:00:00,tx,"United Retail Service, LLC - Azle2",Azle,1,,
warn-10477,2009-07-08 00:00:00,tx,"United Retail Service, LLC - Cleburne",Cleburne,3,,
warn-10478,2009-07-08 00:00:00,tx,United Retail Service - Conroe,Conroe,1,,
warn-10479,2009-07-08 00:00:00,tx,"United Retail Service, LLC - Fort Worth",Ft. Worth,6,,
warn-10480,2009-07-08 00:00:00,tx,United Retail Service - Bryan,Bryan,1,,
warn-10481,2009-07-08 00:00:00,tx,"United Retail Service, LLC - Keller",Keller,2,,
warn-10482,2009-07-08 00:00:00,tx,"United Retail Service, LLC - Rowlett",Rowlett,2,,
warn-10484,2009-07-08 00:00:00,tx,"United Retail Service, LLC - Seagoville",Seagoville,1,,
warn-10485,2009-07-08 00:00:00,tx,United Retail Service - Fort Hood,Fort Hood,1,,
warn-10486,2009-07-08 00:00:00,tx,"United Retail Service, LLC - Crowley",Crowley,1,,
warn-10487,2009-07-08 00:00:00,tx,United Retail Service - McAllen,McAllen,1,,
warn-10488,2009-07-08 00:00:00,tx,"United Retail Service, LLC - N. Richland Hills",N. Richland Hills,1,,
warn-10489,2009-07-08 00:00:00,tx,United Retail Service - Katy,Katy,1,,
warn-10490,2009-07-08 00:00:00,tx,"United Retail Service, LLC - Georgetown",Georgetown,1,,
warn-10491,2009-07-08 00:00:00,tx,United Retail Service - Friendswood,Friendswood,1,,
warn-10492,2009-07-08 00:00:00,tx,United Retail Service - Clute,Clute,1,,
warn-10493,2009-07-08 00:00:00,tx,United Retail Service - Houston2,Houston,11,,
warn-10494,2009-07-08 00:00:00,tx,"United Retail Service, LLC - Lubbock",Lubbock,1,,
warn-10495,2009-07-08 00:00:00,tx,United Retail Service - League City,League City,1,,
warn-10496,2009-07-08 00:00:00,tx,"United Retail Service, LLC - Saginaw",Saginaw,1,,
warn-10497,2009-07-08 00:00:00,tx,United Retail Service - Hooks,Hooks,1,,
warn-10498,2009-07-08 00:00:00,tx,"United Retail Service, LLC - Austin",Austin,1,,
warn-10499,2009-07-08 00:00:00,tx,"United Retail Service, LLC - Denton",Denton,1,,
warn-10500,2009-07-08 00:00:00,tx,"United Retail Service, LLC - Mansfield",Mansfield,1,,
warn-10501,2009-07-08 00:00:00,tx,"United Retail Service, LLC - Cedar Park",Cedar Park,1,,
warn-10502,2009-07-08 00:00:00,tx,"United Retail Service, LLC - Laredo",Laredo,0,,
warn-10503,2009-07-08 00:00:00,tx,"United Retail Service, LLC - Leander",Leander,1,,
warn-10504,2009-07-08 00:00:00,tx,"United Retail Service, LLC - Lewisville",Lewisville,1,,
warn-10505,2009-07-08 00:00:00,tx,"United Retail Service, LLC - Murphy",Murphy,1,,
warn-10506,2009-07-08 00:00:00,tx,"United Retail Service, LLC - Dallas",Dallas,4,,
warn-10507,2009-07-08 00:00:00,tx,"United Retail Service, LLC - Cedar Hill",Cedar Hill,1,,
warn-10508,2009-07-08 00:00:00,tx,United Retail Service - Eagle Pass,Eagle Pass,1,,
warn-10509,2009-07-08 00:00:00,tx,"United Retail Service, LLC - Winters",Winters,1,,
warn-10510,2009-07-08 00:00:00,tx,United Retail Service - Spring,Spring,6,,
warn-10511,2009-07-08 00:00:00,tx,"United Retail Service, LLC - Allen",Allen,1,,
warn-10512,2009-07-08 00:00:00,tx,"United Retail Service, LLC - Kyle",Kyle,1,,
warn-10513,2009-07-08 00:00:00,tx,"United Retail Service, LLC - Little Elm",Little Elm,1,,
warn-10514,2009-07-08 00:00:00,tx,"United Retail Service, LLC - Hutto",Hutto,1,,
warn-10515,2009-07-08 00:00:00,tx,"United Retail Service, LLC - El Paso",El Paso,4,,
warn-10516,2009-07-08 00:00:00,tx,"United Retail Service, LLC  Round Rock",Round Rock,1,,
warn-10517,2009-07-08 00:00:00,tx,United Retail Service - Corpus Christi,Corpus Christi,0,,
warn-10518,2009-07-08 00:00:00,tx,"United Retail Service, LLC - McKinney",McKinney,2,,
warn-10519,2009-07-08 00:00:00,tx,"United Retail Service, LLC - Sachse",Sachse,1,,
warn-10520,2009-07-08 00:00:00,tx,"United Retail Service, LLC - Springtown",Springtown,1,,
warn-10521,2009-07-08 00:00:00,tx,"United Retail Service, LLC - Waxahachie",Waxahachie,2,,
warn-10522,2009-07-08 00:00:00,tx,United Retail Service - Del Valle,Del Valle,2,,
warn-10523,2009-07-08 00:00:00,tx,"United Retail Service, LLC - Garland",Garland,3,,
warn-10524,2009-07-08 00:00:00,tx,United Retail Service - Electra,Electra,1,,
warn-10525,2009-07-08 00:00:00,tx,"United Retail Service, LLC - Kemp",Kemp,1,,
warn-10526,2009-07-08 00:00:00,tx,United Retail Service - Tomball,Tomball,1,,
warn-10527,2009-07-08 00:00:00,tx,United Retail Service - Fritch,Fritch,1,,
warn-10528,2009-07-08 00:00:00,tx,United Retail Service - Pearland,Pearland,1,,
warn-10529,2009-07-08 00:00:00,tx,"United Retail Service, LLC - Forney",Forney,1,,
warn-10530,2009-07-08 00:00:00,tx,"United Retail Service, LLC - Flower Mound",Flower Mound,1,,
warn-10531,2009-07-08 00:00:00,tx,Air System Components - El Paso,El Paso,1,,
warn-10483,2009-07-06 00:00:00,tx,Target - Garland,Garland,115,,
warn-10539,2009-07-06 00:00:00,tx,"STMicroelectronics, Inc.",Coppell,6,,
warn-10452,2009-07-02 00:00:00,tx,Lyondell Chemical Company,Beaumont,1,,
warn-3119,2009-07-01 00:00:00,il,,Rockford,135,Plant Closure,
warn-10449,2009-07-01 00:00:00,tx,Equistar Chemicals - La Porte,La Porte,35,,
warn-10450,2009-07-01 00:00:00,tx,Equistar Chemicals - La Porte,La Porte,15,,
warn-10454,2009-07-01 00:00:00,tx,Basell USA Inc. - Pasadena,Pasadena,2,,
warn-13841,2009-07-01,wa,Johnson Outdoors Watercraft Inc.,Ferndale,90,,
warn-10441,2009-06-30 00:00:00,tx,"CB&I, Inc. - Tyler2",Tyler,120,,
warn-10443,2009-06-30 00:00:00,tx,"Equistar Chemicals, LP - Channelview - Victoria",Victoria,12,,
warn-3150,2009-06-29 00:00:00,il,,South Beloit,192,Mass Layoff,
warn-10445,2009-06-29 00:00:00,tx,Wyle Information Systems,Austin,0,,
warn-10451,2009-06-29 00:00:00,tx,Basell USA Inc. - Pasadena,Pasadena,15,,
warn-10436,2009-06-26 00:00:00,tx,Suntron Corporation,Sugar Land,22,,
warn-10437,2009-06-26 00:00:00,tx,"Equistar Chemicals, LP - Channelview",Channelview,26,,
warn-10438,2009-06-26 00:00:00,tx,"Equistar Chemicals, LP - Channelview2",Channelview,60,,
warn-10439,2009-06-26 00:00:00,tx,Lyondell Chemical Company - Channelview,Channelview,54,,
warn-10440,2009-06-26 00:00:00,tx,Lyondell Chemical Company - Channelview,Channelview,41,,
warn-13842,2009-06-26,wa,"Sun Microsystems, Inc",Bellevue,2,,
warn-10432,2009-06-25 00:00:00,tx,"Sun Microsystems, Inc. - Houston2",Houston,27,,
warn-10434,2009-06-25 00:00:00,tx,"Sun Microsystems, Inc.",Austin,13,,
warn-10435,2009-06-25 00:00:00,tx,"Sun Microsystems, Inc. - Dallas2",Dallas,61,,
warn-10430,2009-06-23 00:00:00,tx,"CB&I, Inc.",Tyler,20,,
warn-10433,2009-06-22 00:00:00,tx,EQUISTAR - Pasadena,Pasadena,4,,
warn-10416,2009-06-19 00:00:00,tx,General Electric - Bedford,Bedford,93,,
warn-13843,2009-06-19,wa,Boeing,Puget Sound,157,,
warn-10425,2009-06-18 00:00:00,tx,EQUISTAR - Pasadena,Pasadena,7,,
warn-10429,2009-06-18 00:00:00,tx,EQUISTAR- Pasadena 2,Pasadena,1,,
warn-10431,2009-06-18 00:00:00,tx,Lyondell Chemical Company - Pasadena,Pasadena,22,,
warn-10419,2009-06-17 00:00:00,tx,West Corporation - Bryan,Bryan,20,,
warn-10421,2009-06-17 00:00:00,tx,Basell- Houston,Houston,1,,
warn-10422,2009-06-17 00:00:00,tx,EQUISTAR- Houston,Houston,4,,
warn-10423,2009-06-17 00:00:00,tx,Basell- Houston,Houston,1,,
warn-10424,2009-06-17 00:00:00,tx,Lyondell Chemical Company - Houston,Houston,78,,
warn-10426,2009-06-17 00:00:00,tx,EQUISTAR- Houston,Houston,1,,
warn-10427,2009-06-17 00:00:00,tx,Lyondell Chemical Company - Houston,Houston,37,,
warn-10428,2009-06-17 00:00:00,tx,Houston Refining LP - One Houston Center,Houston,50,,
warn-10442,2009-06-17 00:00:00,tx,Lyondell Chemical Company - Victoria,Victoria,3,,
warn-10444,2009-06-17 00:00:00,tx,"Equistar Chemicals, LP - Channelview - Victoria2",Victoria,5,,
warn-10446,2009-06-17 00:00:00,tx,"Equistar Chemicals, LP - Channelview - Bay City",Bay City,8,,
warn-10447,2009-06-17 00:00:00,tx,Lyondell Chemical Company - Bay City,Bay City,3,,
warn-10448,2009-06-17 00:00:00,tx,"Equistar Chemicals, LP - Channelview - Bay City",Bay City,18,,
warn-10414,2009-06-16 00:00:00,tx,Premium Standard Farms - Dalhart 1,Dalhart,70,,
warn-10415,2009-06-16 00:00:00,tx,Premium Standard Farms - Dalhart 2,Dalhart,70,,
warn-10417,2009-06-16 00:00:00,tx,General Electric - Bedford,Bedford,34,,
warn-10418,2009-06-16 00:00:00,tx,General Electric - Bedford,Bedford,56,,
warn-10420,2009-06-16 00:00:00,tx,Durham School Services - Bastrop,Bastrop,133,,
warn-13844,2009-06-12,wa,Saint-Gobain Crystals,Washougal,58,,
warn-3140,2009-06-11 00:00:00,il,Caterpillar,Mapleton,700,Layoff,
warn-10413,2009-06-11 00:00:00,tx,"STMicroelectronics, Inc.",Coppell,14,,
warn-10412,2009-06-09 00:00:00,tx,"Penske Logistics, LLC - Los Indios 2",Los Indios,0,,
warn-13845,2009-06-08,wa,"Merck & Co., Inc.",Seattle,40,,
warn-3000,2009-06-05 00:00:00,il,,Granite City,2150,Plant Closure,
warn-10411,2009-06-05 00:00:00,tx,"LyondellBasell Advanced Polyolefins USA, Inc.",Mansfield,69,,
warn-13846,2009-06-04,wa,KeyCorp,Tacoma,240,,
warn-10409,2009-06-03 00:00:00,tx,"Philips Products, Inc.",Clarksville,74,,
warn-10408,2009-06-01 00:00:00,tx,Capital Guardian Trust Company,San Antonio,94,,
warn-13847,2009-06-01,wa,Shaw Industries,Algona,62,,
warn-3127,2009-05-29 00:00:00,il,"Honeywell, Inc.",Freeport,1000,Layoff,
warn-10410,2009-05-29 00:00:00,tx,Avail Medical Products,Dallas,7,,
warn-13848,2009-05-28,wa,Ruan Transportation,Seattle,81,,
warn-2237,2009-05-22 00:00:00,il,FLEXTRONICS,ELK GROVE VILLAGE,234,Plant Closure,
warn-3065,2009-05-22 00:00:00,il,,Vernon Hills,245,Plant Closure,
warn-10406,2009-05-22 00:00:00,tx,Centralized Transaction Opers.2 (JP Morgan Chase),Houston,11,,
warn-10407,2009-05-22 00:00:00,tx,Centralized Transaction Opers. (JP Morgan Chase),Irving,4,,
warn-13849,2009-05-22,wa,Weyerhaeuser Forest Operation,Cosmopolis,53,,
warn-13850,2009-05-22,wa,Boeing,Puget Sound,117,,
warn-10405,2009-05-21 00:00:00,tx,Durham School Services - Terrell,Terrell,53,,
warn-10404,2009-05-20 00:00:00,tx,"STMicroelectronics, Inc.",Coppell,10,,
warn-3107,2009-05-19 00:00:00,il,,Kewanee,133,Plant Closure,
warn-10397,2009-05-19 00:00:00,tx,Tabs Direct Inc.,Stafford,118,,
warn-10403,2009-05-19 00:00:00,tx,"Blue Sky Oilfield Services, LLC",Granbury,145,,
warn-2773,2009-05-18 00:00:00,il,Vesuvius U. S. A.,Fisher,97,Plant Closure,
warn-3009,2009-05-18 00:00:00,il,SKF Sealing Solutions,Elgin,238,Plant Closure,
warn-3058,2009-05-18 00:00:00,il,Vesuvius U. S. A.,Charleston,159,Layoff,
warn-10401,2009-05-18 00:00:00,tx,"Fortis Plastics, LLC - Brownsville",Brownsville,98,,
warn-13851,2009-05-18,wa,Johnson Controls Inc,Bellevue,45,,
warn-10399,2009-05-15 00:00:00,tx,Houston Refining LP,Houston,50,,
warn-13852,2009-05-15,wa,CDG Management,Olympia,41,,
warn-10394,2009-05-14 00:00:00,tx,"FirstGroup America, Inc.",Dallas,93,,
warn-10395,2009-05-14 00:00:00,tx,"Greyhound Lines, Inc.",Dallas,187,,
warn-10396,2009-05-14 00:00:00,tx,Gulfstream/General Dynamics - Dallas,Dallas,8,,
warn-10398,2009-05-14 00:00:00,tx,kgb Operator Services Co.,Lubbock,25,,
warn-13853,2009-05-14,wa,Amgen,Bothell,101,,
warn-10393,2009-05-11 00:00:00,tx,Gulfstream/General Dynamics,Dallas,211,,
warn-10400,2009-05-11 00:00:00,tx,"STMicroelectronics, Inc.",Coppell,9,,
warn-10390,2009-05-08 00:00:00,tx,"UTLX Manufacturing, Inc.",Houston,142,,
warn-10392,2009-05-08 00:00:00,tx,Richmond Foundry Company,Richmond,160,,
warn-10389,2009-05-05 00:00:00,tx,Alcoa - Nash2,Nash,250,,
warn-13854,2009-05-05,wa,Microsoft,Redmond,1200,,
warn-10388,2009-05-04 00:00:00,tx,"Flint Hills Resources, LP",Odessa,17,,
warn-13855,2009-05-04,wa,Spring Air,Lacey,45,,
warn-13856,2009-05-04,wa,Coast Engine & Equipment,Tacoma,111,,
warn-10387,2009-05-01 00:00:00,tx,Olympus America Inc.,Irving,85,,
warn-13857,2009-04-30,wa,ZymoGenetics,Seattle,170,,
warn-10385,2009-04-29 00:00:00,tx,Texas Petrochemicals - Port Neches,Port Neches,65,,
warn-10386,2009-04-29 00:00:00,tx,Battelle Memorial Institute (CFS),Ft. Worth,30,,
warn-10402,2009-04-29 00:00:00,tx,"The Geo Group, Inc./Ft. Worth Com. Facility",Ft. Worth,0,,
warn-10382,2009-04-27 00:00:00,tx,Carrier Corporation,Tyler,0,,
warn-10384,2009-04-27 00:00:00,tx,"STMicroelectronics, Inc.",Coppell,15,,
warn-10379,2009-04-22 00:00:00,tx,"Freescale Semiconductor, Inc. - Austin2",Austin,98,,
warn-10380,2009-04-22 00:00:00,tx,"Freescale Semiconductor, Inc. - Austin",Austin,73,,
warn-10381,2009-04-22 00:00:00,tx,"Freescale Semiconductor, Inc. - Austin3",Austin,1,,
warn-10383,2009-04-22 00:00:00,tx,The New Release,Houston,25,,
warn-13858,2009-04-21,wa,Boeing,Puget Sound,119,,
warn-10368,2009-04-18 00:00:00,tx,"Jack in the Box, Inc.",Dallas,64,,
warn-13859,2009-04-17,wa,Liberty Mutual Insurance,Bothell,100,,
warn-10359,2009-04-16 00:00:00,tx,Equistar - Beaumont,Beaumont,13,,
warn-10361,2009-04-16 00:00:00,tx,Stream International - Richardson,Richardson,60,,
warn-10362,2009-04-16 00:00:00,tx,Wackenhut Corporation - Parmer North 3,Austin,10,,
warn-10363,2009-04-16 00:00:00,tx,Wackenhut Corporation - Round Rock 3,Round Rock,10,,
warn-10364,2009-04-16 00:00:00,tx,Wackenhut Corporation - Parmer North 2,Austin,10,,
warn-10365,2009-04-16 00:00:00,tx,Wackenhut Corporation - Plaza 35,Austin,10,,
warn-10366,2009-04-16 00:00:00,tx,Wackenhut Corporation - Round Rock Mail Room,Austin,10,,
warn-10367,2009-04-16 00:00:00,tx,Wackenhut Corporation - Parmer North 1,Austin,10,,
warn-10369,2009-04-16 00:00:00,tx,Wackenhut Corporation - Parmer South 1-4,Austin,10,,
warn-10370,2009-04-16 00:00:00,tx,Wackenhut Corporation - Corridor Park 7,Austin,10,,
warn-10371,2009-04-16 00:00:00,tx,Wackenhut Corporation - AUS HVC,Austin,10,,
warn-10373,2009-04-16 00:00:00,tx,Wackenhut Corporation - Round Rock 1,Round Rock,18,,
warn-10374,2009-04-16 00:00:00,tx,Wackenhut Corporation - Corridor Park 9,Austin,10,,
warn-10375,2009-04-16 00:00:00,tx,Wackenhut Corporation - PC1 Data Center,Austin,10,,
warn-10376,2009-04-16 00:00:00,tx,Wackenhut Corporation - Round Rock 2,Round Rock,10,,
warn-10377,2009-04-16 00:00:00,tx,Wackenhut Corporation -Round Rock 7/8,Round Rock,10,,
warn-10378,2009-04-16 00:00:00,tx,Wackenhut Corporation - Round Rock 5,Round Rock,10,,
warn-10358,2009-04-15 00:00:00,tx,"Flint Hills Resources, LP",Odessa,129,,
warn-10360,2009-04-14 00:00:00,tx,Whataburger,Corpus Christi,52,,
warn-10372,2009-04-14 00:00:00,tx,"STMicroelectronics, Inc.",Coppell,98,,
warn-10391,2009-04-11 00:00:00,tx,"Southwest Steel Casting Company, Inc.",Longview,35,,
warn-13860,2009-04-08,wa,Hampton Affiliates,Morton,124,,
warn-13861,2009-04-08,wa,Hampton Affiliates,Darrington,118,,
warn-13862,2009-04-07,wa,JP Morgan Chase,Tukwila,45,,
warn-10356,2009-04-06 00:00:00,tx,Air System Components - El Paso,El Paso,2,,
warn-13863,2009-04-03,wa,Guy Bennett Lumber,Clarkston,74,,
warn-10352,2009-04-02 00:00:00,tx,Taylor Publishing - El Paso,El Paso,94,,
warn-10353,2009-04-01 00:00:00,tx,Selkirk/Airmate,Winters,142,,
warn-10357,2009-04-01 00:00:00,tx,Riviana Foods Inc.,Houston,188,,
warn-13864,2009-04-01,wa,Microsoft,Seattle,2,,
warn-10345,2009-03-31 00:00:00,tx,United Hrdirect - UnitedHealth Group - Plano,Plano,184,,
warn-10348,2009-03-31 00:00:00,tx,United HRdirect - UnitedHealth Group - Houston,Houston,74,,
warn-10349,2009-03-31 00:00:00,tx,UST - USSTB,Flower Mound,72,,
warn-10354,2009-03-31 00:00:00,tx,Owens-Corning - Amarillo,Amarillo,39,,
warn-13865,2009-03-31,wa,"Sun Microsystems, Inc",Bellevue,24,,
warn-13866,2009-03-31,wa,Exide Technologies,Sumner,43,,
warn-10343,2009-03-30 00:00:00,tx,"Sun Microsystems, Inc. - Houston2",Houston,27,,
warn-10344,2009-03-30 00:00:00,tx,"Sun Microsystems, Inc.",Austin,26,,
warn-10346,2009-03-30 00:00:00,tx,"Sun Microsystems, Inc. - Dallas2",Dallas,67,,
warn-10347,2009-03-30 00:00:00,tx,"Sun Microsystems, Inc. - San Antonio2",San Antonio,4,,
warn-10355,2009-03-30 00:00:00,tx,"STMicroelectronics, Inc.",Coppell,148,,
warn-10339,2009-03-27 00:00:00,tx,Saint Gobain Containers Inc.,Waxahachie,131,,
warn-10351,2009-03-27 00:00:00,tx,"Minyard Food Stores, Inc. #129",Plano,71,,
warn-10322,2009-03-26 00:00:00,tx,"Trinity Tank Car, Inc. - Longview",Longview,81,,
warn-10323,2009-03-26 00:00:00,tx,Schlumberger Oilfield Services - Midland,Midland,55,,
warn-10324,2009-03-26 00:00:00,tx,"Trinity Tank Car, Inc - Longview",Longview,72,,
warn-10326,2009-03-26 00:00:00,tx,Equistar - Beaumont,Beaumont,4,,
warn-10320,2009-03-24 00:00:00,tx,TOUSA - Newmark Homes - Houston,Houston,156,,
warn-10321,2009-03-24 00:00:00,tx,TOUSA - Newmark Homes - Austin,Austin,63,,
warn-10325,2009-03-24 00:00:00,tx,Sandvik Mining and Construction,Mansfield,90,,
warn-10331,2009-03-24 00:00:00,tx,Regal Beloit - Marathon Electric,Brownsville,78,,
warn-10340,2009-03-23 00:00:00,tx,Heil Trailer International,Rhome,20,,
warn-10319,2009-03-20 00:00:00,tx,IndyMac Federal Bank,Austin,50,,
warn-13867,2009-03-20,wa,Commercial Vehicle Group,Vancouver,70,,
warn-13868,2009-03-20,wa,Boeing,Puget Sound,710,,
warn-10350,2009-03-19 00:00:00,tx,Smurfit-Stone2 Container Corporation,El Paso,94,,
warn-10317,2009-03-17 00:00:00,tx,Accredited Home Lenders - Irving,Irving,3,,
warn-10318,2009-03-17 00:00:00,tx,Accredited Home Lender - Irving2,Irving,11,,
warn-10312,2009-03-16 00:00:00,tx,"STMicroelectronics, Inc.",Coppell,149,,
warn-10302,2009-03-12 00:00:00,tx,"Zachry Industrial, Inc.",Alvin,41,,
warn-10305,2009-03-12 00:00:00,tx,"Applied Materials, Inc. - Dallas",Dallas,1,,
warn-10306,2009-03-12 00:00:00,tx,Applied Materials-Addeco-SVO,Austin,1,,
warn-10307,2009-03-12 00:00:00,tx,"Applied Materials, Inc. - Austin12",Austin,20,,
warn-10308,2009-03-12 00:00:00,tx,"Applied Materials, Inc. - Austin11",Austin,13,,
warn-10309,2009-03-12 00:00:00,tx,"Applied Materials, Inc. - Austin4",Austin,20,,
warn-10310,2009-03-12 00:00:00,tx,"Applied Materials, Inc. - Richardson2",Richardson,6,,
warn-10297,2009-03-11 00:00:00,tx,"Sportsman's Warehouse, Inc.",Round Rock,45,,
warn-10298,2009-03-11 00:00:00,tx,"Sportsman's Warehouse, Inc. - San Antonio",San Antonio,47,,
warn-10311,2009-03-11 00:00:00,tx,National Semiconductor Corporation,Arlington,305,,
warn-10327,2009-03-11 00:00:00,tx,99 Cents Only Stores - Plano,Plano,26,,
warn-10328,2009-03-11 00:00:00,tx,99 Cents Only Stores - Lewisville,Lewisville,26,,
warn-10329,2009-03-11 00:00:00,tx,99 Cents Only Stores - Houston - 5,Houston,26,,
warn-10330,2009-03-11 00:00:00,tx,99 Cents Only Stores - College Station,College Station,26,,
warn-10332,2009-03-11 00:00:00,tx,99 Cents Only Stores - Pasadena,Pasadena,26,,
warn-10333,2009-03-11 00:00:00,tx,99 Cents Only Stores - Houston - 2,Houston,26,,
warn-10334,2009-03-11 00:00:00,tx,99 Cents Only Stores - Fort Worth,Ft. Worth,14,,
warn-10335,2009-03-11 00:00:00,tx,99 Cents Only Stores - Houston - 4,Houston,26,,
warn-10336,2009-03-11 00:00:00,tx,99 Cents Only Stores - Euless,Euless,8,,
warn-10337,2009-03-11 00:00:00,tx,99 Cents Only Stores - Houston - 1,Houston,26,,
warn-10338,2009-03-11 00:00:00,tx,99 Cents Only Stores - Houston - 3,Houston,26,,
warn-10341,2009-03-11 00:00:00,tx,99 Cents Only Stores - Porter,Porter,26,,
warn-10342,2009-03-11 00:00:00,tx,99 Cents Only Stores - San Antonio,San Antonio,26,,
warn-10295,2009-03-10 00:00:00,tx,ATCO Structures,Diboll,17,,
warn-10303,2009-03-09 00:00:00,tx,The Brock Group,Wadsworth,113,,
warn-10291,2009-03-06 00:00:00,tx,"Trussway, Ltd.",Ft. Worth,131,,
warn-10299,2009-03-06 00:00:00,tx,Stanford Financial Group - Houston,Houston,297,,
warn-10300,2009-03-06 00:00:00,tx,Stanford Financial Group - Austin,Austin,16,,
warn-10301,2009-03-06 00:00:00,tx,Stanford Financial Group - Dallas,Dallas,28,,
warn-10313,2009-03-06 00:00:00,tx,KV Pharmaceutical - Woodlands,The Woodlands,7,,
warn-10314,2009-03-06 00:00:00,tx,KV Pharmaceutical - Ovilla,Ovilla,8,,
warn-10315,2009-03-06 00:00:00,tx,KV Pharmaceutical - Frisco,Frisco,8,,
warn-10316,2009-03-06 00:00:00,tx,KV Pharmaceutical - Coppell,Coppell,5,,
warn-10296,2009-03-05 00:00:00,tx,"Flint Hills Resources, LP",Odessa,46,,
warn-13869,2009-03-05,wa,Weyerhaeuser Sawmill,Toutle,1,,
warn-13870,2009-03-04,wa,Weyerhaeuser Lumbermill,Raymond,50,,
warn-10289,2009-03-03 00:00:00,tx,Owens-Corning - Amarillo,Amarillo,284,,
warn-10282,2009-03-02 00:00:00,tx,"Watson & Chalin Manufacturing, Inc. - McKinney",McKinney,15,,
warn-10287,2009-03-02 00:00:00,tx,"Watson & Chalin Manufacturing, Inc. - McKinney2",McKinney,27,,
warn-10292,2009-03-02 00:00:00,tx,East Texas Precast Company,Hempstead,70,,
warn-10284,2009-02-27 00:00:00,tx,"Freescale Semiconductor, Inc. - Austin",Austin,54,,
warn-10285,2009-02-27 00:00:00,tx,"Freescale Semiconductor, Inc. - Austin3",Austin,75,,
warn-10286,2009-02-27 00:00:00,tx,"Freescale Semiconductor, Inc. - Austin2",Austin,100,,
warn-10290,2009-02-27 00:00:00,tx,Air System Components - El Paso,El Paso,1,,
warn-10294,2009-02-27 00:00:00,tx,"Republic Services, Inc.",Houston,156,,
warn-10288,2009-02-26 00:00:00,tx,"BAE Systems Controls, Inc.",Irving,450,,
warn-13871,2009-02-25,wa,General Dynamics,Spokane Valley,353,,
warn-13872,2009-02-25,wa,Boeing,Puget Sound,781,,
warn-10293,2009-02-24 00:00:00,tx,"Anderson Services, LLC",Dallas,218,,
warn-10280,2009-02-23 00:00:00,tx,Spansion LLC,Austin,165,,
warn-10281,2009-02-23 00:00:00,tx,"Alcoa, Inc.",Rockdale,11,,
warn-10304,2009-02-23 00:00:00,tx,"Linebarger Goggan Blair & Sampson, LLP",Austin,57,,
warn-10277,2009-02-20 00:00:00,tx,Capgemini Energy - Irving,Irving,1,,
warn-2941,2009-02-19 00:00:00,il,ITW,Mokena,125,Mass Layoff,
warn-10273,2009-02-17 00:00:00,tx,Intrex Global Solutions Corporation,Eagle Pass,78,,
warn-10275,2009-02-17 00:00:00,tx,Carrier Corporation - Carrollton,Carrollton,98,,
warn-10276,2009-02-17 00:00:00,tx,Wadley Regional Medical Center,Texarkana,14,,
warn-10278,2009-02-17 00:00:00,tx,"Equistar Chemicals, LP",Alvin,229,,
warn-10279,2009-02-17 00:00:00,tx,Lyondell Chemical Company - Alvin,Alvin,5,,
warn-10272,2009-02-13 00:00:00,tx,Air System Components - El Paso,El Paso,58,,
warn-10270,2009-02-12 00:00:00,tx,Sprint Nextel - Grand Prairie,Grand Prairie,270,,
warn-10271,2009-02-12 00:00:00,tx,Carrier Corporation,Tyler,8,,
warn-13873,2009-02-12,wa,Best Buy,Kent,82,,
warn-13874,2009-02-12,wa,Results Bellingham,Bellingham,150,,
warn-10269,2009-02-11 00:00:00,tx,Conifer Revenue Cycle Solutions-,Frisco,57,,
warn-10267,2009-02-10 00:00:00,tx,Capgemini Energy - Irving,Irving,56,,
warn-10274,2009-02-10 00:00:00,tx,Capgemini Energy - Irving2,Irving,118,,
warn-10262,2009-02-09 00:00:00,tx,JSJ Furniture Corporation,Belton,85,,
warn-10265,2009-02-09 00:00:00,tx,General Dynamics - Aransas Pass,Aransas Pass,75,,
warn-10266,2009-02-09 00:00:00,tx,Nuvell Financial Services LLC,Bedford,2,,
warn-13875,2009-02-05,wa,TTM Technologies,Redmond,369,,
warn-13876,2009-02-05,wa,Boeing,Puget Sound,668,,
warn-10263,2009-02-04 00:00:00,tx,Equistar - Beaumont,Beaumont,75,,
warn-10264,2009-02-04 00:00:00,tx,Lyondell Chemical Company,Beaumont,1,,
warn-10283,2009-02-03 00:00:00,tx,JPMorgan Chase - Chase Home Lending,Ft. Worth,75,,
warn-10258,2009-02-02 00:00:00,tx,"kgb, Inc.",Leon Valley,440,,
warn-10260,2009-02-02 00:00:00,tx,National Envelope Corporation - Houston,Houston,120,,
warn-10261,2009-02-02 00:00:00,tx,"Alcoa, Inc.",Rockdale,11,,
warn-10268,2009-02-02 00:00:00,tx,"STMicroelectronics, Inc.",Coppell,92,,
warn-10257,2009-01-31 00:00:00,tx,Luminant Mining Services Company,Mt Pleasant,87,,
warn-10255,2009-01-30 00:00:00,tx,Home Depot - Irving,Irving,68,,
warn-10256,2009-01-30 00:00:00,tx,Air System Components - El Paso,El Paso,54,,
warn-13877,2009-01-30,wa,SolarWorld Industries,Vancouver,63,,
warn-10247,2009-01-29 00:00:00,tx,Shriners Hospital for Children,Galveston,322,,
warn-10253,2009-01-29 00:00:00,tx,Ford Motor Credit Company,Irving,227,,
warn-10259,2009-01-29 00:00:00,tx,"American Civil Constructors, Inc.",Irving,99,,
warn-10252,2009-01-28 00:00:00,tx,Air System Components - El Paso,El Paso,4,,
warn-10254,2009-01-28 00:00:00,tx,Kantar Operations,Corpus Christi,87,,
warn-13878,2009-01-28,wa,Allied Waste,Seattle,203,,
warn-10250,2009-01-27 00:00:00,tx,"Michaels Stores, Inc.",Irving,233,,
warn-13879,2009-01-27,wa,Weyerhaeuser Sawmill,Aberdeen,128,,
warn-13880,2009-01-27,wa,Pacific Veneer Weyerhaeuser,Aberdeen,93,,
warn-10244,2009-01-26 00:00:00,tx,Texas Instruments - Dallas5,Dallas,190,,
warn-10245,2009-01-26 00:00:00,tx,Texas Instruments - Dallas,Dallas,191,,
warn-10248,2009-01-26 00:00:00,tx,Texas Instruments - Dallas3,Dallas,382,,
warn-10249,2009-01-26 00:00:00,tx,Texas Instruments - Dallas4,Dallas,190,,
warn-10246,2009-01-23 00:00:00,tx,"Exel, Inc. - Ft. Worth",Ft. Worth,86,,
warn-13881,2009-01-23,wa,"Sun Microsystems, Inc",Bellevue,4,,
warn-13882,2009-01-23,wa,Microsoft,Redmond,872,,
warn-2750,2009-01-22 00:00:00,il,,Paris,217,Mass Layoff,
warn-10239,2009-01-21 00:00:00,tx,Virbac Corporation,Ft. Worth,44,,
warn-10240,2009-01-21 00:00:00,tx,"Sun Microsystems, Inc. - Houston2",Houston,4,,
warn-10241,2009-01-21 00:00:00,tx,"Sun Microsystems, Inc.",Austin,19,,
warn-10242,2009-01-21 00:00:00,tx,"Sun Microsystems, Inc. - Dallas2",Dallas,17,,
warn-10251,2009-01-21 00:00:00,tx,"Concord Processing, LP",Amarillo,4,,
warn-13883,2009-01-21,wa,Seattle Post-Intelligencer,Seattle,181,,
warn-13884,2009-01-21,wa,Qwest,Seattle,235,,
warn-10243,2009-01-20 00:00:00,tx,"Flint Hills Resources, LP",Odessa,112,,
warn-13885,2009-01-20,wa,Philips Electronics,Auburn,96,,
warn-10228,2009-01-19 00:00:00,tx,Cargill Meat Solutions Corporation - Meridian,Meridian,0,,
warn-10230,2009-01-19 00:00:00,tx,Cargill Meat Solutions Corporation - Clifton,Clifton,1,,
warn-10232,2009-01-19 00:00:00,tx,Cargill Meat Solutions Corporation - Jonesboro,Jonesboro,2,,
warn-10233,2009-01-19 00:00:00,tx,Cargill Meat Solutions Corporation - Cranfills Gap,Cranfills Gap,0,,
warn-10234,2009-01-19 00:00:00,tx,Cargill Meat Solutions Corporation - Clifton2,Clifton,3,,
warn-10235,2009-01-19 00:00:00,tx,Cargill Meat Solutions Corporation - Iredell,Iredell,5,,
warn-10236,2009-01-19 00:00:00,tx,Cargill Meat Solutions Corporation - Hico,Hico,3,,
warn-10213,2009-01-16 00:00:00,tx,"Freescale Semiconductor, Inc. - Austin2",Austin,60,,
warn-10224,2009-01-16 00:00:00,tx,"Freescale Semiconductor, Inc. - Austin",Austin,30,,
warn-10229,2009-01-16 00:00:00,tx,Circuit City - Dallas2,Dallas,100,,
warn-10231,2009-01-16 00:00:00,tx,Circuit City - Willowbrook SS,Houston,73,,
warn-10238,2009-01-16 00:00:00,tx,Acuity Brands Lighting (ABL),Austin,112,,
warn-10225,2009-01-15 00:00:00,tx,"Maxim Integrated Products, Inc.",Dallas,172,,
warn-10226,2009-01-15 00:00:00,tx,Mrs. Baird's Bakery,Waco,90,,
warn-10227,2009-01-15 00:00:00,tx,"Penske Logistics, LLC",Ft. Worth,106,,
warn-10220,2009-01-14 00:00:00,tx,"S & B Engineers and Constructors, Ltd.",Corpus Christi,25,,
warn-10237,2009-01-13 00:00:00,tx,"Avnet, Inc. (Logistics)",Grapevine,366,,
warn-10217,2009-01-12 00:00:00,tx,Plains Cotton Coop. Assoc./American Cot. Growers,Littlefield,159,,
warn-10219,2009-01-12 00:00:00,tx,Bank of America - Dallas6,Dallas,85,,
warn-10218,2009-01-09 00:00:00,tx,Air System Components - El Paso,El Paso,54,,
warn-10216,2009-01-08 00:00:00,tx,Kmart #4972,Lubbock,24,,
warn-10221,2009-01-08 00:00:00,tx,Mundy Support Service LLC,Iowa Park,56,,
warn-10223,2009-01-08 00:00:00,tx,Electronic Data Systems Corporation - Houston,Houston,29,,
warn-10222,2009-01-06 00:00:00,tx,Nuvell Financial Services LLC,Bedford,61,,
warn-13886,2009-01-06,wa,Teck,Metaline Falls,165,,
warn-10214,2009-01-05 00:00:00,tx,Nabors Well Services,Denver City,74,,
warn-10215,2009-01-05 00:00:00,tx,"STMicroelectronics, Inc.",Coppell,106,,
warn-10211,2008-12-31 00:00:00,tx,Yellow Transportation2,Garland,89,,
warn-10212,2008-12-31 00:00:00,tx,Roadway Express - Ft. Worth,Ft. Worth,83,,
warn-13887,2008-12-30,wa,Agilent Technologies,Liberty Lake,120,,
warn-13888,2008-12-26,wa,ABX Air,Chehalis,4,,
warn-13889,2008-12-23,wa,North Sky Communications,Woodinville,57,,
warn-10208,2008-12-19 00:00:00,tx,Target Stores - Houston7,Houston,115,,
warn-10210,2008-12-19 00:00:00,tx,Air System Components - El Paso,El Paso,1,,
warn-2990,2008-12-18 00:00:00,il,(Danaher Motion),Rockford,180,Plant Closure,
warn-10205,2008-12-16 00:00:00,tx,Air System Components - El Paso,El Paso,29,,
warn-10204,2008-12-15 00:00:00,tx,"Alcoa, Inc.",Rockdale,41,,
warn-10207,2008-12-15 00:00:00,tx,Ivy Steel & Wire,Houston,116,,
warn-10209,2008-12-15 00:00:00,tx,AT&T - Richardson,Richardson,78,,
warn-2948,2008-12-12 00:00:00,il,Medallion Cabinetry,Broadview,254,Plant Closure,
warn-10202,2008-12-12 00:00:00,tx,"Troxel Manufacturing, L.P.",Tyler,43,,
warn-10206,2008-12-12 00:00:00,tx,"Citigroup, Inc.",San Antonio,55,,
warn-10192,2008-12-11 00:00:00,tx,Bill Clayton Detention Center,Littlefield,76,,
warn-10198,2008-12-11 00:00:00,tx,DHL Express - Ft. Worth,Ft. Worth,72,,
warn-10183,2008-12-10 00:00:00,tx,"JMK Services, Inc.5 (DHL Express)",San Antonio,12,,
warn-10184,2008-12-10 00:00:00,tx,"JMK Services, Inc.8 (DHL Express)",McKinney,3,,
warn-10185,2008-12-10 00:00:00,tx,"JMK Services, Inc.6 (DHL Express)",Harlingen,24,,
warn-10186,2008-12-10 00:00:00,tx,"JMK Services, Inc. (DHL Express)",Coppell,28,,
warn-10187,2008-12-10 00:00:00,tx,"JMK Services, Inc.4 (DHL Express)",Dallas,0,,
warn-10188,2008-12-10 00:00:00,tx,"JMK Services, Inc.3 (DHL Express)",Laredo,16,,
warn-10189,2008-12-10 00:00:00,tx,"JMK Services, Inc.7 (DHL Express)",Midland,10,,
warn-10190,2008-12-10 00:00:00,tx,"JMK Services, Inc.2 (DHL Express)",Ft. Worth,19,,
warn-10182,2008-12-09 00:00:00,tx,"Constar, Inc. - Dallas2",Dallas,4,,
warn-10193,2008-12-09 00:00:00,tx,Target - San Marcos,San Marcos,109,,
warn-10199,2008-12-09 00:00:00,tx,"Convergys, Inc. - Houston",Houston,653,,
warn-10200,2008-12-09 00:00:00,tx,Citation Innovative Metal Components,Lufkin,336,,
warn-10201,2008-12-09 00:00:00,tx,"Flint Hills Resources, LP",Odessa,57,,
warn-10203,2008-12-09 00:00:00,tx,"United Parcel Service, Inc. (UPS)",Ft. Worth,0,,
warn-10180,2008-12-08 00:00:00,tx,"Vertis, Inc. - San Antonio",San Antonio,91,,
warn-10178,2008-12-03 00:00:00,tx,"DHL Express (USA), Inc.",Houston,434,,
warn-13890,2008-12-03,wa,Hunter Douglas,Renton,166,,
warn-2930,2008-12-02 00:00:00,il,12350 S Avenue O,Chicago,67,Plant Closure,
warn-2937,2008-12-02 00:00:00,il,Brose Technik for Automobile,Chicago,150,Layoff,
warn-2975,2008-12-02 00:00:00,il,,Chicago,100,Plant Closure,
warn-10176,2008-12-02 00:00:00,tx,"Avis Budget Car Rental, LLC",Wichita Falls,154,,
warn-10191,2008-12-02 00:00:00,tx,DHL Express - Farmers Branch,Farmers Branch,5,,
warn-10194,2008-12-02 00:00:00,tx,DHL Express - Plano,Plano,34,,
warn-10195,2008-12-02 00:00:00,tx,DHL Express - Dallas,Dallas,48,,
warn-10196,2008-12-02 00:00:00,tx,DHL Express - Ft. Worth2,Ft. Worth,33,,
warn-10197,2008-12-02 00:00:00,tx,DHL Express - Coppell,Coppell,43,,
warn-10175,2008-11-26 00:00:00,tx,"M & M Aerospace Hardware, Inc.",Roanoke,175,,
warn-10171,2008-11-25 00:00:00,tx,University of Texas Medical Branch (UTMB),Galveston,22,,
warn-10174,2008-11-25 00:00:00,tx,Missions Foods - Ft. Worth,Ft. Worth,207,,
warn-10177,2008-11-25 00:00:00,tx,Missions Foods - El Paso,El Paso,129,,
warn-10164,2008-11-24 00:00:00,tx,"Aquatic Industries, Inc.",Leander,101,,
warn-10165,2008-11-24 00:00:00,tx,University of Texas Medical Branch (UTMB),Galveston,184,,
warn-10166,2008-11-24 00:00:00,tx,Norbord Inc.,Jefferson,87,,
warn-10169,2008-11-24 00:00:00,tx,Rodgers-Wade Manufacturing Company,Paris,89,,
warn-13891,2008-11-24,wa,CDG Management,Tacoma,34,,
warn-13892,2008-11-24,wa,CDG Management,Olympia,18,,
warn-10170,2008-11-22 00:00:00,tx,University of Texas Medical Branch (UTMB),Galveston,113,,
warn-10163,2008-11-21 00:00:00,tx,Temple Inland - Diboll2,Diboll,70,,
warn-10167,2008-11-21 00:00:00,tx,University of Texas Medical Branch (UTMB),Galveston,1,,
warn-10168,2008-11-21 00:00:00,tx,"Siemens Energy & Automation, Inc.",El Paso,154,,
warn-10172,2008-11-21 00:00:00,tx,"Alcoa, Inc.",Rockdale,7,,
warn-10161,2008-11-20 00:00:00,tx,University of Texas Medical Branch (UTMB),Galveston,1512,,
warn-10159,2008-11-19 00:00:00,tx,University of Texas Medical Branch (UTMB),Galveston,411,,
warn-13893,2008-11-19,wa,DHL Express,Seattle,68,,
warn-13894,2008-11-19,wa,American Airlines,Seattle,1,,
warn-13895,2008-11-19,wa,DHL Express,"Kent, Bothell, Bellevue, Fife",187,,
warn-10158,2008-11-18 00:00:00,tx,University of Texas Medical Branch (UTMB),Galveston,314,,
warn-10160,2008-11-17 00:00:00,tx,"Alcoa, Inc.",Rockdale,60,,
warn-10162,2008-11-17 00:00:00,tx,Carlson Wagonlit Travel - Houston,Houston,88,,
warn-10154,2008-11-14 00:00:00,tx,"ABX Air, Inc.",Waco,183,,
warn-10157,2008-11-14 00:00:00,tx,"Flint Hills Resources, LP",Odessa,4,,
warn-13896,2008-11-14,wa,ABX Air,Chehalis,52,,
warn-13897,2008-11-14,wa,Kenworth Trucking,Renton,430,,
warn-10151,2008-11-13 00:00:00,tx,Coca Cola Enterprise - Sulphur Springs,Sulphur Springs,59,,
warn-10152,2008-11-13 00:00:00,tx,"Arbitron, Inc.",Houston,269,,
warn-10153,2008-11-13 00:00:00,tx,"Trinity Tank Car, Inc. - Denton",Denton,71,,
warn-10155,2008-11-13 00:00:00,tx,Corrections Corporation of America - Overton,Overton,108,,
warn-10156,2008-11-13 00:00:00,tx,Corrections Corporation of America,Diboll,109,,
warn-10150,2008-11-12 00:00:00,tx,Wells Fargo - Dallas,Danciger,67,,
warn-13898,2008-11-12,wa,Washington Mutual,Seattle,3400,,
warn-10145,2008-11-07 00:00:00,tx,"Freescale Semiconductor, Inc. - Austin",Austin,57,,
warn-10147,2008-11-07 00:00:00,tx,"Greyhound Lines, Inc.",Dallas,83,,
warn-10148,2008-11-07 00:00:00,tx,"Freescale Semiconductor, Inc. - Austin2",Austin,81,,
warn-10149,2008-11-07 00:00:00,tx,Target - Mesquite,Mesquite,0,,
warn-10179,2008-11-07 00:00:00,tx,Fairfield (FF) Properties LP,Grand Prairie,36,,
warn-13899,2008-11-07,wa,BAE Systems,Bremerton,31,,
warn-10140,2008-11-06 00:00:00,tx,THQ Inc.,Farmers Branch,57,,
warn-13900,2008-11-06,wa,"Sun Microsystems, Inc",Bellevue,9,,
warn-10138,2008-11-05 00:00:00,tx,"Frito-Lay, Inc. - Mission",Mission,62,,
warn-10139,2008-11-05 00:00:00,tx,Munday Contract Maintenance-Pampa,Pampa,58,,
warn-10141,2008-11-05 00:00:00,tx,"Sun Microsystems, Inc. - Houston2",Houston,6,,
warn-10142,2008-11-05 00:00:00,tx,"Sun Microsystems, Inc.",Austin,3,,
warn-10143,2008-11-05 00:00:00,tx,"Sun Microsystems, Inc. - Dallas2",Dallas,38,,
warn-10144,2008-11-05 00:00:00,tx,"Sun Microsystems, Inc. - San Antonio2",San Antonio,1,,
warn-10146,2008-11-05 00:00:00,tx,"Flint Hills Resources, LP",Odessa,23,,
warn-10173,2008-11-05 00:00:00,tx,"STMicroelectronics, Inc.",Coppell,10,,
warn-13901,2008-11-05,wa,Seattle Times,Seattle,145,,
warn-10135,2008-11-04 00:00:00,tx,Mooney Aircraft Co./Mooney Airplane Co.,Kerrville,229,,
warn-10132,2008-11-03 00:00:00,tx,Celanese - Pampa,Pampa,200,,
warn-10133,2008-11-03 00:00:00,tx,"Fortis Plastics, LLC",Alamo,60,,
warn-10131,2008-10-31 00:00:00,tx,Tyler Pipe - Tyler,Tyler,85,,
warn-10181,2008-10-31 00:00:00,tx,The Geo Group (Sanders Estes Unit),Venus,150,,
warn-13902,2008-10-31,wa,Solid Ground,Seattle,114,,
warn-10134,2008-10-30 00:00:00,tx,Verio Inc. - Dallas2,Dallas,71,,
warn-10136,2008-10-30 00:00:00,tx,GHG Corporation-Houston2,Houston,29,,
warn-10137,2008-10-30 00:00:00,tx,GHG Corporation-Houston,Houston,29,,
warn-2845,2008-10-27 00:00:00,il,Morse Automotive Corporation,Chicago,309,Layoff,
warn-13903,2008-10-27,wa,"IntelliTax Software Solutions, Inc.",Bellevue,150,,
warn-13904,2008-10-23,wa,Morning Sun,Tacoma,162,,
warn-2911,2008-10-22 00:00:00,il,,Meredosia,120,Mass Layoff,
warn-10130,2008-10-20 00:00:00,tx,Tellabs,Dallas,141,,
warn-10126,2008-10-17 00:00:00,tx,"STMicroelectronics, Inc.",Coppell,104,,
warn-10127,2008-10-17 00:00:00,tx,The New Release,Houston,98,,
warn-10125,2008-10-16 00:00:00,tx,Tyler Pipe,Tyler,185,,
warn-10128,2008-10-16 00:00:00,tx,"Copperfield, LLC - El Paso",El Paso,68,,
warn-10129,2008-10-16 00:00:00,tx,"Copperfield, LLC - El Paso2",El Paso,23,,
warn-13905,2008-10-16,wa,Meridian Yacht/US Marine,Arlington,276,,
warn-13906,2008-10-14,wa,Milgard Windows,Marysville,80,,
warn-10122,2008-10-10 00:00:00,tx,Advance Foods,Garland,216,,
warn-10124,2008-10-10 00:00:00,tx,Brennan's of Houston,Houston,105,,
warn-13907,2008-10-10,wa,Meridian Yacht/US Marine,Arlington,445,,
warn-10123,2008-10-09 00:00:00,tx,MHN,Houston,1,,
warn-10120,2008-10-08 00:00:00,tx,Lockheed Martin - Dallas,Dallas,110,,
warn-10121,2008-10-08 00:00:00,tx,Cisco Systems - Richardson,Richardson,129,,
warn-13908,2008-10-08,wa,Stimson Lumber,Colville,109,,
warn-2989,2008-10-02 00:00:00,il,Casey Tool & Machine,Charleston,58,Plant Closure,
warn-10117,2008-10-02 00:00:00,tx,Westgate Houston Preview Gallery,Houston,106,,
warn-10118,2008-10-02 00:00:00,tx,Minyards Warehouse,Coppell,150,,
warn-10119,2008-10-02 00:00:00,tx,"Alcoa, Inc.",Rockdale,480,,
warn-10116,2008-10-01 00:00:00,tx,"Walmart Stores, Inc. - Dallas",Dallas,81,,
warn-13909,2008-09-29,wa,Heller Ehrman,Seattle,139,,
warn-10115,2008-09-26 00:00:00,tx,"Trinity Tank Car, Inc.",Saginaw,207,,
warn-10114,2008-09-25 00:00:00,tx,Home Interiors and Gifts - Carrollton3,Carrollton,128,,
warn-10112,2008-09-24 00:00:00,tx,"Bill Heard Chevrolet, Ltd.",Sugarland,313,,
warn-10113,2008-09-24 00:00:00,tx,"Landmark Chevrolet, Ltd.",Houston,279,,
warn-10111,2008-09-22 00:00:00,tx,"Walmart Stores, Inc.",Houston,87,,
warn-13910,2008-09-18,wa,"Johnson Controls, Inc.",DuPont,13,,
warn-10109,2008-09-16 00:00:00,tx,Teachers Ins. & Annuity Assoc. of America,Lewisville,84,,
warn-10110,2008-09-16 00:00:00,tx,ProBuild,Jarrell,85,,
warn-10107,2008-09-15 00:00:00,tx,Sears Holdings,Dallas,92,,
warn-10108,2008-09-12 00:00:00,tx,Crothall Services Group,Ft. Worth,20,,
warn-10106,2008-09-11 00:00:00,tx,Laredo National Bank,Laredo,170,,
warn-10105,2008-09-10 00:00:00,tx,Teleperformance USA - Brownsville,Brownsville,25,,
warn-13911,2008-09-08,wa,Vivendi Games,Issaquah,1,,
warn-10104,2008-09-05 00:00:00,tx,Healthsouth Speciality Hospital of Dallas,Dallas,176,,
warn-10103,2008-09-04 00:00:00,tx,"Homecomings Financial, LLC",Dallas,87,,
warn-10102,2008-09-03 00:00:00,tx,Comdata Corporation - El Paso,El Paso,59,,
warn-10101,2008-08-29 00:00:00,tx,"Saint-Gobain Corp. (Certainteed, Inc.2)",Waco,25,,
warn-10100,2008-08-26 00:00:00,tx,Cypress Semiconductor,Round Rock,211,,
warn-10097,2008-08-21 00:00:00,tx,"Auto Refinance Source, Inc.",Houston,126,,
warn-13912,2008-08-21,wa,Rosario Resort,Eastsound (Orcas Island),195,,
warn-10095,2008-08-19 00:00:00,tx,"STMicroelectronics, Inc.",Coppell,90,,
warn-10096,2008-08-19 00:00:00,tx,Atlantis Molding/Fortis Plastics,Alamo,60,,
warn-10099,2008-08-19 00:00:00,tx,Palo Duro Meat Processing (Caviness Beef),Amarillo,220,,
warn-10090,2008-08-18 00:00:00,tx,North Texas Human Resource Group - Denton2,Denton,5,,
warn-10091,2008-08-18 00:00:00,tx,North Texas Human Resource Group - Greenville,Greenville,4,,
warn-10092,2008-08-18 00:00:00,tx,North Texas Human Resource Group - Denton,Denton,75,,
warn-10093,2008-08-18 00:00:00,tx,North Texas Human Resource Group - Decatur,Decatur,6,,
warn-10094,2008-08-18 00:00:00,tx,North Texas Human Resource Group - Plano,Plano,3,,
warn-10098,2008-08-18 00:00:00,tx,Education Finance Partners,Austin,113,,
warn-10089,2008-08-15 00:00:00,tx,Midlothian Cement Plant,Midlothian,90,,
warn-13913,2008-08-15,wa,Cenveo Corporation,Tukwila,15,,
warn-10085,2008-08-14 00:00:00,tx,"Flextronics International, Ltd.",Houston,59,,
warn-10087,2008-08-13 00:00:00,tx,"Constar, Inc. - Dallas2",Dallas,74,,
warn-10088,2008-08-13 00:00:00,tx,"Constar, Inc. - Dallas",Dallas,30,,
warn-13914,2008-08-13,wa,Alaska Distributors,"Kent, Everett, Spokane",600,,
warn-13915,2008-08-12,wa,GMAC ResCap,Bellevue,60,,
warn-13916,2008-08-12,wa,Seattle Times,North Creek & Fairview,75,,
warn-10086,2008-08-11 00:00:00,tx,HSBC Auto Finance,Lewisville,188,,
warn-13917,2008-08-11,wa,Syntax Brillian,White Salmon,1,,
warn-13918,2008-08-07,wa,Columbia Lighting,Spokane,211,,
warn-10083,2008-08-06 00:00:00,tx,Seguin Call Center,Seguin,69,,
warn-13919,2008-08-06,wa,Titus Tool Company,Kent,50,,
warn-13920,2008-08-06,wa,Seattle Sonics,Seattle,117,,
warn-2857,2008-08-05 00:00:00,il,Krack Corporation,Addison,177,Plant Closure,
warn-10084,2008-08-04 00:00:00,tx,"Delfingen US, Inc. - El Paso",El Paso,75,,
warn-10043,2008-07-30 00:00:00,tx,"Minyard Food Stores, Inc. #34",Ft. Worth,44,,
warn-10044,2008-07-30 00:00:00,tx,"Minyard Food Stores, Inc. #114",Dallas,65,,
warn-10045,2008-07-30 00:00:00,tx,"Minyard Food Stores, Inc. #119",Dallas,177,,
warn-10046,2008-07-30 00:00:00,tx,"Minyard Food Stores, Inc. #105",Irving,27,,
warn-10047,2008-07-30 00:00:00,tx,"Carnival Food Store/Minyard Fd Stores, Inc. #116",Ft. Worth,36,,
warn-10048,2008-07-30 00:00:00,tx,"Minyard Food Stores, Inc. #111",Dallas,36,,
warn-10049,2008-07-30 00:00:00,tx,"Minyard Food Stores, Inc. #108",Dallas,40,,
warn-10050,2008-07-30 00:00:00,tx,"Minyard Food Stores, Inc. #202",Denton,0,,
warn-10051,2008-07-30 00:00:00,tx,"Minyard Food Stores, Inc. #112",Dallas,34,,
warn-10052,2008-07-30 00:00:00,tx,"Minyard Food Stores, Inc. #225",Richardson,59,,
warn-10053,2008-07-30 00:00:00,tx,"Sack N Save/Minyard Food Stores, Inc. #220",Arlington,70,,
warn-10054,2008-07-30 00:00:00,tx,"Carnival Food Store/Minyard Fd  Stores, Inc. #110",Forest Hill,41,,
warn-10055,2008-07-30 00:00:00,tx,"Carnival Food Store/Minyard Fd Stores, Inc. #120",Ft. Worth,123,,
warn-10056,2008-07-30 00:00:00,tx,"Minyard Food Stores, Inc. #48",Dallas,44,,
warn-10057,2008-07-30 00:00:00,tx,"Minyard Food Stores, Inc. #109",Dallas,37,,
warn-10058,2008-07-30 00:00:00,tx,"Carinval Food Store/Minyard Fd Stores, Inc. #103",Ft. Worth,56,,
warn-10059,2008-07-30 00:00:00,tx,"Sack N Save/Minyard Food Stores, Inc. #212",Ft. Worth,50,,
warn-10060,2008-07-30 00:00:00,tx,"Carnival Food Store/Minyard Food Stores, Inc. #101",Ft. Worth,61,,
warn-10061,2008-07-30 00:00:00,tx,"Minyard Food Stores, Inc. #224",Gainesville,57,,
warn-10062,2008-07-30 00:00:00,tx,"Minyard Food Stores, Inc. #201",Haltom City,41,,
warn-10063,2008-07-30 00:00:00,tx,"Carnival Food Store/(Minyard Fd Stores, Inc. #121",Ft. Worth,64,,
warn-10064,2008-07-30 00:00:00,tx,"Minyard Food Stores, Inc. #209",Bedford,53,,
warn-10065,2008-07-30 00:00:00,tx,"Minyard Food Stores, Inc. #207",Garland,48,,
warn-10066,2008-07-30 00:00:00,tx,"Minyard Food Stores, Inc. #130",Dallas,127,,
warn-10067,2008-07-30 00:00:00,tx,"Minyard Food Stores, Inc. #216",Grand Prairie,74,,
warn-10068,2008-07-30 00:00:00,tx,"Minyard Food Stores, Inc. #226",Dallas,63,,
warn-10069,2008-07-30 00:00:00,tx,"Minyard Food Stores, Inc. #204",Carrollton,60,,
warn-10070,2008-07-30 00:00:00,tx,"Minyard Food Stores, Inc. #131",Dallas,78,,
warn-10071,2008-07-30 00:00:00,tx,"Minyard Food Stores, Inc. #124",Grand Prairie,54,,
warn-10072,2008-07-30 00:00:00,tx,"Minyard Food Stores, Inc. #125",Irving,62,,
warn-10073,2008-07-30 00:00:00,tx,"Minyard Food Stores, Inc. #127",Dallas,41,,
warn-10074,2008-07-30 00:00:00,tx,"Minyard Food Stores, Inc. #203",Irving,51,,
warn-10075,2008-07-30 00:00:00,tx,"Minyard Food Stores, Inc. #70",Waxahachie,0,,
warn-10076,2008-07-30 00:00:00,tx,"Minyard Food Stores, Inc. #33",Ft. Worth,103,,
warn-10077,2008-07-30 00:00:00,tx,"Sack N Save/Minyard Food Stores, Inc. #215",Ft. Worth,57,,
warn-10078,2008-07-30 00:00:00,tx,"Minyard Food Stores, Inc. #123",Dallas,60,,
warn-10079,2008-07-30 00:00:00,tx,"Minyard Food Stores, Inc. #60",Dallas,62,,
warn-10080,2008-07-29 00:00:00,tx,Interfaith of the Woodlands - Texas City,Texas City,21,,
warn-10081,2008-07-29 00:00:00,tx,Interfaith of the Woodlands - Galveston,Galveston,21,,
warn-13921,2008-07-29,wa,Starwood Resorts & Hotels,Seattle,87,,
warn-13922,2008-07-28,wa,Vivendi Games,Issaquah,53,,
warn-10042,2008-07-25 00:00:00,tx,Sears Holdings,Dallas,57,,
warn-10041,2008-07-24 00:00:00,tx,Paramount Pictures,Pearland,1,,
warn-10082,2008-07-24 00:00:00,tx,Infinity Spas,Garland,166,,
warn-10040,2008-07-23 00:00:00,tx,KeyCorp - Dallas,Dallas,112,,
warn-10038,2008-07-22 00:00:00,tx,"Thousand Trails, LP",Frisco,60,,
warn-10039,2008-07-22 00:00:00,tx,Goodyear Tire Company,Tyler,90,,
warn-13923,2008-07-21,wa,Indymac Bank,Bellevue,51,,
warn-13924,2008-07-17,wa,All-Woods Components,Union Gap,29,,
warn-13925,2008-07-17,wa,Mt. Hood Beverage,Yakima & Kennewick,110,,
warn-10037,2008-07-16 00:00:00,tx,Target - San Antonio,San Antonio,0,,
warn-13926,2008-07-15,wa,Columbia Distributing,4 sites,933,,
warn-10036,2008-07-14 00:00:00,tx,Home Interiors and Gifts - Carrollton3,Carrollton,15,,
warn-10032,2008-07-11 00:00:00,tx,Chautauqua Airlines,Corpus Christi,4,,
warn-10031,2008-07-10 00:00:00,tx,"Select Specialty Hospital-Conroe, Inc.",Conroe,85,,
warn-13927,2008-07-10,wa,"Sun Microsystems, Inc",Bellevue,9,,
warn-13928,2008-07-10,wa,Intermec Technologies,Everett,184,,
warn-2940,2008-07-09 00:00:00,il,,Franklin Park,134,Plant Closure,
warn-10026,2008-07-09 00:00:00,tx,"Sun Microsystems, Inc. - Dallas2",Dallas,30,,
warn-10027,2008-07-09 00:00:00,tx,"Armstrong McCall, L.P.",Austin,51,,
warn-10028,2008-07-09 00:00:00,tx,"Sun Microsystems, Inc.",Austin,11,,
warn-10029,2008-07-09 00:00:00,tx,"Sun Microsystems, Inc. - Houston2",Houston,6,,
warn-10030,2008-07-09 00:00:00,tx,"Sun Microsystems, Inc. - San Antonio2",San Antonio,1,,
warn-10020,2008-07-07 00:00:00,tx,American Airlines - El Paso,El Paso,0,,
warn-10021,2008-07-07 00:00:00,tx,American Airlines - San Antonio2,San Antonio,0,,
warn-10022,2008-07-07 00:00:00,tx,American Airlines - Ft. Worth3,Ft. Worth,0,,
warn-10023,2008-07-07 00:00:00,tx,American Airlines - Austin,Austin,6,,
warn-10024,2008-07-07 00:00:00,tx,American Airlines - Houston2,Houston,0,,
warn-13929,2008-07-07,wa,American Airlines,Seattle,22,,
warn-2836,2008-07-03 00:00:00,il,"Woodward Controls, Inc.",Niles,82,Mass Layoff,
warn-10018,2008-07-01 00:00:00,tx,"Saint-Gobain Corp. (Certainteed, Inc.)",Waco,65,,
warn-10019,2008-07-01 00:00:00,tx,"Dillard's, Inc. - Dallas",Dallas,157,,
warn-10025,2008-07-01 00:00:00,tx,American Airlines - Dallas,Dallas,0,,
warn-10016,2008-06-30 00:00:00,tx,Interfaith of the Woodlands - Houston,Houston,6,,
warn-10017,2008-06-30 00:00:00,tx,Interfaith of the Woodlands - Houston2,Houston,6,,
warn-10015,2008-06-26 00:00:00,tx,"Delfingen US, Inc.",San Antonio,48,,
warn-10013,2008-06-25 00:00:00,tx,Home Interiors and Gifts - Carrollton3,Carrollton,115,,
warn-10014,2008-06-25 00:00:00,tx,"Alcoa, Inc.",Rockdale,300,,
warn-10011,2008-06-23 00:00:00,tx,ACS Business Process Solutions - Ft. Worth,Ft. Worth,450,,
warn-10012,2008-06-20 00:00:00,tx,StarTek USA,Big Spring,210,,
warn-10009,2008-06-19 00:00:00,tx,"Big Spring Manufactured Homes, L.P.",Big Spring,140,,
warn-10010,2008-06-19 00:00:00,tx,Saxon Mortgage Company,Ft. Worth,50,,
warn-10008,2008-06-18 00:00:00,tx,CWork Wireless,Ft. Worth,355,,
warn-10007,2008-06-13 00:00:00,tx,Texas State Bank,Edinburg,52,,
warn-10006,2008-06-11 00:00:00,tx,"Dillard's, Inc. - San Antonio2",San Antonio,0,,
warn-10003,2008-06-06 00:00:00,tx,Bank of America - Dallas6,Dallas,71,,
warn-10005,2008-06-06 00:00:00,tx,"The Jewelry Channel, Inc.",Austin,106,,
warn-10004,2008-06-05 00:00:00,tx,Goodyear Tire Company,Tyler,110,,
warn-10002,2008-06-03 00:00:00,tx,Target Stores - New Braunfels,New Braunfels,0,,
warn-10001,2008-06-02 00:00:00,tx,ACS Business Process Solutions,El Paso,200,,
warn-9998,2008-05-30 00:00:00,tx,Home Interiors and Gifts - Carrollton3,Carrollton,20,,
warn-10000,2008-05-30 00:00:00,tx,Swivl-Eze,Lancaster,36,,
warn-9997,2008-05-29 00:00:00,tx,Lockheed Martin - Corpus Christi,Corpus Christi,0,,
warn-9999,2008-05-29 00:00:00,tx,Spansion LLC,Austin,80,,
warn-9996,2008-05-28 00:00:00,tx,Home Interiors and Gifts - Carrollton3,Carrollton,83,,
warn-13930,2008-05-22,wa,"Sun Microsystems, Inc",Bellevue,2,,
warn-9992,2008-05-21 00:00:00,tx,"Sun Microsystems, Inc.",Austin,2,,
warn-9994,2008-05-21 00:00:00,tx,"Sun Microsystems, Inc. - Dallas2",Dallas,2,,
warn-9993,2008-05-19 00:00:00,tx,Target Stores - Killeen,Killeen,0,,
warn-9995,2008-05-19 00:00:00,tx,Target Stores - Ft. Worth2,Ft. Worth,1,,
warn-13931,2008-05-19,wa,Ball Corporation,Kent,112,,
warn-2926,2008-05-16 00:00:00,il,TECHNICAL COMPONENTS COMPANY,Rolling Meadows,77,Plant Closure,
warn-9991,2008-05-16 00:00:00,tx,"Jevic Transportation, Inc.",Houston,39,,
warn-9990,2008-05-02 00:00:00,tx,Citi Financial Auto Division,Bedford,125,,
warn-2918,2008-05-01 00:00:00,il,Lakewood Engineering,Chicago,220,Plant Closure,
warn-9988,2008-05-01 00:00:00,tx,Laredo Candle,Laredo,77,,
warn-13932,2008-05-01,wa,Washington Mutual,Bellevue,84,,
warn-9987,2008-04-30 00:00:00,tx,Silver Line Building Products LLC,Garland,251,,
warn-9984,2008-04-29 00:00:00,tx,Dallas Woodcraft,Dallas,119,,
warn-9986,2008-04-29 00:00:00,tx,Accenture LLP,Houston,95,,
warn-9989,2008-04-29 00:00:00,tx,Heinz North America,Dallas,181,,
warn-9985,2008-04-28 00:00:00,tx,"Millennium Plastics Technologies, LLC",El Paso,185,,
warn-13933,2008-04-25,wa,Educational Opportunities for Children and Family,Vancouver,19,,
warn-9940,2008-04-15 00:00:00,tx,"Sell-Thru Services, Inc. (STS) - Edinburg",Edinburg,1,,
warn-9941,2008-04-15 00:00:00,tx,"Sell-Thru Services, Inc. (STS) - Round Rock",Round Rock,1,,
warn-9942,2008-04-15 00:00:00,tx,"Sell-Thru Services, Inc. (STS) - San Antonio",San Antonio,13,,
warn-9943,2008-04-15 00:00:00,tx,"Sell-Thru Services, Inc. (STS) - Georgetown",Georgetown,2,,
warn-9944,2008-04-15 00:00:00,tx,"Sell-Thru Services, Inc. (STS) - Baytown",Baytown,1,,
warn-9945,2008-04-15 00:00:00,tx,"Sell-Thru Services, Inc. (STS) - Spring",Spring,4,,
warn-9946,2008-04-15 00:00:00,tx,"Sell-Thru Services, Inc. (STS) - Groves",Groves,1,,
warn-9947,2008-04-15 00:00:00,tx,"Sell-Thru Services, Inc. (STS) - Austin2",Austin,1,,
warn-9948,2008-04-15 00:00:00,tx,"Sell-Thru Services, Inc. (STS) - Sugarland",Sugarland,1,,
warn-9949,2008-04-15 00:00:00,tx,"Sell-Thru Services, Inc. (STS) - The Woodlands",The Woodlands,1,,
warn-9950,2008-04-15 00:00:00,tx,"Sell-Thru Services, Inc. (STS) - Eagle Pass",Eagle Pass,1,,
warn-9951,2008-04-15 00:00:00,tx,"Sell-Thru Services, Inc. (STS) - Mission",Mission,1,,
warn-9952,2008-04-15 00:00:00,tx,"Sell-Thru Services, Inc. (STS) - Killeen",Killeen,1,,
warn-9953,2008-04-15 00:00:00,tx,"Sell-Thru Services, Inc. (STS) - Houston",Houston,7,,
warn-9954,2008-04-15 00:00:00,tx,"Sell-Thru Services, Inc. (STS) - Deerpark",Deer Park,1,,
warn-9955,2008-04-15 00:00:00,tx,"Sell-Thru Services, Inc. (STS) - Pearland",Pearland,1,,
warn-9956,2008-04-15 00:00:00,tx,PRC - Carrollton,Carrollton,339,,
warn-9957,2008-04-15 00:00:00,tx,"Sell-Thru Services, Inc. (STS) - Austin",Austin,1,,
warn-9958,2008-04-15 00:00:00,tx,"Sell-Thru Services, Inc. (STS) - Buda",Buda,1,,
warn-9959,2008-04-15 00:00:00,tx,"Sell-Thru Services, Inc. (STS) - Spring2",Spring,1,,
warn-9960,2008-04-15 00:00:00,tx,"Sell-Thru Services, Inc. (STS) - Laredo",Laredo,1,,
warn-9961,2008-04-15 00:00:00,tx,"Sell-Thru Services, Inc. (STS) - Pasadena",Pasadena,1,,
warn-9962,2008-04-15 00:00:00,tx,"Sell-Thru Services, Inc. (STS) - Arlington",Arlington,2,,
warn-9963,2008-04-15 00:00:00,tx,"Sell-Thru Services, Inc. (STS) - El Paso",El Paso,2,,
warn-9964,2008-04-15 00:00:00,tx,"Sell-Thru Services, Inc. (STS) - Sachse",Sachse,1,,
warn-9965,2008-04-15 00:00:00,tx,"Sell-Thru Services, Inc. (STS) - Mansfield",Mansfield,4,,
warn-9966,2008-04-15 00:00:00,tx,"Sell-Thru Services, Inc. (STS) - Burleson",Burleson,1,,
warn-9967,2008-04-15 00:00:00,tx,"Sell-Thru Services, Inc. (STS) - White Oak",White Oak,1,,
warn-9968,2008-04-15 00:00:00,tx,"Sell-Thru Services, Inc. (STS) - Dallas",Dallas,2,,
warn-9969,2008-04-15 00:00:00,tx,"Sell-Thru Services, Inc. (STS) - Corinth",Corinth,1,,
warn-9970,2008-04-15 00:00:00,tx,"Sell-Thru Services, Inc. (STS) - Vinton",Vinton,1,,
warn-9971,2008-04-15 00:00:00,tx,"Sell-Thru Services, Inc. (STS) - Killeen2",Killeen,1,,
warn-9972,2008-04-15 00:00:00,tx,"Sell-Thru Services, Inc. (STS) - Gilmer",Gilmer,1,,
warn-9973,2008-04-15 00:00:00,tx,"Sell-Thru Services, Inc. (STS) - Ft. Worth",Ft. Worth,2,,
warn-9974,2008-04-15 00:00:00,tx,"Sell-Thru Services, Inc. (STS) - Azle",Azle,2,,
warn-9975,2008-04-15 00:00:00,tx,"Sell-Thru Services, Inc. (STS) - Flower Mound",Flower Mound,2,,
warn-9976,2008-04-15 00:00:00,tx,"Sell-Thru Services, Inc. (STS) - Waco",Waco,1,,
warn-9977,2008-04-15 00:00:00,tx,Whole Foods Market,Austin,53,,
warn-9978,2008-04-15 00:00:00,tx,"Sell-Thru Services, Inc. (STS) - Desoto",DeSoto,2,,
warn-9979,2008-04-15 00:00:00,tx,"Sell-Thru Services, Inc. (STS) - Dallas2",Dallas,1,,
warn-9980,2008-04-15 00:00:00,tx,Cheniere Energy,Houston,47,,
warn-9981,2008-04-15 00:00:00,tx,"Sell-Thru Services, Inc. (STS) - Hewitt",Hewitt,1,,
warn-9982,2008-04-15 00:00:00,tx,"Sell-Thru Services, Inc. (STS) - Frisco",Frisco,3,,
warn-9983,2008-04-15 00:00:00,tx,"Sell-Thru Services, Inc. (STS) - Duncanville",Duncanville,1,,
warn-13934,2008-04-15,wa,Simpson Timber,Tacoma/Shelton,111,,
warn-2875,2008-04-11 00:00:00,il,Ryerson,Chicago,134,Plant Closure,
warn-2938,2008-04-08 00:00:00,il,"General Electric International, Inc.",Cicero,101,Plant Closure,
warn-9937,2008-04-04 00:00:00,tx,Durham School Services - Saginaw,Saginaw,173,,
warn-9938,2008-04-04 00:00:00,tx,"ATA Airlines, Inc.",Ft. Worth,97,,
warn-9939,2008-04-04 00:00:00,tx,"ATA Airlines, Inc. - Dallas",Dallas,96,,
warn-13935,2008-04-03,wa,Wilcox Farms,Cheney,47,,
warn-9932,2008-04-02 00:00:00,tx,Woman's Hospital at Dallas Regional,Mesquite,339,,
warn-9933,2008-04-02 00:00:00,tx,The Travelers Indemnity Insurance Company,Houston,53,,
warn-2844,2008-04-01 00:00:00,il,"LITTELFUSE, INC",Des Plaines,188,Plant Closure,
warn-9936,2008-04-01 00:00:00,tx,"Diversified Technical Services, Inc. (DTSI)",Randolph AFB,0,,
warn-9930,2008-03-31 00:00:00,tx,Crane Plumbing - Dallas,Dallas,50,,
warn-9934,2008-03-31 00:00:00,tx,Champion Air - Dallas2,Ft. Worth,36,,
warn-9935,2008-03-31 00:00:00,tx,Champion Air - Dallas,Ft. Worth,36,,
warn-9929,2008-03-28 00:00:00,tx,Western Union,Dallas,118,,
warn-9931,2008-03-28 00:00:00,tx,"Behr Climate Systems, Inc.",Ft. Worth,53,,
warn-9928,2008-03-27 00:00:00,tx,Mount Vernon Mills - Brentex Division,Brenham,140,,
warn-2868,2008-03-25 00:00:00,il,,Danville,315,Plant Closure,
warn-9927,2008-03-19 00:00:00,tx,"MetLife Group Inc./SafeGuard Health Plans, Inc.",San Antonio,47,,
warn-13936,2008-03-10,wa,Weyerhaeuser Company,Toutle,81,,
warn-9926,2008-03-05 00:00:00,tx,"Saint-Gobain Vetrotex America, Inc.",Wichita Falls,720,,
warn-13937,2008-03-05,wa,Nastech Pharmaceutical,Bothell,70,,
warn-2889,2008-03-03 00:00:00,il,Laser Tek Industries,Richmond,93,Plant Closure,
warn-13938,2008-03-03,wa,Pactiv Corporation,Yakima,51,,
warn-13939,2008-03-03,wa,Macy's,Seattle,697,,
warn-13940,2008-02-29,wa,"K Ply, Inc.",Port Angeles,132,,
warn-9923,2008-02-28 00:00:00,tx,Blue Cross Blue Shield/Trail Blazer Health Enterp.,Dallas,49,,
warn-9924,2008-02-28 00:00:00,tx,GMAC Financial Services,Houston,34,,
warn-2877,2008-02-26 00:00:00,il,,Elgin,174,Mass Layoff,
warn-9922,2008-02-26 00:00:00,tx,"Raytheon Technical Services Company, LLC (RTSC)",Fort Hood,114,,
warn-9925,2008-02-26 00:00:00,tx,"Brazos Higher Education Service Corp, Inc.-Austin",Austin,75,,
warn-13941,2008-02-25,wa,Group Health,Redmond,363,,
warn-9921,2008-02-21 00:00:00,tx,Saxon Mortgage Company,Ft. Worth,100,,
warn-9920,2008-02-20 00:00:00,tx,Astro Air LP,Jacksonville,390,,
warn-13942,2008-02-20,wa,Anesthesiologists Associated,Spokane Valley,63,,
warn-13943,2008-02-15,wa,J.R. Simplot,Pasco,335,,
warn-9918,2008-02-14 00:00:00,tx,"Alliance Data Systems, Corp.",Jacksonville,209,,
warn-9919,2008-02-14 00:00:00,tx,Owens-Corning,New Braunfels,107,,
warn-13944,2008-02-13,wa,Pristina Pine,Spokane Valley,98,,
warn-9917,2008-02-12 00:00:00,tx,Trinity Universal Insurance,Dallas,344,,
warn-9914,2008-02-08 00:00:00,tx,DynCorp,El Paso,68,,
warn-9915,2008-02-08 00:00:00,tx,"Westar Aerospace & Defense Group, Inc.",El Paso,9,,
warn-9912,2008-02-06 00:00:00,tx,USF Reddaway,Dallas,247,,
warn-9913,2008-02-06 00:00:00,tx,USF Reddaway - Houston,Houston,100,,
warn-9916,2008-02-06 00:00:00,tx,Compass Bank,Lubbock,100,,
warn-13945,2008-02-06,wa,ICOS Corporation,Bothell,1,,
warn-13946,2008-02-04,wa,Seattle Times - North Creek,Bothell,7,,
warn-13947,2008-02-04,wa,Wilcox Farms,Roy,130,,
warn-9907,2008-01-31 00:00:00,tx,"Alliance Data Systems, Inc.",Dallas,251,,
warn-9911,2008-01-31 00:00:00,tx,"Vanity Fair Brands, LP",Mission,240,,
warn-13948,2008-01-31,wa,Sun Microsystems Inc,Bellevue,1,,
warn-9908,2008-01-30 00:00:00,tx,"Sun Microsystems, Inc. - Houston",Houston,9,,
warn-9909,2008-01-30 00:00:00,tx,"Sun Microsystems, Inc. - Dallas2",Dallas,3,,
warn-9910,2008-01-30 00:00:00,tx,"Sun Microsystems, Inc.",Austin,8,,
warn-13949,2008-01-29,wa,Panasonic,Vancouver,89,,
warn-9906,2008-01-28 00:00:00,tx,Red Oak Sportswear (Knights Apparel),College Station,124,,
warn-13950,2008-01-24,wa,DIGIO,KIRKLAND,69,,
warn-2841,2008-01-23 00:00:00,il,,Schaumburg,74,Plant Closure,
warn-2842,2008-01-23 00:00:00,il,,Hampshire,169,Plant Closure,
warn-3006,2008-01-22 00:00:00,il,GENERAL BINDING CORPORATION,Addison,75,Plant Closure,
warn-2903,2008-01-16 00:00:00,il,,Aurora,125,Plant Closure,
warn-9905,2008-01-16 00:00:00,tx,"Valley Transit Company, Inc.",Harlingen,46,,
warn-13951,2008-01-16,wa,Seattle Times - North Creek,Bothell,71,,
warn-9900,2008-01-15 00:00:00,tx,"Applied Materials, Inc. - Austin11",Austin,35,,
warn-9901,2008-01-15 00:00:00,tx,"Applied Materials, Inc. - Carrollton",Carrollton,2,,
warn-9902,2008-01-15 00:00:00,tx,"Applied Materials, Inc. - Austin4",Austin,7,,
warn-9903,2008-01-15 00:00:00,tx,Applied Materials-Addeco-SVO,Austin,106,,
warn-9904,2008-01-15 00:00:00,tx,"Applied Materials, Inc. - Richardson",Richardson,17,,
warn-9899,2008-01-14 00:00:00,tx,Lineage Power,Mesquite,100,,
warn-2863,2008-01-11 00:00:00,il,,Des Plaines,158,Mass Layoff,
warn-13952,2008-01-11,wa,Holy Family Hospital,Deer Park,79,,
warn-9898,2008-01-03 00:00:00,tx,Sports Authority,Houston,63,,
warn-9897,2008-01-02 00:00:00,tx,Overhead Door Corporation,Dallas,73,,
warn-9895,2007-12-28 00:00:00,tx,Macy's - Houston,Houston,112,,
warn-9896,2007-12-28 00:00:00,tx,Macy's - Dallas,Dallas,98,,
warn-13953,2007-12-26,wa,"Portac, Inc.",Tacoma,71,,
warn-13954,2007-12-24,wa,ICOS Corporation,Bothell,6,,
warn-9894,2007-12-21 00:00:00,tx,Wachovia Corporation - San Antonio,San Antonio,0,,
warn-2746,2007-12-18 00:00:00,il,"DELUXE VIDEO SERVICES, INC.",Vernon Hills,75,Plant Closure,
warn-9892,2007-12-17 00:00:00,tx,Metals USA Building Products,Houston,53,,
warn-13955,2007-12-17,wa,Washington Mutual,Bellevue,105,,
warn-13956,2007-12-14,wa,Xantrex Technology,Arlington,55,,
warn-2856,2007-12-13 00:00:00,il,,Toluca,80,Plant Closure,
warn-13957,2007-12-13,wa,BAE Systems,Keyport,55,,
warn-9890,2007-12-11 00:00:00,tx,Compusa - Grapevine,Grapevine,5,,
warn-9891,2007-12-11 00:00:00,tx,CompUSA - Grand Prairie,Grand Prairie,50,,
warn-9827,2007-12-06 00:00:00,tx,"Ideal Merchandising of DDP Holdings, Inc - El Paso",El Paso,2,,
warn-9828,2007-12-06 00:00:00,tx,"Ideal Merchandising of DDP Holdings, Inc - Silsbee",Silsbee,1,,
warn-9829,2007-12-06 00:00:00,tx,"Ideal Merchandising of DDP Holdings, Inc - Humble",Humble,1,,
warn-9830,2007-12-06 00:00:00,tx,"Ideal Merchandising of DDP Holdings, Inc-Pasadena",Pasadena,1,,
warn-9831,2007-12-06 00:00:00,tx,"Ideal Merchandising of DDP Holdings, Inc - Spring",Spring,1,,
warn-9832,2007-12-06 00:00:00,tx,"Ideal Merchandising of DDP Holdings, Inc - Conroe",Conroe,1,,
warn-9833,2007-12-06 00:00:00,tx,"Ideal Merchandising of DDP Holdings, Inc-Jefferson",Jefferson,1,,
warn-9834,2007-12-06 00:00:00,tx,"Ideal Merchandising of DDP Holdings, Inc-Alvarado",Alvarado,2,,
warn-9835,2007-12-06 00:00:00,tx,Ideal Merchandising of DDP Holdings - Seven Points,Seven Points,1,,
warn-9836,2007-12-06 00:00:00,tx,"Ideal Merchandising of DDP Holdings, Inc-Marshall",Marshall,1,,
warn-9837,2007-12-06 00:00:00,tx,"Ideal Merchandising of DDP Holdings, Inc-Edinburg",Edinburg,1,,
warn-9838,2007-12-06 00:00:00,tx,Ideal Merchandising of DDP Holdings - Midlothian,Midlothian,1,,
warn-9839,2007-12-06 00:00:00,tx,"Ideal Merchandising of DDP Holdings, Inc-Richmond",Richmond,1,,
warn-9840,2007-12-06 00:00:00,tx,"Ideal Merchandising of DDP Holdings, Inc - Cooper",Cooper,1,,
warn-9841,2007-12-06 00:00:00,tx,Ideal Merchandising of DDP Holdings - New Boston,New Boston,1,,
warn-9842,2007-12-06 00:00:00,tx,"Ideal Merchandising of DDP Holdings, Inc - Lufkin",Lufkin,1,,
warn-9843,2007-12-06 00:00:00,tx,Ideal Merchandising of DDP Holdings - Port Arthur,Port Arthur,1,,
warn-9844,2007-12-06 00:00:00,tx,Ideal Merchandising of DDP Holdings - Round Rock,Round Rock,1,,
warn-9845,2007-12-06 00:00:00,tx,"Ideal Merchandising of DDP Holdings, Inc - Allen",Allen,1,,
warn-9846,2007-12-06 00:00:00,tx,Ideal Merchandising of DDP Holdings - Little Elm,Little Elm,1,,
warn-9847,2007-12-06 00:00:00,tx,Ideal Merchandising of DDP Holdings - Kingsville,Kingsville,1,,
warn-9848,2007-12-06 00:00:00,tx,"Ideal Merchandising of DDP Holdings, Inc - Jasper",Jasper,1,,
warn-9849,2007-12-06 00:00:00,tx,"Ideal Merchandising of DDP Holdings, Inc-Baytown",Baytown,1,,
warn-9850,2007-12-06 00:00:00,tx,"Ideal Merchandising of DDP Holdings, Inc - Plano",Plano,3,,
warn-9851,2007-12-06 00:00:00,tx,"Ideal Merchandising of DDP Holdings, Inc - Adkins",Adkins,1,,
warn-9852,2007-12-06 00:00:00,tx,"Ideal Merchandising of DDP Holdings, Inc - Ingram",Ingram,1,,
warn-9853,2007-12-06 00:00:00,tx,Ideal Merchandising of DDP Holdings - San Antonio,San Antonio,4,,
warn-9854,2007-12-06 00:00:00,tx,Ideal Merchandising of DDP Holdings - Robert Lee,Robert Lee,1,,
warn-9855,2007-12-06 00:00:00,tx,Ideal Merchandising of DDP Holdings-Wichita Falls,Wichita Falls,1,,
warn-9856,2007-12-06 00:00:00,tx,"Ideal Merchandising of DDP Holdings, Inc-Live Oak",Live Oak,1,,
warn-9857,2007-12-06 00:00:00,tx,"Ideal Merchandising of DDP Holdings, Inc - Odessa",Odessa,1,,
warn-9858,2007-12-06 00:00:00,tx,"Ideal Merchandising of DDP Holdings, Inc-Victoria",Victoria,1,,
warn-9859,2007-12-06 00:00:00,tx,Ideal Merchandising of DDP Holdings-Corpus Christi,Corpus Ch,1,,
warn-9860,2007-12-06 00:00:00,tx,"Ideal Merchandising of DDP Holdings, Inc-Amarillo",Amarillo,2,,
warn-9861,2007-12-06 00:00:00,tx,"Ideal Merchandising of DDP Holdings, Inc - Cresson",Cresson,1,,
warn-9862,2007-12-06 00:00:00,tx,Ideal Merchandising of DDP Holdings-Sulphur Spring,Sulphur Springs,1,,
warn-9863,2007-12-06 00:00:00,tx,"Ideal Merchandising of DDP Holdings, Inc-Ingleside",Ingleside,1,,
warn-9864,2007-12-06 00:00:00,tx,"Ideal Merchandising of DDP Holdings, Inc-Longview",Longview,2,,
warn-9865,2007-12-06 00:00:00,tx,"Ideal Merchandising of DDP Holdings, Inc - Keller",Keller,1,,
warn-9866,2007-12-06 00:00:00,tx,"Ideal Merchandising of DDP Holdings, Inc-Santa Fe",Santa Fe,1,,
warn-9867,2007-12-06 00:00:00,tx,Ideal Merchandising of DDP Holdings - Arlington,Arlington,1,,
warn-9868,2007-12-06 00:00:00,tx,"Ideal Merchandising of DDP Holdings, Inc - Houston",Houston,4,,
warn-9869,2007-12-06 00:00:00,tx,"Ideal Merchandising of DDP Holdings, Inc - Lorena",Lorena,1,,
warn-9870,2007-12-06 00:00:00,tx,Ideal Merchandising of DDP Holdings - Springtown,Springtown,2,,
warn-9871,2007-12-06 00:00:00,tx,"Ideal Merchandising of DDP Holdings, Inc-Converse",Converse,1,,
warn-9872,2007-12-06 00:00:00,tx,"Ideal Merchandising of DDP Holdings, Inc - Abilene",Abilene,1,,
warn-9873,2007-12-06 00:00:00,tx,"Ideal Merchandising of DDP Holdings, Inc - Denison",Denison,2,,
warn-9874,2007-12-06 00:00:00,tx,"Ideal Merchandising of DDP Holdings, Inc-Ft. Worth",Ft. Worth,1,,
warn-9875,2007-12-06 00:00:00,tx,"Ideal Merchandising of DDP Holdings, Inc - Garland",Garland,2,,
warn-9876,2007-12-06 00:00:00,tx,"Ideal Merchandising of DDP Holdings, Inc-Bedford",Bedford,1,,
warn-9877,2007-12-06 00:00:00,tx,"Ideal Merchandising of DDP Holdings, Inc - Denton",Denton,1,,
warn-9878,2007-12-06 00:00:00,tx,"Ideal Merchandising of DDP Holdings, Inc-Harlingen",Harlingen,1,,
warn-9879,2007-12-06 00:00:00,tx,"Ideal Merchandising of DDP Holdings, Inc. - Dallas",Dallas,1,,
warn-9880,2007-12-06 00:00:00,tx,Ideal Merchandising of DDP Holdings-Grand Prairie,Grand Prairie,1,,
warn-9881,2007-12-06 00:00:00,tx,Ideal Merchandising of DDP Holdings - Carrollton,Carrollton,1,,
warn-9882,2007-12-06 00:00:00,tx,Ideal Merchandising of DDP Holding-College Station,College Station,1,,
warn-9883,2007-12-06 00:00:00,tx,"Ideal Merchandising of DDP Holdings, Inc- Mesquite",Mesquite,1,,
warn-9884,2007-12-06 00:00:00,tx,"Ideal Merchandising of DDP Holdings, Inc - Brenham",Brenham,1,,
warn-9885,2007-12-06 00:00:00,tx,Ideal Merchandising of DDP Holdings - Shallowater,Shallowater,1,,
warn-9886,2007-12-06 00:00:00,tx,"Ideal Merchandising of DDP Holdings, Inc - Red Oak",Red Oak,1,,
warn-9887,2007-12-06 00:00:00,tx,Ideal Merchandising of DDP Holdings - Lewisville,Lewisville,1,,
warn-9888,2007-12-06 00:00:00,tx,"Ideal Merchandising of DDP Holdings, Inc - Austin",Austin,3,,
warn-9889,2007-12-06 00:00:00,tx,"Ideal Merchandising of DDP Holdings, Inc - Spring2",Spring,1,,
warn-9812,2007-12-05 00:00:00,tx,"FloorServe, Inc. - Friendswood",Friendswood,1,,
warn-9813,2007-12-05 00:00:00,tx,"FloorServe, Inc. - McKinney",McKinney,1,,
warn-9814,2007-12-05 00:00:00,tx,"FloorServe, Inc. - El Paso",El Paso,1,,
warn-9815,2007-12-05 00:00:00,tx,"FloorServe, Inc. - Lago Vista",Lago Vista,1,,
warn-9816,2007-12-05 00:00:00,tx,"FloorServe, Inc. - Keller",Keller,1,,
warn-9818,2007-12-05 00:00:00,tx,"FloorServe, Inc. - Dallas",Dallas,1,,
warn-9819,2007-12-05 00:00:00,tx,"FloorServe, Inc. - Sherman",Sherman,1,,
warn-9820,2007-12-05 00:00:00,tx,"FloorServe, Inc. - San Antonio",San Antonio,1,,
warn-9821,2007-12-05 00:00:00,tx,"FloorServe, Inc. - Houston2",Houston,1,,
warn-9822,2007-12-05 00:00:00,tx,"FloorServe, Inc. - Kingsville",Kingsville,1,,
warn-9823,2007-12-05 00:00:00,tx,"FloorServe, Inc. - Houston",Houston,1,,
warn-9824,2007-12-05 00:00:00,tx,"FloorServe, Inc. - Brookeland",Brookeland,1,,
warn-9825,2007-12-05 00:00:00,tx,"FloorServe, Inc. - Euless",Euless,1,,
warn-9826,2007-12-05 00:00:00,tx,"FloorServe, Inc. - Anson",Anson,1,,
warn-13958,2007-12-05,wa,FloorServe,"Seattle, Tacoma and Vancouver",3,,
warn-9817,2007-12-01 00:00:00,tx,Gibbs-Texas Die Casting Corporation,Harlingen,60,,
warn-9811,2007-11-29 00:00:00,tx,PRC,Austin,430,,
warn-9808,2007-11-28 00:00:00,tx,"Exterran Energy Solutions, L.P.",Victoria,74,,
warn-9893,2007-11-28 00:00:00,tx,"UTi Integrated Logistics, Inc.",Baytown,708,,
warn-9809,2007-11-26 00:00:00,tx,Farb Realty/Broadway Square Apartments,Houston,93,,
warn-9806,2007-11-20 00:00:00,tx,North Star Food Service,Mesquite,115,,
warn-13959,2007-11-19,wa,DAL Global Services,SeaTac,132,,
warn-9810,2007-11-16 00:00:00,tx,Crane Plumbing - Hondo,Hondo,255,,
warn-13960,2007-11-15,wa,Benchmark Electronics,Redmond,150,,
warn-9805,2007-11-14 00:00:00,tx,Embarq,Killeen,104,,
warn-9807,2007-11-14 00:00:00,tx,"Color-Box, LLC",Ft. Worth,77,,
warn-9804,2007-11-09 00:00:00,tx,Target Stores - Dallas,Dallas,110,,
warn-13961,2007-11-09,wa,Levitz Furniture,Tukwila,60,,
warn-9802,2007-11-05 00:00:00,tx,"Raytheon Technical Services Co., LLC - Ft Bliss",Fort Bliss,391,,
warn-13962,2007-11-05,wa,Tree Top,Cashmere,73,,
warn-9803,2007-11-01 00:00:00,tx,Corpus Christi Greyhound Track,Corpus Ch,135,,
warn-9799,2007-10-31 00:00:00,tx,Goodyear Tire Company,Tyler,662,,
warn-9801,2007-10-31 00:00:00,tx,Bank Of America - Dallas4,Dallas,172,,
warn-13963,2007-10-31,wa,ICOS Corporation,Bothell,13,,
warn-9796,2007-10-30 00:00:00,tx,King Koil Sleep Products,San Antonio,55,,
warn-9798,2007-10-30 00:00:00,tx,CVS Caremark - Fort Worth,Fort Worth,372,,
warn-9794,2007-10-29 00:00:00,tx,Austin Regional Billing Office,Austin,61,,
warn-9795,2007-10-29 00:00:00,tx,"Caterpillar Logistics Services, Inc.",Greenville,75,,
warn-9797,2007-10-29 00:00:00,tx,Friedrich Air Conditioning Co.,San Antonio,157,,
warn-9793,2007-10-23 00:00:00,tx,"The GEO Group, Inc. - Spur",Spur,,,
warn-9790,2007-10-17 00:00:00,tx,"Carestream Health, Inc.",Plano,44,,
warn-9800,2007-10-17 00:00:00,tx,Time Warner Cable - Nederland,Nederland,56,,
warn-9792,2007-10-16 00:00:00,tx,Aviva USA/Senior Benefit Services,Ft. Worth,102,,
warn-9791,2007-10-15 00:00:00,tx,"Lear Siegler Services, Inc. - New Boston",New Boston,275,,
warn-9789,2007-10-11 00:00:00,tx,Pogo Producing Company,Houston,,,
warn-2755,2007-10-09 00:00:00,il,Quebecor World Logistics Inc,Bensenville,240,Plant Closure,
warn-9788,2007-10-08 00:00:00,tx,Veneerstone Company,Katy,53,,
warn-13964,2007-10-08,wa,Georgia Pacific Corporation,Bellingham,210,,
warn-9787,2007-10-05 00:00:00,tx,"NutraMax Products, Inc.",Houston,86,,
warn-9786,2007-10-04 00:00:00,tx,"The Geo Group, Inc.",Bronte,150,,
warn-9784,2007-09-28 00:00:00,tx,SI  International Inc.,Dallas,215,,
warn-9785,2007-09-28 00:00:00,tx,Computer Science Corporation - Dallas2,Dallas,187,,
warn-13965,2007-09-27,wa,"Sun Microsystems, Inc",Bellevue,9,,
warn-9779,2007-09-26 00:00:00,tx,"Scientific Games SA, Inc.",San Antonio,330,,
warn-9780,2007-09-26 00:00:00,tx,Broder Bros. Co.,Stafford,60,,
warn-9781,2007-09-26 00:00:00,tx,"Sun Microsystems, Inc.",Austin,9,,
warn-9782,2007-09-26 00:00:00,tx,"Sun Microsystems, Inc. - Houston",Houston,12,,
warn-9783,2007-09-26 00:00:00,tx,"Sun Microsystems, Inc. - Dallas2",Dallas,28,,
warn-13966,2007-09-26,wa,VAE Nortrack North America Inc.,Seattle,58,,
warn-9778,2007-09-19 00:00:00,tx,ResMAE Mortgage Corporation,Dallas,63,,
warn-9777,2007-09-18 00:00:00,tx,CashWorks,Frisco,11,,
warn-13967,2007-09-13,wa,American Port Services,Sumner,217,,
warn-13968,2007-09-12,wa,Fleetwood Housing,Woodland,135,,
warn-9772,2007-09-11 00:00:00,tx,Enron Corporation - Houston,Houston,19,,
warn-9773,2007-09-11 00:00:00,tx,Lone Star Steel - Lone Star2,Lone Star,179,,
warn-9774,2007-09-11 00:00:00,tx,Aramark Facility Services - League City,League City,,,
warn-9776,2007-09-11 00:00:00,tx,"Washington Mutual Bank, Inc.",Houston,20,,
warn-9775,2007-09-10 00:00:00,tx,ChaseCom LP,Houston,90,,
warn-9768,2007-09-07 00:00:00,tx,"Phillips Products, Inc.",Clarksville,88,,
warn-9769,2007-09-07 00:00:00,tx,Universal American Mortgage Company (UAMC),Houston,57,,
warn-9771,2007-09-07 00:00:00,tx,Baron & Budd/LeBlanc,Dallas,80,,
warn-9766,2007-09-06 00:00:00,tx,"ICT Group, Inc.",Carrollton,239,,
warn-9767,2007-09-06 00:00:00,tx,Enron Corporation - Houston,Houston,15,,
warn-9770,2007-09-06 00:00:00,tx,Aurora Loan Services,Richardson,111,,
warn-2763,2007-08-31 00:00:00,il,,Wood Dale,117,Plant Closure,
warn-9765,2007-08-31 00:00:00,tx,"Con-way Freight, Inc.",Ft. Worth,70,,
warn-13969,2007-08-30,wa,Welco Lumber,Marysville,57,,
warn-13970,2007-08-28,wa,ICOS Corporation,Bothell,12,,
warn-13971,2007-08-28,wa,"Liquidation World USA, Inc.",Nine Locations - WA,0,,
warn-9764,2007-08-27 00:00:00,tx,Cenveo Corporation,Houston,76,,
warn-13972,2007-08-24,wa,"GreenPoint Mortgage Funding, Inc.",Bellevue,41,,
warn-13973,2007-08-23,wa,Heritage Health & Rehab. Center,Vancouver,50,,
warn-9760,2007-08-22 00:00:00,tx,Louisiana Pacific Corporation - Silsbee3,Silsbee,147,,
warn-9762,2007-08-22 00:00:00,tx,Accredited Home Lenders-Dallas,Irving,52,,
warn-9763,2007-08-22 00:00:00,tx,Accredited Home Lenders-Austin,Austin,80,,
warn-9761,2007-08-21 00:00:00,tx,Memorial Hermann Continuing Care - Houston2,Houston,,,
warn-13974,2007-08-21,wa,Cenveo Corporation,Tukwila,68,,
warn-9752,2007-08-17 00:00:00,tx,First Magnus Financial (Houston Wholesale),Houston,,,
warn-9754,2007-08-17 00:00:00,tx,First Magnus Financial (Wholesale & Retail),Austin,120,,
warn-13975,2007-08-17,wa,ICOS Corporation,Bothell,1,,
warn-9751,2007-08-16 00:00:00,tx,Houston Distribution Center,Houston,10,,
warn-9756,2007-08-16 00:00:00,tx,"Crescent Real Estate Equities, LLC",Ft. Worth,49,,
warn-9757,2007-08-16 00:00:00,tx,American Home Mortgage - Houston,Houston,19,,
warn-9758,2007-08-16 00:00:00,tx,American Home Mortgage - Houston1,Houston,19,,
warn-9759,2007-08-16 00:00:00,tx,American Home Mortgage - Houston2,Houston,20,,
warn-9750,2007-08-13 00:00:00,tx,Option One Mortgage Corporation,Frisco,57,,
warn-9753,2007-08-07 00:00:00,tx,Aegis Mortgage Corporation - Houston,Houston,201,,
warn-9755,2007-08-07 00:00:00,tx,Aegis Mortgage Corporation - Houston2,Houston,200,,
warn-9747,2007-08-06 00:00:00,tx,Advanced Environmental Recycling Technologies,Junction,108,,
warn-13976,2007-08-06,wa,Associated Grocers. Inc.,Seattle-Renton,684,,
warn-9748,2007-08-03 00:00:00,tx,Friedrich Air Conditioning Co.,San Antonio,295,,
warn-9749,2007-07-31 00:00:00,tx,Wachovia Corporation,College Station,50,,
warn-13977,2007-07-31,wa,ICOS Corporation,Bothell,1,,
warn-9743,2007-07-30 00:00:00,tx,Target Stores - McKinney,McKinney,0,,
warn-9744,2007-07-30 00:00:00,tx,Target Stores - Longview,Longview,0,,
warn-9745,2007-07-30 00:00:00,tx,Target Stores - Austin2,Austin,0,,
warn-9746,2007-07-27 00:00:00,tx,Four Seasons Division of Standard Motor Products - Ft. Worth2,Ft. Worth,30,,
warn-9742,2007-07-25 00:00:00,tx,ChoicePoint,Dallas,55,,
warn-9741,2007-07-23 00:00:00,tx,Wheatland Tube Company,Houston,79,,
warn-2756,2007-07-20 00:00:00,il,,Elk Grove Village,86,Plant Closure,
warn-2817,2007-07-19 00:00:00,il,Westell Technology,Aurora,251,Plant Closure,
warn-2826,2007-07-19 00:00:00,il,,ROCHELLE,58,Plant Closure,
warn-13978,2007-07-18,wa,Swedish Sleep Medicine Institute,Seattle,67,,
warn-9739,2007-07-17 00:00:00,tx,Air System Components - El Paso,El Paso,6,,
warn-9740,2007-07-17 00:00:00,tx,Air System Components - El Paso2,El Paso,7,,
warn-13979,2007-07-12,wa,Electronic Data Systems,Federal Way,147,,
warn-9738,2007-07-10 00:00:00,tx,"STMicroelectronics, Inc.",Coppell,50,,
warn-13980,2007-07-02,wa,Aleut Global Solutions,Tacoma,7,,
warn-13981,2007-06-29,wa,ARAMARK Healthcare,Spokane,245,,
warn-9735,2007-06-27 00:00:00,tx,Leggett & Platt - Mexia,Mexia,52,,
warn-9736,2007-06-27 00:00:00,tx,Outsource Partners International - Houston,Houston,77,,
warn-9737,2007-06-26 00:00:00,tx,Excell Services,San Antonio,60,,
warn-9731,2007-06-22 00:00:00,tx,National Envelope Corporation - Corsicana,Corsicana,0,,
warn-9732,2007-06-22 00:00:00,tx,National Envelope Corporation - Grand Prairie,Grand Prairie,,,
warn-9734,2007-06-22 00:00:00,tx,National Envelope Corporation - Grand Prairie,Grand Prairie,14,,
warn-9728,2007-06-21 00:00:00,tx,Air System Components - El Paso,El Paso,1,,
warn-9730,2007-06-21 00:00:00,tx,Air System Components - El Paso2,El Paso,1,,
warn-9729,2007-06-20 00:00:00,tx,2601 Metropolis Corporation/Bright Point,Coppell,175,,
warn-9733,2007-06-20 00:00:00,tx,Crane Plumbing - Dallas,Dallas,100,,
warn-9726,2007-06-15 00:00:00,tx,Hyatt Regency Hotel,Dallas,50,,
warn-9727,2007-06-15 00:00:00,tx,"McDowell Research Co., Inc.",Waco,88,,
warn-9725,2007-06-14 00:00:00,tx,The Lead Dogs,Austin,53,,
warn-9721,2007-06-13 00:00:00,tx,Air System Components - El Paso,El Paso,38,,
warn-9722,2007-06-13 00:00:00,tx,Air System Components - El Paso2,El Paso,19,,
warn-9723,2007-06-11 00:00:00,tx,Air System Components - El Paso2,El Paso,19,,
warn-9724,2007-06-11 00:00:00,tx,Air System Components - El Paso,El Paso,38,,
warn-13982,2007-06-07,wa,SK Food Group,Seattle,90,,
warn-13983,2007-06-06,wa,"Commercial Vehicle Group, Inc.",Seattle-Tacoma,115,,
warn-9720,2007-06-05 00:00:00,tx,Memorial Hermann Continuing Care,Houston,49,,
warn-13984,2007-06-04,wa,ICOS Corporation,Bothell,1,,
warn-9719,2007-05-31 00:00:00,tx,Delphi Automotive Systems,Wichita Falls,132,,
warn-2754,2007-05-23 00:00:00,il,QUEBECOR WORLD,Elk Grove Village,174,Plant Closure,
warn-9718,2007-05-23 00:00:00,tx,"Washington Mutual Bank, Inc. - Houston2",Houston,70,,
warn-9717,2007-05-21 00:00:00,tx,Clarke American (Harland Clarke),Dallas,110,,
warn-2649,2007-05-16 00:00:00,il,Culligan International -Everpure Div,Northbrook,215,Plant Closure,
warn-13985,2007-05-14,wa,ICOS Corporation,Bothell,5,,
warn-13986,2007-05-10,wa,New Century Financial Corporation,Bellevue,41,,
warn-9715,2007-05-09 00:00:00,tx,Newmark Homes,Farmers Branch,98,,
warn-13987,2007-05-09,wa,ICOS Corporation,Bothell,2,,
warn-2674,2007-05-08 00:00:00,il,NALGE NUNC INTERNATIONAL,Mundelein,145,Mass Layoff,
warn-9714,2007-05-08 00:00:00,tx,Newisys/Sanmina - SCI Company,Austin,87,,
warn-9716,2007-05-04 00:00:00,tx,New Century Financial Corporation - Plano,Plano,66,,
warn-9710,2007-05-01 00:00:00,tx,Air System Components - El Paso,El Paso,25,,
warn-9711,2007-05-01 00:00:00,tx,Air System Components - El Paso2,El Paso,5,,
warn-13988,2007-05-01,wa,Millenium Funding Group,Vancouver,72,,
warn-13989,2007-04-30,wa,"King County Publications, Ltd.",Kent,109,,
warn-13990,2007-04-30,wa,ICOS Corporation,Bothell,1,,
warn-9708,2007-04-27 00:00:00,tx,Sears Fashion Distribution Center,Garland,79,,
warn-9707,2007-04-26 00:00:00,tx,"Trinity Specialty Products, Inc.",Houston,91,,
warn-9712,2007-04-26 00:00:00,tx,Citicorp Credit Services Inc. - Irving,Irving,646,,
warn-9713,2007-04-26 00:00:00,tx,Citicorp Credit Services Inc. - Irving 2,Irving,17,,
warn-13991,2007-04-25,wa,Bethlehem Construction,Cashmere,76,,
warn-2371,2007-04-23 00:00:00,il,TECHNICAL COMPONENTS COMPANY,Carthage,450,Mass Layoff,
warn-9704,2007-04-20 00:00:00,tx,Air System Components - El Paso2,El Paso,16,,
warn-9705,2007-04-20 00:00:00,tx,Air System Components - El Paso,El Paso,13,,
warn-9709,2007-04-20 00:00:00,tx,The Variable Annuity Life Insurance Company2,Houston,120,,
warn-9706,2007-04-19 00:00:00,tx,WMC-GEMB Mortgage Corp.,Addison,185,,
warn-13992,2007-04-17,wa,ICOS Corporation,Redmond,1,,
warn-13993,2007-04-17,wa,ICOS Corporation,Bothell,1,,
warn-13994,2007-04-16,wa,Alltel,Issaquah,260,,
warn-9703,2007-04-12 00:00:00,tx,Accenture LLP - Austin,Austin,600,,
warn-9702,2007-04-11 00:00:00,tx,Key Equipment Finance,Houston,164,,
warn-9691,2007-04-05 00:00:00,tx,Brazos Concessions Co.,Houston,6,,
warn-9700,2007-04-04 00:00:00,tx,Auto Truck Transport - Garland,Garland,188,,
warn-9701,2007-04-04 00:00:00,tx,Auto Truck Transport - Laredo,Laredo,0,,
warn-9689,2007-04-03 00:00:00,tx,Central Parking Corporation - Dallas,Dallas,125,,
warn-9690,2007-04-02 00:00:00,tx,New Century Financial Corporation - Houston2,Houston,1,,
warn-9692,2007-04-02 00:00:00,tx,New Century Financial Corporation - Houston4,Houston,17,,
warn-9694,2007-04-02 00:00:00,tx,New Century Financial Corporation - Houston3,Houston,1,,
warn-9695,2007-04-02 00:00:00,tx,New Century Financial Corporation - Houston9,Houston,2,,
warn-9696,2007-04-02 00:00:00,tx,New Century Financial Corporation - Houston5,Houston,95,,
warn-9697,2007-04-02 00:00:00,tx,New Century Financial Corporation - Houston6,Houston,19,,
warn-9698,2007-04-02 00:00:00,tx,New Century Financial Corporation - Houston,Houston,14,,
warn-9699,2007-04-02 00:00:00,tx,New Century Financial Corporation - Houston8,Houston,1,,
warn-13995,2007-04-02,wa,ICOS Corporation,Bothell,17,,
warn-13996,2007-04-02,wa,Cosmo Store Services,Statewide,17,,
warn-2765,2007-03-29 00:00:00,il,,Waukegan,173,Plant Closure,
warn-9688,2007-03-26 00:00:00,tx,"RF Monolithics,Inc.",Dallas,70,,
warn-9693,2007-03-26 00:00:00,tx,"Clarke American Checks, Inc. - San Antonio",San Antonio,110,,
warn-9687,2007-03-23 00:00:00,tx,"ChoicePoint Precision Marketing, Inc.",El Paso,79,,
warn-9684,2007-03-22 00:00:00,tx,WMC-GEMB Mortgage Corp.,Addison,105,,
warn-9685,2007-03-22 00:00:00,tx,West Texas Hospital,Abilene,70,,
warn-9686,2007-03-22 00:00:00,tx,Concessions of Houston,Houston,61,,
warn-13997,2007-03-22,wa,ICOS Corporation,Bothell,1,,
warn-13998,2007-03-15,wa,Bank of America,Spokane,205,,
warn-2775,2007-03-14 00:00:00,il,CASE CORPORATION,Goodfield,195,Plant Closure,
warn-9681,2007-03-13 00:00:00,tx,Air System Components - El Paso,El Paso,17,,
warn-9682,2007-03-13 00:00:00,tx,Air System Components - El Paso2,El Paso,33,,
warn-9683,2007-03-13 00:00:00,tx,Brazos Corpus Christi Call Center,Corpus Ch,77,,
warn-2788,2007-03-09 00:00:00,il,Esselte Corporation,Kankakee,179,Mass Layoff,
warn-13999,2007-03-06,wa,ICOS Corporation,Bothell,1,,
warn-14000,2007-03-06,wa,Millenium Funding Group,Vancouver,76,,
warn-9465,2007-03-02 00:00:00,tx,Baron & Budd/LeBlanc,Dallas,154,,
warn-9675,2007-03-02 00:00:00,tx,"Fleetwood Travel Trailers of Texas, Inc.",Longview,240,,
warn-9676,2007-03-02 00:00:00,tx,Office Depot - Houston,Houston,52,,
warn-9677,2007-03-02 00:00:00,tx,Tyco Flow Control,Houston,217,,
warn-9679,2007-03-02 00:00:00,tx,Baron & Budd/LeBlanc,Dallas,154,,
warn-14001,2007-03-02,wa,Electric Boat,Bremerton,2,,
warn-9678,2007-03-01 00:00:00,tx,Horizon Health Corporation,Lewisville,55,,
warn-9680,2007-03-01 00:00:00,tx,Blue Cross Blue Shield/Trail Blazer Health Enterp.,Dallas,67,,
warn-14002,2007-03-01,wa,"Sun Microsystems, Inc",Bellevue,2,,
warn-2771,2007-02-28 00:00:00,il,,Chicago,75,Plant Closure,
warn-9672,2007-02-28 00:00:00,tx,"Sun Microsystems, Inc. - Dallas2",Dallas,11,,
warn-9673,2007-02-28 00:00:00,tx,"Sun Microsystems, Inc.",Austin,4,,
warn-9674,2007-02-28 00:00:00,tx,"Sun Microsystems, Inc. - Houston",Houston,3,,
warn-14003,2007-02-28,wa,ICOS Corporation,Bothell/Redmond/Bellevue,61,,
warn-14004,2007-02-28,wa,Sealed Air,Kent,99,,
warn-2815,2007-02-26 00:00:00,il,TECHNICAL COMPONENTS COMPANY,Golden,300,Mass Layoff,
warn-9671,2007-02-23 00:00:00,tx,CompUSA- Dallas6,Dallas,550,,
warn-14005,2007-02-22,wa,"U.S. Foodservice, Inc.",Ridgefield,43,,
warn-9669,2007-02-20 00:00:00,tx,"EduCare Community Living, LP/Esperanza",Austin,97,,
warn-14006,2007-02-16,wa,Electric Boat,Bremerton,6,,
warn-9670,2007-02-13 00:00:00,tx,"Washington Mutual Bank, Inc. - Dallas2",Dallas,90,,
warn-9665,2007-02-12 00:00:00,tx,Air System Components - El Paso2,El Paso,35,,
warn-9666,2007-02-12 00:00:00,tx,Air System Components - El Paso,El Paso,35,,
warn-9667,2007-02-06 00:00:00,tx,Columbia Industries-San Antonio,San Antonio,112,,
warn-9660,2007-02-02 00:00:00,tx,Advance Food Company,Harlingen,93,,
warn-9662,2007-02-02 00:00:00,tx,ANOVO Americas Inc.,Ft. Worth,118,,
warn-9659,2007-02-01 00:00:00,tx,Citicorp Credit Services Inc. - Irving 2,Irving,53,,
warn-9661,2007-01-30 00:00:00,tx,Smurfit-Stone Container Corporation - Houston 2,Houston,25,,
warn-9663,2007-01-30 00:00:00,tx,Smurfit-Stone Container Corporation - Houston,Houston,50,,
warn-9658,2007-01-29 00:00:00,tx,Pro-Line International,Dallas,169,,
warn-14007,2007-01-29,wa,ICOS Corporation,Bothell,10,,
warn-9668,2007-01-26 00:00:00,tx,Hotels.com,Pharr,145,,
warn-14008,2007-01-25,wa,"Sun Microsystems, Inc",Bellevue,1,,
warn-9664,2007-01-23 00:00:00,tx,"Penske Logistics, Inc - Los Indios",Los Indios,130,,
warn-9656,2007-01-22 00:00:00,tx,Aon Corporation,Houston,325,,
warn-2716,2007-01-19 00:00:00,il,,Rockford,159,Plant Closure,
warn-14009,2007-01-18,wa,AgriNorthwest,Kennewick,106,,
warn-14010,2007-01-17,wa,"Portac, Inc.",Tacoma,45,,
warn-9655,2007-01-15 00:00:00,tx,"Syzygy, Inc. (Kimberly Clark)",Waco,75,,
warn-14011,2007-01-12,wa,ICOS Corporation,Bothell,268,,
warn-14012,2007-01-12,wa,Trident Seafoods Corporation,Fife,106,,
warn-9649,2007-01-11 00:00:00,tx,Kerr-McGee Corporation2,Houston,167,,
warn-9650,2007-01-11 00:00:00,tx,Kerr-McGee Corporation3,Houston,166,,
warn-9651,2007-01-11 00:00:00,tx,The Anadarko Tower,The Woodlands,167,,
warn-9652,2007-01-11 00:00:00,tx,Anadarko Timberloch Place,The Woodlands,167,,
warn-9653,2007-01-11 00:00:00,tx,Kerr-McGee Corporation,Houston,167,,
warn-9654,2007-01-11 00:00:00,tx,Western Gas Resources - Houston,Houston,166,,
warn-9657,2007-01-09 00:00:00,tx,AT&T - LaMarque,La Marque,63,,
warn-9646,2007-01-08 00:00:00,tx,Medical Center at Terrell 2,Terrell,0,,
warn-9647,2007-01-08 00:00:00,tx,Medical Center at Terrell,Terrell,0,,
warn-9648,2007-01-08 00:00:00,tx,Wills Point Rural Health Clinic,Wills Point,0,,
warn-14013,2007-01-08,wa,Bessie Burton Sullivan Nursing Residence,Seattle,196,,
warn-9645,2007-01-05 00:00:00,tx,Houston Town and Country Hospital,Houston,298,,
warn-9644,2007-01-04 00:00:00,tx,Telematics/Powertrain Continental,Seguin,10,,
warn-9643,2007-01-02 00:00:00,tx,Crane Plumbing,Hearne,136,,
warn-9642,2006-12-28 00:00:00,tx,Duke Energy North America,Houston,64,,
warn-9640,2006-12-22 00:00:00,tx,Air System Components - El Paso,El Paso,47,,
warn-9641,2006-12-22 00:00:00,tx,Air System Components - El Paso2,El Paso,15,,
warn-9639,2006-12-15 00:00:00,tx,Verizon Business-Houston,Houston,54,,
warn-14014,2006-12-14,wa,ICOS Corporation,Bothell/Redmond/Bellevue,11,,
warn-2764,2006-12-13 00:00:00,il,,Wolf Lake,225,Mass Layoff,
warn-9638,2006-12-13 00:00:00,tx,"Home Products International, Inc.",El Paso,150,,
warn-14015,2006-12-11,wa,ICOS Corporation,Bothell/Redmond/Bellevue,111,,
warn-9636,2006-12-05 00:00:00,tx,CertainTeed Corporation,Ennis,52,,
warn-9637,2006-12-05 00:00:00,tx,"Angelica Textile Services, Inc.",Wichita Falls,57,,
warn-14016,2006-12-05,wa,ICOS Corporation,Bothell/Redmond,15,,
warn-14017,2006-12-01,wa,Electric Boat,Bremerton,50,,
warn-9628,2006-11-30 00:00:00,tx,"Applied Materials, Inc. - Austin4",Austin,0,,
warn-9629,2006-11-30 00:00:00,tx,"Applied Materials, Inc. - Austin2",Austin,0,,
warn-9630,2006-11-30 00:00:00,tx,"Applied Materials, Inc. - Austin9",Austin,0,,
warn-9631,2006-11-30 00:00:00,tx,Applied Materials-Addeco-SVO,Austin,0,,
warn-9632,2006-11-30 00:00:00,tx,"Applied Materials, Inc. - Richardson",Richardson,0,,
warn-9634,2006-11-30 00:00:00,tx,Hartford Fire Insurance Company,Dallas,55,,
warn-9633,2006-11-28 00:00:00,tx,Danvid Windows & Doors,Carrollton,230,,
warn-9635,2006-11-28 00:00:00,tx,Engineered Plastic Components (EPC)/Alcoa,El Paso,105,,
warn-14018,2006-11-27,wa,TransAlta,Centralia,568,,
warn-14019,2006-11-22,wa,Georgia Pacific Corporation,Camas,32,,
warn-9623,2006-11-17 00:00:00,tx,Air System Components - El Paso2,El Paso,15,,
warn-9625,2006-11-17 00:00:00,tx,"Telvista, Inc. - Grapevine",Grapevine,0,,
warn-9626,2006-11-17 00:00:00,tx,Air System Components - El Paso,El Paso,53,,
warn-14020,2006-11-17,wa,ICOS Corporation,Bothell,20,,
warn-14021,2006-11-17,wa,UPS Supply Chain Solutions,Auburn,57,,
warn-14022,2006-11-16,wa,"Sun Microsystems, Inc",Bellevue,3,,
warn-9616,2006-11-15 00:00:00,tx,"Telvista, Inc. - Grapevine",Grapevine,24,,
warn-9617,2006-11-15 00:00:00,tx,Magnetek Inc. Telecom Power Systems,Dallas,71,,
warn-9618,2006-11-15 00:00:00,tx,"Sun Microsystems, Inc. - San Antonio",San Antonio,1,,
warn-9619,2006-11-15 00:00:00,tx,"Sun Microsystems, Inc.",Austin,0,,
warn-9620,2006-11-15 00:00:00,tx,"Sun Microsystems, Inc. - Houston",Houston,3,,
warn-9621,2006-11-15 00:00:00,tx,"Sun Microsystems, Inc. - Dallas2",Dallas,13,,
warn-9624,2006-11-15 00:00:00,tx,Aloca-Rockdale 2,Rockdale,65,,
warn-9622,2006-11-14 00:00:00,tx,Lockheed Martin Aeronautics Company,White Settlement,7,,
warn-9627,2006-11-14 00:00:00,tx,"La Espiga De Oro, Inc.",Houston,0,,
warn-9615,2006-11-13 00:00:00,tx,"Rayloc Industries, Inc.",Stephenville,122,,
warn-9614,2006-11-09 00:00:00,tx,Delaware N. Co.Travel Hosp. Svcs. Inc.,El Paso,88,,
warn-14023,2006-11-09,wa,ICOS Corporation,Bothell,56,,
warn-9613,2006-11-07 00:00:00,tx,Lockheed Martin Aeronautics Company,White Settlement,4,,
warn-2711,2006-11-03 00:00:00,il,,Chicago,54,Plant Closure,
warn-9612,2006-11-02 00:00:00,tx,Good Shepherd Health System,Longview,232,,
warn-14024,2006-11-02,wa,ICOS Corporation,Bothell,197,,
warn-9611,2006-10-30 00:00:00,tx,Enron Corporation,Houston,97,,
warn-9609,2006-10-27 00:00:00,tx,"Moll Industries, Inc. - New Braunfels",New Braunfels,126,,
warn-9610,2006-10-27 00:00:00,tx,"Ethicon, Inc.",San Angelo,60,,
warn-14025,2006-10-27,wa,"Marine Industries Northwest, Inc",Tacoma,75,,
warn-14026,2006-10-27,wa,Glaxo Smith Kline,Bothell,63,,
warn-9608,2006-10-26 00:00:00,tx,Foley's,,13,,
warn-9606,2006-10-20 00:00:00,tx,"Frito-Lay, Inc.",Lubbock,282,,
warn-9607,2006-10-19 00:00:00,tx,Aerotek,Irving,139,,
warn-2717,2006-10-16 00:00:00,il,,Franklin Park,230,Plant Closure,
warn-9604,2006-10-13 00:00:00,tx,Air System Components - El Paso,El Paso,70,,
warn-9605,2006-10-13 00:00:00,tx,Air System Components - El Paso2,El Paso,10,,
warn-9599,2006-10-12 00:00:00,tx,Americana Foods Limited Partnership,Dallas,200,,
warn-9602,2006-10-11 00:00:00,tx,Kimberly Clark-N. Richland Hills,N. Richland Hills,72,,
warn-14027,2006-10-11,wa,Leavenworth Wood Products,Leavenworth,102,,
warn-14028,2006-10-09,wa,Washington Mutual,Lynnwood,140,,
warn-9600,2006-10-06 00:00:00,tx,General Dynamics,Garland,26,,
warn-9601,2006-10-06 00:00:00,tx,Royal Window Coverings (USA) L.P.,Houston,307,,
warn-9603,2006-10-06 00:00:00,tx,"Digby Truck Line, Inc.",Ft. Worth,105,,
warn-14029,2006-10-06,wa,Electric Boat,Bremerton,56,,
warn-14030,2006-10-03,wa,Spherion,Redmond,141,,
warn-9597,2006-10-02 00:00:00,tx,Duke Energy North America,Houston,35,,
warn-9596,2006-09-29 00:00:00,tx,AMS Services,College Station,64,,
warn-14031,2006-09-28,wa,Chelan Fruit,Pateros,84,,
warn-14032,2006-09-28,wa,"Sun Microsystems, Inc",Bellevue,2,,
warn-9592,2006-09-27 00:00:00,tx,"Sun Microsystems, Inc. - Houston",Houston,2,,
warn-9593,2006-09-27 00:00:00,tx,"Sun Microsystems, Inc.",Austin,3,,
warn-9594,2006-09-27 00:00:00,tx,"Sun Microsystems, Inc. - San Antonio",San Antonio,1,,
warn-9595,2006-09-27 00:00:00,tx,"Sun Microsystems, Inc. - Dallas2",Dallas,5,,
warn-9598,2006-09-27 00:00:00,tx,Atos Origin,Galveston,54,,
warn-2719,2006-09-25 00:00:00,il,"OWENS-BROCKWAY GLASS CONTAINERS, INC.",Godfrey,281,Mass Layoff,
warn-9590,2006-09-18 00:00:00,tx,Lockheed Martin Aeronautics Company,White Settlement,47,,
warn-9589,2006-09-15 00:00:00,tx,Lockheed Martin Aeronautics Company,White Settlement,66,,
warn-9591,2006-09-15 00:00:00,tx,Prism Hospitality/Stoneleigh Hotel,Dallas,58,,
warn-14033,2006-09-15,wa,Trammell Crow Company,Bellevue,64,,
warn-14034,2006-09-15,wa,Electric Boat,Bremerton,15,,
warn-9588,2006-09-13 00:00:00,tx,"Jones Apparel  of Texas II, LTD.",El Paso,77,,
warn-2574,2006-09-08 00:00:00,il,,Rockford,269,Plant Closure,
warn-9583,2006-09-05 00:00:00,tx,Valley-Dynamo L.P,Richland Hills,70,,
warn-9585,2006-09-05 00:00:00,tx,Serta Mattress Company,Austin,14,,
warn-9587,2006-09-05 00:00:00,tx,General Dynamics,Garland,9,,
warn-9584,2006-09-01 00:00:00,tx,Pizza Inn,The Colony,52,,
warn-14035,2006-09-01,wa,DMX Music,Seattle,120,,
warn-9581,2006-08-30 00:00:00,tx,Air System Components - El Paso2,El Paso,18,,
warn-9582,2006-08-30 00:00:00,tx,Air System Components - El Paso,El Paso,102,,
warn-9586,2006-08-28 00:00:00,tx,Foley's,,5,,
warn-14036,2006-08-28,wa,Star Manufacturing,Everett,107,,
warn-9578,2006-08-24 00:00:00,tx,Paloma (formerly NCED),El Paso,400,,
warn-9580,2006-08-24 00:00:00,tx,ReadyOne Industries (formerly NCED),El Paso,333,,
warn-9577,2006-08-21 00:00:00,tx,"Arbor E&T, LLC - Brownsville",Brownsville,106,,
warn-9579,2006-08-21 00:00:00,tx,Houston Distribution Center,Houston,16,,
warn-14037,2006-08-17,wa,"Tyson's Fresh Meats, Inc",Pasco,590,,
warn-14038,2006-08-11,wa,Electric Boat,Bremerton,44,,
warn-9565,2006-08-09 00:00:00,tx,D. J. Plastics,El Paso,128,,
warn-9567,2006-08-09 00:00:00,tx,SERCO - Northside Workforce Center,Ft. Worth,16,,
warn-9568,2006-08-09 00:00:00,tx,SERCO - Youth Staff Arlington Youth Center,Arlington,10,,
warn-9569,2006-08-09 00:00:00,tx,SERCO - Mid-Cities Workforce Center,Bedford,13,,
warn-9570,2006-08-09 00:00:00,tx,SERCO - Resource Connection Wkfc Center,Ft. Worth,21,,
warn-9571,2006-08-09 00:00:00,tx,SERCO - Arlington Workforce center,Arlington,22,,
warn-9572,2006-08-09 00:00:00,tx,SERCO - Workforce Solutions for Tarrant Co. Operat,Fort Worth,13,,
warn-9573,2006-08-09 00:00:00,tx,SERCO - Eastside Workforce Center,Ft. Worth,18,,
warn-9574,2006-08-09 00:00:00,tx,SERCO - Alliance Opportunity Center,Ft. Worth,6,,
warn-9575,2006-08-09 00:00:00,tx,SERCO - Downtown Workforce Center,Ft. Worth,13,,
warn-9576,2006-08-09 00:00:00,tx,SERCO - Westside Workforce Center,Ft. Worth,10,,
warn-14039,2006-08-03,wa,"Sun Microsystems, Inc",Bellevue,4,,
warn-9556,2006-08-02 00:00:00,tx,Duke Energy North America,Houston,92,,
warn-9557,2006-08-02 00:00:00,tx,"Sun Microsystems, Inc.",Austin,25,,
warn-9558,2006-08-02 00:00:00,tx,"Sun Microsystems, Inc. - Houston",Houston,5,,
warn-9559,2006-08-02 00:00:00,tx,"Sun Microsystems, Inc. - San Antonio",San Antonio,1,,
warn-9562,2006-08-02 00:00:00,tx,"Sun Microsystems, Inc. - Dallas2",Dallas,14,,
warn-9566,2006-08-02 00:00:00,tx,Houston Distribution Center,Houston,6,,
warn-9560,2006-08-01 00:00:00,tx,Kimberly Clark-N. Richland Hills,N. Richland Hills,27,,
warn-9563,2006-08-01 00:00:00,tx,Air System Components - El Paso2,El Paso,50,,
warn-9564,2006-08-01 00:00:00,tx,Air System Components - El Paso,El Paso,50,,
warn-14040,2006-07-31,wa,Bank of America,Richland,121,,
warn-14041,2006-07-31,wa,Bank of America,Seattle,255,,
warn-9543,2006-07-28 00:00:00,tx,Northrup Grumman/EMSC - Houston2,Houston,0,,
warn-9544,2006-07-28 00:00:00,tx,Northrup Grumman/EMSC - Houston3,Houston,0,,
warn-9545,2006-07-28 00:00:00,tx,Northrup Grumman/EMSC - Fort Worth,Ft. Worth,0,,
warn-9546,2006-07-28 00:00:00,tx,Northrup Grumman/EMSC - Dallas3,Dallas,0,,
warn-9547,2006-07-28 00:00:00,tx,Northrup Grumman/EMSC - Houston,Houston,0,,
warn-9548,2006-07-28 00:00:00,tx,Northrup Grumman/EMSC - San Antonio,San Antonio,0,,
warn-9549,2006-07-28 00:00:00,tx,Northrup Grumman/EMSC - Lubbock,Lubbock,0,,
warn-9550,2006-07-28 00:00:00,tx,Northrup Grumman/EMSC - Cameron,Brownsville,0,,
warn-9551,2006-07-28 00:00:00,tx,Northrup Grumman/EMSC - Laredo,Laredo,0,,
warn-9552,2006-07-28 00:00:00,tx,Northrup Grumman/EMSC - Dallas,Dallas,0,,
warn-9553,2006-07-28 00:00:00,tx,Northrup Grumman/EMSC - Dallas2,Dallas,0,,
warn-9554,2006-07-28 00:00:00,tx,Northrup Grumman/EMSC - McAllen,McAllen,0,,
warn-9555,2006-07-28 00:00:00,tx,Northrup Grumman/EMSC - El Paso,El Paso,0,,
warn-14042,2006-07-28,wa,Shurgard Self Storage,Seattle,175,,
warn-9561,2006-07-27 00:00:00,tx,Foley's,,5,,
warn-9540,2006-07-20 00:00:00,tx,"Windstream Communications, Inc. - Irving",Irving,170,,
warn-9541,2006-07-20 00:00:00,tx,"Windstream Communications, Inc./VALOR Telecom",Texarkana,230,,
warn-9539,2006-07-18 00:00:00,tx,Houston Distribution Center,Houston,13,,
warn-14043,2006-07-17,wa,Pony Lumber Company,Tacoma,125,,
warn-14044,2006-07-14,wa,Bank of America,Seattle,89,,
warn-9538,2006-07-12 00:00:00,tx,"Washington Mutual Bank, Inc.",Houston,110,,
warn-9542,2006-07-12 00:00:00,tx,Target Stores - Houston6,Houston,0,,
warn-2698,2006-07-10 00:00:00,il,,Metropolis,86,Mass Layoff,
warn-14045,2006-07-10,wa,"Ocean Beauty Seafoods, Inc",Seattle,120,,
warn-14046,2006-07-07,wa,Electric Boat,Bremerton,24,,
warn-9535,2006-07-05 00:00:00,tx,The Variable Annuity Life Insurance Company2,Houston,55,,
warn-9536,2006-07-05 00:00:00,tx,The Variable Annuity Life Insurance Company,Houston,56,,
warn-9534,2006-06-30 00:00:00,tx,Target Stores - Denton,Denton,0,,
warn-9533,2006-06-29 00:00:00,tx,Lockheed Martin Aeronautics Company,White Settlement,135,,
warn-9532,2006-06-26 00:00:00,tx,Foley's,,52,,
warn-14047,2006-06-22,wa,"Sun Microsystems, Inc",Bellevue,3,,
warn-9528,2006-06-21 00:00:00,tx,"Sun Microsystems, Inc. - San Antonio",San Antonio,2,,
warn-9529,2006-06-21 00:00:00,tx,"Sun Microsystems, Inc. - Houston",Houston,2,,
warn-9530,2006-06-21 00:00:00,tx,"Sun Microsystems, Inc.",Austin,5,,
warn-9531,2006-06-21 00:00:00,tx,"Sun Microsystems, Inc. - Dallas2",Dallas,10,,
warn-9537,2006-06-19 00:00:00,tx,Bill Clayton Detention Center,Littlefield,0,,
warn-9516,2006-06-16 00:00:00,tx,"Schneider Specialized Carriers, Inc - Lower Rio",Donna,1,,
warn-9517,2006-06-16 00:00:00,tx,"Schneider Specialized Carriers, Inc - Alamo",San Antonio,8,,
warn-9518,2006-06-16 00:00:00,tx,"Schneider Specialized Carriers, Inc - Rural",Wimberley,1,,
warn-9519,2006-06-16 00:00:00,tx,"Schneider Specialized Carriers, Inc - Tarrant",Arlington,0,,
warn-9520,2006-06-16 00:00:00,tx,"Schneider Specialized Carriers, Inc - East TX",Athens,1,,
warn-9521,2006-06-16 00:00:00,tx,"Schneider Specialized Carriers, Inc - Gulf Coast",Humble,2,,
warn-9522,2006-06-16 00:00:00,tx,"Schneider Specialized Carriers, Inc - S TX",Laredo,1,,
warn-9523,2006-06-16 00:00:00,tx,"Schneider Specialized Carriers, Inc - Central TX",Gatesville,2,,
warn-9524,2006-06-16 00:00:00,tx,"Schneider Specialized Carriers, Inc - Dallas Co",Dallas,0,,
warn-9525,2006-06-16 00:00:00,tx,"Schneider Specialized Carriers, Inc - N Central TX",Corsicana,6,,
warn-9526,2006-06-16 00:00:00,tx,"Schneider Specialized Carriers, Inc - N TX",Wichita Falls,6,,
warn-9511,2006-06-15 00:00:00,tx,Charter Communications,Ft. Worth,130,,
warn-9527,2006-06-15 00:00:00,tx,"Airbase Services, Inc.",Grand Prairie,20,,
warn-9512,2006-06-14 00:00:00,tx,Macy's - San Antonio,San Antonio,0,,
warn-9513,2006-06-14 00:00:00,tx,Foley's - Frisco,Frisco,76,,
warn-9514,2006-06-14 00:00:00,tx,Macy's - Frisco,Frisco,76,,
warn-9515,2006-06-14 00:00:00,tx,Foley's - San Antonio,San Antonio,0,,
warn-9510,2006-06-13 00:00:00,tx,"Raytheon Technical Services Co., LLC - Ft Bliss",Fort Bliss,115,,
warn-2676,2006-06-08 00:00:00,il,BEMIS COMPANY,Peoria,238,Plant Closure,
warn-2688,2006-06-02 00:00:00,il,Eaton Corporation,Petersburg,83,Plant Closure,
warn-9506,2006-06-02 00:00:00,tx,Aramark Facility Services - Sugar Land,Sugar Land,10,,
warn-9507,2006-06-02 00:00:00,tx,Aramark Facility Services - Sugar Land2,Sugar Land,88,,
warn-14048,2006-06-02,wa,Yakima Resources,Yakima,250,,
warn-9508,2006-06-01 00:00:00,tx,Northeast Medical Center - Humble,Humble,88,,
warn-9509,2006-06-01 00:00:00,tx,Kimberly Clark-N. Richland Hills,N. Richland Hills,4,,
warn-14049,2006-06-01,wa,Washington Mutual,Bothell,900,,
warn-9505,2006-05-31 00:00:00,tx,"Nautilus, Inc. - Tyler",Tyler,55,,
warn-14050,2006-05-30,wa,Larry's Markets,"Bellevue, Kirkland, Redmond, Seattle, Tukwila",545,,
warn-9504,2006-05-26 00:00:00,tx,Foley's,,153,,
warn-2654,2006-05-15 00:00:00,il,Henry Pratt Company,Dixon,102,Plant Closure,
warn-2658,2006-05-12 00:00:00,il,MAYTAG,Herrin,1000,Mass Layoff,
warn-9502,2006-05-11 00:00:00,tx,"Lear Siegler Services, Inc. - New Boston",New Boston,205,,
warn-9501,2006-05-09 00:00:00,tx,"Sun Microsystems, Inc. - Dallas2",Dallas,5,,
warn-14051,2006-05-09,wa,K-Mart,Wenatchee,60,,
warn-9500,2006-05-06 00:00:00,tx,Ameriquest Mortgage Company,Houston,76,,
warn-9497,2006-05-04 00:00:00,tx,"Symphony Health Services, LLC - Richardson",Richardson,1,,
warn-9498,2006-05-04 00:00:00,tx,"Symphony Health Services, LLC - Spring",Spring,1,,
warn-9499,2006-05-02 00:00:00,tx,Verizon Business,Austin,6,,
warn-14052,2006-05-02,wa,Food Services of America,Seattle,125,,
warn-2675,2006-05-01 00:00:00,il,,Cicero,297,Plant Closure,
warn-9495,2006-05-01 00:00:00,tx,Kimberly Clark-N. Richland Hills,N. Richland Hills,13,,
warn-9496,2006-05-01 00:00:00,tx,Oceanic Systems,Dallas,55,,
warn-9503,2006-05-01 00:00:00,tx,DynCorp International,Fort Hood,537,,
warn-14053,2006-04-28,wa,Mega Foods,Tacoma,80,,
warn-2541,2006-04-26 00:00:00,il,,Montgomery,312,Plant Closure,
warn-9494,2006-04-26 00:00:00,tx,Foley's,,57,,
warn-2670,2006-04-24 00:00:00,il,Dana Brake Parts Inc.,McHenry,198,Plant Closure,
warn-2668,2006-04-21 00:00:00,il,Sauer-Danfoss,LaSalle,150,Plant Closure,
warn-9493,2006-04-20 00:00:00,tx,"Nautilus, Inc.",Tyler,55,,
warn-9489,2006-04-13 00:00:00,tx,Taylor Publishing - San Angelo,San Angelo,114,,
warn-9492,2006-04-13 00:00:00,tx,Dallas Commercial Lending Services,Richardson,34,,
warn-9490,2006-04-12 00:00:00,tx,"Sun Microsystems, Inc. - Dallas",Dallas,5,,
warn-9491,2006-04-11 00:00:00,tx,Park Ten Foods,Houston,80,,
warn-9488,2006-04-06 00:00:00,tx,"Sun Microsystems, Inc.",Austin,24,,
warn-14054,2006-04-06,wa,Amtech Corp,Yelm,47,,
warn-9485,2006-04-05 00:00:00,tx,"Sun Microsystems, Inc. - Dallas",Dallas,5,,
warn-9486,2006-04-05 00:00:00,tx,"Sun Microsystems, Inc. - Houston",Houston,4,,
warn-9487,2006-04-05 00:00:00,tx,"Sun Microsystems, Inc. - San Antonio",San Antonio,4,,
warn-9482,2006-04-04 00:00:00,tx,General Dynamics,Garland,160,,
warn-9483,2006-04-03 00:00:00,tx,Houston Distribution Center,Houston,143,,
warn-14055,2006-04-03,wa,"Wackenhut Services, Inc",Bangor,100,,
warn-14056,2006-04-03,wa,American Airlines,SeaTac,28,,
warn-9478,2006-03-31 00:00:00,tx,American Airlines - San Antonio,San Antonio,16,,
warn-9479,2006-03-31 00:00:00,tx,American Airlines - Houston,Houston,8,,
warn-9480,2006-03-31 00:00:00,tx,American Airlines - Austin2,Austin,0,,
warn-9481,2006-03-31 00:00:00,tx,Albis Plastics,Rosenberg,116,,
warn-9476,2006-03-27 00:00:00,tx,NCED/Sahara2,El Paso,200,,
warn-9477,2006-03-27 00:00:00,tx,NCED/Sahara,El Paso,805,,
warn-9484,2006-03-27 00:00:00,tx,Foley's,,23,,
warn-2657,2006-03-22 00:00:00,il,Technicolor Universal,Pinckneyville,780,Plant Closure,
warn-9471,2006-03-22 00:00:00,tx,American Airlines - Austin,Austin,27,,
warn-9472,2006-03-22 00:00:00,tx,The Wornick Company-Right Away Divisions,McAllen,72,,
warn-9473,2006-03-22 00:00:00,tx,The Wornick Co-Cold Storage Facility,McAllen,72,,
warn-9474,2006-03-22 00:00:00,tx,The Wornick Co-5-Star,McAllen,71,,
warn-14057,2006-03-20,wa,Ossur Generation II USA,Bothell,49,,
warn-2682,2006-03-17 00:00:00,il,,Rantoul,1133,Layoff,
warn-9469,2006-03-17 00:00:00,tx,"NCO Financial Systems, Inc. - Houston",Houston,195,,
warn-9468,2006-03-15 00:00:00,tx,Sprint Nextel,Lubbock,98,,
warn-9470,2006-03-15 00:00:00,tx,Volvo Car Finance,Richardson,128,,
warn-9475,2006-03-13 00:00:00,tx,Kimberly Clark,N. Richland Hills,16,,
warn-14058,2006-03-13,wa,"Sun Microsystems, Inc",Bellevue,2,,
warn-14059,2006-03-13,wa,Cingular Wireless,Redmond,2,,
warn-9467,2006-03-08 00:00:00,tx,"Sun Microsystems, Inc.",Austin,2,,
warn-9466,2006-03-03 00:00:00,tx,ACS,Dallas,0,,
warn-14060,2006-03-02,wa,Cingular Wireless,"Bothell, Redmond",17,,
warn-9464,2006-03-01 00:00:00,tx,Foley's,,265,,
warn-9462,2006-02-27 00:00:00,tx,"Value Frozen Foods, Inc.",Monte Alto,449,,
warn-9463,2006-02-27 00:00:00,tx,"Arbor E&T, LLC (Res Care)",Dallas,75,,
warn-14061,2006-02-27,wa,Defense Logistics Agency,Fort Lewis,1,,
warn-9461,2006-02-22 00:00:00,tx,DNA Productions,Irving,80,,
warn-2420,2006-02-21 00:00:00,il,NATIONAL MAUNFACTURING COMPANY,STERLING,564,Layoff,
warn-9455,2006-02-21 00:00:00,tx,"Perlos, Inc.",Ft. Worth,1209,,
warn-9454,2006-02-17 00:00:00,tx,GHG Corporation-Houston2,Houston,0,,
warn-9456,2006-02-17 00:00:00,tx,GHG Corporation-Houston,Houston,0,,
warn-14062,2006-02-17,wa,Cingular Wireless,"Bothell, Redmond",6,,
warn-9457,2006-02-16 00:00:00,tx,Science Applications International Corp - Houston2,Houston,0,,
warn-9458,2006-02-16 00:00:00,tx,Science Applications International Corp - Houston,Houston,0,,
warn-9459,2006-02-16 00:00:00,tx,"Gabberts, Inc. - Ft. Worth",Ft. Worth,16,,
warn-9460,2006-02-16 00:00:00,tx,"Gabberts, Inc. - Dallas",Dallas,33,,
warn-9453,2006-02-15 00:00:00,tx,"Fujicolor Processing, Inc.",Dallas,54,,
warn-9452,2006-02-06 00:00:00,tx,"Walsh Healthcare Solutions, Inc.",Texarkana,20,,
warn-9437,2006-02-02 00:00:00,tx,Enterprise Management Services Corp-Brownsville,Brownsville,0,,
warn-9438,2006-02-02 00:00:00,tx,Enterprise Management Services Corp-El Paso,El Paso,0,,
warn-9439,2006-02-02 00:00:00,tx,Enterprise Management Services Corp-Lubbock,Lubbock,0,,
warn-9440,2006-02-02 00:00:00,tx,Enterprise Management Services Corp-Houston SW,Houston,0,,
warn-9441,2006-02-02 00:00:00,tx,Enterprise Management Services Corp-McAllen,McAllen,0,,
warn-9442,2006-02-02 00:00:00,tx,Enterprise Management Services Corp-Dallas N.,Dallas,0,,
warn-9443,2006-02-02 00:00:00,tx,Enterprise Management Services Corp-Dallas S.,Dallas,0,,
warn-9445,2006-02-02 00:00:00,tx,Enterprise Management Services Corp-Laredo,Laredo,0,,
warn-9446,2006-02-02 00:00:00,tx,Enterprise Management Services Corp-Houston NW,Houston,0,,
warn-9447,2006-02-02 00:00:00,tx,Enterprise Management Services Corp-Houston SE,Houston,0,,
warn-9448,2006-02-02 00:00:00,tx,Enterprise Management Services Corp-San Antonio,San Antonio,0,,
warn-9449,2006-02-02 00:00:00,tx,Enterprise Management Services Corp-Ft. Worth,Fort Worth,1,,
warn-14063,2006-02-02,wa,Panasonic,Vancouver,104,,
warn-9444,2006-02-01 00:00:00,tx,Houston Distribution Center,Houston,26,,
warn-9451,2006-01-31 00:00:00,tx,Kimberly Clark,N. Richland Hills,20,,
warn-14064,2006-01-31,wa,Cingular Wireless,"Bothell, Redmond",34,,
warn-9450,2006-01-30 00:00:00,tx,American Airlines - Houston,Houston,21,,
warn-9433,2006-01-27 00:00:00,tx,Central Parking Corporation,El Paso,35,,
warn-9435,2006-01-27 00:00:00,tx,Cingular Wireless - Richardson,Richardson,5,,
warn-9436,2006-01-27 00:00:00,tx,Cingular Wireless - El Paso,El Paso,1,,
warn-9434,2006-01-26 00:00:00,tx,"HIT Entertainment, Inc.",Allen,70,,
warn-14065,2006-01-25,wa,Sinnett's MarketPlace,Longview,65,,
warn-9431,2006-01-24 00:00:00,tx,"Motorola, Inc. - Ft. Worth",Ft. Worth,83,,
warn-9432,2006-01-23 00:00:00,tx,Capgemini Energy - Irving,Irving,153,,
warn-14066,2006-01-23,wa,Virginia Mason Clinics,Port Angeles,98,,
warn-14067,2006-01-17,wa,Cingular Wireless,"Bothell, Redmond",2,,
warn-9430,2006-01-16 00:00:00,tx,"NCO Financial Systems, Inc.",Houston,279,,
warn-14068,2006-01-16,wa,UNICCO,Federal Way,90,,
warn-9428,2006-01-13 00:00:00,tx,"Dillard's, Inc. - Pasadena",Pasadena,126,,
warn-9429,2006-01-13 00:00:00,tx,Cingular Wireless,Houston,8,,
warn-9427,2006-01-09 00:00:00,tx,Lockheed Martin Aeronautics Company,White Settlement,352,,
warn-14069,2006-01-09,wa,OfficeMax home Plate,Elma,63,,
warn-14070,2006-01-06,wa,"Bechtel National, Inc.",Richland,275,,
warn-9426,2006-01-05 00:00:00,tx,Kimberly Clark,N. Richland Hills,6,,
warn-9425,2006-01-04 00:00:00,tx,Duke Energy North America,Houston,71,,
warn-14071,2006-01-03,wa,"Schoeller Arca Systems, Inc",Tacoma,86,,
warn-9424,2005-12-28 00:00:00,tx,Foley's,,282,,
warn-14072,2005-12-20,wa,Cingular Wireless,"Bothell, Redmond",1,,
warn-9422,2005-12-19 00:00:00,tx,Cooper Cameron Valves - Houston,Houston,96,,
warn-9423,2005-12-16 00:00:00,tx,Gentiva,Houston,61,,
warn-9421,2005-12-13 00:00:00,tx,"Delaware North Companies Sportservice, Inc.",Dallas,0,,
warn-9420,2005-12-12 00:00:00,tx,Transamerica Life Insurance Company,Bedford,5,,
warn-2646,2005-12-08 00:00:00,il,,Sauget,302,Plant Closure,
warn-9419,2005-12-07 00:00:00,tx,"Tecstar, LLC",Ft. Worth,136,,
warn-9418,2005-12-06 00:00:00,tx,Regency Plastics,McAllen,39,,
warn-14073,2005-12-06,wa,Cingular Wireless,"Bothell, Redmond",16,,
warn-14074,2005-12-06,wa,Delta Airlines,Seattle,68,,
warn-14075,2005-12-06,wa,Bank of America,Seattle,115,,
warn-9416,2005-12-02 00:00:00,tx,Capgemini Energy - Irving,Irving,65,,
warn-9415,2005-12-01 00:00:00,tx,FM Industries Inc,Ft. Worth,112,,
warn-9417,2005-11-29 00:00:00,tx,Kimberly Clark,N. Richland Hills,8,,
warn-14076,2005-11-29,wa,Getronics,Blaine,2,,
warn-9413,2005-11-22 00:00:00,tx,Raytheon-Sherman1,Sherman,197,,
warn-9410,2005-11-17 00:00:00,tx,"Washington Mutual Bank, Inc. - El Paso",El Paso,371,,
warn-9411,2005-11-17 00:00:00,tx,"MC Plaza Hotel, L.P.",Houston,100,,
warn-9414,2005-11-17 00:00:00,tx,Target Stores - San Antonio2,San Antonio,112,,
warn-14077,2005-11-16,wa,Metro One,Tukwila,45,,
warn-9412,2005-11-14 00:00:00,tx,Lockheed Martin Aeronautics Company,White Settlement,335,,
warn-14078,2005-11-14,wa,Delaware North Companies,Spokane,80,,
warn-9408,2005-11-11 00:00:00,tx,"Papercon, Inc.",Farmers Branch,47,,
warn-14079,2005-11-10,wa,Ridpath Hotel,Spokane,74,,
warn-2637,2005-11-07 00:00:00,il,"Kone, Inc.",Coal Valley,94,Mass Layoff,
warn-9409,2005-11-07 00:00:00,tx,"Metro One Telecommunications, Inc. - Houston",Houston,111,,
warn-14080,2005-11-07,wa,Cingular Wireless,"Bothell, Redmond",7,,
warn-9407,2005-11-02 00:00:00,tx,"El Paso Towing, Inc.",El Paso,60,,
warn-14081,2005-11-02,wa,"Welch Foods, Inc.",Kennewick,163,,
warn-9405,2005-11-01 00:00:00,tx,Jon-Lin Corporation,Marlin,84,,
warn-9406,2005-11-01 00:00:00,tx,Kimberly Clark,N. Richland Hills,7,,
warn-14082,2005-11-01,wa,"Woodbridge Gardens, Inc",Winlock,4,,
warn-14083,2005-10-26,wa,First Hill Care Center,Seattle,103,,
warn-9404,2005-10-25 00:00:00,tx,Cenveo - Quality Park PrintXcel,Marshall,52,,
warn-9401,2005-10-24 00:00:00,tx,Crown Cork & Seal - Abilene,Abilene,130,,
warn-9402,2005-10-24 00:00:00,tx,JPMorgan Chase,Houston,325,,
warn-14084,2005-10-24,wa,Weyerhaeuser Company,Cosmopolis,245,,
warn-14085,2005-10-24,wa,Weyerhaeuser Company,Aberdeen,97,,
warn-9403,2005-10-21 00:00:00,tx,Cingular Wireless - Dallas2,Dallas,2,,
warn-14086,2005-10-21,wa,Cingular Wireless,"Bothell, Redmond",25,,
warn-14087,2005-10-19,wa,Interstate Brands Corp,Lakewood,185,,
warn-14088,2005-10-11,wa,Cingular Wireless,"Bothell, Redmond",24,,
warn-9400,2005-10-10 00:00:00,tx,"Carlson Companies, Inc.",Carrollton,4,,
warn-9398,2005-10-07 00:00:00,tx,"Molnlycke Health Care, Inc.",El Paso,34,,
warn-9399,2005-10-07 00:00:00,tx,Forward Manufacturing,Ft. Worth,67,,
warn-14089,2005-10-07,wa,Electronic Data Systems,Tacoma,122,,
warn-9397,2005-10-06 00:00:00,tx,Pasadena Paper Company,Pasadena,262,,
warn-9393,2005-10-04 00:00:00,tx,McKesson Corporation - San Antonio (Walsh S. West),San Antonio,80,,
warn-9394,2005-10-04 00:00:00,tx,McKesson Corporation - Flower Mound,Flower Mound,9,,
warn-9395,2005-10-04 00:00:00,tx,Sitel - Austin,Austin,80,,
warn-14090,2005-10-04,wa,GB Enterprises,Arlington,138,,
warn-9390,2005-09-30 00:00:00,tx,SavaSeniorCare,Houston,71,,
warn-9392,2005-09-30 00:00:00,tx,Wilson Memorial Hospital,Floresville,156,,
warn-9396,2005-09-30 00:00:00,tx,Kimberly Clark,N. Richland Hills,8,,
warn-9391,2005-09-28 00:00:00,tx,Champion Air,Dallas,81,,
warn-14091,2005-09-27,wa,Cingular Wireless,"Bothell, Redmond",15,,
warn-14092,2005-09-23,wa,"Phillips Ultrasound, Inc",Bothell,1,,
warn-2634,2005-09-22 00:00:00,il,,Chicago,103,Plant Closure,
warn-9389,2005-09-22 00:00:00,tx,Spirit Aviation Services,Ft. Worth,99,,
warn-9386,2005-09-19 00:00:00,tx,"ACS State and Local Solutions, Inc. - Austin2",Austin,122,,
warn-9387,2005-09-19 00:00:00,tx,PP Data Services-Six Flags Astroworld,Houston,119,,
warn-9388,2005-09-16 00:00:00,tx,General Motors Acceptance Corporation - Richardson,Richardson,81,,
warn-14093,2005-09-14,wa,Getronics,Blaine,2,,
warn-14094,2005-09-13,wa,Cingular Wireless,"Bothell, Redmond",7,,
warn-9385,2005-09-12 00:00:00,tx,"NCO Financial Systems, Inc - Grapevine",Grapevine,131,,
warn-14095,2005-09-09,wa,Kinross Gold Corp,Republic,65,,
warn-9384,2005-09-08 00:00:00,tx,G. E. Consumer Finance,Frisco,20,,
warn-14096,2005-09-06,wa,TreeSource,Tumwater,124,,
warn-2412,2005-09-02 00:00:00,il,Levolor Home Fashions,FREEPORT,115,Plant Closure,
warn-9380,2005-09-02 00:00:00,tx,Durham School Services,Austin,33,,
warn-9382,2005-09-01 00:00:00,tx,Pro Demonstration Services,San Antonio,733,,
warn-9383,2005-09-01 00:00:00,tx,Smurfit-Stone Container Division - Grand Prairie,Grand Prairie,30,,
warn-9381,2005-08-30 00:00:00,tx,Kimberly Clark,N. Richland Hills,12,,
warn-9379,2005-08-29 00:00:00,tx,Transamerica Life Insurance Company,Bedford,6,,
warn-9375,2005-08-26 00:00:00,tx,Cingular Wireless - Farmers Branch,Farmers Branch,1,,
warn-9376,2005-08-26 00:00:00,tx,Cingular Wireless,Houston,1,,
warn-9377,2005-08-26 00:00:00,tx,Cingular Wireless - Richardson,Richardson,5,,
warn-9378,2005-08-26 00:00:00,tx,Cingular Wireless - Plano,Plano,11,,
warn-14097,2005-08-25,wa,"Maxon Furniture, Inc",Kent,73,,
warn-14098,2005-08-24,wa,Jeld Wen,Everett,85,,
warn-14099,2005-08-23,wa,TFS Electronic Manufacturing,Redmond,171,,
warn-2611,2005-08-19 00:00:00,il,,Bedford Park,180,Plant Closure,
warn-9374,2005-08-19 00:00:00,tx,General Cable,Bonham,36,,
warn-9373,2005-08-16 00:00:00,tx,"BMK, LP",Carrollton,279,,
warn-14100,2005-08-15,wa,"Phillips Ultrasound, Inc",Bothell,2,,
warn-14101,2005-08-14,wa,Cingular Wireless,"Bothell, Redmond",9,,
warn-1801,2005-08-11 00:00:00,il,ELEMENTIS PIGMENTS INC,EAST ST LOUIS,101,Plant Closure,
warn-9371,2005-08-11 00:00:00,tx,Global Payments-Dallas,Dallas,80,,
warn-9372,2005-08-09 00:00:00,tx,Kimberly Clark,N. Richland Hills,8,,
warn-9365,2005-08-03 00:00:00,tx,Rock-Tenn Company,Waco,164,,
warn-9366,2005-08-03 00:00:00,tx,General Cable,Bonham,14,,
warn-9367,2005-08-03 00:00:00,tx,Target Stores - San Antonio,San Antonio,129,,
warn-9369,2005-08-03 00:00:00,tx,Target Stores - Houston5,Houston,105,,
warn-9370,2005-08-02 00:00:00,tx,North Texas Job Corps Center,McKinney,1,,
warn-14102,2005-08-02,wa,Cingular Wireless,"Bothell, Redmond",6,,
warn-9368,2005-08-01 00:00:00,tx,Kimberly Clark,N. Richland Hills,9,,
warn-9363,2005-07-29 00:00:00,tx,Cingular Wireless - Austin,Austin,3,,
warn-9364,2005-07-29 00:00:00,tx,"NCO Financial Systems, Inc. - San Antonio",San Antonio,390,,
warn-9362,2005-07-25 00:00:00,tx,"Mundy Maintenace , Services and Operations, LLC",Port Neches,15,,
warn-14103,2005-07-25,wa,IAP World Services,Bangor,787,,
warn-9360,2005-07-22 00:00:00,tx,Arch Wireless & Metro Call USA Mobility Co.,Plano,80,,
warn-9361,2005-07-22 00:00:00,tx,"VF Intimates, LP",McAllen,221,,
warn-14104,2005-07-22,wa,Cingular Wireless,"Bothell, Redmond",10,,
warn-9359,2005-07-21 00:00:00,tx,VF Jeanswear - Fabens,Fabens,395,,
warn-2609,2005-07-19 00:00:00,il,WAGNER CASTINGS COMPANY MALLEABLE FOUNDR,Decatur,328,Plant Closure,
warn-9356,2005-07-15 00:00:00,tx,"Raytheon Technical Services Co., LLC - Ft Bliss",Fort Bliss,180,,
warn-9357,2005-07-15 00:00:00,tx,"Hexion Speciality Chemicals Company, Inc.",Houston,70,,
warn-14105,2005-07-15,wa,"Phillips Ultrasound, Inc",Bothell,33,,
warn-9355,2005-07-13 00:00:00,tx,Teleperformance USA,Abilene,0,,
warn-14106,2005-07-13,wa,PhotoWorks.com,Seattle,3,,
warn-14107,2005-07-13,wa,Corixa Corp.,Seattle,70,,
warn-9351,2005-07-07 00:00:00,tx,"Telvista, Inc.",Plano,351,,
warn-2597,2005-07-05 00:00:00,il,,Granite City,300,Plant Closure,
warn-9358,2005-07-05 00:00:00,tx,Kimberly Clark,N. Richland Hills,16,,
warn-2598,2005-06-30 00:00:00,il,Archway & Mothers Cookie Company,DuQuoin,257,Plant Closure,
warn-9349,2005-06-28 00:00:00,tx,Transamerica Life Insurance Company,Bedford,13,,
warn-9348,2005-06-27 00:00:00,tx,General Cable,Bonham,139,,
warn-9350,2005-06-27 00:00:00,tx,Lockheed Martin Aeronautics Company,White Settlement,147,,
warn-9352,2005-06-23 00:00:00,tx,Citibank Texas,Bryan,62,,
warn-9353,2005-06-23 00:00:00,tx,Citibank Texas - Bryan2,Bryan,61,,
warn-9354,2005-06-23 00:00:00,tx,Citibank Texas - Bryan3,Bryan,61,,
warn-14108,2005-06-23,wa,Jeld Wen,Everett,75,,
warn-14109,2005-06-21,wa,Cingular Wireless,"Bothell, Redmond",4,,
warn-9347,2005-06-20 00:00:00,tx,Cingular Wireless - Dallas2,Dallas,2,,
warn-9346,2005-06-17 00:00:00,tx,Harte-Hanks,Austin,140,,
warn-14110,2005-06-16,wa,"Monolith Productions, Inc",Kirkland,80,,
warn-9342,2005-06-15 00:00:00,tx,Decision One,Bryan,186,,
warn-9343,2005-06-14 00:00:00,tx,SCI Funeral & Cemetery Purchasing Coop. - Houston2,Houston,60,,
warn-9344,2005-06-14 00:00:00,tx,SCI Funeral & Cemetery Purchasing Coop. - Houston,Houston,60,,
warn-14111,2005-06-10,wa,"Phillips Ultrasound, Inc",Bothell,13,,
warn-2599,2005-06-08 00:00:00,il,READY METAL,Chicago,180,Plant Closure,
warn-9345,2005-06-08 00:00:00,tx,General Motors Acceptance Corporation - Houston,Houston,45,,
warn-9341,2005-06-06 00:00:00,tx,National Oilwell Varco,Houston,169,,
warn-9340,2005-06-03 00:00:00,tx,"Commemorative Brands, Inc. - El Paso",El Paso,138,,
warn-14112,2005-06-03,wa,"Cell Therapeutics, Inc",Seattle,92,,
warn-2272,2005-06-02 00:00:00,il,L R Nelson,Peoria,80,Plant Closure,
warn-14113,2005-06-02,wa,"Contec, LLC",Seattle,70,,
warn-9338,2005-05-31 00:00:00,tx,Transamerica Life Insurance Company,Bedford,3,,
warn-9339,2005-05-31 00:00:00,tx,Merkafon Teleperformance,Plano,64,,
warn-14114,2005-05-27,wa,Durham School Services,Seattle,98,,
warn-14115,2005-05-23,wa,Cingular Wireless,"Bothell, Redmond",15,,
warn-14116,2005-05-20,wa,"Rockwell Collins, Inc",Kirkland,135,,
warn-14117,2005-05-20,wa,American Commercial Security Services,Bellevue,155,,
warn-14118,2005-05-19,wa,Alaska Airlines,Seattle,477,,
warn-2581,2005-05-18 00:00:00,il,,Chicago,127,Plant Closure,
warn-9334,2005-05-18 00:00:00,tx,AmersourceBergen Corporation - San Antonio,San Antonio,41,,
warn-9335,2005-05-17 00:00:00,tx,Lord & Taylor - Houston4,Houston,53,,
warn-9336,2005-05-17 00:00:00,tx,Neiman Marcus - Houston,Houston,150,,
warn-9337,2005-05-17 00:00:00,tx,Amveco,Houston,53,,
warn-9333,2005-05-13 00:00:00,tx,"CHS, Inc.",Ft. Worth,138,,
warn-14119,2005-05-13,wa,Laidlaw Transit Services,Redmond,75,,
warn-9332,2005-05-11 00:00:00,tx,Fayette Memorial Hospital,La Grange,4,,
warn-14120,2005-05-09,wa,Cingular Wireless,"Bothell, Redmond",12,,
warn-9330,2005-05-06 00:00:00,tx,Thomas Care Center,Houston,253,,
warn-9331,2005-05-04 00:00:00,tx,Kimberly Clark,N. Richland Hills,30,,
warn-14121,2005-05-02,wa,Sanmina-SCI,Bothell,53,,
warn-9328,2005-04-29 00:00:00,tx,"Ethicon, Inc.",San Angelo,150,,
warn-9329,2005-04-29 00:00:00,tx,Wistron InfoComm Corporation,El Paso,69,,
warn-9325,2005-04-26 00:00:00,tx,Transamerica Life Insurance Company,Bedford,20,,
warn-9326,2005-04-26 00:00:00,tx,Fluor Corporation,La Porte,117,,
warn-9327,2005-04-25 00:00:00,tx,Neiman Marcus - Dallas2,Dallas,63,,
warn-14122,2005-04-25,wa,"Bechtel National, Inc.",Richland,350,,
warn-14123,2005-04-25,wa,Cingular Wireless,Redmond,4,,
warn-14124,2005-04-19,wa,Qwest,Seattle,23,,
warn-9324,2005-04-15 00:00:00,tx,"United Plastics Group, Inc. - El Paso",El Paso,95,,
warn-14125,2005-04-11,wa,United Airlines,Kent,426,,
warn-14126,2005-04-11,wa,Cingular Wireless,"Bothell, Redmond",26,,
warn-9322,2005-04-06 00:00:00,tx,"Stanbury Uniforms, Inc.",Waxahachie,96,,
warn-9323,2005-04-06 00:00:00,tx,Lockheed Martin Aeronautics Company,White Settlement,76,,
warn-9320,2005-04-04 00:00:00,tx,Invensys Climate Controls/Ranco North America,Brownsville,30,,
warn-14127,2005-04-04,wa,Lennox Hearth Products,Burlington,72,,
warn-9318,2005-03-31 00:00:00,tx,"Washington Mutual Bank, Inc. - Dallas",Dallas,83,,
warn-9319,2005-03-31 00:00:00,tx,Holiday Inn Express Austin,Austin,19,,
warn-9317,2005-03-28 00:00:00,tx,Phelps Dodge Magnet Wire,El Paso,9,,
warn-9321,2005-03-25 00:00:00,tx,"ATC/Vancom, Inc.",Austin,0,,
warn-14128,2005-03-25,wa,Qwest,Seattle,144,,
warn-9316,2005-03-23 00:00:00,tx,Galileo International,Tomball,1,,
warn-2594,2005-03-22 00:00:00,il,,Sterling,210,Plant Closure,
warn-9315,2005-03-22 00:00:00,tx,Lord & Taylor - Plano,Plano,87,,
warn-14129,2005-03-17,wa,"Phillips Ultrasound, Inc",Bothell,43,,
warn-9314,2005-03-16 00:00:00,tx,"Ericsson, Inc.",Plano,7,,
warn-9313,2005-03-11 00:00:00,tx,Kimberly Clark,N. Richland Hills,25,,
warn-14130,2005-03-08,wa,Brown & Cole Stores,Pasco,64,,
warn-14131,2005-03-08,wa,Brown & Cole Stores,Smokey Point,65,,
warn-14132,2005-03-08,wa,Brown & Cole Stores,Yakima,67,,
warn-9311,2005-03-07 00:00:00,tx,Tandy Wire Fabrication Facility,Ft. Worth,69,,
warn-9312,2005-03-07 00:00:00,tx,Citicorp Credit Services Inc. - Houston,Houston,712,,
warn-9310,2005-03-03 00:00:00,tx,"Yazaki North America dba Elcom, Inc.",El Paso,61,,
warn-9309,2005-03-02 00:00:00,tx,Viking Office Products/Office Depot,Southlake,65,,
warn-14133,2005-03-02,wa,Yakima Resources,Yakima,118,,
warn-14134,2005-03-01,wa,Cingular Wireless,"Bothell, Redmond",73,,
warn-9308,2005-02-25 00:00:00,tx,"Gadzooks, Inc.",Carrollton,144,,
warn-9306,2005-02-23 00:00:00,tx,GE Security,Gladewater,127,,
warn-9307,2005-02-18 00:00:00,tx,Ryder-Dallas,Dallas,75,,
warn-9305,2005-02-14 00:00:00,tx,Delet ockheed Martin - White Settlement (Ft. Worth),White Settlement,16,,
warn-14135,2005-02-14,wa,Cingular Wireless,"Bothell, Redmond",182,,
warn-2576,2005-02-11 00:00:00,il,American Flange & Manufacturing Co,Carol Stream,52,Plant Closure,
warn-2613,2005-02-10 00:00:00,il,,Mattoon,300,Mass Layoff,
warn-9301,2005-02-10 00:00:00,tx,"Casey Pottery Company, LLP",Marshall,123,,
warn-9302,2005-02-10 00:00:00,tx,Spherion - Westlake,Westlake,10,,
warn-9303,2005-02-10 00:00:00,tx,Spherion - Coppell,Coppell,11,,
warn-9304,2005-02-10 00:00:00,tx,Freeport Vinyl Technologies Company,Freeport,3,,
warn-9299,2005-02-08 00:00:00,tx,Cavalier Home Builders,Ft. Worth,174,,
warn-9300,2005-02-04 00:00:00,tx,Nokia - Tarrant,Ft. Worth,354,,
warn-2370,2005-02-03 00:00:00,il,TECHNICAL COMPONENTS COMPANY,Carthage,1500,Layoff,
warn-2564,2005-02-03 00:00:00,il,,Melrose Park,118,Plant Closure,
warn-9298,2005-02-03 00:00:00,tx,Cooper Cameron Valves - Brookshire,Brookshire,60,,
warn-14136,2005-02-01,wa,Cingular Wireless,"Bothell, Redmond",160,,
warn-14137,2005-02-01,wa,"Sallie Mae, Inc",Seattle,74,,
warn-9296,2005-01-31 00:00:00,tx,Cingular Wireless - Houston,Houston,10,,
warn-9297,2005-01-31 00:00:00,tx,Cingular Wireless - Dallas2,Dallas,6,,
warn-14138,2005-01-31,wa,Masonic Retirement Center of WA,Des Moines,125,,
warn-14139,2005-01-27,wa,Pacific Marine Maintenance Co.,Tacoma,72,,
warn-9295,2005-01-25 00:00:00,tx,GE Engine Services,Dallas,202,,
warn-9294,2005-01-20 00:00:00,tx,Delet ockheed Martin - White Settlement (Ft. Worth),White Settlement,220,,
warn-14140,2005-01-20,wa,PhotoWorks.com,Seattle,67,,
warn-14141,2005-01-18,wa,Cingular Wireless,"Bothell, Redmond",88,,
warn-14142,2005-01-18,wa,"Phillips Ultrasound, Inc",Bothell,17,,
warn-9289,2005-01-17 00:00:00,tx,Cingular Wireless - Austin,Austin,17,,
warn-9290,2005-01-17 00:00:00,tx,Cingular Wireless - Dallas,Dallas,24,,
warn-9291,2005-01-17 00:00:00,tx,Cingular Wireless - Richardson,Richardson,21,,
warn-9292,2005-01-17 00:00:00,tx,Cingular Wireless - Wichita Falls,Wichita Falls,1,,
warn-9293,2005-01-12 00:00:00,tx,Cargill Sweetners,Dimmitt,91,,
warn-2437,2005-01-07 00:00:00,il,CFM HARRIS SYSTEMS/CFM RMC INTERNL,SKOKIE,200,Mass Layoff,
warn-9287,2005-01-04 00:00:00,tx,Cingular Wireless,Houston,42,,
warn-14143,2005-01-03,wa,Cingular Wireless,"Bothell, Redmond",155,,
warn-9286,2004-12-30 00:00:00,tx,Cingular Wireless - Farmers Branch,Farmers Branch,6,,
warn-9288,2004-12-30 00:00:00,tx,Cingular Wireless - Plano,Plano,62,,
warn-9285,2004-12-29 00:00:00,tx,Lord & Taylor - Houston3,Houston,101,,
warn-9283,2004-12-22 00:00:00,tx,National Benevolent Association,San Antonio,303,,
warn-14144,2004-12-22,wa,Capital One,Federal Way,256,,
warn-9284,2004-12-21 00:00:00,tx,Tyler Refrigeration Corporation,Waxahachie,475,,
warn-9282,2004-12-17 00:00:00,tx,Mediacopy,El Paso,157,,
warn-9281,2004-12-16 00:00:00,tx,Capgemini Energy,Waco,286,,
warn-1571,2004-12-15 00:00:00,il,PEERLESS-PREMIER APPLIANCE COMPANY,BELLEVILLE,100,Plant Closure,
warn-14145,2004-12-13,wa,Corixa Corp.,Seattle,60,,
warn-1862,2004-12-09 00:00:00,il,KNOWLES ELECTRONICS INC.,ELGIN,66,Plant Closure,
warn-2396,2004-12-07 00:00:00,il,,GENOA,303,Plant Closure,
warn-9277,2004-12-03 00:00:00,tx,"Lakeway Inn & Conference, LLC",Austin,183,,
warn-9280,2004-12-03 00:00:00,tx,"Hernandez Engineering, Inc.",Houston,1,,
warn-9276,2004-12-01 00:00:00,tx,Foley's - Arlington,Arlington,109,,
warn-9273,2004-11-23 00:00:00,tx,Jumpking Incorporated - Mesquite,Mesquite,550,,
warn-9274,2004-11-22 00:00:00,tx,Pomerantz Staffing Services,Ft. Worth,100,,
warn-9275,2004-11-22 00:00:00,tx,Delet ockheed Martin - White Settlement (Ft. Worth),White Settlement,3,,
warn-9268,2004-11-18 00:00:00,tx,Eimo Technologies - Fort Worth,Ft. Worth,110,,
warn-597,2004-11-17 00:00:00,il,"FEDDERS AIR CONDITIONING USA, INC.",EFFINGHAM,65,Plant Closure,
warn-9272,2004-11-16 00:00:00,tx,Sanmina,Carrollton,49,,
warn-14146,2004-11-16,wa,Panasonic,Kent,63,,
warn-9267,2004-11-15 00:00:00,tx,Transamerica Life Insurance Company,Bedford,6,,
warn-9269,2004-11-15 00:00:00,tx,Freeport Vinyl Technologies Company,Freeport,104,,
warn-9270,2004-11-15 00:00:00,tx,Delet ockheed Martin - White Settlement (Ft. Worth),White Settlement,58,,
warn-9265,2004-11-11 00:00:00,tx,Sermatech Power Solutions/Teleflex Incorporated,Houston,80,,
warn-9263,2004-11-09 00:00:00,tx,"Ericsson, Inc.",Plano,25,,
warn-9264,2004-11-09 00:00:00,tx,"Oceaneering International, Inc. - Houston",Houston,20,,
warn-9266,2004-11-09 00:00:00,tx,"Oceaneering International, Inc. - Magnolia",Magnolia,20,,
warn-9279,2004-11-09 00:00:00,tx,"SBC Services, Inc.",Corpus Ch,105,,
warn-9262,2004-11-08 00:00:00,tx,"Ericsson, Inc.",Plano,4,,
warn-9271,2004-11-08 00:00:00,tx,Delet ockheed Martin - White Settlement (Ft. Worth),White Settlement,63,,
warn-9261,2004-11-03 00:00:00,tx,Specialty Outsourcing Solutions (SOS),Waco,108,,
warn-9259,2004-10-29 00:00:00,tx,Trinity Universal Insurance Company,Dallas,277,,
warn-14147,2004-10-29,wa,Trinity Universal Insurance Co.,Spokane,47,,
warn-9260,2004-10-27 00:00:00,tx,"ABB Lummus Global, Inc.",Houston,126,,
warn-9258,2004-10-26 00:00:00,tx,Manchester Tank & Equipment Company,Lubbock,70,,
warn-9256,2004-10-22 00:00:00,tx,Lastra America,Jacksonville,196,,
warn-9255,2004-10-20 00:00:00,tx,Invensys Climate Controls/Ranco North America,Brownsville,35,,
warn-2490,2004-10-19 00:00:00,il,"CSL Behring, LLC",BRADLEY,500,Mass Layoff,
warn-9254,2004-10-18 00:00:00,tx,Osteopathic Medical Center of Texas,Ft. Worth,1188,,
warn-14148,2004-10-18,wa,HMS Host,SeaTac,103,,
warn-2496,2004-10-15 00:00:00,il,ATWOOD INDUSTRIES,ROCKFORD,377,Plant Closure,
warn-9253,2004-10-13 00:00:00,tx,International Paper - Dallas,Dallas,65,,
warn-2154,2004-10-12 00:00:00,il,SCHUMACHER ELECTRIC CORPORATION,HOOPESTON,170,Layoff,
warn-9252,2004-10-12 00:00:00,tx,Skoronski Corporation,San Antonio,8,,
warn-9250,2004-10-08 00:00:00,tx,"Columbus Industries, Inc.",El Paso,64,,
warn-9248,2004-10-07 00:00:00,tx,XL Insurance,Dallas,13,,
warn-9249,2004-10-07 00:00:00,tx,"Medi-Dyn, Inc. (Osteopathic Medical Center of Tx)",Ft. Worth,52,,
warn-9251,2004-10-06 00:00:00,tx,Elcom Wiring Facility,El Paso,103,,
warn-9247,2004-10-04 00:00:00,tx,The Burns Group,Taylor,130,,
warn-9246,2004-09-30 00:00:00,tx,National Delivery Service (NDS),Houston,158,,
warn-9245,2004-09-29 00:00:00,tx,Transamerica Life Insurance Company,Bedford,10,,
warn-2528,2004-09-28 00:00:00,il,,Galesburg,300,Plant Closure,
warn-9243,2004-09-27 00:00:00,tx,CVS Pharmacy,Garland,281,,
warn-14149,2004-09-27,wa,Alcoa-Wenatchee,Malaga,59,,
warn-9241,2004-09-22 00:00:00,tx,Merkafon Teleperformance,Plano,279,,
warn-9240,2004-09-21 00:00:00,tx,Atlantic Southeast Airlines (Delta),Ft. Worth,1597,,
warn-14150,2004-09-21,wa,Plexus Corp,Bothell,163,,
warn-2534,2004-09-20 00:00:00,il,US. Can Co,Elgin,62,Plant Closure,
warn-9239,2004-09-17 00:00:00,tx,National Spirit Group (NSG) Corporation,Athens,163,,
warn-9238,2004-09-16 00:00:00,tx,LeeMAH Electronics. Inc.,Richardson,76,,
warn-9244,2004-09-16 00:00:00,tx,Gate Gourmet,Dallas,109,,
warn-9236,2004-09-15 00:00:00,tx,"Texwood Furniture, Ltd.",Taylor,75,,
warn-9237,2004-09-15 00:00:00,tx,Schneider Electric,Coppell,144,,
warn-14151,2004-09-14,wa,Alaska Airlines,Seattle,189,,
warn-9242,2004-09-10 00:00:00,tx,Molded Fiber Glass Companies,Gainesville,72,,
warn-9233,2004-09-07 00:00:00,tx,Deluxe Financial Svs. Corp.,Dallas,110,,
warn-9257,2004-09-03 00:00:00,tx,Sanmina,Carrollton,129,,
warn-9234,2004-09-02 00:00:00,tx,"Aegis Communications Group, Inc.",Irving,0,,
warn-9228,2004-09-01 00:00:00,tx,VF Jeanswear - Fabens,Fabens,89,,
warn-9229,2004-09-01 00:00:00,tx,VF Jeanswear - El Paso3,El Paso,56,,
warn-9230,2004-09-01 00:00:00,tx,VF Jeanswear - El Paso4,El Paso,250,,
warn-9231,2004-09-01 00:00:00,tx,VF Jeanswear - El Paso2,El Paso,640,,
warn-9232,2004-09-01 00:00:00,tx,Tandy Security Systems,Ft. Worth,74,,
warn-9226,2004-08-31 00:00:00,tx,Jumpking Incorporated - Mesquite,Mesquite,340,,
warn-9227,2004-08-27 00:00:00,tx,Cell-U-Foam Corporation,Fresno,98,,
warn-9225,2004-08-26 00:00:00,tx,"NCO Financial Systems, Inc.",Houston,252,,
warn-9224,2004-08-25 00:00:00,tx,Town Square 2000 LLC,Hillsboro,82,,
warn-9223,2004-08-23 00:00:00,tx,TSI of Florida (Emerson),Grand Prairie,91,,
warn-14152,2004-08-23,wa,Microsoft,Redmond,67,,
warn-9221,2004-08-20 00:00:00,tx,"HHAP, Inc.",Houston,107,,
warn-9219,2004-08-19 00:00:00,tx,"Tyco Healthcare Retail Group, Inc.",Waco,212,,
warn-9235,2004-08-19 00:00:00,tx,Howmet Hillsboro Casting,Hillsboro,57,,
warn-9218,2004-08-17 00:00:00,tx,Transamerica Life Insurance Company,Bedford,21,,
warn-9220,2004-08-17 00:00:00,tx,Sanmina,Carrollton,60,,
warn-14153,2004-08-09,wa,Guidant Sales Corp,Redmond,2,,
warn-9217,2004-08-06 00:00:00,tx,Guidant Sales Corporation,Irving,3,,
warn-9213,2004-08-05 00:00:00,tx,SimplexGrinnell LP,McAllen,50,,
warn-9214,2004-08-05 00:00:00,tx,SimplexGrinnell LP - Lubbock,Lubbock,60,,
warn-9215,2004-08-05 00:00:00,tx,SimplexGrinnell LP - Beaumont,Beaumont,45,,
warn-9216,2004-08-05 00:00:00,tx,MeadWestvaco Corporation,Garland,200,,
warn-9212,2004-08-04 00:00:00,tx,"Sikorsky Support Services, Inc.",Corpus Christi,0,,
warn-14154,2004-08-04,wa,SuperValue,Tacoma,220,,
warn-9211,2004-08-03 00:00:00,tx,General Motors Acceptance Corp. - League City,League City,197,,
warn-9222,2004-08-03 00:00:00,tx,"Capital One Services, Inc.",Irving,142,,
warn-9210,2004-08-02 00:00:00,tx,AT&T - Houston2,Houston,76,,
warn-9207,2004-07-30 00:00:00,tx,TXU,Mt Pleasant,50,,
warn-14155,2004-07-30,wa,Alcoa-Wenatchee,Malaga,400,,
warn-14156,2004-07-30,wa,Target,Federal Way,134,,
warn-9204,2004-07-29 00:00:00,tx,Sara Lee Bakery Group Plant - San Antonio,San Antonio,104,,
warn-9205,2004-07-29 00:00:00,tx,Guidant Sales Corporation,Irving,4,,
warn-9206,2004-07-29 00:00:00,tx,Guidant Sales Corporation - Houston,Houston,2,,
warn-9209,2004-07-29 00:00:00,tx,Groupe Lacasse LLC,Henderson,70,,
warn-14157,2004-07-29,wa,Guidant Sales Corp,Kirkland,2,,
warn-9202,2004-07-28 00:00:00,tx,Health Net Federal Services - San Antonio,San Antonio,119,,
warn-14158,2004-07-28,wa,Premera Blue Cross,Mountlake Terrace,82,,
warn-9203,2004-07-26 00:00:00,tx,Lockheed Martin Aeronautics Company,White Settlement,2,,
warn-14159,2004-07-22,wa,Johnson Controls,Silverdale,35,,
warn-9198,2004-07-21 00:00:00,tx,Mediacopy,El Paso,46,,
warn-9201,2004-07-21 00:00:00,tx,"Washington Mutual Bank, Inc. - Irving",Irving,73,,
warn-9196,2004-07-19 00:00:00,tx,MCI-Richardson,Richardson,52,,
warn-9200,2004-07-19 00:00:00,tx,"Washington Mutual Bank, Inc. - San Antonio",San Antonio,630,,
warn-9197,2004-07-16 00:00:00,tx,MCI-Austin,Austin,130,,
warn-9199,2004-07-16 00:00:00,tx,"Luby's, Inc.",San Antonio,61,,
warn-9193,2004-07-15 00:00:00,tx,The Eureka Company dba Electrolux,El Paso,412,,
warn-9194,2004-07-15 00:00:00,tx,Lockheed Martin Aeronautics Company,White Settlement,6,,
warn-9195,2004-07-15 00:00:00,tx,Providian Financial Corporation - San Antonio,San Antonio,200,,
warn-9192,2004-07-09 00:00:00,tx,Interstate Hotels & Resorts,Irving,0,,
warn-2464,2004-07-07 00:00:00,il,AMERICAN LOCK,CRETE,240,Plant Closure,
warn-9208,2004-07-07 00:00:00,tx,Media Services Corporation,Houston,40,,
warn-14160,2004-07-06,wa,Brown & Williamson Tobacco,Bellevue,31,,
warn-9191,2004-07-05 00:00:00,tx,"Ericsson, Inc.",Plano,19,,
warn-9190,2004-07-01 00:00:00,tx,Brown & Williams Tobacco Corporation-Spring,Spring,38,,
warn-9189,2004-06-30 00:00:00,tx,Lockheed Martin-White Settlement2,White Settlement,125,,
warn-14161,2004-06-30,wa,Sacred Heart Hospital,Spokane,174,,
warn-9188,2004-06-24 00:00:00,tx,ACS Business Process Solutions',San Antonio,48,,
warn-9187,2004-06-22 00:00:00,tx,Lockheed Martin Aeronautics Company,White Settlement,41,,
warn-9186,2004-06-16 00:00:00,tx,Powerwave Technologies Company,Fort Worth,19,,
warn-14162,2004-06-16,wa,"Qualex, Inc.",Chehalis,80,,
warn-14163,2004-06-10,wa,"Ericsson, Inc",Redmond,3,,
warn-9184,2004-06-08 00:00:00,tx,"MCI, Inc.",San Antonio,102,,
warn-9182,2004-06-07 00:00:00,tx,Footstar,Irving,113,,
warn-9183,2004-06-07 00:00:00,tx,"NJA Consulting, LLC",Irving,0,,
warn-9185,2004-06-07 00:00:00,tx,Lockheed Martin Aeronautics Company,White Settlement,135,,
warn-9278,2004-06-07 00:00:00,tx,First Preston Management Company,Addison,49,,
warn-9180,2004-06-04 00:00:00,tx,Northwestern Regional Hospital,Corpus Ch,150,,
warn-14164,2004-06-03,wa,IBM,Redmond,63,,
warn-9181,2004-06-01 00:00:00,tx,Lockheed Martin Aeronautics Company,White Settlement,49,,
warn-2495,2004-05-28 00:00:00,il,"Solutia, Inc.",Sauget,50,Plant Closure,
warn-9179,2004-05-28 00:00:00,tx,"Ericsson, Inc.",Plano,66,,
warn-9178,2004-05-24 00:00:00,tx,Lockheed Martin Aeronautics Company,White Settlement,5,,
warn-14165,2004-05-24,wa,Washington Mutual,Seattle,170,,
warn-9176,2004-05-18 00:00:00,tx,"Honeywell, Intl. Lewisville",Lewisville,43,,
warn-9175,2004-05-14 00:00:00,tx,"Ericsson, Inc.",Plano,23,,
warn-9177,2004-05-14 00:00:00,tx,"Raytheon Technical Services Company, LLC",Clear Lake,185,,
warn-9174,2004-05-13 00:00:00,tx,Smurfit-Stone Corrugated Container Division,Dallas,114,,
warn-14166,2004-05-12,wa,Selkirk Industries,Lynnwood,52,,
warn-9172,2004-05-11 00:00:00,tx,Lonza Inc.,Pasadena,61,,
warn-2475,2004-05-09 00:00:00,il,INFORMATION RESOURCES INC,CHICAGO,292,Mass Layoff,
warn-2484,2004-05-05 00:00:00,il,,Jacksonville,434,Plant Closure,
warn-9173,2004-05-03 00:00:00,tx,Lockheed Martin Aeronautics Company,White Settlement,11,,
warn-2477,2004-04-30 00:00:00,il,RHC/SPACEMASTER CORP,MELROSE PARK,87,Plant Closure,
warn-9170,2004-04-30 00:00:00,tx,Spherion,Victoria,221,,
warn-9171,2004-04-30 00:00:00,tx,Dupont,Beaumont,35,,
warn-9169,2004-04-28 00:00:00,tx,Dresser Roots,Houston,55,,
warn-14167,2004-04-28,wa,GE Osmonics,Kent,27,,
warn-14168,2004-04-27,wa,GMAC Financial Services,Bellevue,43,,
warn-901,2004-04-26 00:00:00,il,ARCHIBALD CANDY CORP,CHICAGO,1073,Plant Closure,
warn-9167,2004-04-23 00:00:00,tx,GE fleet Services,Carrollton,234,,
warn-9165,2004-04-22 00:00:00,tx,Guidant Corporation,Houston,58,,
warn-9166,2004-04-22 00:00:00,tx,Guidant Harris Corporation,Pearland,55,,
warn-14169,2004-04-22,wa,Terabeam Corporation,Redmond,13,,
warn-9168,2004-04-21 00:00:00,tx,Alcoa Mill Products,Elmendorf,165,,
warn-9164,2004-04-19 00:00:00,tx,Delet ockheed Martin - White Settlement (Ft. Worth),White Settlement,19,,
warn-14170,2004-04-19,wa,HealthNet Federal Services,Tacoma,82,,
warn-14171,2004-04-15,wa,Evergreen Vista Convalescent Center,Kirkland,131,,
warn-9162,2004-04-14 00:00:00,tx,Coastal Bank,Houston,185,,
warn-14172,2004-04-14,wa,Terabeam Corporation,Redmond,87,,
warn-14173,2004-04-14,wa,Custom Apple Packers,Brewster,73,,
warn-9163,2004-04-12 00:00:00,tx,Delet ockheed Martin - White Settlement (Ft. Worth),White Settlement,76,,
warn-9159,2004-04-05 00:00:00,tx,Delet ockheed Martin - White Settlement (Ft. Worth),White Settlement,245,,
warn-9160,2004-04-05 00:00:00,tx,"Americo Services, Inc.",Dallas,190,,
warn-9157,2004-03-31 00:00:00,tx,Zimmer formerly Centerpuls Orthopedics,Austin,550,,
warn-9158,2004-03-31 00:00:00,tx,BMW & Mini Dealership,Dallas,0,,
warn-9161,2004-03-31 00:00:00,tx,Nuevo Energy Company,Houston,50,,
warn-9156,2004-03-30 00:00:00,tx,"Titan Plastics Group, Inc.",El Paso,75,,
warn-14174,2004-03-30,wa,Airborne Express,Seattle,1000,,
warn-14175,2004-03-26,wa,Todd Pacific Shipyards Corp,Seattle,500,,
warn-14176,2004-03-26,wa,Wells Fargo Bank,Oak Harbor,84,,
warn-9155,2004-03-25 00:00:00,tx,Keystone Education and Youth Services,Dallas,67,,
warn-14177,2004-03-25,wa,Peter Pan Seafoods,Seattle,63,,
warn-9152,2004-03-22 00:00:00,tx,"Reliant Resources, Inc.",Houston,194,,
warn-9151,2004-03-19 00:00:00,tx,"CBCA, Inc.",Ft. Worth,82,,
warn-14178,2004-03-19,wa,J.R. Simplot Company,Quincy,606,,
warn-9149,2004-03-15 00:00:00,tx,Federal Reserve Bank of Dallas - SA Branch,San Antonio,55,,
warn-9150,2004-03-15 00:00:00,tx,Office Max - Fort Worth,Ft. Worth,293,,
warn-9153,2004-03-12 00:00:00,tx,Weber Aircraft,Gainesville,100,,
warn-14179,2004-03-09,wa,GL&V,Vancouver,46,,
warn-9085,2004-03-08 00:00:00,tx,Chevron Texaco 1663,The Colony,8,,
warn-9086,2004-03-08 00:00:00,tx,Chevron Texaco 1642,Plano,10,,
warn-9087,2004-03-08 00:00:00,tx,Chevron Texaco 1660,Ft. Worth,7,,
warn-9088,2004-03-08 00:00:00,tx,Chevron Texaco 1670,Keller,9,,
warn-9089,2004-03-08 00:00:00,tx,Chevron Texaco 1231,Dallas,10,,
warn-9090,2004-03-08 00:00:00,tx,Chevron Texaco 1673,Flower Mound,9,,
warn-9091,2004-03-08 00:00:00,tx,Chevron Texaco 1646,N. Richland Hills,7,,
warn-9092,2004-03-08 00:00:00,tx,Chevron Texaco 1659,Ft. Worth,11,,
warn-9093,2004-03-08 00:00:00,tx,Chevron Texaco 1657,Ft. Worth,6,,
warn-9094,2004-03-08 00:00:00,tx,Chevron Texaco 1233,Lewisville,5,,
warn-9095,2004-03-08 00:00:00,tx,Chevron Texaco 1213,University Park,8,,
warn-9096,2004-03-08 00:00:00,tx,Chevron Texaco 1239,Dallas,13,,
warn-9097,2004-03-08 00:00:00,tx,Chevron Texaco 1242,Dallas,9,,
warn-9098,2004-03-08 00:00:00,tx,Chevron Texaco 1666,Dallas,9,,
warn-9099,2004-03-08 00:00:00,tx,Chevron Texaco 1672,Dallas,12,,
warn-9100,2004-03-08 00:00:00,tx,Chevron Texaco 1264,Dallas,9,,
warn-9101,2004-03-08 00:00:00,tx,Chevron Texaco 1297,Plano,7,,
warn-9102,2004-03-08 00:00:00,tx,Chevron Texaco 1287,Plano,7,,
warn-9103,2004-03-08 00:00:00,tx,Chevron Texaco 1296,Southlake,8,,
warn-9104,2004-03-08 00:00:00,tx,Chevron Texaco 1228,Dallas,8,,
warn-9105,2004-03-08 00:00:00,tx,Chevron Texaco 1664,Denton,7,,
warn-9106,2004-03-08 00:00:00,tx,Chevron Texaco 1651,Ft. Worth,9,,
warn-9107,2004-03-08 00:00:00,tx,Chevron Texaco 1248,Rockwall,7,,
warn-9108,2004-03-08 00:00:00,tx,Chevron Texaco 1262,Lancaster,7,,
warn-9109,2004-03-08 00:00:00,tx,Chevron Texaco 1223,Mesquite,9,,
warn-9110,2004-03-08 00:00:00,tx,Chevron Texaco 1212,Dallas,8,,
warn-9111,2004-03-08 00:00:00,tx,Chevron Texaco 1606,Coppell,6,,
warn-9112,2004-03-08 00:00:00,tx,Chevron Texaco 1625,Mesquite,8,,
warn-9113,2004-03-08 00:00:00,tx,Chevron Texaco 1290,Irving,14,,
warn-9114,2004-03-08 00:00:00,tx,Chevron Texaco 1667,Carrollton,10,,
warn-9115,2004-03-08 00:00:00,tx,Chevron Texaco 1209,Richardson,6,,
warn-9116,2004-03-08 00:00:00,tx,Chevron Texaco 1218,Richardson,9,,
warn-9117,2004-03-08 00:00:00,tx,Chevron Texaco 1291,N. Richland Hills,5,,
warn-9118,2004-03-08 00:00:00,tx,Chevron Texaco 1259,Richardson,7,,
warn-9119,2004-03-08 00:00:00,tx,Chevron Texaco 1626,Mesquite,8,,
warn-9120,2004-03-08 00:00:00,tx,Chevron Texaco 1298,Plano,10,,
warn-9121,2004-03-08 00:00:00,tx,Chevron Texaco 1202,Euless,6,,
warn-9122,2004-03-08 00:00:00,tx,Chevron Texaco 1204,Arlington,7,,
warn-9123,2004-03-08 00:00:00,tx,Chevron Texaco 1638,Forest Hill,8,,
warn-9124,2004-03-08 00:00:00,tx,Chevron Texaco 1277,Grand Prairie,17,,
warn-9125,2004-03-08 00:00:00,tx,Chevron Texaco 1293,Ft. Worth,8,,
warn-9126,2004-03-08 00:00:00,tx,Chevron Texaco 1283,Ft. Worth,6,,
warn-9127,2004-03-08 00:00:00,tx,Chevron Texaco 1616,Ft. Worth,6,,
warn-9128,2004-03-08 00:00:00,tx,Chevron Texaco 1631,Dallas,9,,
warn-9129,2004-03-08 00:00:00,tx,Chevron Texaco 1665,Garland,12,,
warn-9130,2004-03-08 00:00:00,tx,Chevron Texaco 1628,Dallas,10,,
warn-9131,2004-03-08 00:00:00,tx,Chevron Texaco 1669,Garland,9,,
warn-9132,2004-03-08 00:00:00,tx,Chevron Texaco 1289,Grapevine,8,,
warn-9133,2004-03-08 00:00:00,tx,Chevron Texaco 1294,Garland,7,,
warn-9134,2004-03-08 00:00:00,tx,Chevron Texaco 1280,Grapevine,10,,
warn-9135,2004-03-08 00:00:00,tx,Chevron Texaco 1620,Grand Prairie,6,,
warn-9136,2004-03-08 00:00:00,tx,Chevron Texaco 1288,Lewisville,6,,
warn-9137,2004-03-08 00:00:00,tx,Chevron Texaco 1615,Hurst,6,,
warn-9138,2004-03-08 00:00:00,tx,Chevron Texaco 1662,Burleson,7,,
warn-9139,2004-03-08 00:00:00,tx,Chevron Texaco 1249,Allen,6,,
warn-9140,2004-03-08 00:00:00,tx,Chevron Texaco 1286,Duncanville,10,,
warn-9141,2004-03-08 00:00:00,tx,Chevron Texaco 1295,Lancaster,7,,
warn-9142,2004-03-08 00:00:00,tx,Chevron Texaco 1632,Dallas,7,,
warn-9143,2004-03-08 00:00:00,tx,Chevron Texaco 1292,Dallas,8,,
warn-9144,2004-03-08 00:00:00,tx,Chevron Texaco 1668,Allen,11,,
warn-9145,2004-03-08 00:00:00,tx,Chevron Texaco 1285,Dallas,12,,
warn-9146,2004-03-08 00:00:00,tx,Chevron Texaco 1205,Carrollton,8,,
warn-9147,2004-03-08 00:00:00,tx,Chevron Texaco 1250,Plano,7,,
warn-9148,2004-03-08 00:00:00,tx,JC Penny,Austin,395,,
warn-14180,2004-03-08,wa,Merrill Lynch Howard Johnson's,Seattle,92,,
warn-9078,2004-03-01 00:00:00,tx,Cintas Corporation - Dallas,Dallas,60,,
warn-9079,2004-03-01 00:00:00,tx,First American Real Estate Tax Service,Dallas,29,,
warn-14181,2004-03-01,wa,"Fujicolor Processing, Inc",Tukwila,49,,
warn-2457,2004-02-27 00:00:00,il,"LITTELFUSE, INC",ARCOLA,98,Mass Layoff,
warn-9080,2004-02-27 00:00:00,tx,Time Warner Cable - Harlingen,Harlingen,40,,
warn-9081,2004-02-27 00:00:00,tx,Time Warner Cable - Houston,Houston,107,,
warn-9082,2004-02-27 00:00:00,tx,Time Warner Cable - El Paso,El Paso,6,,
warn-9083,2004-02-27 00:00:00,tx,Time Warner Cable,Corpus Ch,29,,
warn-9084,2004-02-27 00:00:00,tx,Time Warner Cable - San Antonio,San Antonio,5,,
warn-9075,2004-02-26 00:00:00,tx,"National Samples, Inc.",Azle,52,,
warn-9076,2004-02-26 00:00:00,tx,"Pegasus Solutions, Inc.",Grapevine,57,,
warn-9077,2004-02-26 00:00:00,tx,Blue Ridge Paper Products,Ft. Worth,122,,
warn-9074,2004-02-24 00:00:00,tx,"Electronic Arts, Inc.",Austin,64,,
warn-2112,2004-02-23 00:00:00,il,"LITTELFUSE, INC",CENTRALIA,300,Mass Layoff,
warn-9154,2004-02-23 00:00:00,tx,"AFC Cable Systems, Inc.",Garland,48,,
warn-2408,2004-02-19 00:00:00,il,INVENSYS BUILDING SYSTEMS INC.,LOVES PARK,76,Plant Closure,
warn-9069,2004-02-19 00:00:00,tx,"Ericsson, Inc. - Richardson11",Richardson,2,,
warn-9071,2004-02-19 00:00:00,tx,"Ericsson, Inc.",Plano,4,,
warn-9073,2004-02-19 00:00:00,tx,"Executive Greetings, Inc. (EGI)",Grand Prairie,162,,
warn-9070,2004-02-17 00:00:00,tx,Sanmina,Carrollton,50,,
warn-738,2004-02-13 00:00:00,il,"NATIONAL PROCESSING COMPANY, INC.",DES PLAINES,110,Plant Closure,
warn-9067,2004-02-13 00:00:00,tx,"SRI Sports, Inc.",Leander,279,,
warn-1226,2004-02-11 00:00:00,il,INTERMET HAVANA FOUNDRY,HAVANA,204,Plant Closure,
warn-9068,2004-02-09 00:00:00,tx,First American Real Estate Services,Irving,80,,
warn-9064,2004-02-05 00:00:00,tx,"Ericsson, Inc.",Plano,7,,
warn-9065,2004-02-05 00:00:00,tx,"Ericsson, Inc. - Richardson11",Richardson,1,,
warn-9066,2004-02-05 00:00:00,tx,"Ericsson, Inc. - Richardson10",Richardson,12,,
warn-14182,2004-02-05,wa,USCO Logistics,Sumner,212,,
warn-9063,2004-02-03 00:00:00,tx,Amphenol Interconnect Products Corporation,Sugarland,81,,
warn-9061,2004-01-28 00:00:00,tx,Cameron - Houston,Houston,60,,
warn-9062,2004-01-28 00:00:00,tx,Cameron,Liberty,60,,
warn-9058,2004-01-27 00:00:00,tx,"Starwood Hotel & Resorts Worldwide, Inc.",Austin,134,,
warn-9060,2004-01-27 00:00:00,tx,Bimbo Bakeries USA2,Dallas,100,,
warn-9072,2004-01-27 00:00:00,tx,"Kellogg, Brown & Root",Deer Park,232,,
warn-9056,2004-01-26 00:00:00,tx,Inland Paperboard & Packaging,Dallas,70,,
warn-9057,2004-01-26 00:00:00,tx,West Telemarketing Corporation Outbound,Lubbock,440,,
warn-9059,2004-01-26 00:00:00,tx,"D.R. Horton-Emerald, Ltd.",The Woodlands,50,,
warn-9055,2004-01-23 00:00:00,tx,Phelps Dodge Magnet Wire,El Paso,105,,
warn-14183,2004-01-23,wa,Swedish Medical Center,Seattle,161,,
warn-9054,2004-01-22 00:00:00,tx,G.E. Group Administrators,Arlington,120,,
warn-2410,2004-01-20 00:00:00,il,Blaw-Knox Const. Equipment Corp,Mattoon,180,Plant Closure,
warn-2479,2004-01-20 00:00:00,il,"Vermilion Rubber Technology, Inc.",Danville,73,Layoff,
warn-9048,2004-01-20 00:00:00,tx,First American,Dallas,60,,
warn-14184,2004-01-20,wa,Experience Music Project,Seattle,150,,
warn-9049,2004-01-16 00:00:00,tx,Spherion Pacific Workforce L.L.C.,Goliad,95,,
warn-9050,2004-01-16 00:00:00,tx,Accenture LLP,Houston,100,,
warn-9051,2004-01-16 00:00:00,tx,First American Real Estate,Dallas,2,,
warn-9052,2004-01-16 00:00:00,tx,First American Real Estate Tax Service,Dallas,87,,
warn-9053,2004-01-15 00:00:00,tx,Atlantic Mutual Insurance Company,Dallas,13,,
warn-9045,2004-01-13 00:00:00,tx,Fairbanks Capital Hold Corporation,Austin,208,,
warn-9046,2004-01-13 00:00:00,tx,AFFINA Corporation,El Paso,81,,
warn-902,2004-01-12 00:00:00,il,ARCHIBALD CANDY CORP,CHICAGO,782,Plant Closure,
warn-9047,2004-01-12 00:00:00,tx,Transamerica Life Insurance Company,Bedford,13,,
warn-14185,2004-01-12,wa,Software Spectrum,Liberty Lake,60,,
warn-9044,2004-01-08 00:00:00,tx,"Ericsson, Inc. - Richardson10",Richardson,2,,
warn-9041,2004-01-07 00:00:00,tx,Thermotech,El Paso,84,,
warn-9043,2004-01-06 00:00:00,tx,Smurfit-Stone Container Corporation,Temple,41,,
warn-2540,2004-01-05 00:00:00,il,,Bedford Park,161,Plant Closure,
warn-9042,2003-12-22 00:00:00,tx,Electronic Data Systems Corporation - Austin,Austin,242,,
warn-9036,2003-12-15 00:00:00,tx,Lord & Taylor - Dallas,Dallas,60,,
warn-9040,2003-12-15 00:00:00,tx,"PCE Technology, Inc.",Austin,4,,
warn-9038,2003-12-12 00:00:00,tx,Aetna US Healthcare - Sugar Land,Sugar Land,78,,
warn-2423,2003-12-11 00:00:00,il,INTERLINK TECHNOLOGIES INC.,CHICAGO,51,Plant Closure,
warn-9034,2003-12-11 00:00:00,tx,"Kvaerner Oilfield Products, Inc.",Houston,91,,
warn-9033,2003-12-10 00:00:00,tx,Abitibi,Lufkin,580,,
warn-9035,2003-12-09 00:00:00,tx,"VIP USA, Inc.",Irving,83,,
warn-9031,2003-12-08 00:00:00,tx,Wells Fargo and Co.,Bedford,58,,
warn-9032,2003-12-08 00:00:00,tx,Metrocall Wireless,Dallas,118,,
warn-9037,2003-12-05 00:00:00,tx,Jindal United Steel Corporation,Baytown,1,,
warn-9029,2003-12-04 00:00:00,tx,Mediacopy,El Paso,562,,
warn-9027,2003-12-03 00:00:00,tx,"Ericsson, Inc.",Plano,1,,
warn-9030,2003-12-03 00:00:00,tx,Dell Financial Services,Round Rock,77,,
warn-9028,2003-12-02 00:00:00,tx,Solectron - Coppell,Coppell,103,,
warn-9039,2003-12-01 00:00:00,tx,"Sage Enterprises, Inc.",Grand Prairie,25,,
warn-9020,2003-11-21 00:00:00,tx,"Ericsson, Inc. - Richardson7",Richardson,1,,
warn-9021,2003-11-21 00:00:00,tx,"Ericsson, Inc.",Plano,22,,
warn-9022,2003-11-21 00:00:00,tx,Rubbermaid,Cleburne,320,,
warn-9023,2003-11-21 00:00:00,tx,"Excelis, Inc.",Irving,20,,
warn-9025,2003-11-21 00:00:00,tx,Corrections Corporation of America - Venus,Venus,225,,
warn-9014,2003-11-19 00:00:00,tx,The Hanover Company - Houston2,Houston,28,,
warn-9015,2003-11-19 00:00:00,tx,The Hanover Company - Houston3,Houston,27,,
warn-9016,2003-11-19 00:00:00,tx,The Hanover Company,Houston,28,,
warn-9017,2003-11-19 00:00:00,tx,The Hanover Company - Houston,Houston,28,,
warn-9012,2003-11-17 00:00:00,tx,Meadow Pines Behavorial Health Center,Longview,140,,
warn-9018,2003-11-17 00:00:00,tx,Southwestern Bell - Richardson,Richardson,0,,
warn-9019,2003-11-17 00:00:00,tx,Southwestern Bell - Harlingen,Harlingen,59,,
warn-9024,2003-11-17 00:00:00,tx,Management & Training Corporation (MTC),Dallas,394,,
warn-9026,2003-11-17 00:00:00,tx,Management & Training Corporation (MTC) - Diboll,Diboll,111,,
warn-9011,2003-11-13 00:00:00,tx,"Ericsson, Inc.",Plano,11,,
warn-9013,2003-11-12 00:00:00,tx,Safety-Kleen Corporation,Denton,66,,
warn-429,2003-11-10 00:00:00,il,ADVANCE TRANSFORMERS,CHICAGO,85,Layoff,
warn-9008,2003-11-06 00:00:00,tx,"Ericsson, Inc.",Plano,2,,
warn-9010,2003-11-06 00:00:00,tx,Lord & Taylor,Houston,73,,
warn-2443,2003-11-05 00:00:00,il,TEXTRON,ROCKFORD,700,Mass Layoff,
warn-2438,2003-11-04 00:00:00,il,MOTOROLA WIRELESS DATA GROUP,ROCKFORD,142,Plant Closure,
warn-9006,2003-11-04 00:00:00,tx,Providian Financial Corporation - San Antonio,San Antonio,95,,
warn-9007,2003-11-04 00:00:00,tx,Southwest Airlines Company,Grand Prairie,467,,
warn-9004,2003-11-03 00:00:00,tx,"Pass & Seymour, Inc.",San Antonio,228,,
warn-9009,2003-11-03 00:00:00,tx,Sprint - Farmers Branch,Farmers Branch,77,,
warn-9003,2003-10-31 00:00:00,tx,The Great Indoors - Houston,Houston,105,,
warn-2382,2003-10-30 00:00:00,il,SEALED AIR CORPORATION,SALEM,73,Plant Closure,
warn-8990,2003-10-28 00:00:00,tx,"Sears, Roebuck and Company - Arlington",Arlington,130,,
warn-9005,2003-10-28 00:00:00,tx,The Great Indoors - Houston2 #1914,Houston,110,,
warn-2421,2003-10-24 00:00:00,il,NATIONAL MAUNFACTURING COMPANY,STERLING,710,Plant Closure,
warn-2422,2003-10-22 00:00:00,il,JOHN CRANE INC.,VANDALIA,90,Plant Closure,
warn-9002,2003-10-22 00:00:00,tx,Solectron - Coppell,Coppell,50,,
warn-9000,2003-10-16 00:00:00,tx,"Ericsson, Inc.",Plano,2,,
warn-2440,2003-10-14 00:00:00,il,CONNECTOR SERVICE CORPORATION,ELGIN,50,Plant Closure,
warn-8998,2003-10-14 00:00:00,tx,Sony Semiconductor Co. of America,San Antonio,600,,
warn-8999,2003-10-14 00:00:00,tx,"Ericsson, Inc. - Richardson6",Richardson,2,,
warn-8997,2003-10-13 00:00:00,tx,"Ericsson, Inc.",Plano,1,,
warn-8996,2003-10-10 00:00:00,tx,Cleaner Hanger Company (CHC Industries),Brenham,40,,
warn-9001,2003-10-10 00:00:00,tx,JC Penney - El Paso,El Paso,200,,
warn-8995,2003-10-08 00:00:00,tx,Chevron Phillips - Port Arthur,Port Arthur,55,,
warn-8992,2003-10-05 00:00:00,tx,"Eott Energy Liquids, L.P.",La Porte,77,,
warn-8993,2003-10-05 00:00:00,tx,"Eott Energy Liquids, L.P. - Mont Belvieu",Mont Belvieu,2,,
warn-8986,2003-10-02 00:00:00,tx,Connector Service Corp.,Dallas,100,,
warn-8989,2003-10-02 00:00:00,tx,Reynolds & Reynolds,Grand Prairie,85,,
warn-8985,2003-10-01 00:00:00,tx,Enron Net Works LLC,Houston,89,,
warn-8994,2003-10-01 00:00:00,tx,"Southstar Logistics, Inc.",Keller,230,,
warn-8983,2003-09-29 00:00:00,tx,Solectron - Carrollton,Carrollton,20,,
warn-8984,2003-09-29 00:00:00,tx,Stream International - Carrollton,Carrollton,354,,
warn-8987,2003-09-29 00:00:00,tx,DHL Express - Houston,Houston,59,,
warn-8988,2003-09-29 00:00:00,tx,DHL Express,Dallas,100,,
warn-2388,2003-09-26 00:00:00,il,"TELLABS OPERATIONS, INC.",BOLINGBROOK,325,Plant Closure,
warn-8982,2003-09-25 00:00:00,tx,Levi Strauss & Company - San Antonio,San Antonio,800,,
warn-8979,2003-09-22 00:00:00,tx,"Ericsson, Inc.",Plano,3,,
warn-8991,2003-09-22 00:00:00,tx,3M Company-Austin,Austin,115,,
warn-8977,2003-09-19 00:00:00,tx,AIM Investments,Austin,115,,
warn-8978,2003-09-19 00:00:00,tx,"Ericsson, Inc.",Plano,1,,
warn-8981,2003-09-19 00:00:00,tx,"CHS, Inc.",Ft. Worth,226,,
warn-8975,2003-09-18 00:00:00,tx,"Ericsson, Inc.",Plano,11,,
warn-8980,2003-09-18 00:00:00,tx,"Fleming Companies, Inc. - Lewisville",Lewisville,165,,
warn-2407,2003-09-12 00:00:00,il,"RENAISSANCE MARK, INC",PEORIA,130,Mass Layoff,
warn-8972,2003-09-12 00:00:00,tx,Marathon Oil Company - Midland2,Midland,149,,
warn-8976,2003-09-12 00:00:00,tx,Sanmina,Carrollton,12,,
warn-8974,2003-09-10 00:00:00,tx,Randolph AFB-Department of the Air Force,Randolph AFB,64,,
warn-2381,2003-09-09 00:00:00,il,MONONA WIRE CORP (MWC),DEKALB,187,Plant Closure,
warn-8973,2003-09-09 00:00:00,tx,"Johnson & Johnson Health Care Systems, Inc.",Ft. Worth,51,,
warn-8970,2003-09-05 00:00:00,tx,"Noble Construction Equipment, Inc.",Lubbock,194,,
warn-8971,2003-09-04 00:00:00,tx,United HR Direct,Plano,77,,
warn-2295,2003-09-03 00:00:00,il,United Airlines,ELK GROVE VILLAGE,18636,Mass Layoff,
warn-8964,2003-09-02 00:00:00,tx,"Ericsson, Inc.",Plano,4,,
warn-8965,2003-09-02 00:00:00,tx,"Ericsson, Inc. - Richardson11",Richardson,1,,
warn-8966,2003-09-02 00:00:00,tx,Providian Financial Corporation - El Paso,El Paso,8,,
warn-8967,2003-09-02 00:00:00,tx,Providian Financial Corporation - San Antonio,San Antonio,8,,
warn-8968,2003-09-02 00:00:00,tx,Providian Financial Corporation - Austin,Austin,8,,
warn-8969,2003-09-02 00:00:00,tx,Providian Financial Corporation - Arlington,Arlington,19,,
warn-8962,2003-08-28 00:00:00,tx,Andrew Corporation - Dallas,Dallas,196,,
warn-8963,2003-08-28 00:00:00,tx,Tandy Wire Fabrication Facility,Ft. Worth,88,,
warn-8960,2003-08-21 00:00:00,tx,"Istonish, Inc.",Austin,130,,
warn-8961,2003-08-18 00:00:00,tx,Sanmina,Carrollton,62,,
warn-8959,2003-08-15 00:00:00,tx,Dalfort Aerospace,Dallas,237,,
warn-8958,2003-08-08 00:00:00,tx,Huntleigh USA Corporation,Houston,135,,
warn-8952,2003-08-07 00:00:00,tx,"Ericsson, Inc.",Plano,16,,
warn-8953,2003-08-07 00:00:00,tx,"Ericsson, Inc. - Richardson7",Richardson,1,,
warn-8957,2003-08-07 00:00:00,tx,Target Stores - Houston4,Houston,135,,
warn-2254,2003-08-06 00:00:00,il,MAYTAG,GALESBURG,2450,Mass Layoff,
warn-2384,2003-08-06 00:00:00,il,PILLOWTEX CORPORATION,Chicago,187,Plant Closure,
warn-8955,2003-08-06 00:00:00,tx,Target Stores - Webster,Webster,125,,
warn-8948,2003-08-05 00:00:00,tx,"Boeing Aerospace Operations, Inc.",Kingsville,450,,
warn-8951,2003-08-05 00:00:00,tx,"Simkins Industries, Inc.",Arlington,87,,
warn-8949,2003-08-01 00:00:00,tx,"Dresser, Inc.",Houston,244,,
warn-8954,2003-08-01 00:00:00,tx,"Armstrong World Industries, Inc. - Addison2",Addison,43,,
warn-8956,2003-08-01 00:00:00,tx,"Armstrong World Industries, Inc.",Addison,44,,
warn-8943,2003-07-30 00:00:00,tx,Pillowtex Corporation - Dallas2,Dallas,60,,
warn-8944,2003-07-30 00:00:00,tx,Eaton Corporation - Grand Prairie,Grand Prairie,90,,
warn-8946,2003-07-30 00:00:00,tx,EG&G Management Services,San Antonio,65,,
warn-8950,2003-07-30 00:00:00,tx,Beal Bank,Plano,14,,
warn-8945,2003-07-29 00:00:00,tx,Fruit of the Loom,Harlingen,791,,
warn-8941,2003-07-25 00:00:00,tx,"Johnson & Johnson Medical, Inc. - Sherman",Sherman,101,,
warn-8942,2003-07-25 00:00:00,tx,Brown & Williamson Tobacco Corporation- San Antoni,San Antonio,1,,
warn-8939,2003-07-23 00:00:00,tx,APL Logistics,Socorro,99,,
warn-8940,2003-07-23 00:00:00,tx,"Economy Furniture, Inc.",Austin,100,,
warn-2356,2003-07-21 00:00:00,il,MOLEX FIBER OPTICS,BOLINGBROOK,160,Plant Closure,
warn-2366,2003-07-21 00:00:00,il,MOLEX FIBER OPTICS,DOWNERS GROVE,104,Plant Closure,
warn-8938,2003-07-18 00:00:00,tx,"Fisher Controls International, LLC",Sherman,60,,
warn-8934,2003-07-16 00:00:00,tx,AmersourceBergen Corporation,Grand Prairie,95,,
warn-8935,2003-07-16 00:00:00,tx,Kents Nursing Center,Ft. Worth,107,,
warn-8936,2003-07-15 00:00:00,tx,Security DBS,Dallas,11,,
warn-8937,2003-07-15 00:00:00,tx,Bluebonnet Savings Bank FSB,Dallas,38,,
warn-8947,2003-07-15 00:00:00,tx,Security DBS,Dallas,2,,
warn-8928,2003-07-10 00:00:00,tx,"Fleming Companies, Inc. - Garland",Garland,245,,
warn-8929,2003-07-10 00:00:00,tx,"Fleming Companies, Inc. - Lewisville",Lewisville,341,,
warn-8930,2003-07-10 00:00:00,tx,Providian Financial Corporation - San Antonio,San Antonio,11,,
warn-8933,2003-07-10 00:00:00,tx,SPX Dock Products,Carrollton,45,,
warn-8931,2003-07-09 00:00:00,tx,Thrifty Car Rental,Houston,100,,
warn-8932,2003-07-09 00:00:00,tx,"CSG Investments, Inc.",Plano,8,,
warn-8927,2003-07-08 00:00:00,tx,Moore Wallace - Marlin,Marlin,120,,
warn-8926,2003-07-02 00:00:00,tx,Security DBS,Dallas,90,,
warn-8925,2003-06-30 00:00:00,tx,Arter & Hadden LLP,Dallas,44,,
warn-8923,2003-06-26 00:00:00,tx,Cirrus Logic,Austin,97,,
warn-2374,2003-06-24 00:00:00,il,MOTOROLA PERSONAL COMM SECTOR,SCHAUMBURG,90,Plant Closure,
warn-8922,2003-06-24 00:00:00,tx,"Philips Semidonductors, Inc.",San Antonio,17,,
warn-8924,2003-06-24 00:00:00,tx,eFunds,Dallas,104,,
warn-8920,2003-06-20 00:00:00,tx,"Fleming Companies, Inc. - Garland",Garland,25,,
warn-8921,2003-06-19 00:00:00,tx,Providian Financial Corporation,El Paso,154,,
warn-8919,2003-06-18 00:00:00,tx,Fairchild - Dornier,San Antonio,0,,
warn-8918,2003-06-17 00:00:00,tx,A. O. Smith Corporation,El Paso,61,,
warn-8917,2003-06-12 00:00:00,tx,"Kulicke and Soffa Industries, Inc.",Dallas,57,,
warn-8913,2003-06-06 00:00:00,tx,"Fleming Companies, Inc. - Garland",Garland,183,,
warn-8915,2003-06-05 00:00:00,tx,"Saint-Gobain Vetrotex America, Inc.",Wichita Falls,0,,
warn-8912,2003-06-03 00:00:00,tx,Target Stores - Austin,Austin,150,,
warn-8916,2003-06-03 00:00:00,tx,Weber Aircraft,Gainesville,100,,
warn-8911,2003-06-02 00:00:00,tx,Bway Corporation - Dallas,Dallas,53,,
warn-8914,2003-06-02 00:00:00,tx,A. Schulman Inc.,Orange,70,,
warn-8910,2003-05-30 00:00:00,tx,L.D. Brinkman,Lewisville,70,,
warn-8909,2003-05-29 00:00:00,tx,Ameripol - Synpol - Port Neches,Port Neches,245,,
warn-8908,2003-05-28 00:00:00,tx,The Hartford-Dallas Medical Only Center,Dallas,69,,
warn-2337,2003-05-27 00:00:00,il,MCLEOD USA PUBLISHING,EFFINGHAM,250,Plant Closure,
warn-8906,2003-05-20 00:00:00,tx,"Chorum Technologies, Inc.",Richardson,72,,
warn-2231,2003-05-19 00:00:00,il,MOEN INCORPORATED,WHEELING,165,Plant Closure,
warn-2353,2003-05-19 00:00:00,il,Orion America Inc.,Olney,108,Plant Closure,
warn-8902,2003-05-19 00:00:00,tx,"Roper Industries, Inc.-Dynamco",McKinney,32,,
warn-8903,2003-05-19 00:00:00,tx,Moore Wallace - Wallace Heritage Press,Dallas,92,,
warn-8904,2003-05-16 00:00:00,tx,Brown & Williamson Tobacco Corporation- Plano,Plano,17,,
warn-8905,2003-05-16 00:00:00,tx,Brown & Williamson Tobacco Corporation - Spring,Spring,16,,
warn-2346,2003-05-15 00:00:00,il,"INGERSOLL INTERNATIONAL, INC.",ROCKFORD,370,Plant Closure,
warn-8899,2003-05-15 00:00:00,tx,"Ericsson, Inc.",Plano,18,,
warn-8900,2003-05-15 00:00:00,tx,"Ericsson, Inc. - Richardson8",Richardson,1,,
warn-8901,2003-05-14 00:00:00,tx,Target Stores - Texarkana,Texarkana,0,,
warn-8897,2003-05-12 00:00:00,tx,"RMH Teleservices, Inc.",Harlingen,52,,
warn-8892,2003-05-09 00:00:00,tx,"Ericsson, Inc. - Richardson10",Richardson,1,,
warn-8893,2003-05-09 00:00:00,tx,The Hartford-SW Reg. Houston Br.,Houston,3,,
warn-8894,2003-05-09 00:00:00,tx,The Hartford- P.L.C1. Serv. Ctr,San Antonio,3,,
warn-8895,2003-05-09 00:00:00,tx,The Hartford-SW Serv.Ctr. San Antonio,San Antonio,3,,
warn-8896,2003-05-09 00:00:00,tx,The Hartford-Dallas Reg. Office,Dallas,9,,
warn-8898,2003-05-09 00:00:00,tx,Northrup Grumman Electro-Optical Systems,Garland,2341,,
warn-8907,2003-05-08 00:00:00,tx,"Honeywell, Intl.",El Paso,50,,
warn-8890,2003-05-07 00:00:00,tx,"Schmidt Manufacturing, Inc.",Fresno,44,,
warn-8891,2003-05-07 00:00:00,tx,Aramark ServiceMaster Facility Srvcs-Hosp. Laundry,San Antonio,182,,
warn-8882,2003-05-01 00:00:00,tx,Citicorp Credit Services Inc. - Irving,Irving,124,,
warn-8883,2003-05-01 00:00:00,tx,"Ericsson, Inc.",Plano,3,,
warn-8886,2003-05-01 00:00:00,tx,Accenture LLP,Houston,120,,
warn-8888,2003-05-01 00:00:00,tx,Normandy Terrace Northeast,San Antonio,143,,
warn-8881,2003-04-29 00:00:00,tx,"ACS State and Local Solutions, Inc.",Lufkin,0,,
warn-8878,2003-04-28 00:00:00,tx,"Special Counsel, Inc.",Dallas,0,,
warn-8884,2003-04-28 00:00:00,tx,Midland Steel Products Company,Garland,26,,
warn-8885,2003-04-28 00:00:00,tx,Correctional Services Corporation - Killeen,Killeen,85,,
warn-8887,2003-04-28 00:00:00,tx,"Pristech Products, Inc.",San Antonio,113,,
warn-8889,2003-04-28 00:00:00,tx,"Johnson & Johnson Medical, Inc. - Sherman",Sherman,402,,
warn-8879,2003-04-25 00:00:00,tx,"CBCA, Inc.",Ft. Worth,59,,
warn-2325,2003-04-24 00:00:00,il,SCIENT CORPORATION,GRANITE CITY,2773,Plant Closure,
warn-8876,2003-04-24 00:00:00,tx,"Ericsson, Inc.",Plano,1,,
warn-8880,2003-04-24 00:00:00,tx,"Accredo Health, Inc.",Coppell,56,,
warn-8877,2003-04-23 00:00:00,tx,GOEX International,Cleburne,55,,
warn-8863,2003-04-22 00:00:00,tx,"Applied Materials, Inc. - Austin6",Austin,17,,
warn-8864,2003-04-22 00:00:00,tx,"Applied Materials, Inc. - Austin",Austin,17,,
warn-8865,2003-04-22 00:00:00,tx,"Applied Materials, Inc. - Austin5",Austin,17,,
warn-8866,2003-04-22 00:00:00,tx,"Applied Materials, Inc. - Austin7",Austin,17,,
warn-8867,2003-04-22 00:00:00,tx,Applied Materials-Addeco-SVO,Austin,51,,
warn-8868,2003-04-22 00:00:00,tx,"Applied Materials, Inc. - Austin9",Austin,17,,
warn-8869,2003-04-22 00:00:00,tx,"Applied Materials, Inc. - Austin10",Austin,17,,
warn-8870,2003-04-22 00:00:00,tx,"Applied Materials, Inc. - Austin8",Austin,17,,
warn-8871,2003-04-22 00:00:00,tx,"Applied Materials, Inc. - Austin2",Austin,17,,
warn-8872,2003-04-22 00:00:00,tx,"Applied Materials, Inc. - Austin4",Austin,17,,
warn-8873,2003-04-22 00:00:00,tx,Sanmina - Richardson2,Richardson,126,,
warn-8874,2003-04-22 00:00:00,tx,"Applied Materials, Inc. - Austin3",Austin,34,,
warn-8875,2003-04-22 00:00:00,tx,"Ericsson, Inc.",Plano,1,,
warn-8859,2003-04-21 00:00:00,tx,"Ericsson, Inc.",Plano,1,,
warn-8861,2003-04-21 00:00:00,tx,"Ericsson, Inc. - Richardson10",Richardson,27,,
warn-8862,2003-04-21 00:00:00,tx,"Ericsson, Inc. - Richardson11",Richardson,11,,
warn-8858,2003-04-17 00:00:00,tx,"Ericsson, Inc.",Plano,3,,
warn-8860,2003-04-16 00:00:00,tx,Pharmacia Corporation,Irving,0,,
warn-8857,2003-04-14 00:00:00,tx,Continental Airlines - Houston2,Houston,0,,
warn-2217,2003-04-11 00:00:00,il,ARRIS,ROCK FALLS,90,Plant Closure,
warn-1837,2003-04-03 00:00:00,il,MOTOROLA WIRELESS DATA GROUP,ARLINGTON HEIGHTS,310,Mass Layoff,
warn-8854,2003-04-03 00:00:00,tx,"Ericsson, Inc.",Plano,1,,
warn-8853,2003-04-01 00:00:00,tx,"Saint-Gobain Vetrotex America, Inc.",Wichita Falls,107,,
warn-8855,2003-03-31 00:00:00,tx,Stream International - Carrollton,Carrollton,175,,
warn-8856,2003-03-31 00:00:00,tx,"Q. C. Onics, Inc. - Harlingen",Harlingen,127,,
warn-2365,2003-03-28 00:00:00,il,"HOWDEN BUFFALO, INC.",Springfield,60,Plant Closure,
warn-8850,2003-03-28 00:00:00,tx,Transamerica Life Insurance Company,Bedford,7,,
warn-8851,2003-03-28 00:00:00,tx,Cooper Tools,Houston,200,,
warn-8852,2003-03-28 00:00:00,tx,American General Life Companies,Dallas,211,,
warn-8848,2003-03-27 00:00:00,tx,National Oilwell - Marble Falls2,Marble Falls,30,,
warn-8847,2003-03-26 00:00:00,tx,SuperShuttle - Austin,Austin,36,,
warn-8842,2003-03-25 00:00:00,tx,Aetna Insurance,Tyler,115,,
warn-8846,2003-03-25 00:00:00,tx,Schlumberger Oilfield Services - Houston,Houston,53,,
warn-1058,2003-03-24 00:00:00,il,NATIONAL CONSUMER ORGANIZATION CUSTOMER,ROSEMONT,113,Plant Closure,
warn-2358,2003-03-21 00:00:00,il,HR TEXTRON,ROCKFORD,85,Plant Closure,
warn-8843,2003-03-20 00:00:00,tx,"Ericsson, Inc.",Plano,7,,
warn-8844,2003-03-20 00:00:00,tx,"Ericsson, Inc. - Richardson10",Richardson,1,,
warn-8845,2003-03-20 00:00:00,tx,International Garment Processors,El Paso,117,,
warn-8849,2003-03-19 00:00:00,tx,Weber Aircraft,Gainesville,100,,
warn-8841,2003-03-18 00:00:00,tx,Grant Prideco,Bryan,139,,
warn-8839,2003-03-17 00:00:00,tx,FSI International,Allen,199,,
warn-8838,2003-03-14 00:00:00,tx,Life Investors Insurance Company of America,Hurst,48,,
warn-8832,2003-03-11 00:00:00,tx,Brown & Williamson Tobacco Corporation - Amarillo,Amarillo,1,,
warn-8833,2003-03-11 00:00:00,tx,Brown & Williamson Tobacco Corporation - Beaumont,Beaumont,1,,
warn-8834,2003-03-11 00:00:00,tx,Brown & Williamson Tobacco Corporation - Spring,Spring,1,,
warn-8835,2003-03-11 00:00:00,tx,Brown & Williamson Tobacco Corporation - Lubbock,Lubbock,1,,
warn-8837,2003-03-11 00:00:00,tx,MESCO Metal Buildings,Grapevine,76,,
warn-8840,2003-03-11 00:00:00,tx,Christus Regis/St. Elizabeth Hospital,Waco,50,,
warn-2314,2003-03-10 00:00:00,il,DURA AUTOMOTIVE SYSTEMS INC,STOCKTON,228,Mass Layoff,
warn-8827,2003-03-10 00:00:00,tx,"Fleming Companies, Inc. - Lubbock",Lubbock,55,,
warn-8828,2003-03-10 00:00:00,tx,"Fleming Companies, Inc. - Amarillo - Rainbow Foods",Amarillo,98,,
warn-8829,2003-03-10 00:00:00,tx,"Fleming Companies, Inc. - El Paso4",El Paso,58,,
warn-8830,2003-03-10 00:00:00,tx,"Fleming Companies, Inc. - El Paso3",El Paso,84,,
warn-8831,2003-03-10 00:00:00,tx,"Fleming Companies, Inc. - El Paso2",El Paso,59,,
warn-2317,2003-03-07 00:00:00,il,INGERSOLL PRODUCTS COMPANY,CHICAGO,73,Plant Closure,
warn-8826,2003-03-07 00:00:00,tx,"Chorum Technologies, Inc.",Richardson,70,,
warn-8836,2003-03-07 00:00:00,tx,"Lear Siegler Services, Inc.",Universal City,85,,
warn-2296,2003-03-06 00:00:00,il,CATERPILLAR INC.,Joliet,1400,Layoff,
warn-8824,2003-03-05 00:00:00,tx,"USF Logistics Services, Inc.",Lubbock,52,,
warn-8825,2003-03-03 00:00:00,tx,CMS Energy Oil and Gas,Houston,40,,
warn-2168,2003-03-01 00:00:00,il,PREMCOR BLUE ISLAND REFINERY,HARTFORD,317,Plant Closure,
warn-8822,2003-02-28 00:00:00,tx,"WorldCom, Inc. - Sugarland",Sugar Land,57,,
warn-8823,2003-02-28 00:00:00,tx,"WorldCom, Inc. - Richardson",Richardson,82,,
warn-8817,2003-02-27 00:00:00,tx,"WorldCom, Inc. - San Antonio",San Antonio,200,,
warn-8820,2003-02-26 00:00:00,tx,"BP America, Inc.-Corporate",Houston,216,,
warn-8816,2003-02-24 00:00:00,tx,"Swissport USA, Inc.",San Antonio,52,,
warn-8818,2003-02-24 00:00:00,tx,Fleming Marketing and Distribution Company,Lubbock,144,,
warn-8819,2003-02-24 00:00:00,tx,"Wellington Leisure Products, Inc.",Wichita Falls,24,,
warn-8810,2003-02-21 00:00:00,tx,"Ericsson, Inc. - Richardson11",Richardson,2,,
warn-8813,2003-02-21 00:00:00,tx,"Ericsson, Inc.",Plano,5,,
warn-8814,2003-02-21 00:00:00,tx,Imperial Sugar Company,Sugar Land,160,,
warn-1872,2003-02-20 00:00:00,il,GE FINANCIAL ASSURANCE,ADDISON,96,Plant Closure,
warn-8815,2003-02-20 00:00:00,tx,Qwest Communications - San Antonio2,San Antonio,173,,
warn-8821,2003-02-18 00:00:00,tx,Advanced Micro Devices (AMD),Austin,50,,
warn-8808,2003-02-17 00:00:00,tx,SMTC Manufacturing,Austin,90,,
warn-8809,2003-02-17 00:00:00,tx,"Birds Eye Foods, Inc.",Uvalde,270,,
warn-8811,2003-02-13 00:00:00,tx,"LeFleur Transportation, Inc.",Houston,120,,
warn-2319,2003-02-12 00:00:00,il,Freedom Plastics,Joliet,70,Plant Closure,
warn-2326,2003-02-12 00:00:00,il,Rockford Powertrain,Loves Park,100,Plant Closure,
warn-8807,2003-02-12 00:00:00,tx,Southwestern Bell Communications - Austin2,Austin,82,,
warn-8812,2003-02-12 00:00:00,tx,Sprint - Irving2,Irving,79,,
warn-2316,2003-02-11 00:00:00,il,Dana Brake Parts Inc.,Litchfield,600,Layoff,
warn-2318,2003-02-10 00:00:00,il,Freedom Plastics,Sheffield,65,Plant Closure,
warn-8806,2003-02-10 00:00:00,tx,"Brobeck, Phleger & Harrison LLP",Austin,66,,
warn-8800,2003-02-06 00:00:00,tx,"Tyson Foods, Inc.",Houston,56,,
warn-8799,2003-02-05 00:00:00,tx,"Alcatel USA, Inc. - Plano",Plano,53,,
warn-8801,2003-02-05 00:00:00,tx,Fleming dba Rainbow - El Paso2,El Paso,65,,
warn-8802,2003-02-05 00:00:00,tx,"Fleming dba Rainbow, - El Paso",El Paso,77,,
warn-8798,2003-02-04 00:00:00,tx,S.B. Foote Tanning Company,Cactus,70,,
warn-8797,2003-02-03 00:00:00,tx,Imperial Sugar Company - Sugar Land,Sugar Land,14,,
warn-8803,2003-02-03 00:00:00,tx,"GenuityTelecom, Inc.  - Houston",Houston,1,,
warn-8804,2003-02-03 00:00:00,tx,"Genuity Telecom, Inc.  - Dallas",Carrollton,9,,
warn-8796,2003-01-30 00:00:00,tx,Cooper Tools,Houston,200,,
warn-8786,2003-01-28 00:00:00,tx,"Ericsson, Inc. - Richardson11",Richardson,11,,
warn-8787,2003-01-28 00:00:00,tx,"Ericsson, Inc.",Plano,20,,
warn-8788,2003-01-28 00:00:00,tx,"Applied Materials, Inc.",,72,,
warn-8789,2003-01-28 00:00:00,tx,"Ericsson, Inc. - Richardson",Richardson,1,,
warn-8790,2003-01-28 00:00:00,tx,"Ericsson, Inc. - Richardson10",Richardson,14,,
warn-8791,2003-01-28 00:00:00,tx,"Ericsson, Inc. - Richardson8",Richardson,2,,
warn-8792,2003-01-28 00:00:00,tx,"Applied Materials, Inc. - Austin4",Austin,23,,
warn-8793,2003-01-28 00:00:00,tx,"Applied Materials, Inc. - Austin8",Austin,23,,
warn-8794,2003-01-28 00:00:00,tx,"Applied Materials, Inc. - Austin3",Austin,47,,
warn-8795,2003-01-28 00:00:00,tx,"EarthLink, Inc.",Dallas,329,,
warn-8782,2003-01-21 00:00:00,tx,AT&T - Ennis,Ennis,120,,
warn-8805,2003-01-20 00:00:00,tx,Sanmina - Richardson2,Richardson,197,,
warn-8750,2003-01-16 00:00:00,tx,K-Mart - DeSoto,De Soto,95,,
warn-8757,2003-01-16 00:00:00,tx,Big Kmart,Amarillo,102,,
warn-8778,2003-01-16 00:00:00,tx,Southwestern Bell Communications - Austin,Austin,62,,
warn-8779,2003-01-16 00:00:00,tx,Southwestern Bell Communications - Houston,Houston,99,,
warn-8734,2003-01-15 00:00:00,tx,K-Mart #3192,Dallas,95,,
warn-8761,2003-01-15 00:00:00,tx,"Dynacast Manufacturing, Inc.",New Braunfels,93,,
warn-8783,2003-01-15 00:00:00,tx,Walsh Distribution L.L.C.,Texarkana,75,,
warn-8730,2003-01-14 00:00:00,tx,Kmart #3992,San Antonio,200,,
warn-8731,2003-01-14 00:00:00,tx,Kmart #4948,Waco,145,,
warn-8732,2003-01-14 00:00:00,tx,Kmart #4941,San Antonio,200,,
warn-8733,2003-01-14 00:00:00,tx,Kmart #3745,Baytown,92,,
warn-8785,2003-01-14 00:00:00,tx,"Clark American Checks, Inc.",Houston,104,,
warn-8735,2003-01-12 00:00:00,tx,Kmart #9512,Greenville,45,,
warn-8736,2003-01-12 00:00:00,tx,Kmart #3727,New Braunfels,100,,
warn-8737,2003-01-12 00:00:00,tx,Kmart #4920,Weslaco,200,,
warn-8738,2003-01-12 00:00:00,tx,Kmart #7594,Houston,100,,
warn-8739,2003-01-12 00:00:00,tx,Kmart #3901,Rosenberg,200,,
warn-8740,2003-01-12 00:00:00,tx,Kmart #7439,Houston,200,,
warn-8741,2003-01-12 00:00:00,tx,Kmart #7300,San Antonio,100,,
warn-8742,2003-01-12 00:00:00,tx,Kmart #4973,Houston,200,,
warn-8743,2003-01-12 00:00:00,tx,Kmart #4773,Arlington,100,,
warn-8744,2003-01-12 00:00:00,tx,Kmart #3878,Houston,100,,
warn-8745,2003-01-12 00:00:00,tx,Kmart #3649,Burleson,100,,
warn-8746,2003-01-12 00:00:00,tx,Kmart #4425,Houston,200,,
warn-8747,2003-01-12 00:00:00,tx,Kmart #7751,Pasadena,100,,
warn-8748,2003-01-12 00:00:00,tx,Kmart #4931,Sherman,200,,
warn-8749,2003-01-12 00:00:00,tx,Kmart #4841,Tyler,89,,
warn-8751,2003-01-12 00:00:00,tx,K-Mart - Garland,Garland,83,,
warn-8752,2003-01-12 00:00:00,tx,Kmart - Irving,Irving,117,,
warn-8753,2003-01-12 00:00:00,tx,Kmart #9545,Del Rio,65,,
warn-8754,2003-01-12 00:00:00,tx,Kmart #3217,Temple,64,,
warn-8755,2003-01-12 00:00:00,tx,Kmart #4223,Houston,100,,
warn-8756,2003-01-12 00:00:00,tx,Kmart #3493,San Antonio,80,,
warn-8758,2003-01-12 00:00:00,tx,Kmart #7404,San Antonio,91,,
warn-8759,2003-01-12 00:00:00,tx,Kmart #3321,Balch Springs,100,,
warn-8760,2003-01-12 00:00:00,tx,Kmart #7615,Cedar Hill,90,,
warn-8762,2003-01-12 00:00:00,tx,Kmart #7270,Ft. Worth,100,,
warn-8763,2003-01-12 00:00:00,tx,Kmart #9426,Katy,100,,
warn-8764,2003-01-12 00:00:00,tx,Kmart #3870,Webster,100,,
warn-8765,2003-01-12 00:00:00,tx,Kmart #3835,Texas City,100,,
warn-8766,2003-01-12 00:00:00,tx,Kmart #3909,Houston,80,,
warn-8767,2003-01-12 00:00:00,tx,Kmart #4959,Groves,100,,
warn-8768,2003-01-12 00:00:00,tx,Kmart #3738,Arlington,77,,
warn-8769,2003-01-12 00:00:00,tx,Kmart #3830,Howardwick,100,,
warn-8770,2003-01-12 00:00:00,tx,Kmart #3199,Odessa,60,,
warn-8771,2003-01-12 00:00:00,tx,Kmart #7230,Haltom,85,,
warn-8772,2003-01-12 00:00:00,tx,Kmart #3648,Conroe,100,,
warn-8773,2003-01-12 00:00:00,tx,Kmart #4828,Wichita Falls,85,,
warn-8774,2003-01-12 00:00:00,tx,Kmart #7170,Denton,100,,
warn-8775,2003-01-12 00:00:00,tx,Kmart #3721,Beaumont,100,,
warn-8776,2003-01-12 00:00:00,tx,Kmart #3771,Austin,100,,
warn-8777,2003-01-12 00:00:00,tx,Kmart #4919,Corsicana,200,,
warn-8780,2003-01-12 00:00:00,tx,Kmart #4267,Hurst,100,,
warn-8781,2003-01-12 00:00:00,tx,Kmart #4302,Galveston,100,,
warn-8784,2003-01-12 00:00:00,tx,Kmart #7795,Abilene,0,,
warn-8728,2003-01-09 00:00:00,tx,"Humana Health Plan of Texas,  Inc. - San Anontio",San Antonio,184,,
warn-8729,2003-01-09 00:00:00,tx,"Humana Health Plans of Texas, Inc.  - San Antonio2",San Antonio,183,,
warn-8725,2003-01-08 00:00:00,tx,GE Tensor,Round Rock,61,,
warn-8727,2003-01-08 00:00:00,tx,Hanover Compressor Company,Houston,108,,
warn-2287,2003-01-07 00:00:00,il,PORCELAIN PRODUCTS COMAPNY,MACOMB,171,Plant Closure,
warn-8726,2003-01-07 00:00:00,tx,"Budget Group, Inc.",Carrollton,293,,
warn-8720,2003-01-06 00:00:00,tx,"Auchan U.S.A., Inc.  - Houston",Houston,336,,
warn-8723,2003-01-06 00:00:00,tx,"Auchan U.S.A., Inc.",Houston,337,,
warn-8724,2003-01-03 00:00:00,tx,Target Stores - Waco,Waco,150,,
warn-8719,2003-01-02 00:00:00,tx,Asplundh Tree Expert Company,Houston,213,,
warn-8714,2002-12-30 00:00:00,tx,Life Investors Insurance Company of America,Hurst,1,,
warn-8717,2002-12-30 00:00:00,tx,Target Stores  #175,San Antonio,97,,
warn-8718,2002-12-30 00:00:00,tx,Target Stores #173,San Antonio,98,,
warn-8722,2002-12-27 00:00:00,tx,"General Mills Operations, Inc.",Denison,243,,
warn-8713,2002-12-26 00:00:00,tx,"Halliburton Energy Services, Inc.",Alvarado,80,,
warn-8709,2002-12-23 00:00:00,tx,TIC United Corporation,San Antonio,114,,
warn-8721,2002-12-23 00:00:00,tx,Air System Components,Terrell,2,,
warn-2285,2002-12-20 00:00:00,il,SUPRA TELECOMMUNICATIONS & INFORMATION S,QUINCY,304,Plant Closure,
warn-8706,2002-12-20 00:00:00,tx,"Ericsson, Inc.",Plano,5,,
warn-8710,2002-12-20 00:00:00,tx,Sun Apparel,El Paso,450,,
warn-8704,2002-12-19 00:00:00,tx,Central Locating Service,Houston,75,,
warn-8707,2002-12-19 00:00:00,tx,Ceramic Cooling Tower Company,Fort Worth,28,,
warn-8708,2002-12-19 00:00:00,tx,Ceramic Cooling Tower Company - Ft. Worth,Fort Worth,27,,
warn-8703,2002-12-18 00:00:00,tx,"LTD Direct Marketing, Inc.",Denison,256,,
warn-2226,2002-12-17 00:00:00,il,"White Cap, Inc.",CHICAGO,287,Plant Closure,
warn-8697,2002-12-16 00:00:00,tx,"Ericsson, Inc.",Plano,1,,
warn-8705,2002-12-16 00:00:00,tx,UtiliQuest,San Antonio,58,,
warn-8701,2002-12-13 00:00:00,tx,Staktek Group LP,Austin,108,,
warn-8702,2002-12-13 00:00:00,tx,CMS Energy Oil and Gas,Houston,100,,
warn-8711,2002-12-13 00:00:00,tx,First Vector Services,Austin,54,,
warn-8712,2002-12-13 00:00:00,tx,First Vector Services - Ft. Worth,Fort Worth,196,,
warn-8715,2002-12-13 00:00:00,tx,First Vector Services - Houston2,Houston,98,,
warn-8716,2002-12-13 00:00:00,tx,First Vector. Services - Houston,Houston,99,,
warn-2292,2002-12-11 00:00:00,il,SUNTEC INDUSTRIES,ROCKFORD,50,Plant Closure,
warn-8695,2002-12-11 00:00:00,tx,SM&P Utility Resources,Arlington,101,,
warn-8700,2002-12-11 00:00:00,tx,"Ericsson, Inc. - Richardson",Richardson,23,,
warn-8693,2002-12-10 00:00:00,tx,Fragrance Impressions Corporation,Pleasanton,147,,
warn-8699,2002-12-10 00:00:00,tx,Donohue Industries Inc. Sheldon Division,Houston,275,,
warn-2286,2002-12-09 00:00:00,il,MITSUBISHI ELECTRIC AUTOMATION INC.,VERNON HILLS,50,Plant Closure,
warn-8690,2002-12-09 00:00:00,tx,UBS Warburg Energy LLC,Houston,304,,
warn-8694,2002-12-08 00:00:00,tx,Sonoco - Denison,Denison,44,,
warn-8685,2002-12-06 00:00:00,tx,"Ashford.com, Inc.-Houston",Houston,64,,
warn-8696,2002-12-06 00:00:00,tx,"WorldCom, Inc. - Sugarland",Sugar Land,100,,
warn-8683,2002-12-04 00:00:00,tx,Valeo Alliance,Fort Worth,63,,
warn-8684,2002-12-04 00:00:00,tx,3M Company-Austin,Austin,180,,
warn-8692,2002-12-04 00:00:00,tx,"Alterman Transport Lines, Inc.",Dallas,75,,
warn-8698,2002-12-04 00:00:00,tx,Zimmerman Sign Company,Longview,139,,
warn-2274,2002-12-03 00:00:00,il,OHMITE MANUFACTURING COMPANY,SKOKIE,140,Plant Closure,
warn-8678,2002-12-03 00:00:00,tx,Imperial Sugar Company,Sugar Land,300,,
warn-8680,2002-12-03 00:00:00,tx,Imperial Sugar Company - Galveston,Galveston,4,,
warn-8681,2002-12-03 00:00:00,tx,"Ericsson, Inc. - Richardson10",Richardson,5,,
warn-8682,2002-12-03 00:00:00,tx,American Airlines - Dallas,Dallas,415,,
warn-8676,2002-12-02 00:00:00,tx,Ryder Logistics & Transportation - Roanoke,Roanoke,100,,
warn-8677,2002-12-02 00:00:00,tx,"TOSOH Quartz, Inc.",Austin,53,,
warn-8679,2002-12-02 00:00:00,tx,Service Corporation International,Houston,177,,
warn-8686,2002-12-02 00:00:00,tx,DeLong Sportswear,Quanah,64,,
warn-8689,2002-12-02 00:00:00,tx,Harbor Island  Facility,Aransas Pass,146,,
warn-8687,2002-11-27 00:00:00,tx,Northern Natural Gas - Houston,Houston,163,,
warn-8672,2002-11-26 00:00:00,tx,Ryder Logistics & Transportation,Laredo,190,,
warn-8666,2002-11-22 00:00:00,tx,"Ericsson, Inc.",Plano,81,,
warn-8667,2002-11-22 00:00:00,tx,"Ericsson, Inc. - Richardson3",Richardson,2,,
warn-8688,2002-11-20 00:00:00,tx,Advanced Micro Devices (AMD),Austin,750,,
warn-8664,2002-11-19 00:00:00,tx,"Alcatel USA, Inc. - Plano",Plano,642,,
warn-8665,2002-11-19 00:00:00,tx,Lucent Technologies - Dallas,Dallas,7,,
warn-8668,2002-11-19 00:00:00,tx,Mrs. Baird Bakeries - Dallas,Dallas,7,,
warn-8669,2002-11-19 00:00:00,tx,Mrs. Baird Bakeries - Lewisville,Lewisville,7,,
warn-8670,2002-11-19 00:00:00,tx,Mrs. Baird Bakeries - Plano,Plano,7,,
warn-8671,2002-11-19 00:00:00,tx,Mrs. Baird Bakeries - Dallas2,Dallas,8,,
warn-8673,2002-11-19 00:00:00,tx,Mrs. Baird Bakeries - Wautauga,Watauga,7,,
warn-8674,2002-11-19 00:00:00,tx,Mrs. Baird Bakeries -Alvarado,Alvarado,7,,
warn-8675,2002-11-19 00:00:00,tx,Mrs. Baird Bakeries - Ft. Worth,Ft. Worth,7,,
warn-8663,2002-11-15 00:00:00,tx,Thomas & Betts Corporation,Houston,82,,
warn-8657,2002-11-14 00:00:00,tx,"Motorola, Inc. - Ft. Worth",Ft. Worth,60,,
warn-8661,2002-11-14 00:00:00,tx,Life Investors Insurance Company of America,Hurst,2,,
warn-8656,2002-11-13 00:00:00,tx,"Penske Logistics, Inc.",El Paso,55,,
warn-8662,2002-11-13 00:00:00,tx,National Refractories & Minerals,Houston,2,,
warn-8655,2002-11-12 00:00:00,tx,Corning Cable Systems LLC,Keller,97,,
warn-8659,2002-11-12 00:00:00,tx,D&D Farm & Ranch-Hockley,Hockley,76,,
warn-8660,2002-11-12 00:00:00,tx,D&D Farm & Ranch,Denton,9,,
warn-8658,2002-11-11 00:00:00,tx,"Penske Logistics, Inc.-Dallas",Dallas,63,,
warn-2257,2002-11-08 00:00:00,il,,CHICAGO,311,Plant Closure,
warn-2413,2002-11-05 00:00:00,il,Levolor Home Fashions,FREEPORT,500,Mass Layoff,
warn-8644,2002-11-05 00:00:00,tx,"Applied Materials, Inc. - Austin",Austin,15,,
warn-8645,2002-11-05 00:00:00,tx,"Applied Materials, Inc. - Austin5",Austin,15,,
warn-8646,2002-11-05 00:00:00,tx,"Applied Materials, Inc. - Austin8",Austin,15,,
warn-8647,2002-11-05 00:00:00,tx,"Applied Materials, Inc. - Austin10",Austin,15,,
warn-8648,2002-11-05 00:00:00,tx,"Applied Materials, Inc. - Austin3",Austin,32,,
warn-8649,2002-11-05 00:00:00,tx,"Applied Materials, Inc. - Austin2",Austin,15,,
warn-8650,2002-11-05 00:00:00,tx,Applied Materials-Addeco-SVO,Austin,48,,
warn-8651,2002-11-05 00:00:00,tx,"Applied Materials, Inc. - Austin9",Austin,15,,
warn-8652,2002-11-05 00:00:00,tx,"Applied Materials, Inc. - Austin6",Austin,15,,
warn-8653,2002-11-05 00:00:00,tx,"Applied Materials, Inc. - Austin7",Austin,15,,
warn-8654,2002-11-05 00:00:00,tx,"Applied Materials, Inc. - Austin4",Austin,15,,
warn-2279,2002-11-04 00:00:00,il,"RELIANT BOLT, INC.",BEDFORD PARK,135,Plant Closure,
warn-2280,2002-11-04 00:00:00,il,Andrew LLC,ADDISON,122,Plant Closure,
warn-2281,2002-11-04 00:00:00,il,Levolor Home Fashions,FREEPORT,50,Plant Closure,
warn-8641,2002-11-01 00:00:00,tx,Trend Western Tehnical Corporation,Sheppard AFB,96,,
warn-8642,2002-11-01 00:00:00,tx,"Degussa Engineered Carbons, LP",Baytown,51,,
warn-8643,2002-10-31 00:00:00,tx,Technical Furniture Group,Lockhart,60,,
warn-8639,2002-10-30 00:00:00,tx,Columbia Gulf Transmission,Houston,102,,
warn-8640,2002-10-30 00:00:00,tx,Berry Plastics Corporation - Ft. Worth,Ft. Worth,66,,
warn-8637,2002-10-28 00:00:00,tx,"Nucentrix Broadband Networks, Inc.",Denison,76,,
warn-8634,2002-10-24 00:00:00,tx,"Ericsson, Inc. - Plano2",Plano,5,,
warn-8635,2002-10-24 00:00:00,tx,Travelers Property Casualty - Irving,Irving,90,,
warn-8636,2002-10-24 00:00:00,tx,Life Investors Insurance Company of America,Hurst,23,,
warn-8638,2002-10-21 00:00:00,tx,"Mansfield Plumbing Products, Inc.",Kilgore,244,,
warn-8633,2002-10-18 00:00:00,tx,Dynegy Midstream Services,Houston,602,,
warn-8631,2002-10-17 00:00:00,tx,VF Jeanswear - El Paso,El Paso,774,,
warn-8632,2002-10-17 00:00:00,tx,VF Jeanswear,El Paso,426,,
warn-8623,2002-10-15 00:00:00,tx,American Express Corporate Services,Houston,99,,
warn-8618,2002-10-14 00:00:00,tx,CSC Technology Management Group,Ft. Worth,256,,
warn-8691,2002-10-14 00:00:00,tx,Owens Corning Fabricating Solutions,Waco,65,,
warn-8615,2002-10-11 00:00:00,tx,"Ericsson, Inc.",Plano,1,,
warn-8616,2002-10-11 00:00:00,tx,"First International Computer of Texas, Inc.",Austin,100,,
warn-8617,2002-10-11 00:00:00,tx,Radisson Astrodome Hotel & Conference Center,Houston,517,,
warn-8630,2002-10-07 00:00:00,tx,Aegis Communications Group - Arlington,Arlington,150,,
warn-8611,2002-10-04 00:00:00,tx,"Ericsson, Inc.",Plano,1,,
warn-8614,2002-10-04 00:00:00,tx,"Oakite Products, Inc.",Houston,10,,
warn-8612,2002-10-03 00:00:00,tx,APW,Garland,95,,
warn-8613,2002-10-03 00:00:00,tx,Goodrich Corporation,Austin,11,,
warn-8619,2002-10-02 00:00:00,tx,Getronics Government Solutions,Dallas,21,,
warn-8620,2002-10-02 00:00:00,tx,Getronics Government Solutions - Del Rio,Del Rio,4,,
warn-8621,2002-10-02 00:00:00,tx,Getronics Government Solutions - San Antonio,San Antonio,4,,
warn-8622,2002-10-02 00:00:00,tx,Getronics Government Solutions - Laredo,Laredo,2,,
warn-8624,2002-10-02 00:00:00,tx,Getronics Government Solutions - Midland,Midland,1,,
warn-8625,2002-10-02 00:00:00,tx,Getronics Government Solutions - El Paso,El Paso,18,,
warn-8626,2002-10-02 00:00:00,tx,Getronics Government Solutions - Houston,Houston,1,,
warn-8627,2002-10-02 00:00:00,tx,Getronics Government Solutions - Harlingen,Harlingen,4,,
warn-8628,2002-10-02 00:00:00,tx,Getronics Government Solutions - McAllen,McAllen,3,,
warn-8629,2002-10-02 00:00:00,tx,Getronics Government Solutions - Kingsville,Kingsville,1,,
warn-8607,2002-10-01 00:00:00,tx,Albertson's #4021,Victoria,85,,
warn-8608,2002-10-01 00:00:00,tx,Rock Tenn,El Paso,118,,
warn-8609,2002-09-30 00:00:00,tx,Ceramic Cooling Tower Company - Ft. Worth,Fort Worth,46,,
warn-8610,2002-09-30 00:00:00,tx,Ceramic Cooling Tower Company,Fort Worth,46,,
warn-8593,2002-09-27 00:00:00,tx,Globe Aviation Services Corporation - Amarillo,Amarillo,40,,
warn-8594,2002-09-27 00:00:00,tx,Andrew Corporation,Denton,185,,
warn-8595,2002-09-27 00:00:00,tx,Andrew Corporation - Richardson,Richardson,52,,
warn-596,2002-09-26 00:00:00,il,"FEDDERS AIR CONDITIONING USA, INC.",EFFINGHAM,175,Plant Closure,
warn-8604,2002-09-26 00:00:00,tx,"I-2 Technologies, Inc.",Dallas,1,,
warn-8592,2002-09-24 00:00:00,tx,DAL Global Services,San Antonio,103,,
warn-8590,2002-09-20 00:00:00,tx,Globe Aviation Services Corporation - Midland,Midland,65,,
warn-8591,2002-09-20 00:00:00,tx,Globe Aviation Services Corporation - Lubbock,Lubbock,39,,
warn-8589,2002-09-19 00:00:00,tx,"Best US Operations, Inc.",Dallas,63,,
warn-8596,2002-09-19 00:00:00,tx,International Total Service (ITS) - Tyler,Tyler,13,,
warn-8597,2002-09-19 00:00:00,tx,International Total Service (ITS) - Wichita Falls,Wichita Falls,13,,
warn-8598,2002-09-19 00:00:00,tx,International Total Service (ITS) - San Angelo,San Angelo,13,,
warn-8599,2002-09-19 00:00:00,tx,International Total Service (ITS) - Brownsville,Brownsville,13,,
warn-8600,2002-09-19 00:00:00,tx,International Total Service (ITS) - Abilene,Abilene,12,,
warn-8601,2002-09-19 00:00:00,tx,International Total Service (ITS) - Laredo,Laredo,13,,
warn-8602,2002-09-19 00:00:00,tx,International Total Service (ITS) - Killeen,Killeen,13,,
warn-8603,2002-09-19 00:00:00,tx,International Total Service (ITS) - Waco,Waco,13,,
warn-8605,2002-09-19 00:00:00,tx,International Total Service (ITS) - McAllen,McAllen,13,,
warn-8606,2002-09-19 00:00:00,tx,International Total Service (ITS) - Longview,Longview,13,,
warn-788,2002-09-16 00:00:00,il,"MANUFACTURERS SERVICES, LTD",MT. PROSPECT,325,Plant Closure,
warn-8585,2002-09-13 00:00:00,tx,"Ericsson, Inc.",Plano,2,,
warn-8586,2002-09-13 00:00:00,tx,"Ericsson, Inc. - Richardson",Richardson,4,,
warn-8587,2002-09-13 00:00:00,tx,Life Investors Insurance Company of America,Hurst,5,,
warn-8588,2002-09-12 00:00:00,tx,Peerless Manufacturing Company,Dallas,55,,
warn-8583,2002-09-05 00:00:00,tx,CMS Energy Oil and Gas,Houston,50,,
warn-8580,2002-09-04 00:00:00,tx,Consolidated Freightways - El Paso,El Paso,57,,
warn-8564,2002-09-03 00:00:00,tx,Consolidated Freightways,Dallas,530,,
warn-8565,2002-09-03 00:00:00,tx,ACS,Dallas,14,,
warn-8566,2002-09-03 00:00:00,tx,Consolidated Freightways - Abilene,Abilene,5,,
warn-8584,2002-09-03 00:00:00,tx,Boeing,Irving,52,,
warn-8573,2002-08-30 00:00:00,tx,"Seadrift Coke, L.P.",Seadrift,102,,
warn-8567,2002-08-29 00:00:00,tx,Consolidated Freightways - Amarillo,Amarillo,9,,
warn-8568,2002-08-29 00:00:00,tx,Consolidated Freightways - Laredo,Laredo,86,,
warn-8569,2002-08-29 00:00:00,tx,Consolidated Freightways - Ft. Worth,Ft. Worth,145,,
warn-8570,2002-08-29 00:00:00,tx,Consolidated Freightways - Waco,Waco,17,,
warn-8571,2002-08-29 00:00:00,tx,Consolidated Freightways - San Antonio,San Antonio,24,,
warn-8572,2002-08-29 00:00:00,tx,Consolidated Freightways - Odessa,Odessa,4,,
warn-8574,2002-08-29 00:00:00,tx,Consolidated Freightways - Tyler,Tyler,16,,
warn-8575,2002-08-29 00:00:00,tx,Consolidated Freightways - Lubbock,Lubbock,7,,
warn-8576,2002-08-29 00:00:00,tx,Consolidated Freightways - McAllen,McAllen,26,,
warn-8577,2002-08-29 00:00:00,tx,Consolidated Freightways - Beaumont,Beaumont,8,,
warn-8578,2002-08-29 00:00:00,tx,Consolidated Freightways - Austin,Austin,35,,
warn-8579,2002-08-29 00:00:00,tx,Consolidated Freightways - Bryan,Bryan,3,,
warn-8581,2002-08-29 00:00:00,tx,Consolidated Freightways - Corpus Christi,Corpus Ch,6,,
warn-8582,2002-08-29 00:00:00,tx,Consolidated Freightways - Houston,Houston,445,,
warn-2387,2002-08-26 00:00:00,il,PLANO MOLDING COMPANY,PLANO,70,Plant Closure,
warn-8561,2002-08-23 00:00:00,tx,Getronics Government Solutions - Del Rio,Del Rio,4,,
warn-8563,2002-08-23 00:00:00,tx,Sportservice Corporation,Arlington,723,,
warn-8559,2002-08-22 00:00:00,tx,"Siemens Hearing Instruments, Inc.",Houston,40,,
warn-8560,2002-08-22 00:00:00,tx,Globe Aviation Services Corporation,Dallas,75,,
warn-8556,2002-08-19 00:00:00,tx,Jabil Circuit,Bedford,150,,
warn-8558,2002-08-19 00:00:00,tx,Symantec - San Antonio,San Antonio,26,,
warn-8562,2002-08-19 00:00:00,tx,"VF Imagewear (West), Inc. - Brownsville",Brownsville,95,,
warn-2234,2002-08-16 00:00:00,il,GENERAL CABLE,MONTICELLO,116,Plant Closure,
warn-8557,2002-08-16 00:00:00,tx,International Garment Processors,El Paso,114,,
warn-8554,2002-08-14 00:00:00,tx,"Alcatel USA, Inc. - Plano",Plano,224,,
warn-8552,2002-08-13 00:00:00,tx,Charles Schwab & Co. Inc.,Austin,302,,
warn-2236,2002-08-12 00:00:00,il,FLEXTRONICS,ELK GROVE VILLAGE,192,Plant Closure,
warn-8553,2002-08-12 00:00:00,tx,"Coleman Cable, Inc. - El Paso",El Paso,80,,
warn-8551,2002-08-09 00:00:00,tx,Life Investors Insurance Company of America,Hurst,3,,
warn-8549,2002-08-08 00:00:00,tx,Air System Components,Terrell,176,,
warn-8548,2002-08-07 00:00:00,tx,Target Stores - Houston3,Humble,130,,
warn-8550,2002-08-07 00:00:00,tx,Eimo Technologies,Georgetown,79,,
warn-8555,2002-08-07 00:00:00,tx,"Bently Nevada, LLC.",Houston,53,,
warn-8544,2002-08-06 00:00:00,tx,Louisiana Pacific Corporation - Cleveland,Cleveland,462,,
warn-8545,2002-08-06 00:00:00,tx,Flextronics Enclosures - Garland,Garland,62,,
warn-8547,2002-08-01 00:00:00,tx,Target Stores - Garland,Garland,138,,
warn-8543,2002-07-31 00:00:00,tx,TeleTech,Temple,149,,
warn-8542,2002-07-29 00:00:00,tx,Huntleigh USA Corporation,Houston,348,,
warn-8541,2002-07-24 00:00:00,tx,Spherion Atlantic Enterprises LLC - Ft. Worth,Ft. Worth,47,,
warn-8546,2002-07-24 00:00:00,tx,Getronics Government Solutions,Dallas,23,,
warn-8539,2002-07-23 00:00:00,tx,"Alcatel USA, Inc. - Plano",Plano,352,,
warn-8540,2002-07-23 00:00:00,tx,Atmel Corporation,Irving,297,,
warn-8537,2002-07-17 00:00:00,tx,Spherion Atlantic Enterprises LLC,Nederland,600,,
warn-8535,2002-07-12 00:00:00,tx,Globe Aviation Services Corporation,Dallas,90,,
warn-8536,2002-07-12 00:00:00,tx,Allstate Insurance Company - Austin,Austin,91,,
warn-8534,2002-07-10 00:00:00,tx,Williamson-Dickie Manufacturing Company - Weslaco,Weslaco,672,,
warn-2204,2002-07-01 00:00:00,il,BRIDAL ORIGINALS,DUQUOIN,77,Plant Closure,
warn-2321,2002-07-01 00:00:00,il,KOMATSU AMERICA CORP,PEORIA,276,Plant Closure,
warn-8531,2002-06-28 00:00:00,tx,Schult Homes Corporation,Navasota,173,,
warn-8532,2002-06-28 00:00:00,tx,Sodexho Health Care Services,Galveston,0,,
warn-8533,2002-06-28 00:00:00,tx,"Best Buy Company, Inc.",Houston,53,,
warn-8529,2002-06-25 00:00:00,tx,CSC Credit Services,Houston,52,,
warn-8528,2002-06-24 00:00:00,tx,Arthur Andersen LLP,Dallas,50,,
warn-8530,2002-06-24 00:00:00,tx,"Johnson & Johnson Medical, Inc. - Sherman",Sherman,56,,
warn-8526,2002-06-21 00:00:00,tx,"E & A Technology, Inc.",El Paso,230,,
warn-8527,2002-06-21 00:00:00,tx,"WorldCom, Inc. - Ft. Worth",Ft. Worth,95,,
warn-8525,2002-06-19 00:00:00,tx,GE Industrial Systems,Houston,61,,
warn-8524,2002-06-18 00:00:00,tx,Goodrich Corporation,Austin,54,,
warn-8520,2002-06-17 00:00:00,tx,"General Bandwidth, Inc.",Austin,117,,
warn-8519,2002-06-13 00:00:00,tx,Community Education Partners,Dallas,77,,
warn-8521,2002-06-13 00:00:00,tx,Defense Reutilization And Marketing Office - SA,San Antonio,10,,
warn-8516,2002-06-12 00:00:00,tx,Abacus Communications LC,Dallas,162,,
warn-8517,2002-06-12 00:00:00,tx,"Engine Master, L.P.",Dallas,95,,
warn-8513,2002-06-10 00:00:00,tx,RadiSys Corporation,Houston,60,,
warn-8514,2002-06-10 00:00:00,tx,Levi Strauss & Company - San Antonio,San Antonio,243,,
warn-8518,2002-06-10 00:00:00,tx,Buckner Retirement Village,Dallas,48,,
warn-8522,2002-06-10 00:00:00,tx,Boeing,Irving,27,,
warn-8523,2002-06-10 00:00:00,tx,Corning Cable Systems LLC,Keller,93,,
warn-8511,2002-06-06 00:00:00,tx,LP Particleboard,Silsbee,105,,
warn-8509,2002-06-05 00:00:00,tx,Parker Hannifin Corporation,Cleburne,91,,
warn-8515,2002-06-05 00:00:00,tx,Entergy Wholesale Operations,Houston,72,,
warn-8512,2002-06-03 00:00:00,tx,Weber Aircraft,Gainesville,100,,
warn-8507,2002-05-31 00:00:00,tx,DDI,Garland,97,,
warn-8510,2002-05-31 00:00:00,tx,SMTC Manufacturing,Austin,100,,
warn-8506,2002-05-29 00:00:00,tx,Personal Optics,Houston,58,,
warn-8502,2002-05-28 00:00:00,tx,Citizens Communications Company,Plano,399,,
warn-8503,2002-05-28 00:00:00,tx,"Fleetwood Homes of Texas, Inc.",Wichita Falls,138,,
warn-8538,2002-05-27 00:00:00,tx,"Dillard's, Inc. - Arlington",Arlington,97,,
warn-8504,2002-05-24 00:00:00,tx,"CA One Services, Inc. - San Antonio",San Antonio,63,,
warn-8501,2002-05-21 00:00:00,tx,Texas Department of MHMR,Houston,50,,
warn-595,2002-05-20 00:00:00,il,"FEDDERS AIR CONDITIONING USA, INC.",EFFINGHAM,370,Plant Closure,
warn-8505,2002-05-20 00:00:00,tx,Target Stores - Texarkana,Texarkana,91,,
warn-8508,2002-05-17 00:00:00,tx,U.S. Foodservice,Austin,177,,
warn-8497,2002-05-15 00:00:00,tx,First State Bank of Texas,Lewisville,123,,
warn-8498,2002-05-15 00:00:00,tx,Eckerd,Dallas,95,,
warn-8499,2002-05-15 00:00:00,tx,Eckerd - Houston,Houston,23,,
warn-8500,2002-05-15 00:00:00,tx,Eckerd - Ft. Worth,Ft. Worth,0,,
warn-8492,2002-05-13 00:00:00,tx,Target Stores - Pasadena,Pasadena,131,,
warn-8495,2002-05-13 00:00:00,tx,Northrop Grumman Corporation,Irving,75,,
warn-8496,2002-05-13 00:00:00,tx,Southwestern Bell - San Antonio,San Antonio,92,,
warn-8494,2002-05-10 00:00:00,tx,Allstate Insurance Company,Ft. Worth,97,,
warn-8489,2002-05-09 00:00:00,tx,Flextronics Enclosures - Garland,Garland,60,,
warn-8490,2002-05-09 00:00:00,tx,Louisiana Pacific - Bon Wier,Bon Wier,409,,
warn-8491,2002-05-09 00:00:00,tx,Tyco Electronics,Mesquite,24,,
warn-8486,2002-05-08 00:00:00,tx,Advanced Micro Devices (AMD),Austin,800,,
warn-8483,2002-05-07 00:00:00,tx,"Alcatel USA, Inc. - Plano",Plano,496,,
warn-8487,2002-05-07 00:00:00,tx,Fleming - Dallas,Dallas,83,,
warn-8488,2002-05-07 00:00:00,tx,"BAE Automated Systems, Inc.",Carrollton,139,,
warn-8482,2002-05-06 00:00:00,tx,Stone Bennett,Carrollton,20,,
warn-8484,2002-05-06 00:00:00,tx,Flextronics Enclosures,New Braunfels,780,,
warn-8493,2002-05-06 00:00:00,tx,Winn Dixie #2417,Grand Prairie,1,,
warn-8480,2002-05-03 00:00:00,tx,Promotional Printing Company,Houston,78,,
warn-8485,2002-05-03 00:00:00,tx,SOPAKCO,San Antonio,222,,
warn-2119,2002-05-02 00:00:00,il,MOTOROLA WIRELESS DATA GROUP,SCHAUMBURG,100,Plant Closure,
warn-8481,2002-05-02 00:00:00,tx,Sanmina - Von Ormy,Von Ormy,56,,
warn-8471,2002-05-01 00:00:00,tx,Laredo Medical Group,Laredo,315,,
warn-8470,2002-04-30 00:00:00,tx,"Citigroup Credit Services, Inc. - San Marcos",San Marcos,184,,
warn-8473,2002-04-30 00:00:00,tx,Bimbo Bakeries USA - Lubbock,Lubbock,125,,
warn-8474,2002-04-30 00:00:00,tx,Bimbo Bakeries USA - Austin,Austin,125,,
warn-8475,2002-04-30 00:00:00,tx,"Mrs. Baird's Bakeries, Inc. - Waco",Waco,2,,
warn-8476,2002-04-30 00:00:00,tx,Bimbo Bakeries USA - Ft. Worth,Ft. Worth,125,,
warn-8477,2002-04-30 00:00:00,tx,Bimbo Bakeries USA - San Antonio,San Antonio,125,,
warn-8478,2002-04-30 00:00:00,tx,Bimbo Bakeries USA - Dallas,Dallas,75,,
warn-8479,2002-04-30 00:00:00,tx,Bimbo Bakeries USA - Houston,Houston,125,,
warn-8469,2002-04-29 00:00:00,tx,Asplundh Tree Expert Company,Houston,140,,
warn-8468,2002-04-25 00:00:00,tx,Albertson's #2721,Lake Jackson,81,,
warn-8472,2002-04-25 00:00:00,tx,CheckFree Services Corporation,Houston,200,,
warn-8466,2002-04-24 00:00:00,tx,Neoplan USA Corporation,Brownsville,159,,
warn-8467,2002-04-24 00:00:00,tx,Nokia - Tarrant,Ft. Worth,553,,
warn-8461,2002-04-23 00:00:00,tx,Albertson's #2788,Sugar Land,75,,
warn-8462,2002-04-23 00:00:00,tx,Albertson's #2743,New Caney,95,,
warn-8463,2002-04-23 00:00:00,tx,Albertson's #2730,Spring,119,,
warn-8464,2002-04-23 00:00:00,tx,Albertson's #2778,Houston,72,,
warn-8465,2002-04-23 00:00:00,tx,Albertson's #2704,Pasadena,68,,
warn-8460,2002-04-22 00:00:00,tx,"Citigroup Credit Services, Inc.",Denton,267,,
warn-8456,2002-04-19 00:00:00,tx,"Ericsson, Inc.",Plano,2,,
warn-8457,2002-04-19 00:00:00,tx,"Ericsson, Inc. - Richardson3",Richardson,5,,
warn-8459,2002-04-17 00:00:00,tx,"International Check Services, Inc.",Houston,87,,
warn-8458,2002-04-16 00:00:00,tx,Carmun International,San Antonio,11,,
warn-8455,2002-04-15 00:00:00,tx,Albertson's #2732,Houston,77,,
warn-8454,2002-04-12 00:00:00,tx,Motorola-Ft. Worth,Ft. Worth,3,,
warn-8450,2002-04-11 00:00:00,tx,Savane International Corporation,El Paso,95,,
warn-8451,2002-04-11 00:00:00,tx,Savane International Corporation - El Paso,El Paso,110,,
warn-8452,2002-04-11 00:00:00,tx,Albertson's #2703,Houston,75,,
warn-8449,2002-04-10 00:00:00,tx,Albertson's #4225,Killeen,79,,
warn-8442,2002-04-08 00:00:00,tx,Levi Strauss & Company - Brownsville,Brownsville,643,,
warn-8443,2002-04-08 00:00:00,tx,Albertson's #2707,Houston,111,,
warn-8444,2002-04-08 00:00:00,tx,Levi Strauss & Company - El Paso,El Paso,758,,
warn-8445,2002-04-08 00:00:00,tx,Levi Strauss & Company - San Benito,San Benito,481,,
warn-8446,2002-04-08 00:00:00,tx,Boeing Electronics,Irving,162,,
warn-8448,2002-04-08 00:00:00,tx,"Excel Communication, Inc.",Houston,220,,
warn-8440,2002-04-05 00:00:00,tx,Sanmina - Richardson,Richardson,49,,
warn-8441,2002-04-04 00:00:00,tx,Williamson-Dickie Manufacturing Company - McAllen,McAllen,331,,
warn-8439,2002-04-03 00:00:00,tx,"APAC Customer Services, Inc.",Ft. Worth,160,,
warn-8437,2002-04-02 00:00:00,tx,Arthur Andersen/Andersen Consulting,Houston,300,,
warn-8438,2002-04-02 00:00:00,tx,Albertson's #4010,San Antonio,88,,
warn-8447,2002-04-02 00:00:00,tx,Compuware Corporation,Addison,52,,
warn-8453,2002-04-02 00:00:00,tx,Motorola-Ft. Worth,Ft. Worth,10,,
warn-8436,2002-03-28 00:00:00,tx,Albertson's #2742,South Houston,66,,
warn-8433,2002-03-26 00:00:00,tx,CHEP USA,Garland,137,,
warn-8434,2002-03-26 00:00:00,tx,Masonite International Corporation,Houston,92,,
warn-8435,2002-03-26 00:00:00,tx,Masonite International Corporation - Houston2,Spring,54,,
warn-8431,2002-03-21 00:00:00,tx,Ameripol Synpol Corporation,Odessa,165,,
warn-8432,2002-03-21 00:00:00,tx,Boeing - El Paso,El Paso,150,,
warn-8428,2002-03-19 00:00:00,tx,GE Accessory Services,Grand Prairie,70,,
warn-8429,2002-03-19 00:00:00,tx,CheckFree,Austin,65,,
warn-8430,2002-03-18 00:00:00,tx,W. C. Bradley Company,New Braunfels,170,,
warn-8407,2002-03-14 00:00:00,tx,Albertson's #2753,Houston,96,,
warn-8408,2002-03-14 00:00:00,tx,Albertson's #4036,Pharr,76,,
warn-8409,2002-03-14 00:00:00,tx,Albertson's #4079,San Juan,81,,
warn-8410,2002-03-14 00:00:00,tx,Albertson's #2763,Spring,74,,
warn-8411,2002-03-14 00:00:00,tx,Albertson's #2740,Port Arthur,86,,
warn-8412,2002-03-14 00:00:00,tx,Albertson's #2752,Kingwood,90,,
warn-8413,2002-03-14 00:00:00,tx,Albertson's #2706,Houston,83,,
warn-8414,2002-03-14 00:00:00,tx,Albertson's #4081,Edinburg,67,,
warn-8415,2002-03-14 00:00:00,tx,Albertson's #2705,Houston,66,,
warn-8416,2002-03-14 00:00:00,tx,Albertson's #2733,Atascocita,95,,
warn-8417,2002-03-14 00:00:00,tx,Albertson's #4069,Mission,107,,
warn-8418,2002-03-14 00:00:00,tx,Albertson's #2741,Houston,82,,
warn-8419,2002-03-14 00:00:00,tx,Albertson's #2769,Cypress,88,,
warn-8420,2002-03-14 00:00:00,tx,Albertson's #2725,Lufkin,79,,
warn-8421,2002-03-14 00:00:00,tx,Albertson's #4077,Harlingen,77,,
warn-8422,2002-03-14 00:00:00,tx,Albertson's #4035,Corpus Ch,85,,
warn-8423,2002-03-14 00:00:00,tx,Marconi Communications - Irving,Irving,206,,
warn-8424,2002-03-14 00:00:00,tx,Albertson's #4084,Brownsville,80,,
warn-8425,2002-03-14 00:00:00,tx,Albertson's #4004,Laredo,100,,
warn-8426,2002-03-14 00:00:00,tx,Albertson's #4087,Weslaco,79,,
warn-8427,2002-03-14 00:00:00,tx,Sanmina,Carrollton,110,,
warn-8401,2002-03-13 00:00:00,tx,Albertson's - Katy,Katy,267,,
warn-8405,2002-03-13 00:00:00,tx,"Ericsson, Inc.",Plano,23,,
warn-8402,2002-03-12 00:00:00,tx,"Ericsson, Inc. - Richardson7",Richardson,10,,
warn-8403,2002-03-12 00:00:00,tx,"Ericsson, Inc. - Richardson6",Richardson,7,,
warn-8404,2002-03-12 00:00:00,tx,"Ericsson, Inc. - Richardson3",Richardson,11,,
warn-8406,2002-03-12 00:00:00,tx,"Ericsson, Inc. - Richardson10",Richardson,3,,
warn-1305,2002-03-11 00:00:00,il,GATES RUBBER COMPANY,GALESBURG,184,Plant Closure,
warn-8385,2002-03-08 00:00:00,tx,Kmart #3452,El Paso,100,,
warn-8386,2002-03-08 00:00:00,tx,Kmart #9607,Borger,50,,
warn-8387,2002-03-08 00:00:00,tx,Kmart #3519,Midland,60,,
warn-8388,2002-03-08 00:00:00,tx,Kmart #3718,Dallas,80,,
warn-8389,2002-03-08 00:00:00,tx,Kmart #3636,Colleyville,60,,
warn-8390,2002-03-08 00:00:00,tx,Kmart #3772,Austin,60,,
warn-8391,2002-03-08 00:00:00,tx,Kmart #3863,Houston,80,,
warn-8392,2002-03-08 00:00:00,tx,Kmart #4904,Victoria,130,,
warn-8393,2002-03-08 00:00:00,tx,Kmart #4908,Corpus Ch,100,,
warn-8394,2002-03-08 00:00:00,tx,Kmart #9327,Allen,90,,
warn-8395,2002-03-08 00:00:00,tx,Kmart #3904,Sugarland,60,,
warn-8396,2002-03-08 00:00:00,tx,Kmart #7314,Plainview,80,,
warn-8397,2002-03-08 00:00:00,tx,Kmart #3497,Houston,80,,
warn-8398,2002-03-08 00:00:00,tx,Kmart #9576,Paris,60,,
warn-8399,2002-03-08 00:00:00,tx,Kmart #3690,San Antonio,90,,
warn-8400,2002-03-08 00:00:00,tx,Kmart #7286,Carrollton,80,,
warn-8384,2002-03-05 00:00:00,tx,PolyOne,Houston,73,,
warn-8383,2002-02-27 00:00:00,tx,Stream International,Dallas,649,,
warn-8381,2002-02-22 00:00:00,tx,Aramark Corporation,New Braunfels,45,,
warn-8382,2002-02-22 00:00:00,tx,Eimo Technologies,Georgetown,50,,
warn-8379,2002-02-21 00:00:00,tx,Aeroflex Microelectronic Solutions,Richardson,47,,
warn-8380,2002-02-21 00:00:00,tx,York International Corporation - San Antonio,San Antonio,47,,
warn-8373,2002-02-19 00:00:00,tx,The Gallup Organization,Austin,127,,
warn-8376,2002-02-19 00:00:00,tx,Dupont - Orange,Orange,114,,
warn-8377,2002-02-19 00:00:00,tx,"Nursery Supplies, Inc.",El Campo,51,,
warn-8375,2002-02-18 00:00:00,tx,General Mills,Anthony,253,,
warn-1003,2002-02-14 00:00:00,il,LACLEDE STEEL COMPANY WIRE MILL OPERATIO,ALTON,550,Plant Closure,
warn-8371,2002-02-14 00:00:00,tx,Verio Inc. - Dallas,Dallas,129,,
warn-8372,2002-02-14 00:00:00,tx,Verio Inc.,Dallas,130,,
warn-8374,2002-02-14 00:00:00,tx,Motorola-Ft. Worth,Ft. Worth,220,,
warn-8369,2002-02-12 00:00:00,tx,"Johnson & Johnson Medical, Inc. - Sherman",Sherman,59,,
warn-8370,2002-02-12 00:00:00,tx,Albertson's #4190,Garland,73,,
warn-8378,2002-02-12 00:00:00,tx,The McGraw-Hill Companies,Grand Prairie,50,,
warn-8366,2002-02-08 00:00:00,tx,"Ericsson, Inc.",Plano,2,,
warn-8360,2002-02-07 00:00:00,tx,Valeo Climate Control Corporation,Grand Prairie,221,,
warn-8361,2002-02-07 00:00:00,tx,Sanmina - San Antonio,San Antonio,117,,
warn-8363,2002-02-07 00:00:00,tx,"Ericsson, Inc. - Richardson7",Richardson,2,,
warn-8364,2002-02-07 00:00:00,tx,Motorola - Austin,Austin,300,,
warn-8367,2002-02-07 00:00:00,tx,"Ericsson, Inc. - Richardson3",Richardson,2,,
warn-8368,2002-02-07 00:00:00,tx,"Ericsson, Inc. - Richardson6",Richardson,13,,
warn-8356,2002-02-05 00:00:00,tx,Albertson's - Houston2,Houston,79,,
warn-8357,2002-02-05 00:00:00,tx,Albertson's - Houston,Houston,87,,
warn-2331,2002-02-04 00:00:00,il,APPLIANCE CONTROLS GROUP INC.,PRINCETON,268,Plant Closure,
warn-8362,2002-02-04 00:00:00,tx,Cameron,Liberty,90,,
warn-8353,2002-02-01 00:00:00,tx,Max Foods #1707 Albertson's - Arlington,Arlington,54,,
warn-8354,2002-02-01 00:00:00,tx,Max Foods Albertson's - Dallas,Dallas,90,,
warn-8355,2002-02-01 00:00:00,tx,Max Foods Albertson's - Dallas2,Dallas,69,,
warn-8365,2002-02-01 00:00:00,tx,Weber Aircraft,Gainesville,100,,
warn-8352,2002-01-31 00:00:00,tx,Gulfstream Aerospace,Ft. Worth,182,,
warn-8350,2002-01-29 00:00:00,tx,Bimbo Bakeries USA,Dallas,180,,
warn-8351,2002-01-29 00:00:00,tx,NCR Systemedia Division,Arlington,54,,
warn-8359,2002-01-29 00:00:00,tx,Omniplex World Services Corporation,Houston,123,,
warn-8341,2002-01-25 00:00:00,tx,"Ericsson, Inc. - Plano",Plano,1,,
warn-8342,2002-01-25 00:00:00,tx,"Ericsson, Inc. - Richardson10",Richardson,25,,
warn-8343,2002-01-25 00:00:00,tx,"Ericsson, Inc.",Plano,18,,
warn-8345,2002-01-25 00:00:00,tx,"Ericsson, Inc. - Richardson3",Richardson,3,,
warn-8346,2002-01-25 00:00:00,tx,"Ericsson, Inc. - Richardson4",Richardson,1,,
warn-8347,2002-01-25 00:00:00,tx,"Ericsson, Inc. - Richardson2",Richardson,14,,
warn-8349,2002-01-25 00:00:00,tx,"Tokyo Electron Texas, Inc.",Austin,22,,
warn-8340,2002-01-24 00:00:00,tx,Sitel Corporation - Longview,Longview,0,,
warn-8358,2002-01-24 00:00:00,tx,Advanced Micro Devices (AMD),Austin,44,,
warn-8339,2002-01-23 00:00:00,tx,Pillowtex Corporation,Dallas,97,,
warn-8348,2002-01-23 00:00:00,tx,Motorola - Austin2,Austin,80,,
warn-8336,2002-01-16 00:00:00,tx,Tyco Electronics,Mesquite,31,,
warn-8344,2002-01-16 00:00:00,tx,"TNT Logistics North America, Inc.",Houston,125,,
warn-8337,2002-01-15 00:00:00,tx,Motorola-Ft. Worth,Ft. Worth,4,,
warn-8338,2002-01-14 00:00:00,tx,Aetna US Healthcare - Sugar Land,Sugar Land,400,,
warn-8332,2002-01-08 00:00:00,tx,"Alcatel USA, Inc. - Plano",Plano,12,,
warn-8333,2002-01-08 00:00:00,tx,Haggar Clothing Company - Weslaco2,Weslaco,130,,
warn-8328,2002-01-07 00:00:00,tx,Associated Spring,Dallas,85,,
warn-8335,2002-01-07 00:00:00,tx,Barry of Laredo,Laredo,137,,
warn-8329,2002-01-04 00:00:00,tx,International Business Machines (IBM) - Bellaire,Bellaire,66,,
warn-8331,2002-01-03 00:00:00,tx,Target Stores - Lewisville,Lewisville,0,,
warn-8320,2002-01-02 00:00:00,tx,Hillman Distributing Company,Houston,50,,
warn-8321,2002-01-02 00:00:00,tx,InServe Corporation - Kaufman,Kaufman,1,,
warn-8323,2002-01-02 00:00:00,tx,"Hillman International Brands, Ltd.",Houston,200,,
warn-8326,2002-01-02 00:00:00,tx,Frontier Meat & Food Service,San Antonio,71,,
warn-8322,2001-12-31 00:00:00,tx,BayCoast Medical Center,Baytown,129,,
warn-8319,2001-12-28 00:00:00,tx,InServe Corporation,Houston,1,,
warn-8330,2001-12-28 00:00:00,tx,"DeCrane Aircraft Furniture Co., L.P.",San Antonio,125,,
warn-8316,2001-12-27 00:00:00,tx,"Express One International, Inc.",Dallas,62,,
warn-8317,2001-12-27 00:00:00,tx,"Oxy Vinyl, LP",Deer Park,49,,
warn-8318,2001-12-27 00:00:00,tx,"Express One International, Inc. - Austin",Austin,60,,
warn-8324,2001-12-27 00:00:00,tx,"InterGen Services, Inc. - Houston2",Houston,105,,
warn-8325,2001-12-27 00:00:00,tx,Highlands Insurance Group,Houston,35,,
warn-8327,2001-12-26 00:00:00,tx,U.S. Surgical,Ft. Worth,177,,
warn-8313,2001-12-18 00:00:00,tx,"Ericsson, Inc.",Plano,11,,
warn-8334,2001-12-18 00:00:00,tx,"Protection One Alarm Monitoring, Inc.",Irving,250,,
warn-1523,2001-12-17 00:00:00,il,ACME STEEL,RIVERDALE,1094,Plant Closure,
warn-8314,2001-12-17 00:00:00,tx,"Ericsson, Inc. - Richardson",Richardson,12,,
warn-8315,2001-12-17 00:00:00,tx,"Howard Schultz & Associates International, Inc.",Dallas,91,,
warn-8309,2001-12-14 00:00:00,tx,Burlington Resources,Houston,80,,
warn-8310,2001-12-14 00:00:00,tx,I-2 Technologies,Austin,78,,
warn-8311,2001-12-14 00:00:00,tx,CHF Industries,Kaufman,104,,
warn-8312,2001-12-14 00:00:00,tx,Abitibi,Lufkin,161,,
warn-8298,2001-12-13 00:00:00,tx,Applied Materials-Addeco-SVO,Austin,150,,
warn-8299,2001-12-13 00:00:00,tx,"Applied Materials, Inc. - Austin9",Austin,50,,
warn-8300,2001-12-13 00:00:00,tx,"Applied Materials, Inc. - Austin4",Austin,50,,
warn-8301,2001-12-13 00:00:00,tx,"Applied Materials, Inc. - Austin8",Austin,50,,
warn-8302,2001-12-13 00:00:00,tx,"Applied Materials, Inc. - Austin",Austin,50,,
warn-8303,2001-12-13 00:00:00,tx,"Applied Materials, Inc. - Austin5",Austin,50,,
warn-8304,2001-12-13 00:00:00,tx,"Applied Materials, Inc. - Austin3",Austin,100,,
warn-8305,2001-12-13 00:00:00,tx,"Applied Materials, Inc. - Austin6",Austin,50,,
warn-8306,2001-12-13 00:00:00,tx,"Applied Materials, Inc. - Austin2",Austin,50,,
warn-8307,2001-12-13 00:00:00,tx,"Applied Materials, Inc. - Austin7",Austin,50,,
warn-8308,2001-12-13 00:00:00,tx,"Applied Materials, Inc. - Austin10",Austin,50,,
warn-8297,2001-12-11 00:00:00,tx,Kel Star,Woodville,150,,
warn-8296,2001-12-10 00:00:00,tx,VF Jeanswear - Fabens,Fabens,277,,
warn-8295,2001-12-06 00:00:00,tx,Tyco Electronics Power Systems,Round Rock,154,,
warn-8291,2001-12-05 00:00:00,tx,"Ericsson, Inc. - Richardson10",Richardson,75,,
warn-8292,2001-12-05 00:00:00,tx,"Ericsson, Inc. - Richardson9",Richardson,75,,
warn-8293,2001-12-05 00:00:00,tx,"Ericsson, Inc.",Plano,250,,
warn-8294,2001-12-05 00:00:00,tx,Tempo,Mineral Wells,69,,
warn-8282,2001-11-30 00:00:00,tx,Prodigy Communications Corporation,Austin,130,,
warn-8279,2001-11-29 00:00:00,tx,Verizon Wireless,Ft. Worth,126,,
warn-8280,2001-11-29 00:00:00,tx,Broadwing Communications,Austin,30,,
warn-8281,2001-11-29 00:00:00,tx,"Broadwing Communications Services, Inc.",Austin,370,,
warn-8283,2001-11-29 00:00:00,tx,CoServ Electric - Irving,Irving,9,,
warn-8286,2001-11-29 00:00:00,tx,CoServ Electric - Ft. Worth,Ft. Worth,9,,
warn-8287,2001-11-29 00:00:00,tx,CoServ Electric - Corinth,Corinth,9,,
warn-8288,2001-11-29 00:00:00,tx,CoServ Electric - Frisco,Frisco,9,,
warn-8289,2001-11-29 00:00:00,tx,CoServ Electric - Plano,Plano,9,,
warn-8285,2001-11-28 00:00:00,tx,Cavender Oldsmobile,San Antonio,50,,
warn-8290,2001-11-28 00:00:00,tx,LifeStream and Medical Manufacturing Services,The Woodlands,196,,
warn-8277,2001-11-26 00:00:00,tx,Mission Valley Fabrics Division,New Braunfels,130,,
warn-8276,2001-11-21 00:00:00,tx,Comm South Companies,Dallas,56,,
warn-771,2001-11-20 00:00:00,il,FIRESTONE-DECATUR,DECATUR,1800,Mass Layoff,
warn-8273,2001-11-19 00:00:00,tx,Owens-Corning - Palestine,Palestine,57,,
warn-8278,2001-11-19 00:00:00,tx,"Revest, Inc.",Dallas,76,,
warn-8265,2001-11-16 00:00:00,tx,"Conseco Teleservices, Inc.",Irving,50,,
warn-8266,2001-11-16 00:00:00,tx,Stanley Mechanics Tools - Wichita Falls,Wichita Falls,242,,
warn-8267,2001-11-16 00:00:00,tx,"Tellabs Operations, Inc.",Round Rock,438,,
warn-8268,2001-11-16 00:00:00,tx,JC Penney - Garland,Garland,60,,
warn-8270,2001-11-16 00:00:00,tx,Computer Science Corporation - Houston,Houston,92,,
warn-8284,2001-11-16 00:00:00,tx,"Dillard's, Inc. - San Antonio",San Antonio,162,,
warn-8269,2001-11-15 00:00:00,tx,"Kitty Hawk Aircargo, Inc.",El Paso,1,,
warn-8271,2001-11-15 00:00:00,tx,"Kitty Hawk Aircargo, Inc. - Brownsville",Brownsville,1,,
warn-8272,2001-11-15 00:00:00,tx,"Kitty Hawk International, Inc. - Ft. Worth",Ft. Worth,356,,
warn-8274,2001-11-15 00:00:00,tx,"Kitty Hawk Aircargo, Inc. - Houston",Houston,1,,
warn-8260,2001-11-14 00:00:00,tx,VF Jeanswear,El Paso,372,,
warn-8261,2001-11-14 00:00:00,tx,VF Jeanswear - El Paso,El Paso,582,,
warn-8275,2001-11-14 00:00:00,tx,"Wallace Computer Services, Inc.",Austin,59,,
warn-8258,2001-11-13 00:00:00,tx,Cummins Utility Supply,Ft. Worth,74,,
warn-8262,2001-11-13 00:00:00,tx,"VarTec CRM, Inc.",Waco,190,,
warn-8257,2001-11-12 00:00:00,tx,Dallas Youth Services Corps,Dallas,25,,
warn-8263,2001-11-12 00:00:00,tx,Southwestern Bell - Beaumont,Beaumont,76,,
warn-8253,2001-11-08 00:00:00,tx,Vision Metals/Gulf States Tube,Rosenberg,237,,
warn-8259,2001-11-08 00:00:00,tx,"Sears, Roebuck and Company - Dallas2",Dallas,2,,
warn-8264,2001-11-07 00:00:00,tx,"SAP America, Inc.",Austin,116,,
warn-8252,2001-11-06 00:00:00,tx,"Alcatel USA, Inc. - Plano",Plano,762,,
warn-8254,2001-11-06 00:00:00,tx,"Sears, Roebuck and Company - San Antonio",San Antonio,1,,
warn-8255,2001-11-06 00:00:00,tx,"Sears, Roebuck and Company - Round Rock",Round Rock,22,,
warn-8256,2001-11-06 00:00:00,tx,"Sears, Roebuck and Company - Dallas2",Dallas,2,,
warn-8245,2001-10-31 00:00:00,tx,AT&T - Haltom,Haltom,51,,
warn-8249,2001-10-31 00:00:00,tx,Jumpking Incorporated2,Weatherford,64,,
warn-8243,2001-10-30 00:00:00,tx,R G Barry Molding,San Angelo,70,,
warn-8246,2001-10-30 00:00:00,tx,American Express,Dallas,193,,
warn-8247,2001-10-30 00:00:00,tx,Saint-Gobain BTI,Seguin,41,,
warn-8248,2001-10-30 00:00:00,tx,Santa's Best - Lubbock,Lubbock,12,,
warn-8250,2001-10-30 00:00:00,tx,Santa's Best,Lubbock,12,,
warn-8251,2001-10-30 00:00:00,tx,Santa's Best - Shallowater,Shallowater,11,,
warn-8244,2001-10-29 00:00:00,tx,Hudiburg Chevrolet,Ft. Worth,188,,
warn-8234,2001-10-23 00:00:00,tx,Cendant Travel,Arlington,289,,
warn-8233,2001-10-22 00:00:00,tx,Huntsman Petrochemical Corporation - Port Arthur,Port Arthur,42,,
warn-8235,2001-10-22 00:00:00,tx,Huntsman Petrochemical Corporation - Port Neches2,Port Neches,42,,
warn-8237,2001-10-22 00:00:00,tx,Huntsman Petrochemical Corporation - Port Neches,Port Neches,42,,
warn-8238,2001-10-22 00:00:00,tx,Huntsman Petrochemical Corporation,Port Neches,42,,
warn-8241,2001-10-22 00:00:00,tx,Allied Riser Communications,Dallas,20,,
warn-8242,2001-10-22 00:00:00,tx,"Conexant Systems, Inc.",El Paso,201,,
warn-8231,2001-10-20 00:00:00,tx,"Dobbs International Services, dba Gate Gourmet",Ft. Worth,132,,
warn-8239,2001-10-20 00:00:00,tx,Qualex Inc. - Shepherd,Houston,160,,
warn-8227,2001-10-19 00:00:00,tx,Dee Howard Aircraft Maintenance,San Antonio,16,,
warn-8228,2001-10-19 00:00:00,tx,Haggar Clothing Company - Weslaco2,Weslaco,48,,
warn-8229,2001-10-19 00:00:00,tx,Assurant Group,Ft. Worth,139,,
warn-8230,2001-10-19 00:00:00,tx,"Tokyo Electron Texas, Inc.",Austin,76,,
warn-8240,2001-10-19 00:00:00,tx,Ceco Door Products,Harlingen,28,,
warn-8224,2001-10-18 00:00:00,tx,Dee Howard Aircraft Maintenance,San Antonio,57,,
warn-8226,2001-10-18 00:00:00,tx,K*Tec Electronics,Plano,80,,
warn-8236,2001-10-17 00:00:00,tx,Entergy Wholesale Operations,Houston,127,,
warn-8222,2001-10-16 00:00:00,tx,AT&T-Dallas2,Dallas,192,,
warn-8225,2001-10-16 00:00:00,tx,Berry Plastics Corporation,Ft. Worth,106,,
warn-8220,2001-10-12 00:00:00,tx,The Sheraton Park Central Hotel,Dallas,148,,
warn-8223,2001-10-12 00:00:00,tx,"Aztec Technology Partners, Inc.",Dallas,17,,
warn-8217,2001-10-11 00:00:00,tx,DDI,Garland,200,,
warn-8219,2001-10-11 00:00:00,tx,Tyco Electronics,Mesquite,594,,
warn-8221,2001-10-11 00:00:00,tx,"Sears, Roebuck and Company - Dallas",Dallas,169,,
warn-8214,2001-10-09 00:00:00,tx,"Texaco, Inc.",Midland,209,,
warn-8215,2001-10-09 00:00:00,tx,Dee Howard Aircraft Maintenance,San Antonio,103,,
warn-8211,2001-10-08 00:00:00,tx,Boeing Electronics,Irving,140,,
warn-8212,2001-10-08 00:00:00,tx,Weblink Wireless - Dallas,Dallas,59,,
warn-8213,2001-10-08 00:00:00,tx,"Ikon Office Solutions, Inc.",Houston,68,,
warn-8218,2001-10-08 00:00:00,tx,Dee Howard Aircraft Maintenance,San Antonio,492,,
warn-8204,2001-10-05 00:00:00,tx,Sonus Networks,Richardson,66,,
warn-8208,2001-10-05 00:00:00,tx,Nokia - Tarrant,Ft. Worth,445,,
warn-8203,2001-10-04 00:00:00,tx,"MEMC Electronic Materials, Inc.",Sherman,131,,
warn-8209,2001-10-04 00:00:00,tx,Dee Howard Aircraft Maintenance,San Antonio,11,,
warn-8216,2001-10-04 00:00:00,tx,Weber Aircraft,Gainesville,200,,
warn-8232,2001-10-04 00:00:00,tx,"Certified Systems, Inc.",Mesquite,106,,
warn-8169,2001-10-01 00:00:00,tx,"Cable & Wireless USA, Inc.",Sugar Land,50,,
warn-8200,2001-10-01 00:00:00,tx,LSG Sky Chefs - El Paso,El Paso,5,,
warn-8201,2001-10-01 00:00:00,tx,LSG Sky Chefs - Houston,Houston,5,,
warn-8202,2001-10-01 00:00:00,tx,LSG Sky Chefs - Austin,Austin,5,,
warn-8171,2001-09-28 00:00:00,tx,"United Plastics Group, Inc. - Gladewater",Gladewater,100,,
warn-8172,2001-09-28 00:00:00,tx,Sanmina,Carrollton,217,,
warn-8173,2001-09-28 00:00:00,tx,"United Plastics Group, Inc.",Pharr,66,,
warn-8178,2001-09-28 00:00:00,tx,"Snowmax, Inc.",Kilgore,65,,
warn-8205,2001-09-28 00:00:00,tx,"Texas Health Choice, L.C. - Dallas2",Dallas,9,,
warn-8206,2001-09-28 00:00:00,tx,"Texas Health Choice, L.C. - Ft. Worth",Ft. Worth,7,,
warn-8207,2001-09-28 00:00:00,tx,"Texas Health Choice, L.C. - Dallas3",Dallas,103,,
warn-8163,2001-09-27 00:00:00,tx,"Trinity Industries, Inc. - Dallas",Dallas,30,,
warn-8164,2001-09-27 00:00:00,tx,Verio Inc. - Dallas,Dallas,62,,
warn-8165,2001-09-27 00:00:00,tx,Verio Inc.,Dallas,62,,
warn-8166,2001-09-27 00:00:00,tx,"Shell Energy Services Company, LLC",Houston,96,,
warn-8174,2001-09-27 00:00:00,tx,"CA One Services, Inc.",Houston,17,,
warn-8179,2001-09-27 00:00:00,tx,"CA One Services, Inc. - Austin",Austin,8,,
warn-8162,2001-09-26 00:00:00,tx,McLeod USA,Carrollton,63,,
warn-8167,2001-09-26 00:00:00,tx,Beaulieu of America,Lewisville,75,,
warn-8175,2001-09-26 00:00:00,tx,"Garden Ridge Management, Inc.",San Antonio,80,,
warn-8181,2001-09-26 00:00:00,tx,"Promowerks, Inc. Dallas2",Dallas,4,,
warn-8182,2001-09-26 00:00:00,tx,"Promowerks, Inc. - Houston4",Houston,7,,
warn-8183,2001-09-26 00:00:00,tx,"Promowerks, Inc. - Lubbock",Lubbock,11,,
warn-8184,2001-09-26 00:00:00,tx,"Promowerks, Inc. - San Antonio2",San Antonio,6,,
warn-8185,2001-09-26 00:00:00,tx,"Promowerks, Inc. - Donna",Donna,6,,
warn-8186,2001-09-26 00:00:00,tx,"Promowerks, Inc. - Houston3",Houston,7,,
warn-8187,2001-09-26 00:00:00,tx,"Promowerks, Inc. - Pharr",Pharr,7,,
warn-8188,2001-09-26 00:00:00,tx,"Promowerks, Inc. - Houston2",Houston,6,,
warn-8189,2001-09-26 00:00:00,tx,"Promowerks, Inc. - Corpus Christi2",Corpus Ch,6,,
warn-8190,2001-09-26 00:00:00,tx,"Promowerks, Inc. - El Paso2",El Paso,10,,
warn-8191,2001-09-26 00:00:00,tx,"Promowerks, Inc. Fort Worth",Ft. Worth,12,,
warn-8192,2001-09-26 00:00:00,tx,"Promowerks, Inc. - Corpus Christi",Corpus Ch,6,,
warn-8193,2001-09-26 00:00:00,tx,"Promowerks, Inc.",San Antonio,6,,
warn-8194,2001-09-26 00:00:00,tx,"Promowerks, Inc. - Houston",Houston,6,,
warn-8195,2001-09-26 00:00:00,tx,"Promowerks, Inc. - Austin2",Austin,5,,
warn-8196,2001-09-26 00:00:00,tx,"Promoweks, Inc. - N. Richland Hills",N. Richland Hills,5,,
warn-8197,2001-09-26 00:00:00,tx,"Promoweks, Inc. - Austin",Austin,6,,
warn-8198,2001-09-26 00:00:00,tx,"Promowerks, Inc. - El Paso",El Paso,6,,
warn-8199,2001-09-26 00:00:00,tx,"Promowerks, Inc. - Dallas",Dallas,5,,
warn-8158,2001-09-25 00:00:00,tx,LSG Sky Chefs - Dallas2,Ft. Worth,385,,
warn-8159,2001-09-25 00:00:00,tx,Advanced Micro Devices (AMD),Austin,385,,
warn-8160,2001-09-25 00:00:00,tx,LSG Sky Chefs,Arlington,5,,
warn-8161,2001-09-25 00:00:00,tx,"Applied Materials, Inc. - Austin2",Austin,225,,
warn-8176,2001-09-25 00:00:00,tx,"CA One Services, Inc. - San Antonio",San Antonio,9,,
warn-8180,2001-09-25 00:00:00,tx,Celanese Chemicals - Corpus Christi,Corpus Ch,180,,
warn-8210,2001-09-25 00:00:00,tx,"CA One Services, Inc. - Austin2",Houston,50,,
warn-8155,2001-09-24 00:00:00,tx,"Booth, Inc.",Dallas,53,,
warn-8156,2001-09-24 00:00:00,tx,OnPoint,San Antonio,1195,,
warn-8168,2001-09-24 00:00:00,tx,Southwestern Bell,Richardson,14,,
warn-8170,2001-09-24 00:00:00,tx,Transamerica Distribution Finance,Irving,50,,
warn-8177,2001-09-21 00:00:00,tx,Aeromexico,Houston,69,,
warn-8145,2001-09-20 00:00:00,tx,Trinity Industries - Saginaw,Saginaw,205,,
warn-8146,2001-09-20 00:00:00,tx,"Applied Materials, Inc. - Austin",Austin,20,,
warn-8147,2001-09-20 00:00:00,tx,"Applied Materials, Inc. - Austin",Austin,475,,
warn-8148,2001-09-20 00:00:00,tx,SuperShuttle - Austin,Austin,40,,
warn-8149,2001-09-20 00:00:00,tx,Continental Express - Houston,Houston,43,,
warn-8150,2001-09-20 00:00:00,tx,Continental Express - Houston,Houston,126,,
warn-8151,2001-09-20 00:00:00,tx,Continental Express - Houston,Houston,15,,
warn-8152,2001-09-20 00:00:00,tx,Hygeia Dairy,Corpus Ch,81,,
warn-8153,2001-09-19 00:00:00,tx,TWA Airlines LLC,Ft. Worth,0,,
warn-8154,2001-09-19 00:00:00,tx,American Eagle & Executive Airlines,Ft. Worth,500,,
warn-8157,2001-09-19 00:00:00,tx,American Airlines,Ft. Worth,4500,,
warn-8144,2001-09-18 00:00:00,tx,SuperShuttle,Grapevine,80,,
warn-1039,2001-09-17 00:00:00,il,PARKER HANNIFLIN CORP/HYDRAULIC VALVE DI,LINCOLNSHIRE,129,Mass Layoff,
warn-8142,2001-09-17 00:00:00,tx,"Trinity Industries, Inc. - Beaumont",Beaumont,245,,
warn-8143,2001-09-17 00:00:00,tx,Continental Airlines - Houston,Houston,2124,,
warn-8140,2001-09-11 00:00:00,tx,"Fibre Body Industries, Inc.",Gatesville,110,,
warn-8138,2001-09-07 00:00:00,tx,"William L. Bonnell Co., Inc., Bon L Campo, LP",El Campo,129,,
warn-8139,2001-09-07 00:00:00,tx,Dee Howard Aircraft Maintenance,San Antonio,75,,
warn-8141,2001-09-07 00:00:00,tx,Visual Printing & Imaging,San Antonio,27,,
warn-8134,2001-09-05 00:00:00,tx,Connolly North America,El Paso,136,,
warn-8135,2001-09-05 00:00:00,tx,British International Cable Company,Plano,201,,
warn-8137,2001-09-04 00:00:00,tx,Centers for Long Term Care of Texas - Whitewright,Whitewright,99,,
warn-8136,2001-08-31 00:00:00,tx,"InterGen Services, Inc.",Houston,56,,
warn-8133,2001-08-30 00:00:00,tx,Flextronics,Richardson,216,,
warn-8132,2001-08-29 00:00:00,tx,"Aavid Thermalloy, LLC",Terrell,68,,
warn-8130,2001-08-27 00:00:00,tx,International Business Machines (IBM) - Houston,Houston,109,,
warn-8129,2001-08-23 00:00:00,tx,"Commercial Warehouse & Cartage, Inc.",El Paso,51,,
warn-8127,2001-08-18 00:00:00,tx,AT&T-San Antonio3,San Antonio,563,,
warn-8123,2001-08-13 00:00:00,tx,Litton PRC,El Paso,50,,
warn-8125,2001-08-13 00:00:00,tx,Sanmina - Plano,Plano,9,,
warn-8126,2001-08-13 00:00:00,tx,Sanmina - Richardson,Richardson,91,,
warn-8124,2001-08-10 00:00:00,tx,CitiCapital,Dallas,29,,
warn-8128,2001-08-07 00:00:00,tx,Southwestern Bell,Richardson,113,,
warn-8131,2001-08-07 00:00:00,tx,"ADC Telecommunications, Inc. - El Paso",El Paso,69,,
warn-2225,2001-08-06 00:00:00,il,,ROSCOE,143,Plant Closure,
warn-8118,2001-08-06 00:00:00,tx,"Reliant Energy Communications, Inc.",Houston,58,,
warn-2001,2001-08-04 00:00:00,il,FORSHEDA ENGINEERED SEALS,VANDALIA,400,Layoff,
warn-8111,2001-08-03 00:00:00,tx,G. I. Trucking Company,Dallas,115,,
warn-8112,2001-08-03 00:00:00,tx,"IMI Cornelius, Inc.",San Antonio,0,,
warn-8120,2001-08-02 00:00:00,tx,United Services Automobile Association (USAA),San Antonio,9,,
warn-8121,2001-08-02 00:00:00,tx,United Services Automobile Association (USAA),San Antonio,57,,
warn-8113,2001-08-01 00:00:00,tx,Marconi Communications,Bedford,20,,
warn-8119,2001-08-01 00:00:00,tx,United Services Automobile Association (USAA),San Antonio,5,,
warn-8122,2001-08-01 00:00:00,tx,United Services Automobile Association (USAA),San Antonio,55,,
warn-8109,2001-07-30 00:00:00,tx,Compaq Computers - Plano,Plano,116,,
warn-8116,2001-07-30 00:00:00,tx,United Services Automobile Association (USAA),San Antonio,298,,
warn-8117,2001-07-27 00:00:00,tx,Lockheed Martin Aircraft & Logistics Centers,Sheppard AFB,20,,
warn-8096,2001-07-26 00:00:00,tx,Compaq Computers - Houston6,Houston,29,,
warn-8097,2001-07-26 00:00:00,tx,Compaq Computers - Houston3,Cypress,356,,
warn-8098,2001-07-26 00:00:00,tx,Compaq Computers - Houston5,Houston,44,,
warn-8099,2001-07-26 00:00:00,tx,Compaq Computers - Houston,Houston,21,,
warn-8100,2001-07-26 00:00:00,tx,Compaq Computers - Houston4,Houston,66,,
warn-8101,2001-07-26 00:00:00,tx,Compaq,Houston,890,,
warn-8102,2001-07-26 00:00:00,tx,Compaq Computers - Austin,Austin,116,,
warn-8103,2001-07-26 00:00:00,tx,Compaq Computers - Houston2,Houston,64,,
warn-8104,2001-07-26 00:00:00,tx,Sprint,Irving,49,,
warn-8105,2001-07-26 00:00:00,tx,Compaq Computers - Dallas,Dallas,14,,
warn-8106,2001-07-26 00:00:00,tx,Compaq Computers - Dallas3,Dallas,15,,
warn-8107,2001-07-26 00:00:00,tx,Compaq Computers - Dallas2,Dallas,20,,
warn-8110,2001-07-26 00:00:00,tx,United Services Automobile Association (USAA),San Antonio,65,,
warn-8094,2001-07-25 00:00:00,tx,Thomson Learning Company,Ft. Worth,408,,
warn-8114,2001-07-25 00:00:00,tx,"Aurion Technologies, Inc. - Dallas",Dallas,25,,
warn-8115,2001-07-25 00:00:00,tx,"Aurion Technologies, Inc.",Dallas,25,,
warn-8087,2001-07-24 00:00:00,tx,Sanmina - Austin,Austin,170,,
warn-8088,2001-07-24 00:00:00,tx,Allied RiserCommunication - Richardson,Richardson,61,,
warn-8089,2001-07-24 00:00:00,tx,Allied RiserCommunication - Richardson2,Richardson,61,,
warn-8095,2001-07-24 00:00:00,tx,United Services Automobile Association (USAA),San Antonio,129,,
warn-8108,2001-07-24 00:00:00,tx,"Walls Industries, Inc. - Sweetwater",Sweetwater,62,,
warn-8086,2001-07-23 00:00:00,tx,Tyco Electronics,Mesquite,187,,
warn-8093,2001-07-23 00:00:00,tx,United Services Automobile Association (USAA),San Antonio,353,,
warn-8084,2001-07-20 00:00:00,tx,Citizens Communications Company,Plano,800,,
warn-8085,2001-07-20 00:00:00,tx,United Services Automobile Association (USAA),San Antonio,5,,
warn-8091,2001-07-20 00:00:00,tx,Medical Pathways,Ft. Worth,15,,
warn-8092,2001-07-20 00:00:00,tx,"Walls Industries, Inc. - Bosque",Clifton,37,,
warn-8083,2001-07-18 00:00:00,tx,Seam Mac,Stephenville,96,,
warn-8078,2001-07-16 00:00:00,tx,USAA - San Antonio,San Antonio,7,,
warn-8080,2001-07-16 00:00:00,tx,United Services Automobile Association (USAA),San Antonio,24,,
warn-8075,2001-07-13 00:00:00,tx,Marconi Communications,Bedford,137,,
warn-8077,2001-07-12 00:00:00,tx,"Conexant Systems, Inc.",El Paso,200,,
warn-8079,2001-07-12 00:00:00,tx,United Services Automobile Association (USAA),San Antonio,22,,
warn-8076,2001-07-11 00:00:00,tx,United Services Automobile Association (USAA),San Antonio,29,,
warn-8081,2001-07-11 00:00:00,tx,University of Texas Medical Branch,Humble,150,,
warn-2083,2001-07-09 00:00:00,il,JOHN CRANE INC.,CRYSTAL LAKE,97,Plant Closure,
warn-8073,2001-07-09 00:00:00,tx,"Alcatel USA, Inc. - Plano",Plano,940,,
warn-8074,2001-07-09 00:00:00,tx,Flair Corporation,Houston,57,,
warn-8072,2001-07-06 00:00:00,tx,Crosspan,Dallas,54,,
warn-8070,2001-07-02 00:00:00,tx,WorldPages.com,Amarillo,132,,
warn-8071,2001-07-02 00:00:00,tx,United Services Automobile Association (USAA),San Antonio,12,,
warn-8069,2001-07-01 00:00:00,tx,Sapient Corporation,Austin,128,,
warn-2003,2001-06-29 00:00:00,il,FANSTEEL INTERCAST,ADDISON,69,Plant Closure,
warn-8068,2001-06-26 00:00:00,tx,Weiners - Houston5,Houston,100,,
warn-8062,2001-06-19 00:00:00,tx,Solectron,Austin,600,,
warn-8061,2001-06-18 00:00:00,tx,Tarrant County Community Correctional Facility,Mansfield,53,,
warn-8063,2001-06-18 00:00:00,tx,Autocraft Electronics,Houston,80,,
warn-8064,2001-06-15 00:00:00,tx,Ceco Door Products,Harlingen,76,,
warn-8059,2001-06-13 00:00:00,tx,"Trinity Industries, Inc. - Dallas",Dallas,89,,
warn-8060,2001-06-13 00:00:00,tx,"Trinity Industries, Inc.",Longview,100,,
warn-8066,2001-06-13 00:00:00,tx,Kent Electronics Corporation,Houston,100,,
warn-8067,2001-06-13 00:00:00,tx,Kent Electronics Corporation - Sugar Land,Sugar Land,100,,
warn-8058,2001-06-06 00:00:00,tx,Garland Community Hospital,Garland,320,,
warn-8056,2001-06-05 00:00:00,tx,"Adventure Tours USA, Inc. - 2",Dallas,95,,
warn-8053,2001-06-01 00:00:00,tx,CompUSA - Dallas5,Dallas,350,,
warn-8055,2001-06-01 00:00:00,tx,Matthews International Corporation - Bronze-Bryan,Bryan,58,,
warn-8065,2001-06-01 00:00:00,tx,"Telscape International, Inc.",Houston,10,,
warn-8054,2001-05-31 00:00:00,tx,Trinity Industries - Longview,Longview,97,,
warn-8090,2001-05-31 00:00:00,tx,Marketing Specialist - Lubbock,Lubbock,8,,
warn-8052,2001-05-30 00:00:00,tx,1-800-Flowers.com,San Antonio,145,,
warn-8040,2001-05-29 00:00:00,tx,United Services Automobile Association (USAA),San Antonio,174,,
warn-8050,2001-05-25 00:00:00,tx,"Silverleaf Resorts, Inc. - Farmers Branch",Farmers Branch,82,,
warn-8051,2001-05-25 00:00:00,tx,"Laidlaw Transit, Inc. - McKinney",McKinney,70,,
warn-8049,2001-05-23 00:00:00,tx,"Pratt & Whitney HAC, Inc.",Grand Prairie,146,,
warn-8047,2001-05-22 00:00:00,tx,Cingular Wireless,Houston,300,,
warn-8045,2001-05-21 00:00:00,tx,"Universal Compression, Inc.",Corpus Ch,50,,
warn-8041,2001-05-18 00:00:00,tx,"FedEx Supply Chain Services, Inc-Austin2",Austin,44,,
warn-8042,2001-05-18 00:00:00,tx,"FedEx Supply Chain Services, Inc.-Austin3",Austin,129,,
warn-8043,2001-05-18 00:00:00,tx,"FedEx Supply Chain Services, Inc.",Austin,13,,
warn-8044,2001-05-18 00:00:00,tx,Target Stores - Houston2,Houston,160,,
warn-8046,2001-05-18 00:00:00,tx,Dow Chemical - Houston,Houston,40,,
warn-8039,2001-05-15 00:00:00,tx,Bway Corporation - Dallas,Dallas,53,,
warn-8048,2001-05-15 00:00:00,tx,AFL Automotive Operations,El Paso,52,,
warn-8036,2001-05-14 00:00:00,tx,Southwestern Life Holdings,Dallas,59,,
warn-8035,2001-05-11 00:00:00,tx,"Oaks Living Centers, Inc.",Beaumont,82,,
warn-8033,2001-05-09 00:00:00,tx,"Alcatel USA, Inc. - Plano",Plano,11,,
warn-8037,2001-05-08 00:00:00,tx,"Questia Media, Inc.",Houston,139,,
warn-8034,2001-05-07 00:00:00,tx,epicRealm,Richardson,130,,
warn-8057,2001-05-05 00:00:00,tx,"Adventure Tours USA, Inc.",Dallas,95,,
warn-8030,2001-05-04 00:00:00,tx,"Viatel, Inc.",Bryan,50,,
warn-8038,2001-05-04 00:00:00,tx,LTD Ceramics,Austin,45,,
warn-8027,2001-05-03 00:00:00,tx,Mission Valley Fabrics Division,New Braunfels,348,,
warn-8025,2001-05-01 00:00:00,tx,Ryder,Austin,77,,
warn-8028,2001-05-01 00:00:00,tx,"Viatel, Inc. - College Station",College Station,96,,
warn-8029,2001-05-01 00:00:00,tx,"Aii Technologies, Inc.",El Paso,29,,
warn-8031,2001-04-30 00:00:00,tx,"Countrywide Logistics, Inc.",El Paso,28,,
warn-8032,2001-04-30 00:00:00,tx,"Pinnacle Logistics, Inc.",El Paso,198,,
warn-8023,2001-04-26 00:00:00,tx,Bway Corporation,Garland,68,,
warn-8026,2001-04-26 00:00:00,tx,"Sheinfeld, Maley & Kay",Houston,65,,
warn-8021,2001-04-25 00:00:00,tx,Emag Solutions,Graham,44,,
warn-8024,2001-04-25 00:00:00,tx,Fortis Health,Richardson,65,,
warn-8017,2001-04-24 00:00:00,tx,Janus Service Corporation,Austin,400,,
warn-8018,2001-04-23 00:00:00,tx,RadiSys Corporation,Houston,132,,
warn-8020,2001-04-23 00:00:00,tx,Brown & Williamson Tobacco Corporation,Austin,38,,
warn-8022,2001-04-23 00:00:00,tx,Groceryworks.com - Grapevine,Grapevine,75,,
warn-8015,2001-04-21 00:00:00,tx,"Triology Software, Inc.",Austin,350,,
warn-8019,2001-04-20 00:00:00,tx,"Silverleaf Resorts, Inc. - Farmers Branch",Farmers Branch,91,,
warn-1973,2001-04-17 00:00:00,il,PRIME CAST INC.,SOUTH BELOIT,144,Plant Closure,
warn-8011,2001-04-16 00:00:00,tx,Solectron,Austin,850,,
warn-8013,2001-04-16 00:00:00,tx,Sanmina,Carrollton,288,,
warn-8014,2001-04-16 00:00:00,tx,"Humanetics II of Texas, Inc.",Carrollton,36,,
warn-8016,2001-04-16 00:00:00,tx,"Humanetics II of Texas, Inc. - Manor",Manor,39,,
warn-1976,2001-04-13 00:00:00,il,MOTOROLA WIRELESS DATA GROUP,HARVARD,2500,Plant Closure,
warn-8010,2001-04-11 00:00:00,tx,Scient Corporation,Irving,42,,
warn-8006,2001-04-06 00:00:00,tx,"HAL Computer Systems, Inc.",Austin,26,,
warn-8007,2001-04-06 00:00:00,tx,Tyco Electronics,Mesquite,200,,
warn-8008,2001-04-04 00:00:00,tx,Stanley Mechanics Tools,Farmers Branch,226,,
warn-8009,2001-04-03 00:00:00,tx,"Silverleaf Resorts, Inc. - Dallas2",Dallas,112,,
warn-8001,2001-04-02 00:00:00,tx,"Alcatel USA, Inc. - Plano",Plano,500,,
warn-8005,2001-04-02 00:00:00,tx,Williamson-Dickie Manufacturing Company2,Eagle Pass,404,,
warn-8012,2001-04-02 00:00:00,tx,"ADC Telecommunications, Inc.",Richardson,46,,
warn-8004,2001-04-01 00:00:00,tx,Groceryworks.com,Houston,50,,
warn-7998,2001-03-29 00:00:00,tx,"Multilayer Technology, Inc.",Austin,600,,
warn-7997,2001-03-28 00:00:00,tx,Newell Rubbermaid dba Levolor,Waco,124,,
warn-7996,2001-03-27 00:00:00,tx,Cendant Corporation - Houston,Houston,118,,
warn-7999,2001-03-27 00:00:00,tx,"HomeBase, Inc.",El Paso,82,,
warn-8000,2001-03-27 00:00:00,tx,Red Lion Hotel,Houston,84,,
warn-8003,2001-03-27 00:00:00,tx,"HomeBase, Inc.2",El Paso,90,,
warn-7995,2001-03-26 00:00:00,tx,Haggar Clothing Company - Edinburg,Edinburg,600,,
warn-8002,2001-03-21 00:00:00,tx,"Electronic Arts, Inc.",Austin,89,,
warn-678,2001-03-19 00:00:00,il,THRALL CAR MANUFACTURING COMPANY,CHICAGO HEIGHTS,173,Plant Closure,
warn-7994,2001-03-16 00:00:00,tx,Sitel Corporation,San Antonio,355,,
warn-7991,2001-03-15 00:00:00,tx,Concero Group LP,Austin,60,,
warn-7993,2001-03-15 00:00:00,tx,"ibooks.com., Inc.",Austin,117,,
warn-7985,2001-03-14 00:00:00,tx,"Silverleaf Resorts, Inc. - Conroe",Conroe,5,,
warn-7987,2001-03-14 00:00:00,tx,"Silverleaf Resorts, Inc. - Big Sandy",Big Sandy,2,,
warn-7988,2001-03-14 00:00:00,tx,"Silverleaf Resorts, Inc. - Carrollton",Carrollton,126,,
warn-7986,2001-03-13 00:00:00,tx,"Silverleaf Resorts, Inc.",San Antonio,5,,
warn-7981,2001-03-12 00:00:00,tx,"VF Imagewear (West), Inc.",Clarksville,178,,
warn-7983,2001-03-12 00:00:00,tx,The William Carter Company,Harlingen,482,,
warn-7989,2001-03-12 00:00:00,tx,"Upper Rio Grande Private Industry Council, Inc.",El Paso,330,,
warn-7992,2001-03-12 00:00:00,tx,"Humanetics II of Texas, Inc.",Carrollton,50,,
warn-7978,2001-03-08 00:00:00,tx,Trinity Industries - Ft. Worth2,Ft. Worth,128,,
warn-7979,2001-03-08 00:00:00,tx,Ethyl Corporation,Pasadena,87,,
warn-7984,2001-03-07 00:00:00,tx,Janus Service Corporation,Austin,22,,
warn-7982,2001-03-06 00:00:00,tx,Ugly Duckling Corporation,Dallas,72,,
warn-7976,2001-03-01 00:00:00,tx,"Billing Concepts, Inc.",Corpus Ch,101,,
warn-7977,2001-03-01 00:00:00,tx,IEC Electronics,Edinburg,250,,
warn-7975,2001-02-27 00:00:00,tx,"WorldCom, Inc.",The Woodlands,72,,
warn-7990,2001-02-27 00:00:00,tx,Intelect Network Technologies,Richardson,65,,
warn-7973,2001-02-26 00:00:00,tx,Hart Graphics,Austin,225,,
warn-7972,2001-02-23 00:00:00,tx,Pearl Brewing Company,San Antonio,80,,
warn-7974,2001-02-23 00:00:00,tx,"Aavid Thermalloy of Texas, LLC",Dallas,171,,
warn-7980,2001-02-22 00:00:00,tx,"Sunbelt Wood Components, Inc.",Waco,51,,
warn-7970,2001-02-19 00:00:00,tx,"Webvan Group, Inc.",Carrollton,273,,
warn-7971,2001-02-16 00:00:00,tx,"ConnectSouth Communications, Inc.",Austin,231,,
warn-8082,2001-02-16 00:00:00,tx,Rips Diner,Eastland,34,,
warn-7968,2001-02-12 00:00:00,tx,AG Processing Inc.,Sherman,97,,
warn-7964,2001-02-08 00:00:00,tx,Empire Funding,Austin,400,,
warn-7969,2001-02-07 00:00:00,tx,"Input of Texas, L.P.",Dallas,115,,
warn-7961,2001-02-06 00:00:00,tx,Nokia - Tarrant2,Ft. Worth,400,,
warn-7962,2001-02-06 00:00:00,tx,Nokia - Tarrant,Ft. Worth,400,,
warn-7965,2001-02-05 00:00:00,tx,LEAR Corporation - El Paso,El Paso,90,,
warn-7966,2001-02-05 00:00:00,tx,"Family Golf Centers, Inc.",Carrollton,7,,
warn-7953,2001-02-02 00:00:00,tx,Qwest Communications,San Antonio,108,,
warn-7955,2001-02-02 00:00:00,tx,"Netpliance, Inc.",Austin,76,,
warn-7959,2001-02-02 00:00:00,tx,Pilkington Libbey-Owens-Ford,Sherman,197,,
warn-7963,2001-02-02 00:00:00,tx,Janus Service Corporation,Austin,221,,
warn-7954,2001-02-01 00:00:00,tx,"Sidran, Inc.",Bonham,121,,
warn-7956,2001-02-01 00:00:00,tx,F.Y.I. Image,Ft. Worth,118,,
warn-7957,2001-02-01 00:00:00,tx,"BroadbandNOW Texas, Inc.",Irving,99,,
warn-7967,2001-02-01 00:00:00,tx,"Washington Mutual Bank, Inc.",Houston,600,,
warn-7958,2001-01-31 00:00:00,tx,"Homebuilder.com, Inc.",Dallas,71,,
warn-7949,2001-01-29 00:00:00,tx,JC Penney,Irving,182,,
warn-7950,2001-01-29 00:00:00,tx,Heilig-Meyers Furniture Company - Athens,Athens,79,,
warn-7951,2001-01-29 00:00:00,tx,JC Penney - Duncanville,Duncanville,214,,
warn-7952,2001-01-29 00:00:00,tx,Williamson-Dickie Mfg. Co. - Eagle Pass #4,Eagle Pass,134,,
warn-1915,2001-01-25 00:00:00,il,CHICAGO HEIGHTS RAIL MILL AND WASHINGTON,MELROSE PARK,3,Layoff,
warn-7948,2001-01-24 00:00:00,tx,AdvancePCS,Richardson,250,,
warn-7960,2001-01-24 00:00:00,tx,J.C. Penney-Houston2,Houston,45,,
warn-7945,2001-01-22 00:00:00,tx,"Converse, Inc.",Mission,130,,
warn-7946,2001-01-22 00:00:00,tx,Equistar,Port Arthur,125,,
warn-7944,2001-01-19 00:00:00,tx,Fleet Design of Texas,Gainesville,50,,
warn-7947,2001-01-19 00:00:00,tx,Nortel Networks Inc.,Richardson,550,,
warn-7942,2001-01-16 00:00:00,tx,RadiSys Corporation,Houston,67,,
warn-7943,2001-01-16 00:00:00,tx,Qualex Inc.,Dallas,70,,
warn-7941,2001-01-11 00:00:00,tx,"Multilayer Technology, Inc.",Austin,600,,
warn-7940,2001-01-10 00:00:00,tx,Tyco Electronics,Mesquite,383,,
warn-7937,2001-01-05 00:00:00,tx,Target Stores - Sugar Land,Sugar Land,175,,
warn-7938,2001-01-05 00:00:00,tx,Trimble Navigation Limited,Austin,65,,
warn-7939,2001-01-05 00:00:00,tx,PG&E Transmission,San Antonio,150,,
warn-7936,2001-01-02 00:00:00,tx,Target Stores - Arlington,Arlington,192,,
warn-7918,2000-12-28 00:00:00,tx,Montgomery Ward - Dallas,Dallas,62,,
warn-7919,2000-12-28 00:00:00,tx,Montgomery Ward - Brownsville,Brownsville,99,,
warn-7920,2000-12-28 00:00:00,tx,Montgomery Ward - Corsicana,Corsicana,200,,
warn-7921,2000-12-28 00:00:00,tx,Montgomery Ward - Houston,Houston,75,,
warn-7922,2000-12-28 00:00:00,tx,Montgomery Ward - Hurst,Hurst,170,,
warn-7923,2000-12-28 00:00:00,tx,Montgomery Ward - Amarillo,Amarillo,97,,
warn-7924,2000-12-28 00:00:00,tx,Montgomery Ward - Abilene,Abilene,82,,
warn-7925,2000-12-28 00:00:00,tx,Montgomery Ward - Texarkana,Texarkana,82,,
warn-7926,2000-12-28 00:00:00,tx,Montgomery Ward - Lubbock,Lubbock,113,,
warn-7927,2000-12-28 00:00:00,tx,Montgomery Ward - Temple,Temple,96,,
warn-7928,2000-12-28 00:00:00,tx,Montgomery Ward - Corpus Christi,Corpus Ch,124,,
warn-7929,2000-12-28 00:00:00,tx,Montgomery Ward - Odessa,Odessa,95,,
warn-7930,2000-12-28 00:00:00,tx,Montgomery Ward - Pharr,Pharr,138,,
warn-7931,2000-12-28 00:00:00,tx,Montgomery Ward - Waco,Waco,123,,
warn-7932,2000-12-28 00:00:00,tx,Montgomery Ward - El Paso2,El Paso,197,,
warn-7933,2000-12-28 00:00:00,tx,Montgomery Ward - Laredo,Laredo,131,,
warn-7934,2000-12-28 00:00:00,tx,Montgomery Ward - San Antonio,San Antonio,206,,
warn-7935,2000-12-28 00:00:00,tx,Montgomery Ward - Austin,Austin,103,,
warn-7916,2000-12-27 00:00:00,tx,Flextronics Enclosures - Houston,Houston,73,,
warn-7917,2000-12-22 00:00:00,tx,City Mortgage Services,Roanoke,22,,
warn-7913,2000-12-18 00:00:00,tx,"FairPoint Communications, Inc.",Irving,140,,
warn-7914,2000-12-18 00:00:00,tx,"Specialized Card Services, Inc.",Harker Heights,128,,
warn-7912,2000-12-15 00:00:00,tx,"Vectris Telecom, Inc.",Austin,120,,
warn-7910,2000-12-14 00:00:00,tx,"3DFX Interactive, Inc. - Richardson",Richardson,146,,
warn-7915,2000-12-14 00:00:00,tx,"Bon L Campto, LP",El Campo,24,,
warn-7909,2000-12-13 00:00:00,tx,M/A/R/C Group,Denton,250,,
warn-7911,2000-12-12 00:00:00,tx,"VF Imagewear (West), Inc.",Clarksville,60,,
warn-1924,2000-12-11 00:00:00,il,EATON CORPORATION,CAROL STREAM,140,Plant Closure,
warn-7907,2000-12-06 00:00:00,tx,Associates First Capital Corporation,Irving,96,,
warn-7908,2000-12-06 00:00:00,tx,Indian Creek Tree Farm,Carrollton,25,,
warn-7905,2000-12-04 00:00:00,tx,"Symbol Technologies, Inc.",Houston,258,,
warn-7903,2000-11-30 00:00:00,tx,"Memorial Sisters of Charity HMO, L.L.C.",Houston,47,,
warn-7904,2000-11-30 00:00:00,tx,The Perrier Group of America,Irving,86,,
warn-7906,2000-11-30 00:00:00,tx,Objectspace,Dallas,78,,
warn-7900,2000-11-22 00:00:00,tx,United Advertising Media,Dallas,84,,
warn-7901,2000-11-22 00:00:00,tx,American Wood subsidiary of S N E Enterprises,Commerce,50,,
warn-7902,2000-11-22 00:00:00,tx,"SCI Management, L.P.",Houston,0,,
warn-7899,2000-11-21 00:00:00,tx,Premier Aviation,Grand Prairie,120,,
warn-7897,2000-11-17 00:00:00,tx,Ameripol - Synpol,Port Neches,161,,
warn-7894,2000-11-15 00:00:00,tx,Garden.com,Austin,150,,
warn-7898,2000-11-14 00:00:00,tx,Aetna US Healthcare,Spring,109,,
warn-7892,2000-11-13 00:00:00,tx,marchFirst - Houston,Houston,11,,
warn-7895,2000-11-13 00:00:00,tx,marchFirst - Dallas,Dallas,12,,
warn-7896,2000-11-13 00:00:00,tx,marchFirst - Austin,Austin,12,,
warn-7891,2000-11-10 00:00:00,tx,"Netpliance, Inc.",Austin,93,,
warn-7893,2000-11-07 00:00:00,tx,Danka Office Imaging Company,Irving,160,,
warn-7889,2000-11-06 00:00:00,tx,Verizon,Jayton,80,,
warn-7887,2000-11-03 00:00:00,tx,Associates First Capital Corporation,Irving,0,,
warn-7890,2000-11-02 00:00:00,tx,PCOrder.com,Austin,100,,
warn-7884,2000-10-30 00:00:00,tx,General Magnetic,Dallas,110,,
warn-7885,2000-10-30 00:00:00,tx,Louisiana Pacific Corporation - New Waverly,New Waverly,300,,
warn-7888,2000-10-28 00:00:00,tx,Blue Cross/Blue Shield of Texas-Irving,Irving,163,,
warn-7886,2000-10-27 00:00:00,tx,"Texas Health Choice, L.C. - Houston",Houston,14,,
warn-7883,2000-10-26 00:00:00,tx,"Walls Industries, Inc.",Snyder,95,,
warn-7882,2000-10-24 00:00:00,tx,Lipton,Dallas,140,,
warn-7880,2000-10-17 00:00:00,tx,"Symbol Technologies, Inc.",Houston,50,,
warn-7881,2000-10-17 00:00:00,tx,eFunds,Dallas,177,,
warn-7877,2000-10-13 00:00:00,tx,Associates First Capital Corporation,Irving,1154,,
warn-7876,2000-10-09 00:00:00,tx,"Fortra Fiber-Cement, Inc.",Waxahachie,131,,
warn-7878,2000-10-09 00:00:00,tx,"Prism Communication Services, Inc.",Dallas,2,,
warn-7879,2000-10-09 00:00:00,tx,McKessonHBOC,San Antonio,53,,
warn-7875,2000-10-06 00:00:00,tx,Fechheimer Band Uniform Company,San Antonio,139,,
warn-7874,2000-10-05 00:00:00,tx,Money's Mushrooms Ltd.,Hillsboro,159,,
warn-7872,2000-09-29 00:00:00,tx,GNB Technologies,Dallas,255,,
warn-7873,2000-09-28 00:00:00,tx,Chase Retirement Solutions Group,Houston,105,,
warn-7871,2000-09-27 00:00:00,tx,Parana Supplies Corporation,El Paso,64,,
warn-7869,2000-09-21 00:00:00,tx,"Beal Aerospace Technologies, Inc.",Frisco,71,,
warn-7870,2000-09-21 00:00:00,tx,"Beal Aerospace Technologies, Inc. - McGregor",McGregor,5,,
warn-7868,2000-09-20 00:00:00,tx,Innoventry,Ft. Worth,72,,
warn-7867,2000-09-19 00:00:00,tx,Covenant Behavioral Health,San Antonio,165,,
warn-7863,2000-09-15 00:00:00,tx,El Paso Natural Gas,El Paso,100,,
warn-7864,2000-09-15 00:00:00,tx,"Texas Health Choice, L.C. - Ft. Worth",Ft. Worth,24,,
warn-7865,2000-09-15 00:00:00,tx,"Texas Health Choice, L.C. - Dallas",Dallas,56,,
warn-7861,2000-09-14 00:00:00,tx,"Vastar Resources, Inc.",Houston,210,,
warn-7862,2000-09-14 00:00:00,tx,North American Medical Management Company,Houston,150,,
warn-7860,2000-09-13 00:00:00,tx,"Cascade Die Casting Group, Inc.",Garland,60,,
warn-7866,2000-09-13 00:00:00,tx,"U.S. Intec, Inc.",Port Arthur,122,,
warn-7859,2000-09-12 00:00:00,tx,Fruit of the Loom,Harlingen,57,,
warn-7858,2000-08-22 00:00:00,tx,"Con-Way Truckload Services, Inc.",Ft. Worth,90,,
warn-7855,2000-08-14 00:00:00,tx,Flowserve - Houston,Houston,22,,
warn-7856,2000-08-14 00:00:00,tx,Ardco/Traverse Lift LLC,Houston,57,,
warn-7854,2000-08-04 00:00:00,tx,Lackawanna Leather Division,El Paso,94,,
warn-7857,2000-08-02 00:00:00,tx,Equipto,Dallas,51,,
warn-7853,2000-08-01 00:00:00,tx,"Tartan Textile Services, Inc.",Corpus Ch,79,,
warn-7850,2000-07-31 00:00:00,tx,Kmart,San Antonio,9,,
warn-7852,2000-07-28 00:00:00,tx,SpectraPoint Wireless,Richardson,197,,
warn-7849,2000-07-27 00:00:00,tx,Target Stores - Ft. Worth,Ft. Worth,0,,
warn-7851,2000-07-27 00:00:00,tx,Neuman Distribution Company,San Antonio,97,,
warn-7848,2000-07-26 00:00:00,tx,National TechTeam,Ft. Worth,127,,
warn-7847,2000-07-25 00:00:00,tx,South Park Rehabilitation and Nursing Center,Corpus Christi,116,,
warn-7846,2000-07-19 00:00:00,tx,"Homebuilder.com, Inc.",Dallas,52,,
warn-7843,2000-07-18 00:00:00,tx,GE Capital Card Services,Dallas,79,,
warn-7844,2000-07-18 00:00:00,tx,Wards - Ft. Worth,Fort Worth,180,,
warn-7842,2000-07-15 00:00:00,tx,J. L. Hammett Company,Dallas,54,,
warn-7841,2000-07-14 00:00:00,tx,"Baskin Robbins USA, Co.",Bryan,68,,
warn-7845,2000-07-14 00:00:00,tx,"Gerber Childrenswear, Inc.",Ballinger,34,,
warn-7840,2000-07-10 00:00:00,tx,Tia Rosa,Mercedes,40,,
warn-7839,2000-07-07 00:00:00,tx,Telxon Corporation,Houston,74,,
warn-1860,2000-07-05 00:00:00,il,KNOWLES ELECTRONICS INC.,ITASCA,94,Plant Closure,
warn-7838,2000-07-05 00:00:00,tx,"Lycos, Inc. - Bedford",Bedford,25,,
warn-7831,2000-06-30 00:00:00,tx,"Texas Health Choice, L.C. - Plano",Plano,8,,
warn-7832,2000-06-30 00:00:00,tx,"Texas Health Choice, L.C. - Ft. Worth",Ft. Worth,59,,
warn-7833,2000-06-30 00:00:00,tx,"Texas Health Choice, L.C. - Dallas",Dallas,60,,
warn-7836,2000-06-30 00:00:00,tx,"Aii Technologies, Inc.",El Paso,245,,
warn-7837,2000-06-30 00:00:00,tx,"Ohmstede, Inc.",Beaumont,60,,
warn-7834,2000-06-29 00:00:00,tx,"AmeriHealth of Texas, Inc.",Houston,66,,
warn-7835,2000-06-29 00:00:00,tx,"AmeriHealth  of Texas, Inc. - Dallas",Dallas,40,,
warn-7830,2000-06-23 00:00:00,tx,"Johnson & Johnson Medical, Inc.",Arlington,330,,
warn-7829,2000-06-09 00:00:00,tx,Lockheed Martin Tactical Aircraft Systems2,Ft. Worth,45,,
warn-7828,2000-06-02 00:00:00,tx,TicketMaster - Dallas,Dallas,382,,
warn-7825,2000-06-01 00:00:00,tx,Arrow Industries,Carrollton,485,,
warn-7826,2000-06-01 00:00:00,tx,Arrow Industries2,Farmers Branch,225,,
warn-7827,2000-06-01 00:00:00,tx,Menasco,Euless,335,,
warn-7823,2000-05-24 00:00:00,tx,Randstad,Dallas,74,,
warn-7822,2000-05-23 00:00:00,tx,"Maersk, Inc.",Dallas,180,,
warn-7818,2000-05-17 00:00:00,tx,GE Financial Assurance,Dallas,188,,
warn-7819,2000-05-17 00:00:00,tx,PG&E Energy Services,Houston,81,,
warn-7821,2000-05-15 00:00:00,tx,Uncle Ben's Inc,Houston,15,,
warn-7817,2000-05-08 00:00:00,tx,Southwest Mental Health Center,San Antonio,110,,
warn-7816,2000-05-03 00:00:00,tx,"Hillman Group, Inc.",Dallas,45,,
warn-7811,2000-05-01 00:00:00,tx,Rural/Metro Ambulance,Houston,30,,
warn-7812,2000-05-01 00:00:00,tx,Northwest Airlines,Houston,45,,
warn-7813,2000-05-01 00:00:00,tx,Rural/Metro Medical Services,Carrollton,60,,
warn-7814,2000-04-29 00:00:00,tx,"Kitty Hawk International, Inc.",San Antonio,2,,
warn-7815,2000-04-29 00:00:00,tx,"Kitty Hawk International, Inc. - Ft. Worth",Ft. Worth,75,,
warn-7824,2000-04-28 00:00:00,tx,Transamerica Mortgage Company,Dallas,69,,
warn-7806,2000-04-27 00:00:00,tx,Evi Audio Systems,Austin,127,,
warn-7810,2000-04-27 00:00:00,tx,J.C. Penney-Houston,Houston,85,,
warn-7808,2000-04-26 00:00:00,tx,PG&E Energy Trading,Houston,187,,
warn-7805,2000-04-25 00:00:00,tx,The Minute Maid Company,Houston,53,,
warn-7807,2000-04-25 00:00:00,tx,Pearl Brewing Company,San Antonio,340,,
warn-7809,2000-04-24 00:00:00,tx,Chase Manhattan Mortgage Corporation - Houston,Houston,50,,
warn-7802,2000-04-20 00:00:00,tx,Don Pablos Operating Corp et al,Bedford,56,,
warn-1863,2000-04-19 00:00:00,il,PERSONAL PRODUCTS COMPANY,WILMINGTON,359,Plant Closure,
warn-7803,2000-04-18 00:00:00,tx,"Texas Health Choice, L.C. - Dallas",Dallas,19,,
warn-7804,2000-04-18 00:00:00,tx,"Texas Health Choice, L.C. - Ft. Worth",Ft. Worth,15,,
warn-7820,2000-04-14 00:00:00,tx,Universal Display and Fixtures Company,Garland,25,,
warn-7801,2000-04-11 00:00:00,tx,Pall Corporation,Webster,99,,
warn-7799,2000-04-06 00:00:00,tx,Tucker Housewares Division,Arlington,200,,
warn-7800,2000-04-05 00:00:00,tx,"Ethicon, Inc.",San Angelo,80,,
warn-7798,2000-03-30 00:00:00,tx,Bristol Hotel & Resorts,Addison,250,,
warn-7797,2000-03-21 00:00:00,tx,Fleming,Lubbock,143,,
warn-7794,2000-03-13 00:00:00,tx,"Texas Health Choice, L.C.  - Arlington",Arlington,10,,
warn-7795,2000-03-13 00:00:00,tx,"Texas Health Choice, L.C. - Dallas3",Dallas,30,,
warn-7796,2000-03-13 00:00:00,tx,"Texas Health Choice, L.C. - Ft. Worth",Ft. Worth,10,,
warn-7792,2000-03-09 00:00:00,tx,Mobil Corporation,The Woodlands,50,,
warn-7793,2000-03-09 00:00:00,tx,Mobil Corporation - Midland,Midland,91,,
warn-7790,2000-03-08 00:00:00,tx,ATX Technologies,San Antonio,66,,
warn-1828,2000-03-01 00:00:00,il,,OLNEY,375,Plant Closure,
warn-7787,2000-03-01 00:00:00,tx,Cendant Corporation - Arlington,Arlington,15,,
warn-7789,2000-03-01 00:00:00,tx,Weyerhaeuser,Houston,92,,
warn-7786,2000-02-29 00:00:00,tx,"American Recreation Products, Inc.",Mineola,124,,
warn-7788,2000-02-29 00:00:00,tx,Overhead Door Corporation,Dallas,90,,
warn-7781,2000-02-24 00:00:00,tx,Pratt & Whitney,Arlington,140,,
warn-7784,2000-02-24 00:00:00,tx,US Airways - Dallas,Dallas,0,,
warn-7785,2000-02-24 00:00:00,tx,US Airways - Houston,Houston,0,,
warn-7783,2000-02-23 00:00:00,tx,"Kinder Morgan, Inc.",Houston,241,,
warn-7780,2000-02-18 00:00:00,tx,Valley Baptist Medical Center,Harlingen,0,,
warn-7779,2000-02-15 00:00:00,tx,United States Auto Club - Irving2,Irving,20,,
warn-7782,2000-02-15 00:00:00,tx,Bird Life Design,Dallas,48,,
warn-7776,2000-02-14 00:00:00,tx,Home Interiors and Gifts - Coppell,Coppell,143,,
warn-7773,2000-02-09 00:00:00,tx,Western Interstate Bank Corporation,Dallas,150,,
warn-7772,2000-02-08 00:00:00,tx,Heinz Pet Products,El Paso,351,,
warn-7775,2000-02-07 00:00:00,tx,PAS Financial Group,Irving,48,,
warn-2012,2000-02-05 00:00:00,il,CHICAGO HEIGHTS RAIL MILL AND WASHINGTON,CICERO,300,Plant Closure,
warn-7769,2000-02-04 00:00:00,tx,Victor Equipment Co.,Denton,94,,
warn-7774,2000-02-04 00:00:00,tx,Dallas Peter Pan Peanut Butter,Dallas,23,,
warn-7791,2000-02-04 00:00:00,tx,Rosewood Medical Center,Houston,428,,
warn-7768,2000-02-03 00:00:00,tx,Town & Country Homes - Division of Cavalier Mfg.,Mineral Wells,155,,
warn-7777,2000-02-01 00:00:00,tx,Houston Northwest Medical Center-,Houston,60,,
warn-7763,2000-01-31 00:00:00,tx,Houston Astrodome,Houston,1061,,
warn-7770,2000-01-31 00:00:00,tx,Renaissance Women's Center of Austin,Austin,119,,
warn-7762,2000-01-28 00:00:00,tx,Charter BHS of Kingwood,Kingwood,125,,
warn-7764,2000-01-28 00:00:00,tx,Charter Haven BHS,DeSoto,181,,
warn-7765,2000-01-28 00:00:00,tx,Charter Plains BHS,Lubbock,71,,
warn-7766,2000-01-28 00:00:00,tx,Charter Palms BHS,McAllen,102,,
warn-7767,2000-01-28 00:00:00,tx,Charter Grapevine BHS,Grapevine,121,,
warn-7771,2000-01-28 00:00:00,tx,Charter BHS of Corpus Christi,Corpus Ch,148,,
warn-7760,2000-01-27 00:00:00,tx,Home Interiors and Gifts - Carrollton2,Carrollton,68,,
warn-7761,2000-01-27 00:00:00,tx,Homeco,McKinney,122,,
warn-7778,2000-01-27 00:00:00,tx,Providence Memorial  Hospital,El Paso,0,,
warn-7758,2000-01-25 00:00:00,tx,Beatrice Foods,Denison,120,,
warn-7759,2000-01-20 00:00:00,tx,Williams Field Services,Houston,39,,
warn-7755,2000-01-19 00:00:00,tx,Centra - Richardson,Richardson,99,,
warn-7756,2000-01-19 00:00:00,tx,Saks Town and Country Mall,Houston,94,,
warn-7757,2000-01-14 00:00:00,tx,Home Interiors and Gifts,Garland,71,,
warn-7753,2000-01-13 00:00:00,tx,"Compucom Systems, Inc. - Houston",Houston,190,,
warn-7754,2000-01-13 00:00:00,tx,"Great Western Publishing, Inc.",Stafford,86,,
warn-7752,2000-01-12 00:00:00,tx,"Gatesville Walls Industries, Inc.",Gatesville,109,,
warn-7751,2000-01-11 00:00:00,tx,Century Telephone of San Marcos Inc.,San Marcos,200,,
warn-7750,2000-01-05 00:00:00,tx,"Sears, Roebuck and Company",Dallas,168,,
warn-7749,1999-12-23 00:00:00,tx,"Cana, Inc.",Cleburne,52,,
warn-7747,1999-12-21 00:00:00,tx,"Austin Industrial, Inc.",Houston,40,,
warn-7746,1999-12-17 00:00:00,tx,The Image Bank,Dallas,109,,
warn-7744,1999-12-14 00:00:00,tx,"Columbia Energy Services, Corp.",Houston,116,,
warn-7748,1999-12-14 00:00:00,tx,"Pinacor, Inc.",Allen,98,,
warn-7745,1999-12-13 00:00:00,tx,Memorial Hermann Behavioral Health Ctr,Houston,51,,
warn-7742,1999-12-09 00:00:00,tx,NuTone,Coppell,115,,
warn-7741,1999-12-08 00:00:00,tx,"PhyCor of San Antonio, P.A.-3",San Antonio,45,,
warn-7743,1999-12-08 00:00:00,tx,IBM Geography Support Ctr.,Sugar Land,60,,
warn-7739,1999-12-06 00:00:00,tx,Baylor Medical Center - Ellis County,Ennis,153,,
warn-7738,1999-12-03 00:00:00,tx,"Ethicon, Inc.",San Angelo,40,,
warn-7737,1999-12-01 00:00:00,tx,Equistar - La Porte,La Porte,78,,
warn-7740,1999-12-01 00:00:00,tx,"ANR Pipeline Company, HIOS Operations",Sabine Pass,98,,
warn-7735,1999-11-15 00:00:00,tx,Target,Hurst,0,,
warn-7736,1999-11-12 00:00:00,tx,American Garment Finishers,El Paso,343,,
warn-7729,1999-11-03 00:00:00,tx,The Workforce Network,Ft. Worth,45,,
warn-7724,1999-11-01 00:00:00,tx,Fleming Foods,San Antonio,195,,
warn-7726,1999-11-01 00:00:00,tx,AccuBanc Mortgage Corporation,Dallas,96,,
warn-7731,1999-11-01 00:00:00,tx,Target Stores - Houston,Houston,116,,
warn-7728,1999-10-29 00:00:00,tx,Odessa Regional Hospital,Odessa,0,,
warn-7722,1999-10-28 00:00:00,tx,"Teleservice Resources, Inc.",Austin,214,,
warn-7730,1999-10-28 00:00:00,tx,Blue Cross/Blue Shield,Richardson,36,,
warn-7723,1999-10-27 00:00:00,tx,Southwest General Hospital,San Antonio,0,,
warn-7732,1999-10-27 00:00:00,tx,"Texas Health Choice, L.C.  - Irving",Irving,12,,
warn-7733,1999-10-27 00:00:00,tx,"Texas Health Choice, L.C. - Plano",Plano,7,,
warn-7734,1999-10-27 00:00:00,tx,"Texas Health Choice, L.C.  - Arlington",Arlington,17,,
warn-7721,1999-10-26 00:00:00,tx,Decker Food Company,Garland,284,,
warn-7725,1999-10-15 00:00:00,tx,National Oilwell - Houston,Houston,70,,
warn-7717,1999-10-14 00:00:00,tx,"B/E Aerospace, Inc.",Houston,127,,
warn-7719,1999-10-14 00:00:00,tx,R. J. Gallagher Company,Houston,0,,
warn-7718,1999-10-11 00:00:00,tx,"Booth, Inc.",Dallas,122,,
warn-7720,1999-10-06 00:00:00,tx,Sun Apparel,El Paso,102,,
warn-7716,1999-10-04 00:00:00,tx,Chase Manhattan Mortgage Corporation,Houston,160,,
warn-7715,1999-09-29 00:00:00,tx,Raytheon Systems Co. - Richardson,Richardson,390,,
warn-7713,1999-09-27 00:00:00,tx,"Saturn Housing, Llc",Gainesville,170,,
warn-7714,1999-09-27 00:00:00,tx,Wackenhut Corrections,Austin,300,,
warn-7711,1999-09-21 00:00:00,tx,"Mansfield Plumbing Products, Inc.",Kilgore,90,,
warn-7712,1999-09-21 00:00:00,tx,Host Marriott,Dallas,20,,
warn-7727,1999-09-15 00:00:00,tx,Maxus Energy Corporation - Dallas,Dallas,55,,
warn-7705,1999-09-09 00:00:00,tx,Builders Square #1401,San Antonio,92,,
warn-7706,1999-09-09 00:00:00,tx,Builders Square #1008,Amarillo,106,,
warn-7707,1999-09-09 00:00:00,tx,Builders Square #1341,McAllen,90,,
warn-7708,1999-09-09 00:00:00,tx,Builders Square #1590,Laredo,89,,
warn-7709,1999-09-09 00:00:00,tx,Builders Square #1348,Brownsville,105,,
warn-7710,1999-09-09 00:00:00,tx,Builders Square #1406,Lubbock,73,,
warn-7701,1999-09-03 00:00:00,tx,"Q. C. Onics, Inc.",La Feria,90,,
warn-7700,1999-09-01 00:00:00,tx,Justin Boot Company,Ft. Worth,108,,
warn-7703,1999-09-01 00:00:00,tx,"Olicom, Inc.",Richardson,64,,
warn-7704,1999-09-01 00:00:00,tx,Sterling Software,Plano,78,,
warn-7699,1999-08-31 00:00:00,tx,Sonat Exploration Company,Tyler,100,,
warn-7702,1999-08-31 00:00:00,tx,"Central Texas Hospital, Inc.",Cameron,82,,
warn-7698,1999-08-25 00:00:00,tx,Perry Equipment Corporation,Mineral Wells,70,,
warn-7697,1999-08-13 00:00:00,tx,Grant Prideco-Houston-1,Houston,45,,
warn-7696,1999-08-12 00:00:00,tx,"Iteq Storage Systems, Inc.",Houston,108,,
warn-7695,1999-08-11 00:00:00,tx,Stone Container Corporation (Smurfit),Dallas,150,,
warn-7693,1999-08-06 00:00:00,tx,National Semiconductor,Richardson,168,,
warn-7694,1999-08-06 00:00:00,tx,Liberty Mutual Insurance Company,Corsicana,56,,
warn-7690,1999-08-04 00:00:00,tx,Nocona Boot Company,Nocona,180,,
warn-7689,1999-08-02 00:00:00,tx,Oakwood Homes Corporation,Ennis,200,,
warn-7691,1999-08-02 00:00:00,tx,Attwood Corporation,Mission,76,,
warn-7692,1999-08-02 00:00:00,tx,"Aig Claim Services, Inc.",Carrollton,10,,
warn-7688,1999-07-30 00:00:00,tx,Duke Engineering & Services,Ft. Worth,47,,
warn-7687,1999-07-20 00:00:00,tx,Travelers Property Casualty,Houston,94,,
warn-7686,1999-07-19 00:00:00,tx,"American Protective Services, Inc.",Pasadena,49,,
warn-7685,1999-07-16 00:00:00,tx,Chromium Corporation,Lufkin,56,,
warn-7682,1999-07-09 00:00:00,tx,"Nordam Group, Inc. dba Dee Howard",San Antonio,230,,
warn-7683,1999-07-09 00:00:00,tx,Raytheon Systems Co.,Austin,66,,
warn-7684,1999-07-09 00:00:00,tx,General Motors Acceptance Corporation - Irving,Irving,88,,
warn-7681,1999-07-01 00:00:00,tx,Freeport-McMoRan Sulphur LLC,Pecos,25,,
warn-7677,1999-06-30 00:00:00,tx,Warrantech Corporation - Euless,Euless,150,,
warn-7675,1999-06-29 00:00:00,tx,"Humana Health Plan Of Texas, Inc. - Ft. Worth",Ft. Worth,13,,
warn-7676,1999-06-29 00:00:00,tx,"Humana Health Plan Of Texas, Inc. - Dallas",Dallas,40,,
warn-7678,1999-06-29 00:00:00,tx,"Big Spring Walls Industries, Inc.",Big Spring,100,,
warn-7679,1999-06-29 00:00:00,tx,"Merkel Walls Industries, Inc.",Merkel,120,,
warn-7673,1999-06-25 00:00:00,tx,Nabisco,Houston,425,,
warn-7674,1999-06-24 00:00:00,tx,The Worthington Hotel,Ft. Worth,14,,
warn-7680,1999-06-24 00:00:00,tx,Compusa - Grapevine,Grapevine,141,,
warn-7672,1999-06-22 00:00:00,tx,Golden Aluminum Company,San Antonio,158,,
warn-7670,1999-06-17 00:00:00,tx,Aarp Pharmacy Service,Ft. Worth,117,,
warn-7671,1999-06-15 00:00:00,tx,Western Auto Supply Company,Temple,104,,
warn-7647,1999-06-14 00:00:00,tx,York International Corporation - San Antonio,San Antonio,74,,
warn-7669,1999-06-14 00:00:00,tx,"Stuart Entertainment, Inc.",McAllen,190,,
warn-7658,1999-06-11 00:00:00,tx,Builders Square #1006,The Woodlands,137,,
warn-7659,1999-06-11 00:00:00,tx,Builders Square #1584,Austin,83,,
warn-7660,1999-06-11 00:00:00,tx,Builders Square #1005,Houston,111,,
warn-7661,1999-06-11 00:00:00,tx,Builders Square #1411,Webster,100,,
warn-7662,1999-06-11 00:00:00,tx,Builders Square #1344,Houston,118,,
warn-7663,1999-06-11 00:00:00,tx,Builders Square #1583,Austin,96,,
warn-7664,1999-06-11 00:00:00,tx,Builders Square #1007,Pasadena,130,,
warn-7665,1999-06-11 00:00:00,tx,Builders Square #1422,Austin,94,,
warn-7666,1999-06-11 00:00:00,tx,Builders Square #1561,Corpus Ch,58,,
warn-7667,1999-06-11 00:00:00,tx,Builders Square #1409,Houston,128,,
warn-7668,1999-06-11 00:00:00,tx,Builders Square #1030,El Paso,96,,
warn-7657,1999-06-09 00:00:00,tx,CRLTX Administrator's Service Corp.,Ft. Worth,176,,
warn-1804,1999-06-08 00:00:00,il,"MIDWESTCO ENTERPRISES, INC.",CHICAGO,66,Plant Closure,
warn-7655,1999-05-28 00:00:00,tx,Aegis Communications Group - Addison,Addison,100,,
warn-7656,1999-05-28 00:00:00,tx,"The Long-term Credit Bank Of Japan, Limited",Dallas,8,,
warn-7649,1999-05-26 00:00:00,tx,Pilkington Libbey-Owens-Ford,Sherman,490,,
warn-7650,1999-05-26 00:00:00,tx,"Browning-ferris Industries, Inc. (bfi)",Houston,50,,
warn-7652,1999-05-26 00:00:00,tx,Alliance Data Systems,Dallas,489,,
warn-7653,1999-05-25 00:00:00,tx,Caldwell Health Rehabilitation Center,Caldwell,110,,
warn-7654,1999-05-25 00:00:00,tx,Lockheed Martin Logistics Management,San Antonio,0,,
warn-7648,1999-05-21 00:00:00,tx,General Motors Acceptance Corporation - Fso,San Antonio,40,,
warn-7651,1999-05-21 00:00:00,tx,"Joseph T. Ryerson & Son, Inc.",Houston,56,,
warn-7646,1999-05-18 00:00:00,tx,St. David's Medical Center,Austin,136,,
warn-7642,1999-05-13 00:00:00,tx,"Lambda Electronics, Inc.",McAllen,60,,
warn-7645,1999-05-12 00:00:00,tx,Big Ball Sports,Houston,130,,
warn-7644,1999-05-10 00:00:00,tx,"Imperial Headwear, Inc.",Corsicana,50,,
warn-7643,1999-05-07 00:00:00,tx,Trimble Navigation Limited,Austin,13,,
warn-7637,1999-05-05 00:00:00,tx,American Medical Response - Arlington,Arlington,35,,
warn-7638,1999-05-04 00:00:00,tx,Cellstar Ltd. - Farmers Branch,Farmers Branch,1,,
warn-7639,1999-05-04 00:00:00,tx,Cellstar Ltd. - Carrollton,Carrollton,47,,
warn-7640,1999-05-03 00:00:00,tx,ADA Fabrication and  Manufacturing,Pasadena,46,,
warn-7641,1999-05-03 00:00:00,tx,Silsbee Doctors Hospital,Silsbee,230,,
warn-7634,1999-04-30 00:00:00,tx,"RBP Custom Glass, Inc.",Dallas,12,,
warn-7635,1999-04-30 00:00:00,tx,"Transit Management Company of Laredo, Inc.",Laredo,0,,
warn-7633,1999-04-15 00:00:00,tx,"ADT Security Services, Inc.",San Antonio,53,,
warn-1117,1999-04-08 00:00:00,il,ZENITH ELECTRONICS CORP,MELROSE PARK,2406,Plant Closure,
warn-7632,1999-04-08 00:00:00,tx,Electronic Data Systems Corporation,Plano,611,,
warn-7630,1999-04-06 00:00:00,tx,The Capital Company Of America-Irving-2,Irving,31,,
warn-7631,1999-04-05 00:00:00,tx,Cendant Mobility - Irving,Irving,5,,
warn-7627,1999-03-29 00:00:00,tx,Blue Cross/Blue Shield Of Texas-El Paso,El Paso,80,,
warn-7616,1999-03-28 00:00:00,tx,Fiesta Food Bakset (IGA),Del Rio,25,,
warn-7624,1999-03-25 00:00:00,tx,"JDTV, Inc.",Arlington,88,,
warn-7629,1999-03-23 00:00:00,tx,Trimble Navigation Limited,Austin,44,,
warn-7622,1999-03-22 00:00:00,tx,Defense Reutilization And Marketing Office - Shepp,Sheppard AFB,8,,
warn-7623,1999-03-22 00:00:00,tx,Defense Reutilization And Marketing Office - Bliss,Fort Bliss,12,,
warn-7625,1999-03-22 00:00:00,tx,TicketMaster,Houston,45,,
warn-7626,1999-03-22 00:00:00,tx,"Laidlaw Transit, Inc. - Jacksonville",Jacksonville,5,,
warn-7636,1999-03-22 00:00:00,tx,American Medical Response - Ft. Worth,Ft. Worth,20,,
warn-7628,1999-03-16 00:00:00,tx,"Whiteco Industries, Inc.",Austin,63,,
warn-7620,1999-03-12 00:00:00,tx,Hercules Offshore Corporation,Houston,10,,
warn-7621,1999-03-11 00:00:00,tx,"Laidlaw Transit, Inc. - Austin",Austin,197,,
warn-7613,1999-03-10 00:00:00,tx,"Service Merchandise Company, Inc.",Dallas,120,,
warn-7612,1999-03-08 00:00:00,tx,Essc Genicom,Ft. Worth,73,,
warn-7614,1999-03-05 00:00:00,tx,The Money Store - El Paso,El Paso,5,,
warn-7615,1999-03-05 00:00:00,tx,The Money Store - Austin,Austin,5,,
warn-7617,1999-03-05 00:00:00,tx,Host Marriott Services,Austin,69,,
warn-7618,1999-03-05 00:00:00,tx,The Money Store - San Antonio,San Antonio,12,,
warn-7611,1999-03-04 00:00:00,tx,Haggar Clothing Company - Edinburg,Edinburg,55,,
warn-7607,1999-03-02 00:00:00,tx,PACCAR Leasing,Tyler,70,,
warn-7608,1999-03-01 00:00:00,tx,Iowa Beef Processors (IBP),Palestine,287,,
warn-7609,1999-03-01 00:00:00,tx,Marui International Products Corp.,El Paso,190,,
warn-7619,1999-03-01 00:00:00,tx,FMC Corporation,Stephenville,350,,
warn-7606,1999-02-26 00:00:00,tx,Cadillac Plastic,Coppell,35,,
warn-7610,1999-02-26 00:00:00,tx,American Garment Finishers,El Paso,300,,
warn-7605,1999-02-23 00:00:00,tx,"Imperial Headwear, Inc.",Corsicana,108,,
warn-7604,1999-02-22 00:00:00,tx,Levi Strauss & Company - El Paso - 2,El Paso,11,,
warn-7603,1999-02-19 00:00:00,tx,"BNY Information Services, Inc.",Houston,50,,
warn-7597,1999-02-18 00:00:00,tx,Guidant Corp./Sulzer Intermedics,Angleton,2000,,
warn-7602,1999-02-17 00:00:00,tx,Stroh's Brewery Co.,Longview,365,,
warn-1749,1999-02-16 00:00:00,il,KELLY SPRINGFIELD TIRE COMPANY,FREEPORT,585,Plant Closure,
warn-7601,1999-02-11 00:00:00,tx,Hon Allsteel,Sulphur Springs,160,,
warn-7600,1999-02-04 00:00:00,tx,Nassau Bay Hilton & Marina,Houston,125,,
warn-7594,1999-01-27 00:00:00,tx,Stryker Leibinger,Carrollton,40,,
warn-7595,1999-01-27 00:00:00,tx,Conoco Inc.,Midland,105,,
warn-7591,1999-01-26 00:00:00,tx,Dresser Oil & Tools,Dallas,190,,
warn-7598,1999-01-26 00:00:00,tx,NationsCredit Consumer Services Center,Ft. Worth,6,,
warn-7596,1999-01-25 00:00:00,tx,Intertek Testing Services,Pasadena,68,,
warn-7586,1999-01-21 00:00:00,tx,Continental Sprayers,El Paso,152,,
warn-7592,1999-01-20 00:00:00,tx,The Capital Company of America-Dallas,Dallas,16,,
warn-7593,1999-01-20 00:00:00,tx,The Capital Company of America-Irving,Irving,33,,
warn-7599,1999-01-19 00:00:00,tx,AutoNation USA Corp.-Stafford,Stafford,50,,
warn-7585,1999-01-15 00:00:00,tx,Cutler-Hammer,Grand Prairie,68,,
warn-7587,1999-01-15 00:00:00,tx,Montgomery Ward - Bryan,Byers,68,,
warn-7588,1999-01-15 00:00:00,tx,Montgomery Ward - Sherman,Sherman,72,,
warn-7589,1999-01-15 00:00:00,tx,Montgomery Ward - Tyler,Tyler,88,,
warn-7590,1999-01-15 00:00:00,tx,Montgomery Ward - El Paso,El Paso,100,,
warn-7583,1999-01-13 00:00:00,tx,Tandycrafts,Ft. Worth,175,,
warn-7580,1999-01-07 00:00:00,tx,American Medical Response,Port Arthur,130,,
warn-7581,1999-01-07 00:00:00,tx,"Weatherford International, Inc.",San Marcos,115,,
warn-7584,1999-01-07 00:00:00,tx,Target Stores,Tyler,0,,
warn-7579,1999-01-04 00:00:00,tx,Philips Electronics,Irving,24,,
warn-7582,1999-01-04 00:00:00,tx,Tokheim Equipment Corporation,Bonham,200,,
warn-1558,1998-06-25 00:00:00,il,PARKER HANNIFLIN CORP/HYDRAULIC VALVE DI,NILES,83,Plant Closure,
warn-1690,1998-06-09 00:00:00,il,,EFFINGHAM,280,Plant Closure,
warn-1815,1998-05-10 00:00:00,il,3M COMPANY,HINSDALE,78,Plant Closure,
warn-1547,1997-11-04 00:00:00,il,SRAM CORPORATION,ELK GROVE VILLGE,108,Plant Closure,
warn-1493,1997-01-26 00:00:00,il,BINKS MANUFACTURING COMPANY,FRANKLIN PARK,465,Plant Closure,
warn-111,1995-05-30 00:00:00,il,,Covington,100,Mass Layoff,
warn-1,,il,,Momence,274,Plant Closure,
warn-2,,il,GENERAL POWER EQUIPMENT CO.,Harvard,243,Plant Closure,
warn-3,,il,GENERAL POWER EQUIPMENT CO.,Cary,148,Plant Closure,
warn-11,,il,,Hennepin,59,Plant Closure,
warn-12,,il,,Havana,73,Plant Closure,
warn-13,,il,Vistra Energy,Canton,61,Plant Closure,
warn-15,,il,,Hoffman Estates,433,Mass Layoff,
warn-21,,il,,Elk Grove Village,36,Plant Closure,
warn-23,,il,Edwards Power Plant,Bartonville,200,Plant Closure,
warn-25,,il,,Chicago Heights,54,Plant Closure,
warn-26,,il,Owens-Brockway Glass,Streator,152,Mass Layoff,
warn-27,,il,GENERAL POWER EQUIPMENT CO.,Chicago,482,Plant Closure,
warn-28,,il,,Peoria,300,Mass Layoff,
warn-29,,il,St Margaret's Health,Spring Valley,671,Plant Closure,
warn-30,,il,Granite City Works,Granite City,1300,Mass Layoff,
warn-31,,il,Walgreens,Woodridge,97,Mass Layoff,
warn-32,,il,,Chicago,2547,Mass Layoff,
warn-33,,il,,Rock Island,87,Mass Layoff,
warn-34,,il,,Lake Zurich,212,Mass Layoff,
warn-35,,il,dnata,Chicago,115,Plant Closure,
warn-36,,il,,Batavia,141,Plant Closure,
warn-37,,il,,Morris,145,Mass Layoff,
warn-38,,il,,Beardstown,176,Mass Layoff,
warn-39,,il,Discover,Riverwoods,108,Mass Layoff,
warn-40,,il,,Warrensburg,40,Plant Closure,
warn-41,,il,"Schwan's Home Service, Yelloh",Marshall,197,Mass Layoff,
warn-42,,il,,Buffalo Grove,72,Plant Closure,
warn-43,,il,,Lake Zurich,55,Plant Closure,
warn-44,,il,Amsted Rail,Granite City,378,Mass Layoff,
warn-45,,il,,Flat Rock,35,Mass Layoff,
warn-46,,il,,Romeoville,29,Mass Layoff,
warn-47,,il,,Chicago,61,Mass Layoff,
warn-48,,il,,Schaumburg,127,Mass Layoff,
warn-49,,il,,Lincolnshire,83,Plant Closure,
warn-50,,il,,Chicago,226,Plant Closure,
warn-51,,il,,Decatur,44,Plant Closure,
warn-52,,il,RR DONNELLEY & SONS COMPANY,Clinton,76,Plant Closure,
warn-53,,il,,Bradley,65,Mass Layoff,
warn-54,,il,,Channahon,49,Mass Layoff,
warn-55,,il,,Danville,510,Plant Closure,
warn-56,,il,,Oak Brook,88,Plant Closure,
warn-57,,il,,Normal,124,Plant Closure,
warn-58,,il,Stratus,Elk Grove Village,66,Plant Closure,
warn-59,,il,Elite Staffing at Hearthside,Geneva,177,Mass Layoff,
warn-60,,il,Elite Staffing at Hearthside,Itasca,89,Mass Layoff,
warn-61,,il,Elite Staffing at Hearthside,Carol Stream,66,Mass Layoff,
warn-62,,il,Elite Staffing at Hearthside,Romeoville,376,Mass Layoff,
warn-63,,il,Elite Staffing at Hearthside,Bolingbrook,61,Mass Layoff,
warn-64,,il,,North Aurora,127,Plant Closure,
warn-65,,il,,Chicago,281,Plant Closure,
warn-66,,il,,Chicago,66,Plant Closure,
warn-67,,il,,Batavia,71,Plant Closure,
warn-68,,il,,Elgin,60,Plant Closure,
warn-69,,il,,Chicago,99,Plant Closure,
warn-70,,il,,Chicago,227,Plant Closure,
warn-71,,il,,Chicago,215,Plant Closure,
warn-72,,il,,Wood Dale,800,Mass Layoff,
warn-73,,il,,Chicago,538,Plant Closure,
warn-74,,il,,Morton,31,Plant Closure,
warn-75,,il,,Chicago,86,Plant Closure,
warn-76,,il,,Chicago,129,Mass Layoff,
warn-77,,il,,Glen Ellyn,49,Plant Closure,
warn-78,,il,,Quincy,61,Plant Closure,
warn-79,,il,,Cary,100,Plant Closure,
warn-80,,il,,Skokie,104,Plant Closure,
warn-81,,il,,Buffalo Grove,32,Plant Closure,
warn-82,,il,,Lake Bluff,104,Plant Closure,
warn-83,,il,,Cicero,73,Plant Closure,
warn-84,,il,,Carol Stream,130,Plant Closure,
warn-85,,il,,North Chicago,66,Plant Closure,
warn-86,,il,,Bedford Park,128,Plant Closure,
warn-87,,il,,Oakbrook Terrace,49,Mass Layoff,
warn-88,,il,,Bloomington,276,Mass Layoff,
warn-89,,il,,Lincolnshire,114,Mass Layoff,
warn-90,,il,,Chicago,75,Mass Layoff,
warn-91,,il,,Saint Charles,40,Plant Closure,
warn-92,,il,,Romeoville,96,Plant Closure,
warn-93,,il,,Romeoville,127,Mass Layoff,
warn-94,,il,,Romeoville,105,Mass Layoff,
warn-95,,il,,Bedford Park,63,Plant Closure,
warn-96,,il,,Chicago,130,Plant Closure,
warn-97,,il,SSC Services for Education at U of I Chicago,Chicago,25,Plant Closure,
warn-98,,il,,Chicago,158,Plant Closure,
warn-99,,il,,Lockport,278,Plant Closure,
warn-100,,il,Kentucky Fried Chicken,Machesney,33,Plant Closure,
warn-101,,il,,Woodridge,130,Plant Closure,
warn-102,,il,,Gibson City,115,Mass Layoff,
warn-103,,il,,Chicago,238,Plant Closure,
warn-104,,il,,Chicago,47,Plant Closure,
warn-105,,il,"MID W TRANSPORT, MIDWEST TRANSPORT OF ILLINOIS",Robinson,75,Plant Closure,
warn-106,,il,,Chicago,211,Plant Closure,
warn-107,,il,,McCook,161,Plant Closure,
warn-108,,il,,Rockford,69,Plant Closure,
warn-109,,il,,Aurora,106,Plant Closure,
warn-110,,il,"Zurn Water, LLC",Bensenville,25,Plant Closure,
warn-112,,il,Identity,Normal,99,Plant Closure,
warn-113,,il,,Rockford,104,Plant Closure,
warn-114,,il,Ryder,Dixon,40,Mass Layoff,
warn-115,,il,,Chicago,54,Mass Layoff,
warn-116,,il,,Chicago,131,Plant Closure,
warn-117,,il,,Loves Park,57,Plant Closure,
warn-118,,il,,Decatur,57,Plant Closure,
warn-119,,il,,Skokie,94,Plant Closure,
warn-120,,il,,Chicago,53,Plant Closure,
warn-121,,il,SG360,Broadview,55,Plant Closure,
warn-122,,il,,Romeoville,62,Plant Closure,
warn-123,,il,,Chicago,119,Plant Closure,
warn-124,,il,,Wood Dale,35,Plant Closure,
warn-125,,il,,Rockford,327,Plant Closure,
warn-126,,il,,Chicago,46,Mass Layoff,
warn-127,,il,,Chicago,42,Mass Layoff,
warn-128,,il,SSC Services for Education at U of I Chicago,Chicago,25,Plant Closure,
warn-129,,il,Rocket Travel by Agoda,Chicago,141,Mass Layoff,
warn-130,,il,,Chicago,188,Plant Closure,
warn-131,,il,Caterpillar,Montgomery,60,Plant Closure,
warn-132,,il,"TouchPoint Support Services, LLC at St. Joseph",Joliet,144,Plant Closure,
warn-133,,il,"TouchPoint Support Services, LLC at Resurrection",Chicago,109,Plant Closure,
warn-134,,il,"TouchPoint Support Services, LLC at St. Francis",Evanston,76,Plant Closure,
warn-135,,il,"TouchPoint Support Services, LLC at St. Joseph",Elgin,3,Plant Closure,
warn-136,,il,,Peoria,47,Mass Layoff,
warn-137,,il,,Bolingbrook,123,Plant Closure,
warn-138,,il,,Schaumburg,482,Mass Layoff,
warn-139,,il,,Chicago,154,Plant Closure,
warn-140,,il,Maclellan Industrial Services,Normal,136,Mass Layoff,
warn-141,,il,,Orland Park,46,Plant Closure,
warn-142,,il,,Oakbrook,36,Plant Closure,
warn-143,,il,,Chicago Ridge,48,Plant Closure,
warn-144,,il,,Chicago,31,Plant Closure,
warn-145,,il,,Rosemont,32,Plant Closure,
warn-146,,il,,Aurora,30,Plant Closure,
warn-147,,il,,North Riverside,33,Plant Closure,
warn-148,,il,,Downers Grove,1000,Mass Layoff,
warn-149,,il,"TouchPoint Support Services, LLC at St. Mary",Kankakee,28,Plant Closure,
warn-150,,il,"TouchPoint Support Services, LLC at Mercy Medical Center",Aurora,55,Plant Closure,
warn-151,,il,"TouchPoint Support Services, LLC at St. Mary",Chicago,59,Plant Closure,
warn-152,,il,"TouchPoint Support Services, LLC at Holy Family Medical Center",Des Plaines,26,Plant Closure,
warn-153,,il,Hard Rock Cafe Chicago,Chicago,55,Plant Closure,
warn-154,,il,,Peoria,61,Plant Closure,
warn-155,,il,,Lemont,214,Plant Closure,
warn-156,,il,,Carol Stream,100,Plant Closure,
warn-157,,il,,Aurora,49,Mass Layoff,
warn-158,,il,,Burr Ridge,43,Mass Layoff,
warn-159,,il,,Lake Zurich,46,Mass Layoff,
warn-160,,il,Manpower,Aurora,99,Mass Layoff,
warn-161,,il,,Bridgeview,88,Plant Closure,
warn-162,,il,,Chicago,221,Mass Layoff,
warn-163,,il,,Forest Park,107,Plant Closure,
warn-164,,il,,Franklin Park,49,Plant Closure,
warn-165,,il,,Chicago,27,Mass Layoff,
warn-166,,il,,Dolton,316,Plant Closure,
warn-167,,il,,DeKalb,249,Plant Closure,
warn-168,,il,,Benton,34,Plant Closure,
warn-169,,il,,Chicago,450,Mass Layoff,
warn-170,,il,,Bartlett,59,Plant Closure,
warn-171,,il,,Sycamore,83,Plant Closure,
warn-172,,il,,Chicago,74,Plant Closure,
warn-173,,il,,Chicago,113,Plant Closure,
warn-174,,il,,Schiller Park,42,Mass Layoff,
warn-175,,il,,Arlington Heights,132,Mass Layoff,
warn-176,,il,,Aurora,15,Plant Closure,
warn-177,,il,,Schaumburg,416,Mass Layoff,
warn-178,,il,,Schaumburg,134,Mass Layoff,
warn-179,,il,,Chicago,1058,Plant Closure,
warn-180,,il,,Chicago,75,Mass Layoff,
warn-181,,il,,Momence,69,Plant Closure,
warn-182,,il,,Chicago,40,Plant Closure,
warn-183,,il,,Aurora,96,Mass Layoff,
warn-184,,il,,Chicago,46,Plant Closure,
warn-185,,il,,Chicago,76,Plant Closure,
warn-186,,il,,South Beloit,129,Mass Layoff,
warn-187,,il,,Warrenville,138,Mass Layoff,
warn-188,,il,,Chicago,58,Plant Closure,
warn-189,,il,"Commercial Casework Supply, Starved Rock Casework",Mendota,65,Plant Closure,
warn-190,,il,"Commercial Casework Supply, Starved Rock Casework",Mendota,7,Mass Layoff,
warn-191,,il,,Forest Park,65,Plant Closure,
warn-192,,il,,Chicago,4100,Mass Layoff,
warn-193,,il,,Naperville,43,Mass Layoff,
warn-194,,il,,Galesburg,62,Mass Layoff,
warn-195,,il,,Savanna,135,Plant Closure,
warn-196,,il,Danisco Sweeteners,Thomson,49,Plant Closure,
warn-197,,il,,Freeburg,121,Plant Closure,
warn-198,,il,,Chicago,203,Mass Layoff,
warn-199,,il,,Libertyville,133,Mass Layoff,
warn-200,,il,,Riverdale,281,Plant Closure,
warn-201,,il,,Tolono,28,Mass Layoff,
warn-202,,il,Health Alliance Medical Plans,Champaign,612,Plant Closure,
warn-203,,il,,Skokie,44,Mass Layoff,
warn-204,,il,Bahama Breeze,Schaumburg,73,Plant Closure,
warn-205,,il,,Saint Charles,167,Plant Closure,
warn-206,,il,,Lombard,86,Plant Closure,
warn-207,,il,,Alton,37,Plant Closure,
warn-208,,il,,multiple,886,Mass Layoff,
warn-209,,il,Joliet Job Corps Center,Joliet,91,Plant Closure,
warn-210,,il,,Chicago,390,Mass Layoff,
warn-211,,il,,Pontiac,184,Plant Closure,
warn-212,,il,,Franklin Park,115,Plant Closure,
warn-213,,il,"Tyson Warehousing Services, LLC/Rochelle Distribution Center",Rochelle,259,Mass Layoff,
warn-214,,il,,Urbana,461,Mass Layoff,
warn-215,,il,,Urbana,40,Plant Closure,
warn-216,,il,,Shorewood,150,Mass Layoff,
warn-217,,il,,Park Ridge,32,Mass Layoff,
warn-218,,il,Enru Logistics,Bolingbrook,337,Mass Layoff,
warn-219,,il,"TouchPoint Support Services, LLC at Villa Franciscan Place",Joliet,27,Plant Closure,
warn-220,,il,,East Moline,32,Mass Layoff,
warn-221,,il,"MMC Armory, MENNIE MACHINE COMPANY",Mark,187,Mass Layoff,
warn-222,,il,,Chicago,80,Plant Closure,
warn-223,,il,Hearthstone Communities,Woodstock,117,Plant Closure,
warn-224,,il,Discover Financial Services,Riverwoods,215,Mass Layoff,
warn-225,,il,,Chicago,200,Mass Layoff,
warn-226,,il,,Alsip,1000,Mass Layoff,
warn-227,,il,The RoomPlace and Harlem Furniture,Lombard,35,Plant Closure,
warn-228,,il,,Rantoul,126,Mass Layoff,
warn-229,,il,,Naperville,37,Mass Layoff,
warn-230,,il,,Chicago,800,Mass Layoff,
warn-231,,il,,Chicago,55,Mass Layoff,
warn-232,,il,,Rockford,37,Mass Layoff,
warn-233,,il,Rising Pharmaceuticals,Decatur,86,Mass Layoff,
warn-234,,il,,Chicago,117,Plant Closure,
warn-235,,il,,Chicago,64,Mass Layoff,
warn-236,,il,,Palatine,57,Plant Closure,
warn-237,,il,"CTS Health, Inc.",Chicago,57,Mass Layoff,
warn-238,,il,,West Chicago,53,Plant Closure,
warn-239,,il,,Chicago,138,Plant Closure,
warn-240,,il,,Manteno,59,Plant Closure,
warn-241,,il,,Chicago,168,Plant Closure,
warn-242,,il,,Chicago,37,Plant Closure,
warn-243,,il,,Chicago,27,Plant Closure,
warn-244,,il,,Chicago,26,Plant Closure,
warn-245,,il,,Chicago,29,Plant Closure,
warn-246,,il,,Chicago,33,Plant Closure,
warn-247,,il,,Chicago,563,Mass Layoff,
warn-248,,il,,Momence,318,Plant Closure,
warn-249,,il,,Princeton,70,Plant Closure,
warn-250,,il,,Chicago,273,Mass Layoff,
warn-251,,il,,Naperville,47,Plant Closure,
warn-252,,il,,Elk Grove Village,73,Plant Closure,
warn-253,,il,,Melrose Park,90,Plant Closure,
warn-254,,il,,Schiller Park,26,Plant Closure,
warn-255,,il,,Mount Olive,134,Plant Closure,
warn-256,,il,,Chicago,487,Plant Closure,
warn-257,,il,,Elgin,111,Plant Closure,
warn-258,,il,,Vernon Hills,45,Plant Closure,
warn-259,,il,,Chicago,219,Plant Closure,
warn-260,,il,,Vernon Hills,42,Plant Closure,
warn-261,,il,,Dwight,82,Plant Closure,
warn-262,,il,,Greenville,44,Plant Closure,
warn-263,,il,,Minooka,130,Plant Closure,
warn-264,,il,,Minooka,100,Plant Closure,
warn-265,,il,,Homewood,55,Plant Closure,
warn-266,,il,,Bolingbrook,195,Plant Closure,
warn-267,,il,,Saint Charles,86,Mass Layoff,
warn-268,,il,,Chicago,37,Mass Layoff,
warn-269,,il,,Saint Elmo,59,Plant Closure,
warn-270,,il,,Des Plaines,76,Mass Layoff,
warn-271,,il,,New York,2588,Mass Layoff,
warn-272,,il,,Romeoville,32,Plant Closure,
warn-273,,il,,Alton,253,Plant Closure,
warn-274,,il,Amazon Fresh,Naperville,132,Plant Closure,
warn-275,,il,Amazon Fresh,Schaumburg,134,Plant Closure,
warn-276,,il,Kroger Delivery,Maywood,72,Plant Closure,
warn-277,,il,,Schaumburg,109,Mass Layoff,
warn-278,,il,,Olympia Fields,66,Plant Closure,
warn-279,,il,Amazon Fresh,Morton Grove,179,Plant Closure,
warn-280,,il,Amazon Fresh,Oak Lawn,220,Plant Closure,
warn-281,,il,Amazon Fresh,Bloomingdale,132,Plant Closure,
warn-282,,il,Amazon Fresh,Norridge,173,Plant Closure,
warn-283,,il,Amazon Fresh,North Riverside,155,Plant Closure,
warn-284,,il,Amazon Fresh,Naperville,118,Plant Closure,
warn-285,,il,Amazon Fresh,Tinley Park,170,Plant Closure,
warn-286,,il,Amazon Fresh,Arlington Heights,132,Plant Closure,
warn-287,,il,,Rosemont,41,Mass Layoff,
warn-288,,il,,McHenry,389,Plant Closure,
warn-289,,il,,Elk Grove Village,119,Plant Closure,
warn-290,,il,,Olympia Fields,1535,Plant Closure,
warn-291,,il,,Chicago Heights,329,Plant Closure,
warn-292,,il,,Chicago,66,Plant Closure,
warn-293,,il,,Chicago,44,Plant Closure,
warn-294,,il,,Chicago,30,Plant Closure,
warn-295,,il,,Chicago,5,Mass Layoff,
warn-296,,il,Walgreens,Deerfield,416,Mass Layoff,
warn-297,,il,Walgreens,Chicago,52,Mass Layoff,
warn-298,,il,,Albion,642,Plant Closure,
warn-299,,il,1888,Chicago,181,Mass Layoff,
warn-300,,il,,Streamwood,65,Plant Closure,
warn-301,,il,,Waterloo,37,Plant Closure,
warn-302,,il,,Melrose Park,112,Plant Closure,
warn-303,,il,,Chicago,57,Plant Closure,
warn-304,,il,,Chicago,101,Plant Closure,
warn-305,,il,,Palos Heights,107,Plant Closure,
warn-306,,il,,Chicago,105,Plant Closure,
warn-307,,il,,Wilmington,55,Plant Closure,
warn-308,,il,Walmart,Matteson,111,Plant Closure,
warn-309,,il,,Danville,28,Layoff,
warn-310,,il,,Chicago,107,Plant Closure,
warn-311,,il,,Godfrey,160,Plant Closure,
warn-312,,il,,Chicago,120,Plant Closure,
warn-313,,il,,Plainfield,170,Plant Closure,
warn-314,,il,,Robinson,81,Plant Closure,
warn-315,,il,,Chicago Heights,172,Plant Closure,
warn-316,,il,,Oak Park,1700,Mass Layoff,
warn-317,,il,,Chicago,66,Mass Layoff,
warn-318,,il,,Edwardsville,155,Plant Closure,
warn-319,,il,,Belvidere,114,Plant Closure,
warn-320,,il,,Chicago,65,Plant Closure,
warn-321,,il,,Rock Island,18,Layoff,
warn-322,,il,Baldwin Power Plant,Baldwin,122,Plant Closure,
warn-323,,il,Newton Power Plant,Newton,83,Plant Closure,
warn-324,,il,Kincaid Power Plant,Kincaid,99,Plant Closure,
warn-325,,il,,Chicago,115,Mass Layoff,
warn-326,,il,,Bloomington,9891,Mass Layoff,
warn-327,,il,HelloFresh,Burr Ridge,254,Plant Closure,
warn-328,,il,,Matteson,160,Mass Layoff,
warn-329,,il,randstad inhouse services,Burr Ridge,34,Plant Closure,
warn-330,,il,,Moline,98,Plant Closure,
warn-331,,il,,Stickney,290,Plant Closure,
warn-332,,il,,Edwardsville,78,Plant Closure,
warn-333,,il,,Franklin Park,112,Plant Closure,
warn-334,,il,,Niles,180,Plant Closure,
warn-335,,il,,Romeoville,100,Plant Closure,
warn-336,,il,"Colors for Plastics, Inc.",Elk Grove Village,68,Plant Closure,
warn-337,,il,,Bolingbrook,68,Plant Closure,
warn-338,,il,,Waukegan,34,Plant Closure,
warn-339,,il,,Channahon,94,Plant Closure,
warn-340,,il,,Geneva,29,Mass Layoff,
warn-341,,il,,University Park,89,Plant Closure,
warn-342,,il,,Skokie,89,Plant Closure,
warn-343,,il,,Woodridge,57,Plant Closure,
warn-344,,il,,Rockford,204,Plant Closure,
warn-345,,il,,Chicago,426,Mass Layoff,
warn-346,,il,,Hanover Park,28,Plant Closure,
warn-347,,il,,Carol Stream,134,Plant Closure,
warn-348,,il,,Lincolnshire,510,Plant Closure,
warn-349,,il,,Lombard,101,Plant Closure,
warn-350,,il,,Rolling Meadows,141,Mass Layoff,
warn-351,,il,,Chicago,116,Plant Closure,
warn-352,,il,"Tyson Warehousing Services, LLC/Rochelle Distribution Center",Hillsdale,2495,Plant Closure,
warn-353,,il,tyson foods,Hillsdale,103,Mass Layoff,
warn-354,,il,GRI Engineering,Romeoville,97,Plant Closure,
warn-355,,il,,Danville,35,Plant Closure,
warn-356,,il,,Chicago,1396,Mass Layoff,
warn-357,,il,Fulton Market,Chicago,109,Plant Closure,
warn-358,,il,,Bloomingdale,120,Mass Layoff,
warn-359,,il,"AMES DEPARTMENT STORES, INC.-STORE #2348",ROCKY HILL,290,Plant Closure,
warn-360,,il,ALLSTATE INSURANCE COMPANY'S (SUBROGATIO,NORTHBROOK,260,Plant Closure,
warn-361,,il,"USG INTERIORS, INC",ROSELLE,32,Layoff,
warn-362,,il,CARBIDE INTERNATIONAL,CHICAGO,110,Plant Closure,
warn-363,,il,CARBIDE INTERNATIONAL,CHICAGO,200,Mass Layoff,
warn-364,,il,ILLINI FEDERAL SAVINGS AND LOAN ASSOCIAT,FAIRVIEW HEIGHTS,240,Layoff,
warn-365,,il,JENNISON-WRIGHT CORPORATION,GRANITE CITY,51,Layoff,
warn-366,,il,RHEEM MANUFACTURING COMPANY-WATER HEATER,Chicago,550,Mass Layoff,
warn-367,,il,PROCTER AND GAMBLE MANUFACTURING COMPANY,CHICAGO,278,Plant Closure,
warn-368,,il,CONSOLIDATION COAL COMPANY,SESSER,0,Layoff,
warn-369,,il,CONSOLIDATION COAL COMPANY,SESSER,68,Plant Closure,
warn-370,,il,CONSOLIDATION COAL COMPANY,SESSER,292,Plant Closure,
warn-371,,il,CONSOLIDATION COAL COMPANY,SESSER,254,Plant Closure,
warn-372,,il,CONSOLIDATION COAL COMPANY,SESSER,106,Plant Closure,
warn-373,,il,CONSOLIDATION COAL COMPANY,SESSER,430,Mass Layoff,
warn-374,,il,OLD BEN COAL COMPANY - MINE #21,BENTON,346,Layoff,
warn-375,,il,STEWART-WARNER INSTRUMENT CORPORATION,CHICAGO,1000,Mass Layoff,
warn-376,,il,RIVER KING UNDERGROUND MINE,FREEBURG,412,Mass Layoff,
warn-377,,il,"MIDWEST FOLDING CARTON, INC.",ROSEMONT,155,Plant Closure,
warn-378,,il,HYGRADE FOOD PRODUCTS CORPORATION,CHICAGO,129,Plant Closure,
warn-379,,il,LINCOLN MEAT COMPANY,Chicago,83,Plant Closure,
warn-380,,il,ZAHN DRUG COMPANY,MELROSE PARK,199,Plant Closure,
warn-381,,il,GRINNEL CORPORATION,FRANKLIN PARK,158,Mass Layoff,
warn-382,,il,DISCOVERY ZONE,OAKBROOK TERRACE,62,Plant Closure,
warn-383,,il,TREDEGAR MOLDED PRODUCTS,CHICAGO,152,Mass Layoff,
warn-384,,il,GALVA FOUNDRY COMPANY,GALVA,77,Plant Closure,
warn-385,,il,OLD KENT LEASING,OAK PARK,55,Plant Closure,
warn-386,,il,"PITT-DESMOINES, INC.",MELROSE PARK,150,Mass Layoff,
warn-387,,il,BLACK DOT GRAPHICS,CHICAGO,260,Layoff,
warn-388,,il,GLYNN-JOHNSON,CHICAGO,89,Plant Closure,
warn-389,,il,"TOWER AUTOMOTIVE, INC.",ROCKFORD,315,Plant Closure,
warn-390,,il,WAGON WHEEL RESTAURANT AND RESORT,ROCKTON,120,Plant Closure,
warn-391,,il,MSL STAMPING DIVISION,JOLIET,96,Plant Closure,
warn-392,,il,"WORLD BOOK, INC.",Chicago,124,Plant Closure,
warn-393,,il,LIBERTY MUTUAL,TAYLORVILLE,99,Plant Closure,
warn-394,,il,ROBESON'S DEPARTMENT STORE,CHAMPAIGN,206,Plant Closure,
warn-395,,il,"DUCKWALL-ALCO STORES, INC.",ABILENE,210,Plant Closure,
warn-396,,il,"CANNON BALL INDUSTRIES, INC.",HARVARD,141,Plant Closure,
warn-397,,il,BESLY PRODUCTS CORPORATION,SOUTH BELOIT,180,Layoff,
warn-398,,il,N. W. AYERS INCORPORATED,CHICAGO,96,Mass Layoff,
warn-399,,il,"BLODGETT OVEN COMPANY, INC.",VILLA PARK,32,Layoff,
warn-400,,il,Cartex,Addison,255,Layoff,
warn-401,,il,Cartex,Addison,102,Plant Closure,
warn-402,,il,Cartex,Addison,75,Plant Closure,
warn-403,,il,DUPONT CRITICAL CARE,WAUKEGAN,94,Plant Closure,
warn-404,,il,DATA DIMENSIONS CORPORATION,JANESVILLE,15,Layoff,
warn-405,,il,"CHARLES SCHWAB COMPANY, INC.",CHICAGO,87,Plant Closure,
warn-406,,il,DESOTO INC.,DES PLAINES,137,Plant Closure,
warn-407,,il,EASTERN AIRLINES INC.,MIAMI,0,Layoff,
warn-408,,il,ELECTRONIC DATA SYSTEMS CORPORATION,MADISON HGTS,40,Layoff,
warn-409,,il,MOOG AUTOMOTIVE,SKOKIE,54,Plant Closure,
warn-410,,il,"EKCO-GLACO, INC.",CHICAGO,200,Plant Closure,
warn-411,,il,"PORTEC, INC.",LISLE,55,Plant Closure,
warn-412,,il,"WALTERS AND COMPANY, INC.",ELK GROVE VILLGE,120,Plant Closure,
warn-413,,il,GANTON TECHNOLOGIES INC.,ADDISON,97,Mass Layoff,
warn-414,,il,"EVERLOCK FASTENING SYSTEMS, INC.",CHICAGO,140,Plant Closure,
warn-415,,il,CENTRAL LIFE ASSURANCE COMPANY,VERNON HILLS,151,Plant Closure,
warn-416,,il,TELEACTION CORPORATION,SCHAUMBURG,164,Plant Closure,
warn-417,,il,ASSOCIATES COMMERCIAL CORPORATION,CHICAGO,150,Plant Closure,
warn-418,,il,INTERLAKE MATERIAL HANDLING DIVISION,Mendota,59,Layoff,
warn-419,,il,GM - BUICK/OLDSMOBILE/CADILLAC,WILLOW SPRINGS,1180,Plant Closure,
warn-420,,il,"NORTHERN TELECOM, INC./COOK DIVISION",MORTON GROVE,350,Layoff,
warn-421,,il,"NORTHERN TELECOM, INC./COOK DIVISION",MORTON GROVE,350,Layoff,
warn-422,,il,"NORTHERN TELECOM, INC./COOK DIVISION",MORTON GROVE,57,Layoff,
warn-423,,il,"NORTHERN TELECOM, INC./COOK DIVISION",MORTON GROVE,255,Plant Closure,
warn-424,,il,CHF INDUSTRIES,CHICAGO,125,Plant Closure,
warn-425,,il,UNIVERSAL FOODS CORP.-LORRAINE CHEESE,QUINCY,58,Plant Closure,
warn-426,,il,MARATHON OIL COMPANY,Robinson,72,Plant Closure,
warn-427,,il,MARATHON OIL COMPANY,Robinson,88,Mass Layoff,
warn-428,,il,AMERICAN AMBASSADOR CASUALTY COMPANY,NORTHBROOK,40,Layoff,
warn-430,,il,ADVANCE TRANSFORMERS,CHICAGO,220,Plant Closure,
warn-431,,il,ILLINOIS COIL SPRING COMPANY,McHenry,102,Plant Closure,
warn-432,,il,THOMPSON MCKINNON SECURITIES,CHICAGO,110,Plant Closure,
warn-433,,il,WALKER PROCESS CORPORATION,AURORA,200,Layoff,
warn-434,,il,AMERICA'S MORTGAGE SERVICE COMPANY,LISLE,148,Plant Closure,
warn-435,,il,OHIO RUBBER,PARIS,100,Mass Layoff,
warn-436,,il,"NATICO, INC.",CHICAGO,149,Plant Closure,
warn-437,,il,GFC BRIDGEVIEW,BRIDGEVIEW,170,Plant Closure,
warn-438,,il,COURTYARD BY MARRIOTT,Schaumburg,80,Layoff,
warn-439,,il,"PPG INDUSTRIES, INC.",LINCOLN,149,Plant Closure,
warn-440,,il,WASHINGTON NATIONAL INSURANCE COMPANY,EVANSTON,1300,Layoff,
warn-441,,il,WALGREEN LABORATORIES,BEDFORD PARK,81,Plant Closure,
warn-442,,il,AT&T - CENTRALIA TSPS,CENTRALIA,59,Plant Closure,
warn-443,,il,WICKES MANUFACTURING COMPANY,BEARDSTOWN,269,Plant Closure,
warn-444,,il,SEARS TELEMARKETING,Downers Grove,81,Plant Closure,
warn-445,,il,RELIANCE ELECTRIC / UTILITY PRODUCTS COM,FRANKLIN PARK,341,Layoff,
warn-446,,il,P. A. BERGNER & CO.,CHICAGO,475,Plant Closure,
warn-447,,il,ROSENBERT & LIEBENTRITT P.C.,CHICAGO,65,Plant Closure,
warn-448,,il,YMCA OF METROPOLITAN CHICAGO,CHICAGO,78,Plant Closure,
warn-449,,il,"PLASTICS, INC.",WINNEBAGO,122,Plant Closure,
warn-450,,il,WEBER-STEPHENS PRODUCTS,PALATINE,200,Plant Closure,
warn-451,,il,GROEN/DIVISION OF DOVER INDUSTRIES,ELK GROVE VILLGE,102,Mass Layoff,
warn-452,,il,Y & S CANDIES,Moline,74,Plant Closure,
warn-453,,il,"WABASH DATATECH, INC.",Huntley,132,Plant Closure,
warn-454,,il,APAC,DANVILLE,0,Layoff,
warn-455,,il,FMC FOODTECH AGRICULTURAL MACHINERY,HOOPESTON,55,Plant Closure,
warn-456,,il,SPARTON MANUFACTURING COMPANY,FLORA,340,Mass Layoff,
warn-457,,il,SCOT LAD FOODS,LANSING,209,Plant Closure,
warn-458,,il,RAPATEE FACILITY,FARMINGTON,109,Layoff,
warn-459,,il,Freeport-McMoRan Chicago Rod Inc.,CHICAGO,92,Plant Closure,
warn-460,,il,LUTHERAN GENERAL HOSPITAL - LINCOLN PARK,CHICAGO,714,Plant Closure,
warn-461,,il,SULLIVAN TUBULAR,SULLIVAN,200,Plant Closure,
warn-462,,il,"HOME INSURANCE COMPANY, THE",Chicago,63,Plant Closure,
warn-463,,il,LINCOLN NATIONAL CORPORATION,DOWNERS GROVE,63,Plant Closure,
warn-464,,il,USS-CHICAGO SERVICE CENTER,CHICAGO,79,Plant Closure,
warn-465,,il,"ROGERS GROUP, INC. - CEDAR CREEK COAL MI",Nashville,91,Mass Layoff,
warn-466,,il,VWR/SARGENT-WELCH,SKOKIE,153,Plant Closure,
warn-467,,il,ROBERT MORRIS COLLEGE,Carthage,104,Plant Closure,
warn-468,,il,ROCKWELL INTERNATIONAL,Downers Grove,91,Plant Closure,
warn-469,,il,UNR HOME PRODUCTS,PARIS,200,Mass Layoff,
warn-470,,il,AT&T-CHAMPAIGN,CHAMPAIGN,48,Layoff,
warn-471,,il,ST. JOSEPH'S HOSPITAL,ALTON,350,Plant Closure,
warn-472,,il,FLEXIBLE FLYER,DU QUOIN,170,Plant Closure,
warn-473,,il,PETROLEUM ANALYZER CORP,BELLWOOD,70,Plant Closure,
warn-474,,il,WORLD COLOR PRESS-SALEM,SALEM,1230,Mass Layoff,
warn-475,,il,GENERAL ELECTRIC,CICERO,1100,Plant Closure,
warn-476,,il,"JERHART,INC.",CHICAGO,85,Plant Closure,
warn-477,,il,MAXWELL COMMUNICATION CORPORATION,BROADVIEW,249,Plant Closure,
warn-478,,il,ALUMINUM MILLS CORPORATION,LINCOLNSHIRE,120,Plant Closure,
warn-479,,il,CONTINENTAL CONTAINER SYSTEMS,WEST CHICAGO,121,Plant Closure,
warn-480,,il,VAN WATERS & ROGERS INC.,OAK BROOK,70,Plant Closure,
warn-481,,il,ARA SERVICES - GROUND SERVICES INC.,CHICAGO,583,Plant Closure,
warn-482,,il,ARA SERVICES - GROUND SERVICES INC.,CHICAGO,83,Plant Closure,
warn-483,,il,UARCO,CHICAGO,118,Plant Closure,
warn-484,,il,ESAB WELDING,CHICAGO,112,Plant Closure,
warn-485,,il,"XCEL LABORATORIES, INC.",Chicago,69,Plant Closure,
warn-486,,il,WICKES DATA SERVICES,WHEELING,57,Plant Closure,
warn-487,,il,Belvidere Assembly Plant,BELVIDERE,3878,Mass Layoff,
warn-488,,il,Belvidere Assembly Plant,BELVIDERE,2088,Mass Layoff,
warn-489,,il,"WORLD COLOR PRESS, INC.-MT. VERNON",MOUNT VERNON,700,Mass Layoff,
warn-490,,il,"WORLD COLOR PRESS, INC.-MT. VERNON",MOUNT VERNON,545,Mass Layoff,
warn-491,,il,GLOBE DISTRIBUTION CENTER,SOUTH HOLLAND,82,Plant Closure,
warn-492,,il,SPARTON ENGINEERED PRODUCTS,Flora,192,Plant Closure,
warn-493,,il,NU CAR CARRIERS,CHICAGO,130,Plant Closure,
warn-494,,il,"ACME FRAME PRODUCTS, INC.",CHICAGO,397,Plant Closure,
warn-495,,il,MT. SIANI HOSPITAL NORTH,CHICAGO,252,Plant Closure,
warn-496,,il,CHARLOTTE CHARLES INC.,CHICAGO,157,Mass Layoff,
warn-497,,il,SEARS CATALOG DIVISION,CHICAGO,62,Plant Closure,
warn-498,,il,BAXTER HEALTHCARE CORP.,Deerfield,2000,Layoff,
warn-499,,il,BAXTER HEALTHCARE CORP.,Deerfield,2000,Mass Layoff,
warn-500,,il,DRESHER - HARRIS-HUB PLANT,HARVEY,259,Plant Closure,
warn-501,,il,UNIVERSAL MUSIC GROUP,PINCKNEYVILLE,191,Plant Closure,
warn-502,,il,LENNON WALLPAPER COMPANY,SHOREWOOD,250,Plant Closure,
warn-503,,il,JJ SNACK FOODS,CHICAGO HEIGHTS,72,Layoff,
warn-504,,il,CHICAGO FINANCIAL CENTER,CHICAGO,98,Plant Closure,
warn-505,,il,PILLSBURY,SPRINGFIELD,362,Mass Layoff,
warn-506,,il,SCOTTFORESMAN AND COMPANY,GLENVIEW,900,Layoff,
warn-507,,il,VOGEL PETERSON COMPANY,Elmhurst,86,Plant Closure,
warn-508,,il,CENTRAL COMMUNITY HOSPITAL,CHICAGO,257,Plant Closure,
warn-509,,il,"DREXEL BURNHAM LAMBERT, INC.",CHICAGO,278,Plant Closure,
warn-510,,il,WILSON JONES COMPANY,CHICAGO,250,Mass Layoff,
warn-511,,il,"BRIDAL ORIGINALS, INC.",SAINT LOUIS,50,Layoff,
warn-512,,il,"PIERCE, FENNER & SMITH / MERRILL LYNCH",CHICAGO,52,Plant Closure,
warn-513,,il,"PIERCE, FENNER & SMITH / MERRILL LYNCH",CHICAGO,65,Plant Closure,
warn-514,,il,P. A. BERGNER & CO.,BEDFORD PARK,500,Plant Closure,
warn-515,,il,NATIONAL STEEL SERVICE CENTER,Evanston,100,Plant Closure,
warn-516,,il,AMERICAN GENERATOR & ARMATURE COMPANY,SKOKIE,200,Mass Layoff,
warn-517,,il,BEST FOODS BAKING GROUP,SCHAUMBURG,58,Plant Closure,
warn-518,,il,HAMILTON LAMP CORPORATION,CHICAGO,200,Plant Closure,
warn-519,,il,AT&T REGIONAL NETWORK ADMIN CENTER/NETWO,MONTGOMERY,524,Layoff,
warn-520,,il,BALLY MANUFACTURING,BENSENVILLE,229,Mass Layoff,
warn-521,,il,CAMPBELL SOUP CO,CHICAGO,91,Mass Layoff,
warn-522,,il,KENOSHA BEEF INTERNATIONAL,HEBRON,150,Plant Closure,
warn-523,,il,"JOSTENS, INC.",ST CHARLES,56,Plant Closure,
warn-524,,il,"ALLSTEEL, INC.",AURORA,115,Plant Closure,
warn-525,,il,"ALLSTEEL, INC.",AURORA,63,Plant Closure,
warn-526,,il,"ALLSTEEL, INC.",AURORA,586,Plant Closure,
warn-527,,il,ANR ADVANCE TRANSPORTATION CO,SOUTH HOLLAND,150,Mass Layoff,
warn-528,,il,APPLE COMPUTER INC.,ROLLING MEADOWS,101,Mass Layoff,
warn-529,,il,GNB INDUSTRIAL BATTERY COMPANY,KANKAKEE,350,Mass Layoff,
warn-530,,il,SARA LEE,Deerfield,633,Mass Layoff,
warn-531,,il,"CAC MICROCIRCUITS, INC.",MOUNT CARMEL,132,Mass Layoff,
warn-532,,il,"CAC MICROCIRCUITS, INC.",MOUNT CARMEL,76,Mass Layoff,
warn-533,,il,TERMINAL FREIGHT HANDLING COMPANY,CHICAGO,86,Mass Layoff,
warn-534,,il,MARSHALL FIELD'S CENTRAL OFFICE,CHICAGO,234,Plant Closure,
warn-535,,il,MARSHALL FIELD'S CENTRAL OFFICE,CHICAGO,149,Plant Closure,
warn-536,,il,MARSHALL FIELD'S CENTRAL OFFICE,CHICAGO,1700,Mass Layoff,
warn-537,,il,WITTEK MANUFACTURING,CHICAGO,62,Plant Closure,
warn-538,,il,"HIGHWAY & CITY TRANSPORTATION, INC.",CHICAGO,113,Plant Closure,
warn-539,,il,FT. SHERIDAN ARMY BASE,FORT SHERIDAN,2750,Mass Layoff,
warn-540,,il,CHANUTE AIR FORCE BASE,CHANUTE AIR BASE,8900,Mass Layoff,
warn-541,,il,"JAKEL, INCORPORATED",PALESTINE,57,Plant Closure,
warn-542,,il,"JAKEL, INCORPORATED",PALESTINE,63,Plant Closure,
warn-543,,il,OLIN CHEMICALS,JOLIET,300,Mass Layoff,
warn-544,,il,MILLWARD BROWN,DECATUR,160,Plant Closure,
warn-545,,il,"UNIVERSAL COACH PARTS, INC.",DES PLAINES,64,Plant Closure,
warn-546,,il,BELLEVILLE SHOE MFG COMPANY,Belleville,340,Mass Layoff,
warn-547,,il,BELLEVILLE SHOE MFG COMPANY,Belleville,340,Mass Layoff,
warn-548,,il,"SIMON BROTHERS BAKERY, INC.",Skokie,57,Plant Closure,
warn-549,,il,EUREKA VACUUM CLEANERS,Bloomington,1300,Layoff,
warn-550,,il,EUREKA VACUUM CLEANERS,Bloomington,1186,Layoff,
warn-551,,il,"SEARS, ROEBUCK AND COMPANY",CALUMET CITY,229,Plant Closure,
warn-552,,il,,GENOA,357,Layoff,
warn-553,,il,,NORTHLAKE,2750,Mass Layoff,
warn-554,,il,WOODSTOCK MANUFACTURING CORPORATION-DIE,WOODSTOCK,757,Plant Closure,
warn-555,,il,"AMES DEPARTMENT STORES, INC.-STORE #2348",ROUND LAKE,61,Plant Closure,
warn-556,,il,"AMES DEPARTMENT STORES, INC.-STORE #2348",WAUKEGAN,60,Plant Closure,
warn-557,,il,"AMES DEPARTMENT STORES, INC.-STORE #2348",ROCKFORD,55,Plant Closure,
warn-558,,il,AT&T - CENTRALIA TSPS,OAK BROOK,46,Layoff,
warn-559,,il,"AMES DEPARTMENT STORES, INC.-STORE #2348",ELGIN,44,Layoff,
warn-560,,il,"AMES DEPARTMENT STORES, INC.-STORE #2348",AURORA,63,Plant Closure,
warn-561,,il,"AMES DEPARTMENT STORES, INC.-STORE #2348",WESTMONT,52,Plant Closure,
warn-562,,il,"AMES DEPARTMENT STORES, INC.-STORE #2348",ADDISON,51,Plant Closure,
warn-563,,il,"AMES DEPARTMENT STORES, INC.-STORE #2348",WHEATON,45,Layoff,
warn-564,,il,"AMES DEPARTMENT STORES, INC.-STORE #2348",RICHTON PARK,65,Plant Closure,
warn-565,,il,"AMES DEPARTMENT STORES, INC.-STORE #2348",HANOVER PARK,57,Plant Closure,
warn-566,,il,"AMES DEPARTMENT STORES, INC.-STORE #2348",HILLSIDE,82,Plant Closure,
warn-567,,il,"AMES DEPARTMENT STORES, INC.-STORE #2348",ORLAND PARK,81,Plant Closure,
warn-568,,il,"AMES DEPARTMENT STORES, INC.-STORE #2348",LYONS,83,Plant Closure,
warn-569,,il,"AMES DEPARTMENT STORES, INC.-STORE #2348",RIVER GROVE,99,Plant Closure,
warn-570,,il,"AMES DEPARTMENT STORES, INC.-STORE #2348",MARKHAM,73,Plant Closure,
warn-571,,il,"AMES DEPARTMENT STORES, INC.-STORE #2348",BRIDGEVIEW,77,Plant Closure,
warn-572,,il,"AMES DEPARTMENT STORES, INC.-STORE #2348",CHICAGO,70,Plant Closure,
warn-573,,il,"AMES DEPARTMENT STORES, INC.-STORE #2348",CHICAGO,130,Plant Closure,
warn-574,,il,"AMES DEPARTMENT STORES, INC.-STORE #2348",CHICAGO,120,Plant Closure,
warn-575,,il,"AMES DEPARTMENT STORES, INC.-STORE #2348",CHICAGO,76,Plant Closure,
warn-576,,il,"AMES DEPARTMENT STORES, INC.-STORE #2348",CHICAGO,70,Plant Closure,
warn-577,,il,"AMES DEPARTMENT STORES, INC.-STORE #2348",CHICAGO,78,Plant Closure,
warn-578,,il,"AMES DEPARTMENT STORES, INC.-STORE #2348",CHICAGO,150,Plant Closure,
warn-579,,il,"AMES DEPARTMENT STORES, INC.-STORE #2348",CHICAGO,100,Plant Closure,
warn-580,,il,"AMES DEPARTMENT STORES, INC.-STORE #2348",CHICAGO,120,Plant Closure,
warn-581,,il,"AMES DEPARTMENT STORES, INC.-STORE #2348",CHICAGO,80,Plant Closure,
warn-582,,il,"AMES DEPARTMENT STORES, INC.-STORE #2348",CHICAGO,59,Plant Closure,
warn-583,,il,"AMES DEPARTMENT STORES, INC.-STORE #2348",CHICAGO,95,Plant Closure,
warn-584,,il,"AMES DEPARTMENT STORES, INC.-STORE #2343",CHICAGO,69,Plant Closure,
warn-585,,il,"AMES DEPARTMENT STORES, INC.-STORE #2348",JOLIET,70,Plant Closure,
warn-586,,il,"AMES DEPARTMENT STORES, INC.-STORE #2348",CHAMPAIGN,55,Plant Closure,
warn-587,,il,"AMES DEPARTMENT STORES, INC.-STORE #2348",DANVILLE,52,Plant Closure,
warn-588,,il,"AMES DEPARTMENT STORES, INC.-STORE #2348",SPRINGFIELD,71,Plant Closure,
warn-589,,il,"AMES DEPARTMENT STORES, INC.-STORE #2348",LANSING,93,Plant Closure,
warn-590,,il,HARRIS BANK,CHICAGO,100,Plant Closure,
warn-591,,il,HARRIS BANK,CHICAGO,5000,Mass Layoff,
warn-592,,il,SEARS SPECIALTY REPAIR CENTER UNIT 8030,Chicago,187,Plant Closure,
warn-593,,il,GE LAMP - MATTOON,MATTOON,750,Layoff,
warn-594,,il,"FEDDERS AIR CONDITIONING USA, INC.",EFFINGHAM,1070,Mass Layoff,
warn-598,,il,"EKCO HOUSEWARES, INC.",CHICAGO,200,Plant Closure,
warn-599,,il,"EKCO HOUSEWARES, INC.",CHICAGO,365,Mass Layoff,
warn-600,,il,DUKE ENGINEERING & SERVICES,NAPERVILLE,134,Plant Closure,
warn-601,,il,K MART CORPORATION - #9118,KEWANEE,80,Plant Closure,
warn-602,,il,TREDEGAR MOLDED PRODUCTS COMPANY/POLYMOL,CHICAGO,51,Plant Closure,
warn-603,,il,WEYERHAEUSER,Itasca,217,Plant Closure,
warn-604,,il,ZEIGLER OLD BEN COAL MINE #24,BENTON,0,Layoff,
warn-605,,il,ZEIGLER OLD BEN COAL MINE #24,BENTON,283,Plant Closure,
warn-606,,il,ELIZABETH ARDEN SALON,CHICAGO,62,Plant Closure,
warn-607,,il,ROCK ISLAND ARSENAL,Rock Island,2000,Mass Layoff,
warn-608,,il,ROCK ISLAND ARSENAL,Rock Island,8000,Mass Layoff,
warn-609,,il,ROCK ISLAND ARSENAL,Rock Island,1680,Mass Layoff,
warn-610,,il,ROCK ISLAND ARSENAL,Rock Island,6000,Mass Layoff,
warn-611,,il,STOTLER GROUP INC.,Chicago,250,Plant Closure,
warn-612,,il,PHEOLL MANUFACTURING COMPANY,CHICAGO,160,Plant Closure,
warn-613,,il,"ETHAN ALLEN, INC.- VOLCKMAN DIVISION",MORRISON,95,Plant Closure,
warn-614,,il,LUCAS COMPANY,Chicago,99,Plant Closure,
warn-615,,il,THRALL CAR MANUFACTURING COMPANY,CLINTON,268,Plant Closure,
warn-616,,il,ROCKFORD AUTOMATION,ROCKFORD,133,Mass Layoff,
warn-617,,il,I. MAGNIN - OAK BROOK,OAK BROOK,120,Plant Closure,
warn-618,,il,JOHNSON & JOHNSON CONSUMER PRODUCTS,LEMONT,207,Mass Layoff,
warn-619,,il,MCDONNELL DOUGLAS,ST. LOUIS,4200,Layoff,
warn-620,,il,MCDONNELL DOUGLAS,ST. LOUIS,4000,Mass Layoff,
warn-621,,il,UNISYS,West Chicago,99,Plant Closure,
warn-622,,il,"KOLCRAFT ENTERPRISES, INC.",Chicago,101,Plant Closure,
warn-623,,il,MIDAS INTERNATIONAL CORP,BEDFORD PARK,212,Plant Closure,
warn-624,,il,"ARCH OF ILLINOIS, INC.- DENMARK MINES",CAMPBELL HILL,120,Mass Layoff,
warn-625,,il,"SWIFT-ECKRICH, INC.-ILLINOIS PROCESSED M",CHICAGO,192,Plant Closure,
warn-626,,il,BORDEN PACKAGING & INDUSTRIAL PRODUCTS-I,LAKE ZURICH,144,Mass Layoff,
warn-627,,il,"PLASTOFILM INDUSTRIES, INC.",ST CHARLES,92,Plant Closure,
warn-628,,il,UNITED STATIONERS SUPPLY COMPANY,FOREST PARK,90,Plant Closure,
warn-629,,il,"BRUSH FUSES, INC.",DES PLAINES,110,Mass Layoff,
warn-630,,il,,Mount Zion,533,Layoff,
warn-631,,il,,Mount Zion,187,Plant Closure,
warn-632,,il,THRALL CAR MANUFACTURING COMPANY,CHICAGO HEIGHTS,137,Plant Closure,
warn-633,,il,WISCONSIN CAN COMPANY,Chicago,106,Plant Closure,
warn-634,,il,SEARS,Skokie,155,Mass Layoff,
warn-635,,il,RECKITT & COLMAN INC.,CHICAGO,500,Layoff,
warn-636,,il,LINDBERG-A UNIT OF GENERAL SIGNAL,CHICAGO,75,Mass Layoff,
warn-637,,il,TTM,Chicago,276,Mass Layoff,
warn-638,,il,YALE INDUSTRIES,Chicago,85,Mass Layoff,
warn-639,,il,MIDWAY AIRLINES,Chicago,4098,Mass Layoff,
warn-640,,il,MONTEREY NUMBER 2,ALBERS,650,Layoff,
warn-641,,il,MONTEREY NUMBER 2,ALBERS,400,Plant Closure,
warn-642,,il,MONTEREY NUMBER 2,ALBERS,440,Plant Closure,
warn-643,,il,BARBER-COLMAN COMPANY,Loves Park,1580,Mass Layoff,
warn-644,,il,"TIME TELEPHONE MARKETING, INC.",DOWNERS GROVE,122,Mass Layoff,
warn-645,,il,"MRS. GRASS PASTA PLANT (BORDEN, INC)",BELLWOOD,90,Mass Layoff,
warn-646,,il,LAVENTHOL & HORWATH,Chicago,553,Plant Closure,
warn-647,,il,"AMES DEPARTMENT STORES, INC.-STORE #2348",ALSIP,287,Mass Layoff,
warn-648,,il,"SPIEGEL, INC.- D187 CREDIT AREA EMPLOYEE",CHICAGO,3700,Layoff,
warn-649,,il,"HUGHES OPTICAL PRODUCTS, INC.",Des Plaines,170,Mass Layoff,
warn-650,,il,"LIGHTOLIER, INC.",ELGIN,128,Mass Layoff,
warn-651,,il,SAINT JOSEPH HOSPITAL,BELVIDERE,125,Plant Closure,
warn-652,,il,SHERWIN-WILLIAMS COMPANY CONSUMER DIVISI,CHICAGO HEIGHTS,60,Plant Closure,
warn-653,,il,E. J. BRACH CORPORATION,CHICAGO,172,Plant Closure,
warn-654,,il,E. J. BRACH CORPORATION,CHICAGO,1200,Plant Closure,
warn-655,,il,PREMARK INTERNATIONAL,Deerfield,62,Plant Closure,
warn-656,,il,OSCAR MAYER,Chicago,800,Layoff,
warn-657,,il,OSCAR MAYER,Chicago,657,Mass Layoff,
warn-658,,il,VINNELL CORP./JOLIET JOB CORPS CENTER,Joliet,60,Plant Closure,
warn-659,,il,"DRESHER, INC.",BRADLEY,94,Plant Closure,
warn-660,,il,"ARLINGTON MANAGEMENT SERVICES, INC",ARLINGTON HGTS,127,Plant Closure,
warn-661,,il,LIFSCHULTZ FAST FREIGHT INC.,CHICAGO,76,Plant Closure,
warn-662,,il,HILLS DEPARTMENT STORES,SPRINGFIELD,67,Layoff,
warn-663,,il,"RE-MI FOODS/BORDEN, INC.",Elk Grove Village,168,Plant Closure,
warn-664,,il,WITTEK MANUFACTURING,LA GRANGE PARK,196,Plant Closure,
warn-665,,il,COMMONWEALTH EDISON CO. - KINCAID GENERA,WAUKEGAN,179,Plant Closure,
warn-666,,il,FREEMAN UNITED COAL MINING COMPANY - FID,DU QUOIN,140,Mass Layoff,
warn-667,,il,"TELESPHERE COMMUNICATIONS, INC.",DOWNERS GROVE,106,Plant Closure,
warn-668,,il,COMMONWEALTH EDISON CO. - KINCAID GENERA,DOWNERS GROVE,225,Plant Closure,
warn-669,,il,CARGO CARRIERS,EAST CARONDELET,97,Mass Layoff,
warn-670,,il,EXPLOSIVES TECHNOLOGIES INTRN'L-SENECA W,MORRIS,130,Mass Layoff,
warn-671,,il,"DRESHER, INC.",BEDFORD PARK,103,Plant Closure,
warn-672,,il,"EASTERN AIRLINES, INC.-AIRPORT OPERATION",CHICAGO,107,Plant Closure,
warn-673,,il,WAGNER HAVANA,Havana,180,Mass Layoff,
warn-674,,il,TAYLOR COMPANY,ROCKTON,600,Layoff,
warn-675,,il,WESTERN MORTGAGE,MATTESON,281,Mass Layoff,
warn-676,,il,STOVER CANDIES,Quincy,252,Mass Layoff,
warn-677,,il,CHROMIUM CORPORATION,CHICAGO,51,Layoff,
warn-679,,il,MADIGANS,EVERGREEN PARK,248,Plant Closure,
warn-680,,il,READY METAL,PARIS,99,Mass Layoff,
warn-681,,il,"SIGNAL DELIVERY SERVICE, INC.",CICERO,84,Plant Closure,
warn-682,,il,HILLS DEPARTMENT STORES,DECATUR,90,Plant Closure,
warn-683,,il,"ACME CONTINENTAL FOODS, INC.",CHICAGO,103,Plant Closure,
warn-684,,il,LPM,Chicago,110,Plant Closure,
warn-685,,il,"MACMILLAN BLOEDEL OF AMERICA, INC.",CHICAGO,87,Plant Closure,
warn-686,,il,"MONOGRAM RETAILER CREDIT SERVICES, INC.",LOMBARD,104,Plant Closure,
warn-687,,il,FUJITSU BUSINESS COMMUNICATION SYSTEMS,NORTHLAKE,64,Layoff,
warn-688,,il,,Momence,300,Mass Layoff,
warn-689,,il,COMMONWEALTH EDISON CO. - KINCAID GENERA,ROMEOVILLE,275,Plant Closure,
warn-690,,il,CHERRY ELECTRICAL PRODUCTS-PRINTED CIRCU,WAUKEGAN,885,Layoff,
warn-691,,il,ELGIN CLOCK COMPANY,CHICAGO,100,Mass Layoff,
warn-692,,il,COMMONWEALTH EDISON CO. - KINCAID GENERA,JOLIET,182,Plant Closure,
warn-693,,il,MOLINE CORPORATION PLANT #2,BELVIDERE,96,Plant Closure,
warn-694,,il,"SEARS, ROEBUCK & CO-REPAIR PARTS DIST. C",MELROSE PARK,166,Plant Closure,
warn-695,,il,NUTRASWEET CO. - RESEARCH & DEVELOPMENT,MOUNT PROSPECT,51,Plant Closure,
warn-696,,il,NUTRASWEET CO. - RESEARCH & DEVELOPMENT,MOUNT PROSPECT,200,Mass Layoff,
warn-697,,il,COMMONWEALTH EDISON CO. - KINCAID GENERA,JOLIET,138,Plant Closure,
warn-698,,il,SEARS ROEBUCK MERCHANDISE RECORD OFFICE,CHICAGO,305,Mass Layoff,
warn-699,,il,ROCKWELL INTERNATIONAL-PRODUCTION OPERAT,DOWNERS GROVE,250,Mass Layoff,
warn-700,,il,COMMONWEALTH EDISON CO. - KINCAID GENERA,MORRIS,200,Plant Closure,
warn-701,,il,"MARPAC, INC.",NILES,63,Plant Closure,
warn-702,,il,LEAF INC.,CHICAGO,450,Mass Layoff,
warn-703,,il,ROCKWELL INTERNATIONAL-GRAPHICS SYSTEMS,ROCKFORD,113,Plant Closure,
warn-704,,il,TWA-O'HARE INTRN'L AIRPORT,CHICAGO,121,Mass Layoff,
warn-705,,il,PEABODY COAL COMPANY MARISSA MINE,MARISSA,455,Mass Layoff,
warn-706,,il,"TELECHECK SERVICES, INC.",Des Plaines,167,Layoff,
warn-707,,il,"TELECHECK SERVICES, INC.",Des Plaines,87,Plant Closure,
warn-708,,il,CANTEEN CORPORATION,CHICAGO,100,Mass Layoff,
warn-709,,il,PRESTON TRUCKING COMPANY,FOREST VIEW,306,Plant Closure,
warn-710,,il,STEWART-WARNER ELECTRONICS COPRATION,Chicago,169,Mass Layoff,
warn-711,,il,UNITED TECHNOLOGIES AUTOMOTIVE-ENGINEERE,HERRIN,282,Plant Closure,
warn-712,,il,UNITED TECHNOLOGIES AUTOMOTIVE-ENGINEERE,HERRIN,435,Mass Layoff,
warn-713,,il,PRESTON TRUCKING COMPANY,ELGIN,61,Plant Closure,
warn-714,,il,"T. L. SWINT INDUSTRIES, INC.-SIGNAL PLAS",CHICAGO,102,Plant Closure,
warn-715,,il,"TELESPHERE COMMUNICATIONS, INC.",Villa Park,222,Mass Layoff,
warn-716,,il,METALMASTERS,Chicago,63,Plant Closure,
warn-717,,il,AMERICAN OTR,BLOOMINGTON,345,Layoff,
warn-718,,il,"BETSY FLAGS, INC.",LAKE BLUFF,134,Mass Layoff,
warn-719,,il,WORLD COLOR PRESS - EFFINGHAM,EFFINGHAM,1300,Layoff,
warn-720,,il,LEAF INC.,Chicago,110,Plant Closure,
warn-721,,il,BLOOMFIELD INDUSTRIES,CHICAGO,245,Layoff,
warn-722,,il,BLOOMFIELD INDUSTRIES,CHICAGO,169,Mass Layoff,
warn-723,,il,AT&T - CENTRALIA TSPS,WEST CHICAGO,928,Layoff,
warn-724,,il,AT&T - CENTRALIA TSPS,WEST CHICAGO,485,Mass Layoff,
warn-725,,il,"CALLAGHAN & COMPANY PRINT, SHIP & WAREHO",MUNDELEIN,54,Plant Closure,
warn-726,,il,OAK SWITCH SYSTEMS INC/OAK GRIGSBY PLANT,CRYSTAL LAKE,192,Plant Closure,
warn-727,,il,"SPIEGEL, INC.- COLLECTION DEPARTMENT",Oak Brook,525,Layoff,
warn-728,,il,"SPIEGEL, INC.- COLLECTION DEPARTMENT",Oak Brook,52,Plant Closure,
warn-729,,il,"SPIEGEL, INC.- COLLECTION DEPARTMENT",Oak Brook,135,Plant Closure,
warn-730,,il,HARRY DAVIES MOLDING COMPANY,Chicago,120,Mass Layoff,
warn-731,,il,SNORKEL ECONOMY,Bensenville,108,Plant Closure,
warn-732,,il,"CELLU-CRAFT, INC.",PALATINE,54,Plant Closure,
warn-734,,il,"SUPERIOR TOY & MANUFACTURING CO, INC.",ROCKFORD,112,Mass Layoff,
warn-735,,il,PACCAR PARTS,Chicago,61,Plant Closure,
warn-736,,il,ITEL RAIL CORPORATION-RAILCAR REPAIR YAR,DANVILLE,114,Plant Closure,
warn-737,,il,DUO-FAST CORPORATION,FRANKLIN PARK,500,Layoff,
warn-739,,il,SUNSTRAND,ROCKFORD,4000,Mass Layoff,
warn-740,,il,I. MAGNIN NORTHBROOK,NORTHBROOK,108,Plant Closure,
warn-741,,il,LIEBERMAN ENTERPRISES,ELK GROVE VILLGE,132,Plant Closure,
warn-742,,il,"EVEREN SECURITIES, INC.",CHICAGO,299,Plant Closure,
warn-743,,il,EATON CORPORATION,WARREN,86,Plant Closure,
warn-744,,il,"QUINTESSENCE HOLDINGS, INC.",CHICAGO,51,Plant Closure,
warn-745,,il,"QUINTESSENCE HOLDINGS, INC.",CHICAGO,135,Mass Layoff,
warn-746,,il,"JONES TRUCK LINES, INC.",Chicago,240,Plant Closure,
warn-747,,il,A G COMMUNICATION SYSTEMS NORTHLAKE #2,NORTHLAKE,160,Mass Layoff,
warn-748,,il,FIRST NATIONAL BANK OF CHICAGO,Chicago,400,Mass Layoff,
warn-749,,il,METROPOLITAN LIFE INSURANCE COMPANY,NAPERVILLE,115,Plant Closure,
warn-750,,il,LOGISTICS SUPPORT GROUP,Rock Island,272,Mass Layoff,
warn-751,,il,QUANTUM CHEMICAL,TUSCOLA,500,Mass Layoff,
warn-752,,il,SHERWIN-WILLIAMS CHEMICAL COATINGS FACIL,CHICAGO,213,Mass Layoff,
warn-753,,il,"DEVLIEG, INC.",Belvidere,212,Mass Layoff,
warn-754,,il,"DEL MONTE FOODS, USA-VEGETABLE CLASSICS",De Kalb,37,Layoff,
warn-755,,il,"DEL MONTE FOODS, USA-VEGETABLE CLASSICS",De Kalb,128,Plant Closure,
warn-756,,il,ZEIGLER COAL COMPANY-MURDOCK MINE,MURDOCK,167,Mass Layoff,
warn-757,,il,PLASTICRAFTERS,ROCKFORD,91,Mass Layoff,
warn-758,,il,MOTOROLA WIRELESS DATA GROUP,ARLINGTON HEIGHTS,1020,Plant Closure,
warn-759,,il,O'HARE HILTON HOTEL,CHICAGO,385,Mass Layoff,
warn-760,,il,GOSS GRAPHIC SYSTEMS,WESTMONT,89,Plant Closure,
warn-761,,il,"BRODIE ADVERTISING SERVICE, INC.",CHICAGO,204,Plant Closure,
warn-762,,il,AMERICAN STEEL FOUNDRIES,GRANITE CITY,500,Mass Layoff,
warn-763,,il,BERKLEY-DAVIS COMPANY,DANVILLE,70,Plant Closure,
warn-764,,il,"GROSS COMMON CARRIER, INC.",HODGKINS,67,Plant Closure,
warn-765,,il,RICH INC.,Franklin Park,79,Mass Layoff,
warn-766,,il,"GANDALF DATA, INC.",WHEELING,188,Layoff,
warn-767,,il,,Edwardsville,130,Plant Closure,
warn-768,,il,MUELLER COMPANY,DECATUR,550,Layoff,
warn-769,,il,MUELLER COMPANY,DECATUR,106,Plant Closure,
warn-770,,il,FIRESTONE-DECATUR,DECATUR,1550,Mass Layoff,
warn-772,,il,"CONSOLIDATED DISTILLED PRODUCTS, INC.",Chicago,308,Plant Closure,
warn-773,,il,K MART STORE #4329,BELLEVILLE,137,Plant Closure,
warn-774,,il,SNYDER GENERAL,Red Bud,761,Mass Layoff,
warn-775,,il,FOREST HEALTH SYSTEM INC.,DES PLAINES,300,Plant Closure,
warn-776,,il,,Naperville,160,Mass Layoff,
warn-777,,il,JOHN DEERE FOUNDRY EAST MOLINE,EAST MOLINE,577,Plant Closure,
warn-778,,il,NK MILLS,ROCKFORD,128,Plant Closure,
warn-779,,il,NK MILLS,ROCKFORD,95,Plant Closure,
warn-780,,il,DESIGN/CRAFT FABRIC CORPORATION,NILES,64,Plant Closure,
warn-781,,il,KOMATSU DRESSER COMPANY,BROADVIEW,226,Mass Layoff,
warn-782,,il,"FOSTER & GALLAGHER, INC.",PEORIA,414,Plant Closure,
warn-783,,il,CATERPILLAR INC.,Decatur,2850,Mass Layoff,
warn-784,,il,GENERAL MOTORS ACCEPTANCE CORPORATION,LINCOLNSHIRE,90,Plant Closure,
warn-785,,il,METALCRAFTERS/IMPEX,Rockford,99,Plant Closure,
warn-786,,il,"MCCANNA, INC.",CARPENTERSVILLE,64,Plant Closure,
warn-787,,il,"MANUFACTURERS SERVICES, LTD",MT. PROSPECT,600,Plant Closure,
warn-789,,il,"SILITE, INC.",CHICAGO,196,Mass Layoff,
warn-790,,il,GRAPHIC LOOSELEAF PRODUCTS,Chicago,150,Plant Closure,
warn-791,,il,KBA-MOTTER CORPORATION,ROCKFORD,104,Plant Closure,
warn-792,,il,BJ'S WHOLESALE CLUB,HILLSIDE,217,Plant Closure,
warn-793,,il,HOMEBASE WAREHOUSE,Rolling Meadows,212,Plant Closure,
warn-794,,il,MOLINE CORPORATION,ST CHARLES,99,Plant Closure,
warn-795,,il,QUASAR,ARLINGTON HGTS,389,Plant Closure,
warn-796,,il,,CHICAGO,100,Mass Layoff,
warn-797,,il,MIDWAY AIRLINES,SPRINGFIELD,127,Plant Closure,
warn-798,,il,TELEX CORPORATION / MEMOREX,Naperville,72,Plant Closure,
warn-799,,il,FOOD FAIR,CHICAGO,167,Mass Layoff,
warn-800,,il,"VALMONT ELECTRIC, INC.",Danville,290,Layoff,
warn-801,,il,"SEARS, ROEBUCK & CO.-FOX VALLEY CREDIT C",AURORA,115,Plant Closure,
warn-802,,il,PROVIDENT LIFE & ACCIDENT CHICAGO GROUP,HOMEWOOD,76,Plant Closure,
warn-803,,il,POLLENEX,CHICAGO,119,Plant Closure,
warn-804,,il,ZEIGLER COAL COMPANY-OLD BEN MINE #21,SESSER,78,Plant Closure,
warn-805,,il,OAK PARK APAC TEL SERVICES,OAK PARK,110,Layoff,
warn-806,,il,"JADER FUEL COMPANY, INC.",SHAWNEETOWN,58,Plant Closure,
warn-807,,il,"G R GROUP, INC., THE",MARSEILLES,102,Plant Closure,
warn-808,,il,TERMINAL FREIGHT HANDLING COMPANY,HOFFMAN ESTATES,425,Plant Closure,
warn-809,,il,BENNETT INDUSTRIES/PLASTIC CONTAINER DIV,PEOTONE,120,Plant Closure,
warn-810,,il,"QUALEX, INC.",JACKSONVILLE,105,Plant Closure,
warn-811,,il,MCKECHNIE PACKAGING,CHAMPAIGN,155,Mass Layoff,
warn-812,,il,"QUALEX, INC.",HARVEY,135,Mass Layoff,
warn-813,,il,USS - SOUTH WORKS,CHICAGO,731,Plant Closure,
warn-814,,il,"MCCORMICK & COMPANY, INC.",CHICAGO,85,Mass Layoff,
warn-815,,il,"SMF, INC.",DANVILLE,51,Plant Closure,
warn-816,,il,"JADE TECHNOLOGIES, INC.",ELK GROVE VILLGE,62,Plant Closure,
warn-817,,il,BLUE COACH FOODS,QUINCY,450,Plant Closure,
warn-818,,il,HOME QUARTERS,PEORIA,68,Plant Closure,
warn-819,,il,J I CASE,HINSDALE,640,Layoff,
warn-820,,il,FREEMAN UNITED COAL MINING COMPANY - ORI,WALTONVILLE,349,Layoff,
warn-821,,il,FREEMAN UNITED COAL MINING COMPANY - ORI,WALTONVILLE,87,Plant Closure,
warn-822,,il,FREEMAN UNITED COAL MINING COMPANY - ORI,WALTONVILLE,233,Mass Layoff,
warn-823,,il,WHITSO,SCHILLER PARK,100,Mass Layoff,
warn-824,,il,CLOSETECH INTERNATIONAL,WEST CHICAGO,63,Plant Closure,
warn-825,,il,UNION SPECIAL CORP.,ROLLING MEADOWS,70,Plant Closure,
warn-826,,il,THERMAL CERAMICS,Waukegan,84,Plant Closure,
warn-827,,il,HOME QUARTERS,FAIRVIEW HEIGHTS,80,Plant Closure,
warn-828,,il,MONTGOMERY WARD & COMPANY,ORLAND PARK,170,Plant Closure,
warn-829,,il,"MOLEX, INC.",Downers Grove,188,Mass Layoff,
warn-830,,il,RICHARDS-WILCOX,AURORA,73,Plant Closure,
warn-831,,il,BOSCH TRUCKING,BARTONVILLE,101,Plant Closure,
warn-832,,il,"NATIONAL MARKETING SPECIALISTS, INC.",Rockford,57,Layoff,
warn-833,,il,SEARS/CENTRAL ILLINOIS CREDIT CENTRAL,PEORIA,122,Mass Layoff,
warn-834,,il,"VALLEY STEEL INDUSTRIES, INC.",CENTRALIA,60,Plant Closure,
warn-835,,il,AT&T - CENTRALIA TSPS,LISLE,793,Mass Layoff,
warn-836,,il,SPIESS DEPARTMENT STORE,MOUNT PROSPECT,90,Plant Closure,
warn-837,,il,CONSOLIDATION COAL COMPANY,CUTLER,274,Layoff,
warn-838,,il,CONSOLIDATION COAL COMPANY,CUTLER,89,Plant Closure,
warn-839,,il,CONSOLIDATION COAL COMPANY,CUTLER,77,Plant Closure,
warn-840,,il,"HOLLISTER, INC.",RONDOUT,69,Plant Closure,
warn-841,,il,"COLSON COMPANY, THE",PARIS,75,Plant Closure,
warn-842,,il,CHEMICAL WASTE MANAGEMENT CHEMICAL SERVI,CHICAGO,120,Mass Layoff,
warn-843,,il,"SONICRAFT, INC.",Chicago,65,Layoff,
warn-844,,il,"EUREKA COMPANY, THE",NORMAL,350,Mass Layoff,
warn-845,,il,ANCHOR GLASS CONTAINER,STREATOR,497,Mass Layoff,
warn-846,,il,JCPENNEY COMPANY CREDIT SERVICE CENTER,CHAMPAIGN,185,Plant Closure,
warn-847,,il,PANDEX,MUNDELEIN,79,Mass Layoff,
warn-848,,il,"POLK BROS, INC.",MELROSE PARK,208,Plant Closure,
warn-849,,il,"POLK BROS, INC.",MELROSE PARK,96,Plant Closure,
warn-850,,il,B F GOODRICH HENRY PLANT,HENRY,330,Layoff,
warn-851,,il,SEARS-DIRECT MARKETING ACCOUNTING CENTER,AURORA,65,Plant Closure,
warn-852,,il,ALAMO GROUP (IL) INC.,LAGRANGE,38,Layoff,
warn-853,,il,OLD KENT BANK-CHICAGO,FREEPORT,59,Plant Closure,
warn-854,,il,SOLA ELECTRIC,Elk Grove Village,220,Layoff,
warn-855,,il,REGAL CHINA CORPORATION,Antioch,140,Plant Closure,
warn-856,,il,"SPRINGS WINDOW FASHIONS DIVISION, INC.",Montgomery,150,Plant Closure,
warn-857,,il,AMERICAN NATIONAL CAN COMPANY,BEDFORD PARK,102,Mass Layoff,
warn-858,,il,STEIN ROE & FARNHAM INC.,CHICAGO,88,Plant Closure,
warn-859,,il,CRUM & FORSTER COMMERCIAL INSURANCE,FREEPORT,86,Plant Closure,
warn-860,,il,"NATIONAL PROCESSING COMPANY, INC.",Flossmoor,78,Mass Layoff,
warn-861,,il,BELOIT CORPORATION,ROCKTON,250,Mass Layoff,
warn-862,,il,"REVELL-MONOGRAM, INC",MORTON GROVE,92,Plant Closure,
warn-863,,il,"REVELL-MONOGRAM, INC",MORTON GROVE,74,Plant Closure,
warn-864,,il,RIVER KING PIT 6 MINE,MARISSA,57,Layoff,
warn-865,,il,RIVER KING PIT 6 MINE,MARISSA,400,Mass Layoff,
warn-866,,il,METROPOLITAN LIFE INSURANCE COMPANY,AURORA,125,Plant Closure,
warn-867,,il,METROPOLITAN LIFE INSURANCE COMPANY,AURORA,89,Plant Closure,
warn-868,,il,ALLSTATE INSURANCE COMPANY'S (SUBROGATIO,SKOKIE,273,Plant Closure,
warn-869,,il,"BROOKS SAUSAGE COMPANY, INC.",CHICAGO,70,Layoff,
warn-870,,il,TELEDYNE POST,DES PLAINES,132,Mass Layoff,
warn-871,,il,BRIGGS COMPANY,ROBINSON,227,Plant Closure,
warn-872,,il,"E. R. CARPENTER COMPANY, INC.",ELK GROVE VILLGE,56,Layoff,
warn-873,,il,IVEX PACKAGING CORPORATION,HILLSIDE,100,Mass Layoff,
warn-874,,il,REPUBLIC TECHNOLOGIES INTERNATIONAL,CHICAGO,90,Plant Closure,
warn-875,,il,REPUBLIC TECHNOLOGIES INTERNATIONAL,CHICAGO,292,Mass Layoff,
warn-876,,il,WOODWARD GOVERNOR COMPANY,ROCKFORD,1200,Layoff,
warn-877,,il,STATE OF ILLINOIS,SPRINGFIELD,81800,Mass Layoff,
warn-878,,il,CHOICEPOINT PRECISION MARKETING,PEORIA,72,Plant Closure,
warn-879,,il,TELEHUB COMMUNICATIONS CORP,GURNEE,165,Plant Closure,
warn-880,,il,,ALSIP,200,Mass Layoff,
warn-881,,il,PLASTIC PACKAGING PRODUCTS COMPANY,WEST CHICAGO,56,Plant Closure,
warn-882,,il,UNION PLANTERS DIRECT CALL CENTER,BELLEVILLE,86,Plant Closure,
warn-883,,il,SCHERING-PLOUGH HEALTHCARE PRODUCTS,ALSIP,70,Plant Closure,
warn-884,,il,"PULVER SYSTEMS, INC.",CHICAGO RIDGE,65,Plant Closure,
warn-885,,il,P. A. BERGNER & COMPANY,URBANA,91,Mass Layoff,
warn-886,,il,UNOCAL 76,SCHAUMBURG,705,Mass Layoff,
warn-887,,il,HITCHCOCK PUBLISHING COMPANY,Carol Stream,66,Plant Closure,
warn-888,,il,"LERNER NEWSPAPERS, INC.",MORTON GROVE,130,Mass Layoff,
warn-889,,il,KOMATSU DRESSER COMPANY,LIBERTYVILLE,200,Plant Closure,
warn-890,,il,AMAX COAL COMPANY - WABASH MINE,MARION,54,Plant Closure,
warn-891,,il,SUNBEAM OUTDOOR PRODUCTS CHARMGLOW FACIL,DU QUOIN,130,Plant Closure,
warn-892,,il,HIGHLAND'S LANSING SERVICE CENTER,LANSING,134,Plant Closure,
warn-893,,il,MADIGANS,River Forest,40,Layoff,
warn-894,,il,MADIGANS,River Forest,212,Mass Layoff,
warn-895,,il,HOLIDAY INN RESERVATIONS CENTER,OAK BROOK TERACE,286,Mass Layoff,
warn-896,,il,EATON CORPORATION,ELMHURST,50,Layoff,
warn-897,,il,"SUNSTAR LABORATORIES, INC.",Bensenville,293,Layoff,
warn-898,,il,"DIANA FOOD STORES, INC",CHAMPAIGN,58,Plant Closure,
warn-899,,il,IOWA MALLEABLE IRON COMPANY,GALESBURG,50,Plant Closure,
warn-900,,il,"CLEARING INTERNATIONAL, INC.",CHICAGO,211,Mass Layoff,
warn-903,,il,BRUSHY CREEK COAL COMPANY,GALATIA,110,Plant Closure,
warn-904,,il,BRUSHY CREEK COAL COMPANY,GALATIA,250,Plant Closure,
warn-905,,il,BROWN SHOE COMPANY,SALEM,81,Plant Closure,
warn-906,,il,UNILEVER BESTFOODS NORTH AMERICA,CHICAGO,200,Layoff,
warn-907,,il,POWER PACKAGING INC,Manteno,75,Plant Closure,
warn-908,,il,AT&T - CENTRALIA TSPS,ROLLING MEADOWS,277,Plant Closure,
warn-909,,il,"MALLINCKRODT MEDICAL, INC.",New Athens,88,Plant Closure,
warn-910,,il,SCIENCE RESEARCH ASSOCIATES,Chicago,206,Mass Layoff,
warn-911,,il,AMERICAN NATIONAL CAN COMPANY,CHICAGO,343,Mass Layoff,
warn-912,,il,ANDERSON PACKAGING,ROCKFORD,250,Layoff,
warn-913,,il,DISCOUNT CORPORATION OF NEW YORK FUTURES,Chicago,111,Plant Closure,
warn-914,,il,"STAFF BUILDERS SERVICES, INC., HEALTH CA",CHICAGO,135,Mass Layoff,
warn-915,,il,"QUALEX, INC.",Rockford,160,Plant Closure,
warn-916,,il,"QUALEX, INC.",Des Plaines,150,Mass Layoff,
warn-917,,il,UNITED FIXTURES COMPANY,CHICAGO,74,Plant Closure,
warn-918,,il,"ARCH OF ILLINOIS, INC.- DENMARK MINES",PINCKNEYVILLE,289,Mass Layoff,
warn-919,,il,"OWENS-BROCKWAY GLASS CONTAINERS, INC.",ALTON,338,Plant Closure,
warn-920,,il,"EAGLE FOOD CENTERS, INC.",MONMOUTH,30,Layoff,
warn-921,,il,SOUTHLAND FOODS,CHAMPAIGN,197,Layoff,
warn-922,,il,STARK BROTHERS NURSERIES AND ORCHARDS CO,LOUISIANA,468,Plant Closure,
warn-923,,il,"CPC-REXCEL, INC.",Litchfield,180,Mass Layoff,
warn-924,,il,FLORSHEIM SHOE COMPANY,ANNA,325,Plant Closure,
warn-925,,il,"General Electric International, Inc.",MATTOON,570,Layoff,
warn-926,,il,ACE HARDWARE CORP/RETAIL SUPPORT CENTER,ADDISON,178,Mass Layoff,
warn-927,,il,SCHWINN CYCLING & FITNESS,Chicago,120,Mass Layoff,
warn-928,,il,"JOHNSON CONTROLS, INC./AUTOMOTIVE SYSTEM",SYCAMORE,83,Plant Closure,
warn-929,,il,,ADDISON,56,Plant Closure,
warn-930,,il,"BAILLIE MANUFACTURING COMPANY, INC",GIBSON CITY,250,Mass Layoff,
warn-931,,il,REED REFERENCE PUBLISHING,WILMETTE,74,Plant Closure,
warn-932,,il,,SKOKIE,80,Mass Layoff,
warn-933,,il,CHICAGO HOUSING AUTHORITY,Chicago,2400,Mass Layoff,
warn-934,,il,"LEWIS BROTHERS BAKERIES, INC.",ANNA,129,Plant Closure,
warn-935,,il,"GERALD, INC",CHICAGO,135,Mass Layoff,
warn-936,,il,,GRIDLEY,94,Mass Layoff,
warn-937,,il,MEDCARE HMO,MAYWOOD,175,Mass Layoff,
warn-938,,il,RING RESPONSE,Skokie,490,Plant Closure,
warn-939,,il,BORG-WARNER SECURITY CORP,LASALLE,91,Plant Closure,
warn-940,,il,,Marengo,73,Plant Closure,
warn-941,,il,,Marengo,109,Plant Closure,
warn-942,,il,MIDWEST COMPANY/MCLANE,CARMI,240,Mass Layoff,
warn-943,,il,VENTURE,CARBONDALE,121,Plant Closure,
warn-944,,il,MAGNECRAFT ELECTRIC COMPANY,NORTHBROOK,109,Plant Closure,
warn-945,,il,,ALSIP,63,Plant Closure,
warn-946,,il,RESOLUTION TRUST CORPORATION,ELK GROVE VILLGE,273,Plant Closure,
warn-947,,il,"AMP, INC.",SCHAUMBURG,95,Plant Closure,
warn-948,,il,"CITIBANK, F.S.B.",CHICAGO,124,Plant Closure,
warn-949,,il,ALLEN TELECOM GROUP,HOFFMAN ESTATES,92,Plant Closure,
warn-950,,il,MAGAZINE MAILERS,Effingham,200,Plant Closure,
warn-951,,il,"WILLIAMS ELECTRONICS GAMES, INC",WAUKEGAN,163,Plant Closure,
warn-952,,il,"SEARS, ROEBUCK AND COMPANY/BERWYN",Berwyn,70,Layoff,
warn-953,,il,"SEARS, ROEBUCK AND COMPANY/FOX LAKE",FOX LAKE,52,Plant Closure,
warn-954,,il,"SEARS, ROEBUCK AND COMPANY/PEKIN",PEKIN,76,Mass Layoff,
warn-955,,il,"SEARS, ROEBUCK AND COMPANY/FREEPORT",FREEPORT,20,Layoff,
warn-956,,il,IMPERIAL EASTMAN ACQUISITION CORP,Niles,130,Plant Closure,
warn-957,,il,IMPERIAL EASTMAN ACQUISITION CORP,Niles,173,Plant Closure,
warn-958,,il,"AIR WISCONSIN, INC.",CHICAGO,1600,Layoff,
warn-959,,il,"AIR WISCONSIN, INC.",CHICAGO,800,Plant Closure,
warn-960,,il,ALLIANT TECH SYSTEMS INC.,WILMINGTON,219,Mass Layoff,
warn-961,,il,JARROW PRODUCTS INC.,Chicago,75,Plant Closure,
warn-962,,il,SEARS CENTRAL CALL TAKING CENTER UNIT #8,MELROSE PARK,65,Layoff,
warn-963,,il,SEARS CENTRAL CALL TAKING CENTER UNIT #8,MELROSE PARK,100,Plant Closure,
warn-964,,il,RR DONNELLEY & SONS COMPANY,CHICAGO,982,Plant Closure,
warn-965,,il,SEARS HOME IMPROVEMENT PRODUCT & SERVICE,Park Forest,80,Mass Layoff,
warn-966,,il,SEARS HOME IMPROVEMENT PRODUCT & SERVICE,SCHAUMBURG,137,Plant Closure,
warn-967,,il,MCCORMICK INN,CHICAGO,453,Plant Closure,
warn-968,,il,HARBRIDGE MERCHANT SERVICES,DOWNERS GROVE,240,Mass Layoff,
warn-969,,il,SEARS CATALOG & DIRECT MARKETING HOME OF,SKOKIE,900,Plant Closure,
warn-970,,il,JOY TECHNOLOGIES INC.,MOUNT VERNON,114,Plant Closure,
warn-971,,il,JOY TECHNOLOGIES INC.,MOUNT VERNON,175,Plant Closure,
warn-972,,il,,ST ELMO,170,Plant Closure,
warn-973,,il,GTE NORTH INCORPORATED,MARION,254,Plant Closure,
warn-974,,il,PHAR-MOR,Marion,58,Plant Closure,
warn-975,,il,FEDERATED DISTRIBUTORS,Chicago,293,Plant Closure,
warn-976,,il,NESTLE' DISTRIBUTION COMPANY,HOPKINS PARK,52,Plant Closure,
warn-977,,il,CASE CORPORATION,EAST MOLINE,571,Plant Closure,
warn-978,,il,CASE CORPORATION,EAST MOLINE,1100,Mass Layoff,
warn-979,,il,MONTEREY NUMBER 1,CARLINVILLE,350,Plant Closure,
warn-980,,il,MONTEREY NUMBER 1,CARLINVILLE,90,Plant Closure,
warn-981,,il,MONTEREY NUMBER 1,CARLINVILLE,200,Mass Layoff,
warn-982,,il,CATERAIR INTERNATIONAL CORPORATION,SCHILLER PARK,100,Mass Layoff,
warn-983,,il,Target Stores,MT CARMEL,87,Plant Closure,
warn-984,,il,"ECLIPSE, INC.",Rockford,107,Plant Closure,
warn-985,,il,"ECLIPSE, INC.",Rockford,92,Plant Closure,
warn-986,,il,ONEMAIN.COM,CARBONDALE,109,Plant Closure,
warn-987,,il,"RECONTEK, INC.",NEWMAN,155,Mass Layoff,
warn-988,,il,,CHICAGO,280,Plant Closure,
warn-989,,il,"SEARS TELECATALOG HOME OFFICE, UNIT 297",DOWNERS GROVE,33,Layoff,
warn-990,,il,"INDUSTRIAL COATINGS GROUP, INC.",LADD,80,Plant Closure,
warn-991,,il,"BRK ELECTRONICS, INC.",AURORA,300,Plant Closure,
warn-992,,il,MONTGOMERY WARD & COMPANY,NORTH RIVERSIDE,242,Plant Closure,
warn-993,,il,"AUGAT, INC.",CAROL STREAM,83,Plant Closure,
warn-994,,il,KEEBLER COMPANY,LAKE BLUFF,198,Plant Closure,
warn-995,,il,GTE DEKALB CUSTOMER SERVICE ORDER CENTER,DE KALB,80,Plant Closure,
warn-996,,il,KEYSTONE BOLT,FLORA,60,Plant Closure,
warn-997,,il,CONSOLIDATED FREIGHTWAYS,PERU,338,Plant Closure,
warn-998,,il,"EAGLE FOOD CENTERS, INC.",PEORIA,34,Layoff,
warn-999,,il,"SAHARA COAL COMPANY, INC.",HARRISBURG,367,Plant Closure,
warn-1000,,il,"SEARS TELECONSUMER RESOURCE CENTER, UNIT",Downers Grove,275,Mass Layoff,
warn-1001,,il,LACLEDE STEEL COMPANY WIRE MILL OPERATIO,ALTON,1200,Layoff,
warn-1002,,il,LACLEDE STEEL COMPANY WIRE MILL OPERATIO,ALTON,90,Plant Closure,
warn-1004,,il,HENRY PRATT COMPANY,Dixon,108,Mass Layoff,
warn-1005,,il,BLACKSTONE HOTEL,CHICAGO,181,Plant Closure,
warn-1006,,il,BLACKSTONE HOTEL,CHICAGO,90,Plant Closure,
warn-1007,,il,"TSC ENTERPRISES, INC.",Lemont,276,Mass Layoff,
warn-1008,,il,MATERIAL SERVICE CORP. LOCKPORT PIPE PLA,LOCKPORT,57,Plant Closure,
warn-1009,,il,BAKER & TAYLOR,MORTON GROVE,112,Plant Closure,
warn-1010,,il,"DANFOSS FLUID POWER, INC",ST CHARLES,66,Layoff,
warn-1011,,il,Decatur Public School District 61,Decatur,600,Layoff,
warn-1012,,il,STALEY MANUFACTURING CO.,Decatur,1038,Layoff,
warn-1013,,il,STALEY MANUFACTURING CO.,Decatur,1038,Mass Layoff,
warn-1014,,il,HBO CHICAGO CALL CENTER,CHICAGO,103,Plant Closure,
warn-1015,,il,PEABODY COAL COMPANY,PAWNEE,404,Mass Layoff,
warn-1016,,il,PEABODY COAL COMPANY,PAWNEE,400,Mass Layoff,
warn-1017,,il,SCHOOL DISTRICT 189,EAST ST LOUIS,1400,Mass Layoff,
warn-1018,,il,RED LOBSTER,DES PLAINES,69,Plant Closure,
warn-1019,,il,CRAWFORD DEPT. STORE,CHICAGO,120,Plant Closure,
warn-1020,,il,SPIEGEL  INC.,Chicago,2100,Plant Closure,
warn-1021,,il,CHESEBROUGH-POND'S USA COMPANY,BEDFORD PARK,170,Plant Closure,
warn-1022,,il,Cooper Lighting,ELK GROVE VILLAGE,187,Plant Closure,
warn-1023,,il,"PACO-PCM, INC.",Waukegan,111,Plant Closure,
warn-1024,,il,MAYFAIR HOTEL,Chicago,157,Plant Closure,
warn-1025,,il,PERMA POWER ELECTRONICS,NILES,50,Plant Closure,
warn-1026,,il,UNIROYAL CHEMICAL COMPANY-JOLIET ARMY AM,Joliet,108,Plant Closure,
warn-1027,,il,NATIONAL DATA CORPORATION/LOMBARD VOICE,LOMBARD,125,Mass Layoff,
warn-1028,,il,"WILLIAMS,WHITE & COMPANY",Moline,108,Plant Closure,
warn-1029,,il,"NORTH AMERICAN VAN LINES, INC.",AURORA,91,Plant Closure,
warn-1030,,il,DEPARTMENT OF VETERANS AFFAIRS SUPPLY DE,HINES,190,Mass Layoff,
warn-1031,,il,"C. J. VITNER COMPANY, INC.",LOVES PARK,111,Mass Layoff,
warn-1032,,il,PEABODY COAL COMPANY - EAGLE #2 MINE,SHAWNEETOWN,425,Mass Layoff,
warn-1033,,il,"DAILY RACING FORM, INC.",CHICAGO,148,Mass Layoff,
warn-1034,,il,"DESOTO, INC.",South Holland,0,Layoff,
warn-1035,,il,TALLEY DEFENSE SYSTEMS,JOLIET,99,Plant Closure,
warn-1036,,il,BRIGGS COMPANY,ABINGDON,300,Mass Layoff,
warn-1037,,il,"ARCH OF ILLINOIS, INC.- DENMARK MINES",PERCY,63,Layoff,
warn-1038,,il,"ARCH OF ILLINOIS, INC.- DENMARK MINES",PERCY,63,Plant Closure,
warn-1040,,il,EQUIPTO,Aurora,50,Plant Closure,
warn-1041,,il,U S CARTAGE COMPANY,HILLSIDE,109,Plant Closure,
warn-1042,,il,MIDWEST BODY CORP,Paris,122,Plant Closure,
warn-1043,,il,MULTICOLOR CORPORATION,LOCKPORT,106,Plant Closure,
warn-1044,,il,BAKER & TAYLOR,NILES,128,Plant Closure,
warn-1045,,il,"UPPCO, INC.",CHICAGO,225,Plant Closure,
warn-1046,,il,NORTH SUBURBAN CLINIC,HOFFMAN ESTATES,222,Plant Closure,
warn-1047,,il,COMBINED COMMUNICATION SERVICES,Oregon,71,Layoff,
warn-1048,,il,"SOUTH HOLLAND FOOD PROCESSORS, INC",South Holland,165,Plant Closure,
warn-1049,,il,CHICAGO MAGNET WIRE CORPORATION,Elk Grove Village,159,Plant Closure,
warn-1050,,il,JCPENNEY COMPANY CREDIT SERVICE CENTER,Centralia,57,Plant Closure,
warn-1051,,il,"OLIN FABRICATED METAL PRODUCTS, INC",BLOOMINGTON,61,Layoff,
warn-1052,,il,COURTESY HOME CENTERS,SKOKIE,58,Plant Closure,
warn-1053,,il,COURTESY HOME CENTERS,MOUNT PROSPECT,63,Plant Closure,
warn-1054,,il,UNION SPECIAL,HUNTLEY,850,Layoff,
warn-1055,,il,UNION SPECIAL,HUNTLEY,900,Layoff,
warn-1056,,il,NEWARK ELECTRONICS DISTRIBUTION CENTER,CHICAGO,164,Mass Layoff,
warn-1057,,il,NATIONAL CONSUMER ORGANIZATION CUSTOMER,ROSEMONT,127,Plant Closure,
warn-1059,,il,"SPIEGEL, INC.",Chicago,100,Mass Layoff,
warn-1060,,il,SILVER CROSS HOSPITAL,Joliet,1200,Layoff,
warn-1061,,il,SAFELITE GLASS CORP,CHICAGO,212,Plant Closure,
warn-1062,,il,R. R. DONNELLEY Logistics,Franklin Park,75,Mass Layoff,
warn-1063,,il,"UNIVERSAL EDIBLE OILS, INC.",Chicago,98,Plant Closure,
warn-1064,,il,HANDY ANDY HOME IMPROVEMENT CENTER'S DAW,Springfield,94,Mass Layoff,
warn-1065,,il,TOYODA MACHINERY USA INC.,Arlington Heights,55,Plant Closure,
warn-1066,,il,OLD KENT FINANCIAL CORPORATION,AURORA,97,Plant Closure,
warn-1067,,il,BERGNER'S SANGAMON CENTER STORE,SPRINGFIELD,58,Plant Closure,
warn-1068,,il,PEABODY COAL BALDWIN MINE,MARISSA,285,Mass Layoff,
warn-1069,,il,SILVESTRI,CHICAGO,50,Layoff,
warn-1070,,il,WOOLWORTH CORPORATION,Lombard,50,Plant Closure,
warn-1071,,il,CINTAS CORPORATION,VILLA PARK,66,Plant Closure,
warn-1072,,il,"FOSTER ELECTRIC (U. S. A.), INC.",Schaumburg,120,Plant Closure,
warn-1073,,il,SEARS CENTRAL DECORATING SELLING UNIT,CHICAGO,55,Plant Closure,
warn-1074,,il,COAL COMPANIES OF SDA# 26,HARRISBURG,0,Layoff,
warn-1075,,il,COAL COMPANIES OF SDA# 25,ZEIGLER,130,Plant Closure,
warn-1076,,il,SEARS INDUSTRIAL WAREHOUSE,OAK BROOK,57,Plant Closure,
warn-1077,,il,"VERN KIEBLER ELECTRINICS, INC.",Wheaton,100,Plant Closure,
warn-1078,,il,CHARTER ELECTRIC MELTING PLANT,CHICAGO,85,Plant Closure,
warn-1079,,il,Autonation USA Corporation,DOWNERS GROVE,59,Plant Closure,
warn-1080,,il,"LINVATEC, INC.",CHICAGO,53,Plant Closure,
warn-1081,,il,PERSONAL PRODUCTS,Wilmington,485,Layoff,
warn-1082,,il,"H B WILLIAMSON COMPANY, THE",FAIRFIELD,83,Plant Closure,
warn-1083,,il,APV ROCKFORD INC.,ROCKFORD,106,Plant Closure,
warn-1084,,il,LINDBERG/BLUE M,BLUE ISLAND,175,Plant Closure,
warn-1085,,il,HOMEBASE WAREHOUSE,ORLAND PARK,391,Mass Layoff,
warn-1086,,il,HOMEBASE WAREHOUSE,NILES,199,Plant Closure,
warn-1087,,il,"SIEMENS ENERGY & AUTOMATION, INC.",BATAVIA,130,Plant Closure,
warn-1088,,il,HOMEBASE WAREHOUSE,JOLIET,92,Plant Closure,
warn-1089,,il,"General Electric International, Inc.",DE KALB,65,Plant Closure,
warn-1090,,il,"General Electric International, Inc.",DE KALB,73,Plant Closure,
warn-1091,,il,DEFENSE LOGISTICS AGENCY,CHICAGO,266,Plant Closure,
warn-1092,,il,LITTON PERCISION GEAR,CHICAGO,650,Mass Layoff,
warn-1093,,il,NORTHROP CORP.,ELK GROVE VILLGE,3000,Mass Layoff,
warn-1094,,il,GLENVIEW NAVAL AIR STATION,Glenview,600,Plant Closure,
warn-1095,,il,MIDWEST ELECTRIC,Chicago,149,Plant Closure,
warn-1096,,il,HOMEBASE WAREHOUSE,Carol Stream,85,Plant Closure,
warn-1097,,il,SUMBEAM-OSTER HOSUEHOLD PRODUCTS,ROCKFORD,196,Plant Closure,
warn-1098,,il,NATIONAL SEAL COMPANY,GALESBURG,80,Plant Closure,
warn-1099,,il,Jewel Food Stores,WORTH,900,Mass Layoff,
warn-1100,,il,BANTAM DOUBLEDAY DELL DIST CNTR,Des Plaines,266,Plant Closure,
warn-1101,,il,"ACCUTRONICS, INC.",CARY,163,Plant Closure,
warn-1102,,il,Lutheran Social Services of Illinois,CHICAGO,79,Plant Closure,
warn-1103,,il,EKCO,FRANKLIN PARK,63,Plant Closure,
warn-1104,,il,SWIFT ADHESIVES,Downers Grove,120,Mass Layoff,
warn-1105,,il,"COMMERCE CLEARING HOUSE, INC",CHICAGO,170,Plant Closure,
warn-1106,,il,MATSUSHITA ELECTRIC CORP OF AMERICA,FRANKLIN PARK,175,Plant Closure,
warn-1107,,il,"JAYDON, INC.",ROCK ISLAND,212,Plant Closure,
warn-1108,,il,METPATH,Berwyn,378,Plant Closure,
warn-1109,,il,LIBERTY MUTUAL,ROCKFORD,73,Plant Closure,
warn-1110,,il,ZEIGLER COAL COMPANY'S OLD BEN #25 MINE,BENTON,300,Layoff,
warn-1111,,il,"MILES, INC. S.O.S & CUTTER BUSINESS UNIT",BEDFORD PARK,108,Plant Closure,
warn-1112,,il,"PROFESSIONAL TRANSPORTATION, INC.",SOUTH HOLLAND,111,Plant Closure,
warn-1113,,il,KRAFT GENERAL FOODS PROMOTIONAL SERVICES,Kankakee,460,Mass Layoff,
warn-1114,,il,NESTLE' BEVERAGE COMPANY,Granite City,165,Plant Closure,
warn-1115,,il,SORENSEN ELECTRONIC COMPANY,PAXTON,68,Layoff,
warn-1116,,il,ZENITH ELECTRONICS CORP,MELROSE PARK,3000,Mass Layoff,
warn-1118,,il,"TRINITY INDUSTRIES, INC.",Chicago Heights,138,Mass Layoff,
warn-1119,,il,SILVESTRI,BEDFORD PARK,50,Plant Closure,
warn-1120,,il,United Airlines,CHICAGO,318,Plant Closure,
warn-1121,,il,United Airlines,CHICAGO,18000,Mass Layoff,
warn-1122,,il,United Airlines,CHICAGO,18636,Mass Layoff,
warn-1123,,il,United Airlines,CHICAGO,18000,Mass Layoff,
warn-1124,,il,"ANDREA MANUFACTURING COMPANY, INC",DECATUR,69,Plant Closure,
warn-1125,,il,REYNOLDS METALS COMPANY MCCOOK SHEET & P,MC COOK,1019,Mass Layoff,
warn-1126,,il,KENTILE FLOORS INC,CHICAGO,350,Mass Layoff,
warn-1127,,il,TELEDYNE PINES,Aurora,76,Plant Closure,
warn-1128,,il,RUBBERMAID,Aurora,60,Layoff,
warn-1129,,il,ATAPCO OFFICE PRODUCTS GROUP,CHICAGO,250,Plant Closure,
warn-1130,,il,POWERTRAIN GROUP,DANVILLE,1018,Mass Layoff,
warn-1131,,il,FEDERAL-KEMPER,Decatur,500,Layoff,
warn-1132,,il,"VEHICLE PROCESSORS, INC.",West Chicago,74,Plant Closure,
warn-1133,,il,"ALUMAX MILL PRODUCTS, INC.",MORRIS,444,Plant Closure,
warn-1134,,il,CUR*MED HEALTH CARE PACKAGING,CHICAGO,101,Mass Layoff,
warn-1135,,il,PALUMBO BROTHERS INC.,HILLSIDE,500,Layoff,
warn-1136,,il,"STYLEMASTER, INC",Niles,110,Mass Layoff,
warn-1137,,il,"RICHARD D. IRWIN, INC.",BURR RIDGE,350,Layoff,
warn-1138,,il,MONARCH METAL PRODUCTS CORP,ELK GROVE VILLGE,102,Plant Closure,
warn-1139,,il,MOORE BUSINESS FORMS,Charleston,185,Plant Closure,
warn-1140,,il,WEIDER SPORTING GOODS,OLNEY,71,Plant Closure,
warn-1141,,il,HUCKS FIXTURES,QUINCY,289,Mass Layoff,
warn-1142,,il,GEORGIA PACIFIC CORPORATION,TAYLORVILLE,165,Plant Closure,
warn-1143,,il,"HENNESSY INDUSTRIES, INC.",NORTH CHICAGO,201,Layoff,
warn-1144,,il,MOTOR WHEEL CORPORATION,Mendota,236,Plant Closure,
warn-1145,,il,AMERIPAC CORP,WAUKEGAN,85,Plant Closure,
warn-1146,,il,"CHURCHILL TRUCK LINES, INC.",FOREST VIEW,94,Mass Layoff,
warn-1147,,il,NSC CORPORATION,Chicago,120,Plant Closure,
warn-1148,,il,AT&T - CENTRALIA TSPS,ROCKFORD,96,Mass Layoff,
warn-1149,,il,AT&T - CENTRALIA TSPS,ITASCA,329,Mass Layoff,
warn-1150,,il,AT&T - CENTRALIA TSPS,NAPERVILLE,153,Plant Closure,
warn-1151,,il,CARD-O-LINK,EVANSTON,52,Plant Closure,
warn-1152,,il,MULTIFOODS,Melrose Park,69,Layoff,
warn-1153,,il,MATERIAL SERVICE CORP. READY MIX FACILIT,Chicago,108,Plant Closure,
warn-1154,,il,LAKE SHORE NATIONAL BANK,CHICAGO,360,Mass Layoff,
warn-1155,,il,"ASHLAND PRODUCTS, INC.",CHICAGO,80,Mass Layoff,
warn-1156,,il,,CHICAGO,23,Layoff,
warn-1157,,il,,CHICAGO,142,Mass Layoff,
warn-1158,,il,SPENGLER CORP,Loves Park,85,Plant Closure,
warn-1159,,il,ALISUN AMERICA LIMITED,MC HENRY,117,Plant Closure,
warn-1160,,il,"KERR GROUP, INC",CHICAGO,130,Plant Closure,
warn-1161,,il,"HELPING CARE, INC/HOME SERVICES FOR SENI",CHICAGO,1075,Plant Closure,
warn-1162,,il,"HELPING CARE, INC/HOME SERVICES FOR SENI",FRANKFORT,2461,Mass Layoff,
warn-1163,,il,"HELPING CARE, INC",WAUKEGAN,79,Plant Closure,
warn-1164,,il,"HELPING CARE, INC",Wood River,89,Plant Closure,
warn-1165,,il,"HELPING CARE, INC",WEST FRANKFORT,2461,Layoff,
warn-1166,,il,OAKWOOD HOSPITAL,ROCKFORD,71,Plant Closure,
warn-1167,,il,ZEIGLER COAL COMPANY,WEST FRANKFORT,203,Plant Closure,
warn-1168,,il,"LEEWARDS CREATIVE CRAFTS, INC.",Elgin,275,Plant Closure,
warn-1169,,il,"AVANTI HEALTH SYSTEMS, INC.",BANNOCKBURN,193,Plant Closure,
warn-1170,,il,JCPENNEY COMPANY CREDIT SERVICE CENTER,GLENVIEW,200,Plant Closure,
warn-1171,,il,AMERICAN HOSPITAL ASSOCIATION,CHICAGO,775,Layoff,
warn-1172,,il,W. E. KAUTENBERG COMPANY,Freeport,54,Plant Closure,
warn-1173,,il,"PRO-PAC, INC.",Chicago,67,Plant Closure,
warn-1174,,il,FIRST CHICAGO-COMMUNITY BANKING GROUP,CHICAGO,17300,Mass Layoff,
warn-1175,,il,WICKER PARK L.P.,Herrin,50,Plant Closure,
warn-1176,,il,AT&T - CENTRALIA TSPS,NAPERVILLE,350,Mass Layoff,
warn-1177,,il,MATSUSHITA TELEVISION COMPANY,FRANKLIN PARK,400,Plant Closure,
warn-1178,,il,"TESA TAPE, INC.",Carbondale,300,Mass Layoff,
warn-1179,,il,"AMERICAN DRUG STORES, INC.",FRANKLIN PARK,136,Plant Closure,
warn-1180,,il,TRAVELERS INSURANCE,Naperville,670,Layoff,
warn-1181,,il,MCKECHNIE PLASTIC PACKAGING,URBANA,87,Plant Closure,
warn-1182,,il,NELSON BROTHERS FURNITURE CORPORATION DI,CHICAGO,54,Plant Closure,
warn-1183,,il,ZENITH ELECTRONICS CORP. PARTS SALES WAR,CHICAGO,52,Plant Closure,
warn-1184,,il,ZENITH ELECTRONICS CORP. PARTS SALES WAR,CHICAGO,88,Plant Closure,
warn-1185,,il,K MART (CAHOKIA),CAHOKIA,87,Plant Closure,
warn-1186,,il,K MART #4368,CAROL STREAM,104,Plant Closure,
warn-1187,,il,"STANDARD T CHEMICAL COMPANY, INC.",Chicago Heights,62,Plant Closure,
warn-1188,,il,The Training Center,Danville,75,Mass Layoff,
warn-1189,,il,"EAGLE FOOD CENTERS, INC.",Champaign,159,Mass Layoff,
warn-1190,,il,XEROX OAK BROOK MANUFACTURING,Hinsdale,292,Plant Closure,
warn-1191,,il,AT&T - CENTRALIA TSPS,CHICAGO,136,Plant Closure,
warn-1192,,il,UNION CAMP CORPORATION,Normal,69,Plant Closure,
warn-1193,,il,TRANSAMERICA COMMERICAL FINANCE CORPORAT,CHICAGO,123,Plant Closure,
warn-1194,,il,VTECH INDUSTRIES PERSONAL COMPUTER INDUS,Lake Zurich,85,Plant Closure,
warn-1195,,il,NATIONAL SPINNING COMPANY,ROCHELLE,560,Mass Layoff,
warn-1196,,il,ANTHEM CASUALTY INSURANCE GROUP,DECATUR,234,Mass Layoff,
warn-1197,,il,KMART CORP,NAPERVILLE,87,Plant Closure,
warn-1198,,il,HOUSEHOLD RETAIL SERVICES,Wood Dale,278,Plant Closure,
warn-1199,,il,"KIDDER, PEABODY & COMPANY",CHICAGO,113,Plant Closure,
warn-1200,,il,"HAMILTON INVESTMENTS, INC.",Chicago,89,Plant Closure,
warn-1201,,il,FIRST FEDERAL SAVINGS BANK,Rockford,120,Mass Layoff,
warn-1202,,il,"MUNSON TRANSPORTATIONS, INC.",MONMOUTH,62,Plant Closure,
warn-1203,,il,PILLSBURY COMPANY,Hoopeston,131,Plant Closure,
warn-1204,,il,HOUSEHOLD MORTGAGE SERVICES (HMS),WOOD DALE,178,Mass Layoff,
warn-1205,,il,HOUSEHOLD MORTGAGE SERVICES (HMS),Prospect Heights,51,Plant Closure,
warn-1206,,il,MIDWAY CONNECTION,Chicago,54,Plant Closure,
warn-1207,,il,"NOMA INTERNATIONAL, INC.",FOREST PARK,51,Plant Closure,
warn-1208,,il,,PALATINE,50,Plant Closure,
warn-1209,,il,"QUARTET MANUFACTURING COMPANY, DAVSON DI",ITASCA,109,Plant Closure,
warn-1210,,il,HOME QUARTERS,SCHAUMBURG,97,Plant Closure,
warn-1211,,il,"WYETH-AYERS LABORATORIES, CHICAGO REGION",CAROL STREAM,82,Plant Closure,
warn-1212,,il,JEWEL FOOD STORES,Decatur,127,Plant Closure,
warn-1213,,il,CAROLINA FREIGHT CARRIERS CORP,CHICAGO,66,Plant Closure,
warn-1214,,il,BAXTER HEALTHCARE CORP.,NILES,170,Plant Closure,
warn-1215,,il,SPRINT - CENTRAL TELEPHONE COMPANY OF IL,Park Ridge,55,Plant Closure,
warn-1216,,il,SPRINT - CENTRAL TELEPHONE COMPANY OF IL,Park Ridge,419,Plant Closure,
warn-1217,,il,BASLER ELECTRIC,Highland,350,Layoff,
warn-1218,,il,A. O. SMITH AUTOMOTIVE PRODUCTS COMPANY,ROCKFORD,285,Mass Layoff,
warn-1219,,il,DESAULNIER'S PRINTING COMPANY,Milan,104,Plant Closure,
warn-1220,,il,MIDWAY AIRLINES,CHICAGO,205,Plant Closure,
warn-1221,,il,GTE DIRECTORIES CORPORATION,Mount Prospect,240,Mass Layoff,
warn-1222,,il,"WAREHOUSE CLUB, INC.",BRIDGEVIEW,67,Plant Closure,
warn-1223,,il,"WAREHOUSE CLUB, INC.",CHICAGO,60,Layoff,
warn-1224,,il,ANCHOR GLASS CONTAINER,GURNEE,283,Plant Closure,
warn-1225,,il,WORLD COLOR PRESS,SALEM,800,Layoff,
warn-1227,,il,ECONOMY FIRE AND CASUALTY,CENTRALIA,99,Plant Closure,
warn-1228,,il,NATIONAL BUILDING SYSTEMS,EFFINGHAM,100,Plant Closure,
warn-1229,,il,TREDEGAR MOLDED PRODUCTS,ALSIP,103,Plant Closure,
warn-1230,,il,"DELTA AIR LINES, INC. RESERVATIONS SALES",SCHAUMBURG,330,Mass Layoff,
warn-1231,,il,PET INCORPORATED,ST. LOUIS,200,Plant Closure,
warn-1232,,il,NATIONAL COUNCIL ON COMPENSATION INSURAN,SPRINGFIELD,65,Plant Closure,
warn-1233,,il,"LEXICON PUBLICATIONS, INC",CHICAGO,106,Plant Closure,
warn-1234,,il,"PREFERRED ENTERTAINMENT, INC",COUNTRYSIDE,300,Layoff,
warn-1235,,il,"GENERAL MILLS, INC",Chicago,66,Layoff,
warn-1236,,il,HOUGHTON MIFFLIN COMPANY,Geneva,113,Plant Closure,
warn-1237,,il,"VICTOR PRODUCTS DIVISION, DANA CORPROATI",CHICAGO,179,Plant Closure,
warn-1238,,il,ALLIANT TECHSYSTEMS LAP FACILITY,WILMINGTON,138,Plant Closure,
warn-1239,,il,ALLIANT TECHSYSTEMS LAP FACILITY,WILMINGTON,81,Plant Closure,
warn-1240,,il,"RUBBERMAID CLEANING PRODUCTS, INC",AURORA,59,Plant Closure,
warn-1241,,il,GENERAL POWER EQUIPMENT CO.,Harvard,370,Mass Layoff,
warn-1242,,il,"HALO DIVISION, COOPER LIGHTING",ELK GROVE VILLGE,1200,Layoff,
warn-1243,,il,AT&T - CENTRALIA TSPS,MONTGOMERY,193,Plant Closure,
warn-1244,,il,"NATIONAL SUPER MARKETS, INC",SPRINGFIELD,200,Plant Closure,
warn-1245,,il,"NATIONAL SUPER MARKETS, INC",EDWARDSVILLE,593,Plant Closure,
warn-1246,,il,"NATIONAL SUPER MARKETS, INC",CENTRALIA,83,Plant Closure,
warn-1247,,il,"NATIONAL SUPER MARKETS, INC",EAST ST LOUIS,523,Plant Closure,
warn-1248,,il,"NATIONAL SUPER MARKETS, INC",CARBONDALE,63,Plant Closure,
warn-1249,,il,DOUGLAS FURNITURE COMPANY,BEDFORD PARK,678,Plant Closure,
warn-1250,,il,EATON CORPORATION,CRYSTAL LAKE,116,Mass Layoff,
warn-1251,,il,,HOFFMAN ESTATES,61,Plant Closure,
warn-1252,,il,BELDEN CORD PRODUCTS DIVISION,BENSENVILLE,129,Plant Closure,
warn-1253,,il,"ARCH OF ILLINOIS, INC.- DENMARK MINES",CUTLER,0,Layoff,
warn-1254,,il,"ARCH OF ILLINOIS, INC.- DENMARK MINES",CUTLER,22,Layoff,
warn-1255,,il,"ARCH OF ILLINOIS, INC.- DENMARK MINES",CUTLER,152,Plant Closure,
warn-1256,,il,MEYER MENTAL HEALTH CENTER,DECATUR,177,Plant Closure,
warn-1257,,il,DEPARTMENT OF DEFENSE ACCOUNTING OFFICE,GREAT LAKES,160,Plant Closure,
warn-1258,,il,AMOCO PETROLEUM ADDITIVES COMPANY,WOOD RIVER,168,Plant Closure,
warn-1259,,il,WALKER MANUFACTURING COMPANY,ADDISON,64,Plant Closure,
warn-1260,,il,FIRST HEALTH SERVICES CORPORATION,CHICAGO,100,Plant Closure,
warn-1261,,il,"MATTEL, INC/INTERNATIONAL GAMES",JOLIET,65,Plant Closure,
warn-1262,,il,NAPA DISTRIBUTION CENTER,Normal,80,Plant Closure,
warn-1263,,il,DIAMOND-E-PACKERS,Mattoon,98,Plant Closure,
warn-1264,,il,CHASE MANHATTAN FUTURES CORPORATION,CHICAGO,50,Plant Closure,
warn-1265,,il,ZACSON CORP.,Aurora,63,Plant Closure,
warn-1266,,il,A. J. CANFIELD COMPANY,CHICAGO,182,Plant Closure,
warn-1267,,il,"STORAGETEK DISRIBUTED SYSTEMS DIVISION,",Lisle,128,Plant Closure,
warn-1268,,il,"MIDWEST MANUFACTURING SERVICES, INC",Bloomington,46,Layoff,
warn-1269,,il,WESLEY-JESSEN CORP,DES PLAINES,500,Mass Layoff,
warn-1270,,il,DISCOVERY ZONE INC,CHICAGO,180,Plant Closure,
warn-1271,,il,JOHN DEERE LIFE INSURANCE COMPANY,JACKSONVILLE,162,Plant Closure,
warn-1272,,il,MILLARD MAINTENANCE SERVICE COMPANY,MOLINE,78,Plant Closure,
warn-1273,,il,KMART #7163,ST CHARLES,167,Plant Closure,
warn-1274,,il,KMART #7541,Belleville,90,Plant Closure,
warn-1275,,il,KMART #3729,WEST CHICAGO,75,Mass Layoff,
warn-1276,,il,KMART #9558,Harrisburg,78,Plant Closure,
warn-1277,,il,SONY CHEMICALS CORPORATION OF AMERICA,WOOD DALE,52,Plant Closure,
warn-1278,,il,"APPLIANCE CONTROLS TECHNOLOGY, INC",ADDISON,150,Plant Closure,
warn-1279,,il,"LENC-SMITH, INC.",Cicero,237,Plant Closure,
warn-1280,,il,COURTESY HOME CENTER,Wheeling,5,Layoff,
warn-1281,,il,COURTESY HOME CENTER,Chicago,133,Plant Closure,
warn-1282,,il,COURTESY HOME CENTER,Forest Park,112,Plant Closure,
warn-1283,,il,PEOPLES GAS LIGHT AND COKE COMPANY,Elwood,67,Plant Closure,
warn-1284,,il,"KOWA GRAPHICS, INC",CHAMPAIGN,74,Plant Closure,
warn-1285,,il,DIAL CORPORATION,FOREST VIEW,94,Plant Closure,
warn-1286,,il,CHICAGO LOCK COMPANY,CHICAGO,259,Plant Closure,
warn-1287,,il,"OLD BEN COAL COMPANY, ZEIGLER NO. 11 MIN",COULTERVILLE,151,Plant Closure,
warn-1288,,il,"OLD BEN COAL COMPANY, ZEIGLER NO. 11 MIN",COULTERVILLE,153,Plant Closure,
warn-1289,,il,"OLD BEN COAL COMPANY, ZEIGLER NO. 11 MIN",COULTERVILLE,274,Plant Closure,
warn-1290,,il,OLD BEN COAL COMPANY SPARTAN MINE,SPARTA,227,Plant Closure,
warn-1291,,il,JOHN BROWN,CHICAGO,165,Mass Layoff,
warn-1292,,il,FREEMAN UNITED COAL MINING COMPANY - ORI,INDUSTRY,74,Plant Closure,
warn-1293,,il,FREEMAN UNITED COAL MINING COMPANY - ORI,INDUSTRY,73,Plant Closure,
warn-1294,,il,RECKETT AND COLMAN,LINCOLN,354,Plant Closure,
warn-1295,,il,VENTURE,GLENDALE HEIGHTS,124,Plant Closure,
warn-1296,,il,KNOLL PHARMACEUTICAL COMPANY,Lincolnshire,149,Plant Closure,
warn-1297,,il,VENTURE,WHEATON,108,Plant Closure,
warn-1298,,il,MCI TELECOMMUNICATIONS,CHICAGO,114,Plant Closure,
warn-1299,,il,MCI TELECOMMUNICATIONS,CHICAGO,1145,Mass Layoff,
warn-1300,,il,WAREHOUSE CLUB,Niles,180,Plant Closure,
warn-1301,,il,ROTON,Villa Park,54,Layoff,
warn-1302,,il,PHAR-MOR,Youngstown,63,Plant Closure,
warn-1303,,il,GATES RUBBER COMPANY,GALESBURG,61,Plant Closure,
warn-1304,,il,GATES RUBBER COMPANY,GALESBURG,57,Plant Closure,
warn-1306,,il,ST. PAUL ECONOMY,LINCOLN,102,Plant Closure,
warn-1307,,il,GARDNER DENVER COMPANY,QUINCY,550,Layoff,
warn-1308,,il,"OWENS-ILLINOIS BROCKWAY, INC",NORTH RIVERSIDE,185,Plant Closure,
warn-1309,,il,AMERICAN FEDERAL SAVINGS BANK,JOLIET,125,Plant Closure,
warn-1310,,il,"NATIONAL MATERIAL L.P., NATIONAL METAL P",Bensenville,65,Plant Closure,
warn-1311,,il,FOOD EXPO,KANKAKEE,180,Plant Closure,
warn-1312,,il,GAGE MARKETING GROUP,Kankakee,60,Plant Closure,
warn-1313,,il,FEDERAL PAPER BOARD COMPANY INC.,CHICAGO,249,Plant Closure,
warn-1314,,il,CPS,CHICAGO,14000,Mass Layoff,
warn-1315,,il,AMAX COAL COMPANY - DELTA MINE & WABASH,MARION,169,Mass Layoff,
warn-1316,,il,AT&T GLOBAL INFORMATION SOLUTIONS,NAPERVILLE,80,Mass Layoff,
warn-1317,,il,MIDWEST SECURITIES TRUST COMPANY,Chicago,350,Plant Closure,
warn-1318,,il,CALIFORNIA MICROWAVE CORP,BLOOMINGDALE,217,Mass Layoff,
warn-1319,,il,,Hoffman Estates,50,Plant Closure,
warn-1320,,il,MOORMAN MANUFACTURING COMPANY,QUINCY,233,Layoff,
warn-1321,,il,CHICAGO METROPOLITAN DIVISION,CHICAGO,51,Plant Closure,
warn-1322,,il,HIGHLAND HOSPITAL,BELVIDERE,72,Plant Closure,
warn-1323,,il,TCI OF ILLINOIS INC.,CHICAGO,97,Plant Closure,
warn-1324,,il,TCI OF ILLINOIS INC.,CHICAGO,175,Mass Layoff,
warn-1325,,il,SWORDS VENEER & LUMBER COMPANY,ROCK ISLAND,94,Plant Closure,
warn-1326,,il,INDIAN REFINING,Lawrenceville,316,Plant Closure,
warn-1327,,il,"SZOLDS, INC.",Peoria,66,Plant Closure,
warn-1328,,il,"SZOLDS, INC.",WASHINGTON,68,Plant Closure,
warn-1329,,il,BANK ONE,SPRINGFIELD,300,Mass Layoff,
warn-1330,,il,DURACRAFT,Gillespie,80,Plant Closure,
warn-1331,,il,STORAGETEK DISTRIBUTED SYSTEMS DIV,ALSIP,67,Plant Closure,
warn-1332,,il,"NORTH SHORE DISTRIBUTORS, INC.",Wheeling,144,Plant Closure,
warn-1333,,il,"JUDSEN RUBBER WORKS, INC",Chicago,119,Plant Closure,
warn-1334,,il,"GENTEK BUILDING PRODUCTS, INC",Franklin Park,80,Plant Closure,
warn-1335,,il,MARATHON OIL COMPANY,BRIDGEPORT,102,Plant Closure,
warn-1336,,il,"ROHO,INC.",BELLEVILLE,80,Plant Closure,
warn-1337,,il,"CONTINENTAL DISTRIBUTING COMPANY, INC",ROSEMONT,348,Plant Closure,
warn-1338,,il,CHICAGO OSTEOPATHIC HOSPITAL & MEDICAL C,CHICAGO,135,Plant Closure,
warn-1339,,il,INTERNATIONAL PAPER,PEORIA,294,Plant Closure,
warn-1340,,il,KEMPER CORPORATION,Long Grove,55,Plant Closure,
warn-1341,,il,FELLOWES MANUFACTURING COMPANY,Chicago,100,Plant Closure,
warn-1342,,il,HOMART COMMUNITY CENTERS,Chicago,92,Plant Closure,
warn-1343,,il,T-R AUTOMOBILE HANDLING CORP,CHICAGO,110,Plant Closure,
warn-1344,,il,SPIESS DEPARTMENT STORE,CRYSTAL LAKE,100,Plant Closure,
warn-1345,,il,ELECTRONICS COMPONENTS CORP,PAXTON,110,Plant Closure,
warn-1346,,il,CORPORATE TRUST AND GLOBAL SECURITIES SE,CHICAGO,285,Mass Layoff,
warn-1347,,il,CHICAGO HOUSING AUTHORITY,CHICAGO,605,Plant Closure,
warn-1348,,il,"WILLIAMS ELECTRONICS GAMES, INC",CHICAGO,237,Mass Layoff,
warn-1349,,il,OZARK-MAHONING COMPANY,ROSICLARE,143,Mass Layoff,
warn-1350,,il,CRECENT COUNTIES FOUNDATION FOR MEDICAL,LISLE,104,Mass Layoff,
warn-1351,,il,ATWOOD INDUSTRIES,ROCKFORD,600,Layoff,
warn-1352,,il,SILVER EAGLE,East Dubuque,348,Mass Layoff,
warn-1353,,il,"SELECT BEVERAGES, INC",Chicago,120,Plant Closure,
warn-1354,,il,AM MULTIGRAPHICS DIVISION,MOUNT PROSPECT,140,Plant Closure,
warn-1355,,il,ST. COLETTA'S OF ILLINOIS,PALOS PARK,0,Layoff,
warn-1356,,il,AMERICAN CYANAMID,MOUNT PROSPECT,55,Plant Closure,
warn-1357,,il,"DECOREL, INC.",CHICAGO,72,Plant Closure,
warn-1358,,il,"YOUNKERS, INC.",Rockford,170,Plant Closure,
warn-1359,,il,SPARTAN PRINTING,Sparta,835,Plant Closure,
warn-1360,,il,OZITE COMPANY,Libertyville,86,Plant Closure,
warn-1361,,il,AAF INTERNATIONAL,ZION,102,Plant Closure,
warn-1362,,il,UNITED INSURANCE COMPANY OF AMERICA,CHICAGO,123,Plant Closure,
warn-1363,,il,UNITED INSURANCE COMPANY OF AMERICA,CHICAGO,54,Plant Closure,
warn-1364,,il,"HEALTH O METER, INC.",WAUKEGAN,149,Plant Closure,
warn-1365,,il,"DOLLAR TREE STORES, INC.",WOODRIDGE,58,Plant Closure,
warn-1366,,il,"JJ COLLINS' SONS, INC.",MELROSE PARK,112,Mass Layoff,
warn-1367,,il,VOLT TECHNICAL SERVICES,DECATUR,950,Plant Closure,
warn-1368,,il,WINCUP,Des Plaines,63,Plant Closure,
warn-1369,,il,VENTURE,CHAMPAIGN,101,Plant Closure,
warn-1370,,il,VENTURE,ELGIN,117,Plant Closure,
warn-1371,,il,VENTURE,STREAMWOOD,123,Plant Closure,
warn-1372,,il,HOUSEHOLD FINANCE CORPORATION PROCESSING,ELMHURST,85,Plant Closure,
warn-1373,,il,HANDLEMAN COMPANY DISTRIBUTION FACILITY,ADDISON,92,Plant Closure,
warn-1374,,il,SANFORD CORPORATION,ROCKFORD,57,Plant Closure,
warn-1375,,il,AMERICAN LICORICE COMPANY,ALSIP,147,Plant Closure,
warn-1376,,il,"MIDWEST MORTGAGE SERVICES, INC.",Villa Park,122,Plant Closure,
warn-1377,,il,O'HARE IAP AIRFORCE RESERVE STATION,CHICAGO,1400,Plant Closure,
warn-1378,,il,AMERICAN BANK NOTE COMPANY,Chicago,145,Plant Closure,
warn-1379,,il,ELDER BEERMAN,Carbondale,65,Plant Closure,
warn-1380,,il,ELDER BEERMAN,Carbondale,80,Plant Closure,
warn-1381,,il,"USCO DISTRIBUTION SERVICES, INC.",Geneva,116,Plant Closure,
warn-1382,,il,HANDY ANDY HOME IMPROVEMENT CENTER,Schaumburg,111,Plant Closure,
warn-1383,,il,FIRSTAR ILLINOIS REGIONAL OPERATIONS CEN,Downers Grove,131,Plant Closure,
warn-1384,,il,"HANDY ANDY HOME IMPROVEMENT CENTERS, INC",Chicago,106,Plant Closure,
warn-1385,,il,"HANDY ANDY HOME IMPROVEMENT CENTERS, INC",Chicago,66,Plant Closure,
warn-1386,,il,"HANDY ANDY HOME IMPROVEMENT CENTERS, INC",Alton,56,Plant Closure,
warn-1387,,il,NURTASWEET KELCO COMPANY,UNIVERSITY PARK,110,Plant Closure,
warn-1388,,il,"ARLINGTON MILLS, INC.",ARLINGTON HGTS,89,Plant Closure,
warn-1389,,il,FASHIONAIRE CAREER APPAREL,Marseilles,72,Plant Closure,
warn-1390,,il,"CBI SERVICES, INC.",BOURBONNAIS,250,Mass Layoff,
warn-1391,,il,,BOLINGBROOK,60,Plant Closure,
warn-1392,,il,"ABF FREIGHT SYSTEM, INC.",SPRINGFIELD,473,Plant Closure,
warn-1393,,il,FEDERAL DEPOSITORY INSURANCE COMPANY,CHICAGO,900,Mass Layoff,
warn-1394,,il,PINES TRAILER LIMITED PARTNERSHIPS,KEWANEE,176,Plant Closure,
warn-1395,,il,PINES TRAILER LIMITED PARTNERSHIPS,KEWANEE,110,Plant Closure,
warn-1396,,il,STATE COMMUNITY COLLEGE,EAST ST LOUIS,110,Plant Closure,
warn-1397,,il,LUTHERAN SOCIAL SERVICES OF IL - AGUSTAN,CHICAGO,211,Plant Closure,
warn-1398,,il,"CBI SERVICES, INC.",OAK BROOK,430,Mass Layoff,
warn-1399,,il,BURLINGTON NORTHERN RAILROAD LOCOMOTIVE,GALESBURG,53,Plant Closure,
warn-1400,,il,PINES TRAILER LIMITED PARTNERSHIPS,KEWANEE,422,Plant Closure,
warn-1401,,il,"GLASS CONTAINER CO., L.L.C.",PLAINFIELD,440,Plant Closure,
warn-1402,,il,LUTHERAN SOCIAL SERVICES - EDISON PARK H,Park Ridge,78,Plant Closure,
warn-1403,,il,"SONY ELECTRONICS, INC",CAROL STREAM,365,Plant Closure,
warn-1404,,il,"BELL BANCORP, INC./BELL FEDERAL SAVINGS",CHICAGO,132,Plant Closure,
warn-1405,,il,RESPONSE MARKETING SERVICES,MUNDELEIN,120,Plant Closure,
warn-1406,,il,"MULAY PLASTICS, INC",Addison,116,Plant Closure,
warn-1407,,il,AETNA,PEORIA,146,Plant Closure,
warn-1408,,il,REGIONAL MARKETING OFFICE,OAK BROOK,142,Plant Closure,
warn-1409,,il,CAPAUL CORPORATION,PLAINFIELD,55,Plant Closure,
warn-1410,,il,AMERITECH,CHICAGO,135,Plant Closure,
warn-1411,,il,ZENITH DATA SYSTEMS CORP,Buffalo Grove,228,Plant Closure,
warn-1412,,il,"ETHICON, INC.",Chicago,109,Plant Closure,
warn-1413,,il,CHICAGO-DUBUQUE FOUNDRY,EAST DUBUQUE,65,Plant Closure,
warn-1414,,il,R.R.DONNELLEY & SONS,ELGIN,70,Plant Closure,
warn-1415,,il,ST CHARLES MANUFACTURING COMPANY,Saint Charles,145,Plant Closure,
warn-1416,,il,DEUTSCHE FINANCIAL SERVICES,Deerfield,220,Plant Closure,
warn-1417,,il,MARBLEHEAD LIME COMPANY,Thornton,66,Plant Closure,
warn-1418,,il,ZACSON CORPORATION,OAK BROOK,63,Plant Closure,
warn-1419,,il,"MESTEK, INC.",SKOKIE,60,Plant Closure,
warn-1420,,il,FIRST IMAGE MANAGEMENT COMPANY,MOUNT VERNON,0,Layoff,
warn-1421,,il,SUBURBAN HOSPITAL,HINSDALE,88,Plant Closure,
warn-1422,,il,LEAF NORTH AMERICA,CENTRALIA,386,Mass Layoff,
warn-1423,,il,"Honeywell, Inc.",ARLINGTON HGTS,350,Plant Closure,
warn-1424,,il,MID STATE COAL COMPANY (RAPATEE MINE),Farmington,84,Plant Closure,
warn-1425,,il,IMI CASH VALVE INC.,Decatur,175,Plant Closure,
warn-1426,,il,"INDEX FUTURES GROUP, INC",Chicago,200,Layoff,
warn-1427,,il,THOMPSON'S FINER FOODS,PARK RIDGE,159,Plant Closure,
warn-1428,,il,KMART CORPORATION'S ALSIP DISTRIBUTION C,ALSIP,191,Plant Closure,
warn-1429,,il,SARA LEE HOSIERY/CHAMPAIGN DISTRIBUTION,CHAMPAIGN,140,Mass Layoff,
warn-1430,,il,"U.P.L.S., LTD",CHICAGO,66,Plant Closure,
warn-1431,,il,ELECTRONIC SOUND CORP,CHICAGO,90,Mass Layoff,
warn-1432,,il,UNITED TECHNOLOGIES AUTOMOTIVE,NEWTON,324,Mass Layoff,
warn-1433,,il,"COLOR TILE MANUFACTURING, INC.",West Chicago,71,Plant Closure,
warn-1434,,il,"NOW PRODUCTS, INC",Chicago,213,Plant Closure,
warn-1435,,il,"CHICAGO SERVICE DIVISION, INC.",CHICAGO,63,Plant Closure,
warn-1436,,il,EARTHGRAINS,AURORA,52,Plant Closure,
warn-1437,,il,PREMIER TECHNOLOGY,Bensenville,95,Plant Closure,
warn-1438,,il,SWEETHEART CUP COMPANY INC.,CHICAGO,70,Plant Closure,
warn-1439,,il,WARSHAWSKY & COMPANY,CHICAGO,593,Plant Closure,
warn-1440,,il,,Wenona,174,Mass Layoff,
warn-1441,,il,NESTLE BEVERAGE COMPANY,GRANITE CITY,104,Plant Closure,
warn-1442,,il,"CAPITAL CITY DISTRIBUTION, INC",SPARTA,186,Plant Closure,
warn-1443,,il,"ARTAG, INC",CHICAGO,91,Plant Closure,
warn-1444,,il,LEINER HEALTH PRODUCTS,Chicago,52,Plant Closure,
warn-1445,,il,ORIGINAL RESEARCH II CORPORATION,Chicago,288,Plant Closure,
warn-1446,,il,QUEBECOR WORLD,AURORA,300,Plant Closure,
warn-1447,,il,WASHINGTON NATIONAL INSURANCE CO,Lincolnshire,130,Plant Closure,
warn-1448,,il,WASHINGTON NATIONAL INSURANCE CO,Lincolnshire,244,Plant Closure,
warn-1449,,il,PY96 INDUSTRY WIDE CAETA,ZEIGLER,1157,Plant Closure,
warn-1450,,il,COMPTROLLERS OFFICE,Springfield,150,Mass Layoff,
warn-1451,,il,"AVERY DENNISON, SPECIALTY PRODUCTS DIVIS",ROLLING MEADOWS,185,Plant Closure,
warn-1452,,il,,KANKAKEE,188,Plant Closure,
warn-1453,,il,MONTGOMERY WARD & COMPANY,NILES,203,Plant Closure,
warn-1454,,il,MONTGOMERY WARD & COMPANY,NILES,148,Plant Closure,
warn-1455,,il,WORLD COLOR COMPANY,DES PLAINES,267,Plant Closure,
warn-1456,,il,CENTRAL STATES WIPING,BELLEVILLE,100,Mass Layoff,
warn-1457,,il,SPIEGEL,Bensenville,135,Plant Closure,
warn-1458,,il,CIGNA HEALTHCARE,WOODRIDGE,108,Plant Closure,
warn-1459,,il,UniCare Life & Health Insurance,MATTESON,71,Plant Closure,
warn-1460,,il,NATIONAL RAILROAD PASSENGER CORP,CHICAGO,300,Plant Closure,
warn-1461,,il,"MEAD CORPORATION, PACKAGING DIVISION",GODFREY,104,Plant Closure,
warn-1462,,il,"SIEMENS MEDICAL SYSTEMS, INC.",HOFFMAN ESTATES,600,Layoff,
warn-1463,,il,CERION TECHNOLOGIES,CHAMPAIGN,248,Plant Closure,
warn-1464,,il,R. R. DONNELLEY & SONS COMPANY,WILLOWBROOK,0,Layoff,
warn-1465,,il,SILGAN CONTAINERS,HOOPESTON,203,Layoff,
warn-1466,,il,"HAZELWOOD FARMS BAKERIES, INC.",Buffalo Grove,75,Mass Layoff,
warn-1467,,il,GENDEX DENTAL X-RAYDIVISION,CHICAGO,101,Mass Layoff,
warn-1468,,il,Kmart,HIGHLAND PARK,92,Plant Closure,
warn-1469,,il,NORTHBROOK PROPERTY & CASUALTY INSURANCE,SOUTH BARRINGTON,81,Plant Closure,
warn-1470,,il,SUN ELECTRIC CORPORATION,Crystal Lake,304,Mass Layoff,
warn-1471,,il,BETZDEARBORN INC./WATER MANAGEMENT GROUP,LAKE ZURICH,170,Mass Layoff,
warn-1472,,il,WAGNER CASTINGS COMPANY MALLEABLE FOUNDR,Decatur,109,Plant Closure,
warn-1473,,il,KOMATSU AMERICA INTERNATIONAL CO,LIBERTYVILLE,14,Layoff,
warn-1474,,il,FRANK'S NURSERY & CRAFTS DISTRIBUTION CE,Chicago,89,Plant Closure,
warn-1475,,il,ZEIGLER OLD BEN COAL COMPANY MINE #26,SESSER,256,Plant Closure,
warn-1476,,il,MODERN DAIRY,Champaign,180,Plant Closure,
warn-1477,,il,KELLY FOOD PRODUCTS INC,Decatur,250,Layoff,
warn-1478,,il,PARK HYATT CHICAGO,CHICAGO,189,Plant Closure,
warn-1479,,il,"WESTERN ATLAS, INC",SOUTH BELOIT,150,Plant Closure,
warn-1480,,il,JEFFERSON SMURFIT CORP,CHICAGO,131,Plant Closure,
warn-1481,,il,KMART #4154,NORTH AURORA,87,Plant Closure,
warn-1482,,il,ST. LUKE HEALTH CARE CENTER,BEARDSTOWN,195,Plant Closure,
warn-1483,,il,MCGRAW-HILL COMPANIES,BURR RIDGE,65,Plant Closure,
warn-1484,,il,,Alsip,96,Plant Closure,
warn-1485,,il,"PALMET VENTURES, L.L.C",CHICAGO,368,Plant Closure,
warn-1486,,il,PROSOURCE DISTRIBUTION CENTER,DOWNERS GROVE,120,Plant Closure,
warn-1487,,il,MEDINAH COUNTRY CLUB,Medinah,100,Plant Closure,
warn-1488,,il,CNA INSURANCE CO'S INFORMATION TECHNOLOG,Chicago,517,Plant Closure,
warn-1489,,il,"RR DONNELLEY & SONS COMPANY, MIDWEST DIV",Dwight,1000,Layoff,
warn-1490,,il,UNISYS CORPORATION,ELK GROVE VILLGE,260,Mass Layoff,
warn-1491,,il,"MALCO, INC.",Union,75,Plant Closure,
warn-1492,,il,FILKO AUTOMOTIVE PRODUCTS,DES PLAINES,75,Plant Closure,
warn-1494,,il,KMART #4324,DOWNERS GROVE,58,Plant Closure,
warn-1495,,il,INTEGRATED SYSTEMS SOLUTION CORP,CHICAGO,74,Plant Closure,
warn-1496,,il,"TCI, INC.",Mount Prospect,109,Mass Layoff,
warn-1497,,il,BALL FOSTER GLASS PACKAGING,LINCOLN,272,Layoff,
warn-1498,,il,SILGAN CONTAINER,ROCHELLE,60,Plant Closure,
warn-1499,,il,MARSHALL FIELD'S,PARK FOREST,125,Plant Closure,
warn-1500,,il,WITCO CORPORATION,Chicago,157,Plant Closure,
warn-1501,,il,ALLSTATE INSURANCE COMPANY'S (SUBROGATIO,CHICAGO,62,Plant Closure,
warn-1502,,il,"SAFEGUARD BUSINESS SYSTEMS, INC.",Addison,121,Plant Closure,
warn-1503,,il,VAN DEN BERGH FOODS COMPANY,LISLE,279,Plant Closure,
warn-1504,,il,UNO-VEN COMPANY,Arlington Heights,251,Plant Closure,
warn-1505,,il,MOSBY-YEAR BOOK,Chicago,95,Plant Closure,
warn-1506,,il,"AMRE, INC.",ARLINGTON HGTS,109,Plant Closure,
warn-1507,,il,SHERWIN-WILLIAMS COMPANY,CHICAGO,80,Plant Closure,
warn-1508,,il,THERMOS COMPANY,Freeport,520,Plant Closure,
warn-1509,,il,"LEAF, INC.",Lake Forest,165,Mass Layoff,
warn-1510,,il,SAVANNA US ARMY DEPOT,SAVANNA,405,Plant Closure,
warn-1511,,il,AMAX COAL COMPANY - WABASH MINE,KEENSBURG,611,Plant Closure,
warn-1512,,il,FMD ELECTRONICS OPERATION,ROSCOE,64,Layoff,
warn-1513,,il,DONTECH,Bedford Park,60,Plant Closure,
warn-1514,,il,ZENITH ELECTRONICS CORP,CHICAGO,56,Plant Closure,
warn-1515,,il,ZENITH ELECTRONICS CORP,CHICAGO,89,Plant Closure,
warn-1516,,il,"PYLE-NATIONAL, INC.",Chicago,136,Plant Closure,
warn-1517,,il,NUWORLD MARKETING LIMITED,MASCOUTAH,105,Mass Layoff,
warn-1518,,il,MAGNA FOOD STORE,ROCKFORD,82,Plant Closure,
warn-1519,,il,KMART #4412,Wood River,78,Plant Closure,
warn-1520,,il,PRECISION SCIENTIFIC,Chicago,105,Plant Closure,
warn-1521,,il,WOOD RIVER TOWNSHIP HOSPITAL,WOOD RIVER,200,Plant Closure,
warn-1522,,il,WOOD RIVER TOWNSHIP HOSPITAL,WOOD RIVER,300,Mass Layoff,
warn-1524,,il,JACK IN THE BOX FOODMAKER DISTRIBUTION C,Danville,70,Layoff,
warn-1525,,il,BYERLY'S,HIGHLAND PARK,270,Plant Closure,
warn-1526,,il,BYERLY'S,SCHAUMBURG,214,Plant Closure,
warn-1527,,il,MONTGOMERY WARD & COMPANY,SCHAUMBURG,154,Plant Closure,
warn-1528,,il,"EXCEL INDUSTRIES, INC/AUTOMOTIVE PLANT",Rockford,330,Plant Closure,
warn-1529,,il,CALIFORNIA MICROWAVE NETWORK SYSTEM,GLENDALE HEIGHTS,80,Layoff,
warn-1530,,il,ZENITH ELECTRONICS CORPORATION,MELROSE PARK,762,Plant Closure,
warn-1531,,il,"MISS ELAINE, INC",Centralia,71,Plant Closure,
warn-1532,,il,"VIKING FREIGHT, INC",Des Plaines,382,Plant Closure,
warn-1533,,il,"VIKING FREIGHT, INC",Oak Lawn,0,Layoff,
warn-1534,,il,RR DONNELLEY LOGISTICS SERVICES,SUMMIT,90,Plant Closure,
warn-1535,,il,SCHULLER INTERNATIONAL,Waukegan,228,Plant Closure,
warn-1536,,il,CARADCO,RANTOUL,1031,Layoff,
warn-1537,,il,ROCK-TENN COMPANY,MUNDELEIN,160,Plant Closure,
warn-1538,,il,MONTGOMERY WARD & CO.,FRANKLIN PARK,180,Plant Closure,
warn-1539,,il,DEPT.OF MENTAL HEALTH AND DEVELOPMENTAL,CHICAGO,230,Plant Closure,
warn-1540,,il,MATSUSHITA MICROWAVE OVEN CORP,FRANKLIN PARK,300,Plant Closure,
warn-1541,,il,BORDEN CHEMICAL INC.,FOREST PARK,57,Layoff,
warn-1542,,il,PACIFIC RAIL SERVICES,CICERO,100,Plant Closure,
warn-1543,,il,"AMERICAN DRUG STORES, INC",OAK BROOK,280,Layoff,
warn-1544,,il,GREAT AMERICAN PRODUCTS INC.,BROADVIEW,75,Plant Closure,
warn-1545,,il,NORTH SAFETY PRODUCTS,Rockford,134,Mass Layoff,
warn-1546,,il,ATWOOD INDUSTRIES,OREGON,66,Plant Closure,
warn-1548,,il,OXFORD INTERNATIONAL LTD,CHICAGO,60,Plant Closure,
warn-1549,,il,OXFORD INTERNATIONAL LTD,CHICAGO,120,Mass Layoff,
warn-1550,,il,RYDER INTEGRATED LOGISTICS,AURORA,60,Plant Closure,
warn-1551,,il,NORWEST,SPRINGFIELD,500,Layoff,
warn-1552,,il,HP INC.,EAST DUBUQUE,133,Plant Closure,
warn-1553,,il,MONTGOMERY WARD & COMPANY,CHICAGO,167,Plant Closure,
warn-1554,,il,STAR-KIST FOODS DISTRIBUTION CENTER,Kankakee,348,Plant Closure,
warn-1555,,il,PENSKE DEDICATED LOGISTICS INC,NORTHLAKE,81,Plant Closure,
warn-1556,,il,PIONEER FINANCIAL SERVICES,Schaumburg,140,Mass Layoff,
warn-1557,,il,PARKER HANNIFLIN CORP/HYDRAULIC VALVE DI,NILES,58,Plant Closure,
warn-1559,,il,OLD BEN COAL SPARTAN MINE,SPARTA,172,Plant Closure,
warn-1560,,il,SCHERING-PLOUGH ANIMAL HEALTH,MUNDELEIN,216,Plant Closure,
warn-1561,,il,MONTGOMERY WARD ELECTRIC AVENUE & MORE S,ROCKFORD,60,Plant Closure,
warn-1562,,il,SOLOPAK MEDICAL PRODUCTS INC,FRANKLIN PARK,93,Plant Closure,
warn-1563,,il,AMERICAN HAWAII CRUISES,CHICAGO,53,Plant Closure,
warn-1564,,il,ADT SECURITY SERVICES INC,ELMHURST,59,Plant Closure,
warn-1565,,il,ADT SECURITY SERVICES INC,ELMHURST,58,Plant Closure,
warn-1566,,il,SIMKINS INDUSTRIES INC,CICERO,51,Plant Closure,
warn-1567,,il,SIMKINS INDUSTRIES INC,CICERO,126,Mass Layoff,
warn-1568,,il,"KECK, MAHIN & CATE",Chicago,100,Plant Closure,
warn-1569,,il,,MORTON GROVE,92,Plant Closure,
warn-1570,,il,,MORTON GROVE,73,Plant Closure,
warn-1572,,il,HILLSBORO GLASS COMPANY,HILLSBORO,237,Plant Closure,
warn-1573,,il,"MONTGOMERY WARD & CO, INC.",PEORIA,104,Plant Closure,
warn-1574,,il,EASCO CORP,Dolton,215,Plant Closure,
warn-1575,,il,EASCO CORP,Dolton,240,Mass Layoff,
warn-1576,,il,TRUSERV DISTRIBUTION CENTER,CHARLESTON,115,Plant Closure,
warn-1577,,il,WESTERN DIVERSIFIED,DEERFIELD,125,Mass Layoff,
warn-1578,,il,NORFORGE AND MACHINING INC.,BUSHNELL,145,Plant Closure,
warn-1579,,il,MONTGOMERY WARD & COMPANY,MOUNT PROSPECT,156,Plant Closure,
warn-1580,,il,"MONTGOMERY WARD & CO., INC.",LANSING,92,Plant Closure,
warn-1581,,il,"MONTGOMERY WARD & CO., INC.",WAUKEGAN,108,Plant Closure,
warn-1582,,il,"K-L INDUSTRIES, INC",CHICAGO,65,Plant Closure,
warn-1583,,il,"MONTGOMERY WARD & CO., INC.",NORMAL,65,Plant Closure,
warn-1584,,il,"GC SERVICES, EDUCATION OFFICE",SCHAUMBURG,65,Plant Closure,
warn-1585,,il,FISCHER IMAGING CORPORATION,Addison,70,Plant Closure,
warn-1586,,il,HYMAN FREIGHTWAYS INC,Chicago,45,Layoff,
warn-1587,,il,GOLD STANDARD,Chicago,190,Mass Layoff,
warn-1588,,il,TRANSAMERICA LEASING INC.,Chicago,65,Plant Closure,
warn-1589,,il,"EVRON INDUSTRIES, INC",Chicago,94,Plant Closure,
warn-1590,,il,SPARTON ENGINEERED PRODUCTS,GRAYVILLE,80,Plant Closure,
warn-1591,,il,CENTURY II STAFFING/CALUMET AUTO/TRUCK P,SOUTH HOLLAND,59,Plant Closure,
warn-1592,,il,DANLY MACHINE LP,Cicero,131,Plant Closure,
warn-1593,,il,AETNA/US HEALTHCARE,ROCKFORD,95,Plant Closure,
warn-1594,,il,PRUDENTIAL HELATHCARE GROUP,RICHTON PARK,350,Plant Closure,
warn-1595,,il,TNT SKYPAK INC,SCHILLER PARK,58,Plant Closure,
warn-1596,,il,HOME QUARTERS,MELROSE PARK,77,Plant Closure,
warn-1597,,il,HOME QUARTERS,SCHAUMBURG,77,Plant Closure,
warn-1598,,il,HOME QUARTERS,ROCKFORD,69,Plant Closure,
warn-1599,,il,WILTON TOOL GROUP,SCHILLER PARK,80,Plant Closure,
warn-1600,,il,HOME INNOVATIONS INC.,LAKE ZURICH,265,Plant Closure,
warn-1601,,il,"SPORTMART, INC.",Wheeling,200,Plant Closure,
warn-1602,,il,CLARK DISTRIBUTION SERVICES INC,Bedford Park,200,Plant Closure,
warn-1603,,il,PROFESSIONAL SOFTWARE INC.,EFFINGHAM,130,Plant Closure,
warn-1604,,il,"ELGIN, JOLIET AND EASTERN RAILWAY COMPAN",JOLIET,52,Plant Closure,
warn-1605,,il,"PENN-DANIELS, INC",Quincy,132,Mass Layoff,
warn-1606,,il,USA FLEX,Bloomingdale,55,Plant Closure,
warn-1607,,il,LONGVIEW FIBRE COMPANY CENTRAL CONTAINER,ROCKFORD,133,Mass Layoff,
warn-1608,,il,SHAPE MIDWEST DIVISION,NORTHBROOK,103,Plant Closure,
warn-1609,,il,AMERICAN MEDICAL RESPONSE-MIDWEST DIVISI,LAKE BLUFF,51,Layoff,
warn-1610,,il,AMERICAN MEDICAL RESPONSE-MIDWEST DIVISI,GLENDALE HEIGHTS,172,Plant Closure,
warn-1611,,il,AMERICAN MEDICAL RESPONSE-MIDWEST DIVISI,HICKORY HILLS,169,Plant Closure,
warn-1612,,il,AMERICAN MEDICAL RESPONSE-MIDWEST DIVISI,SKOKIE,121,Plant Closure,
warn-1613,,il,BORDON FOODS CORPORATION,NORTHBROOK,124,Plant Closure,
warn-1614,,il,"SHAW INDUSTRIES, INC.",BURBANK,96,Plant Closure,
warn-1615,,il,INTERCRAFT COMPANY,Mundelein,271,Plant Closure,
warn-1616,,il,NACCO,DANVILLE,175,Plant Closure,
warn-1617,,il,BANK OF AMERICA - MIDWEST RETAIL OPERATI,CHICAGO,65,Plant Closure,
warn-1618,,il,AT&T BUSINESS COMMUNICATION SERVICES,CHICAGO,64,Plant Closure,
warn-1619,,il,AMERAIL - AMERICAN PASSENGER RAIL CAR CO,CHICAGO,598,Plant Closure,
warn-1620,,il,LIPTON,CHANNAHON,172,Plant Closure,
warn-1621,,il,Target Stores,Chiacgo,106,Plant Closure,
warn-1622,,il,"JOHNS MANVILLE INTERNATIONAL,INC",Waukegan,169,Plant Closure,
warn-1623,,il,J.L. CLARK,DOWNERS GROVE,80,Mass Layoff,
warn-1624,,il,FIRST DATA CORP,BUFFALO GROVE,190,Mass Layoff,
warn-1625,,il,"CERTIFIED GROCERS MIDWEST, INC",HODGKINS,415,Plant Closure,
warn-1626,,il,"BEARDSLEY & PIPER, LLC",CHICAGO,71,Plant Closure,
warn-1627,,il,"GLENAYRE ELECTRONICS, INC.",QUINCY,547,Layoff,
warn-1628,,il,"GLENAYRE ELECTRONICS, INC.",QUINCY,238,Plant Closure,
warn-1629,,il,"VENTURE STORES, INC. V-151",ROCKFORD,98,Plant Closure,
warn-1630,,il,WANG GOVERNMENT SERVICES,CAHOKIA,56,Plant Closure,
warn-1631,,il,CCH INCORPORATED,CHICAGO,39,Layoff,
warn-1632,,il,FIELD CONTAINER COMPANY L P,MOMENCE,50,Plant Closure,
warn-1633,,il,ZION GENERATING STATION/COMED,Zion,801,Plant Closure,
warn-1634,,il,HEBENSTREIT COMMUNICATIONS CORP.,Schaumburg,144,Plant Closure,
warn-1635,,il,HONEYWELL HOME & BUILDING CONTROL,ARLINGTON HGTS,62,Plant Closure,
warn-1636,,il,MCKESSON CORPORATION,Romeoville,158,Plant Closure,
warn-1637,,il,"MARTIN INDUSTRIES, INC.",East Saint Louis,92,Plant Closure,
warn-1638,,il,GE CAPITAL,ROLLING MEADOWS,121,Plant Closure,
warn-1639,,il,"LAIDLAW TRANSIT, INC",CHICAGO,144,Plant Closure,
warn-1640,,il,"PRECISION PRODUCTS, INC.",Springfield,206,Plant Closure,
warn-1641,,il,"VENTURE STORES, INC.",ALTON,113,Plant Closure,
warn-1642,,il,"VENTURE STORES, INC.",CRYSTAL LAKE,71,Plant Closure,
warn-1643,,il,"VENTURE STORES, INC.",CREST HILL,75,Plant Closure,
warn-1644,,il,"VENTURE STORES, INC.",BOURBONNAIS,63,Plant Closure,
warn-1645,,il,"VENTURE STORES, INC.",MOLINE,73,Plant Closure,
warn-1646,,il,"VENTURE STORES, INC.",PEORIA,92,Plant Closure,
warn-1647,,il,"VENTURE STORES, INC.",DECATUR,75,Plant Closure,
warn-1648,,il,ROBBINS RESOURCE RECOVERY FACILITY,ROBBINS,142,Plant Closure,
warn-1649,,il,"VENTURE STORES, INC.",SPRINGFIELD,96,Plant Closure,
warn-1650,,il,"VENTURE STORES, INC.",ADDISON,77,Plant Closure,
warn-1651,,il,"VENTURE STORES, INC.",DOWNERS GROVE,90,Plant Closure,
warn-1652,,il,"VENTURE STORES, INC.",NAPERVILLE,86,Plant Closure,
warn-1653,,il,"VENTURE STORES, INC.",OAK BROOK TERACE,124,Plant Closure,
warn-1654,,il,"VENTURE STORES, INC.",AURORA,69,Plant Closure,
warn-1655,,il,"VENTURE STORES, INC.",ELGIN,55,Plant Closure,
warn-1656,,il,"VENTURE STORES, INC.",GENEVA,69,Plant Closure,
warn-1657,,il,"VENTURE STORES, INC.",MUNDELEIN,74,Plant Closure,
warn-1658,,il,"VENTURE STORES, INC.",WAUKEGAN,105,Plant Closure,
warn-1659,,il,"VENTURE STORES, INC.",BELLEVILLE,76,Plant Closure,
warn-1660,,il,"VENTURE STORES, INC.",FAIRMONT CITY,57,Plant Closure,
warn-1661,,il,"VENTURE STORES, INC.",FAIRVIEW HEIGHTS,96,Plant Closure,
warn-1662,,il,"VENTURE STORES, INC.",BEDFORD PARK,205,Plant Closure,
warn-1663,,il,"VENTURE STORES, INC.",BRIDGEVIEW,110,Plant Closure,
warn-1664,,il,"VENTURE STORES, INC.",CALUMET CITY,141,Plant Closure,
warn-1665,,il,"VENTURE STORES, INC.",CRESTWOOD,81,Plant Closure,
warn-1666,,il,"VENTURE STORES, INC.",COUNTRYSIDE,81,Plant Closure,
warn-1667,,il,"VENTURE STORES, INC.",FOREST PARK,110,Plant Closure,
warn-1668,,il,"VENTURE STORES, INC.",HOMEWOOD,76,Plant Closure,
warn-1669,,il,"VENTURE STORES, INC.",MATTESON,81,Plant Closure,
warn-1670,,il,"VENTURE STORES, INC.",MELROSE PARK,85,Plant Closure,
warn-1671,,il,"VENTURE STORES, INC.",NORRIDGE,151,Plant Closure,
warn-1672,,il,"VENTURE STORES, INC.",OAK LAWN,162,Plant Closure,
warn-1673,,il,"VENTURE STORES, INC.",ORLAND PARK,92,Plant Closure,
warn-1674,,il,"VENTURE STORES, INC.",ARLINGTON HGTS,72,Plant Closure,
warn-1675,,il,"VENTURE STORES, INC.",MOUNT PROSPECT,76,Plant Closure,
warn-1676,,il,"VENTURE STORES, INC.",NILES,87,Plant Closure,
warn-1677,,il,"VENTURE STORES, INC.",SCHAUMBURG,76,Plant Closure,
warn-1678,,il,"VENTURE STORES, INC.",SKOKIE,111,Plant Closure,
warn-1679,,il,"VENTURE STORES, INC.",CHICAGO,141,Plant Closure,
warn-1680,,il,"VENTURE STORES, INC.",CHICAGO,136,Plant Closure,
warn-1681,,il,"VENTURE STORES, INC.",CHICAGO,183,Plant Closure,
warn-1682,,il,"VENTURE STORES, INC.",CHICAGO,174,Plant Closure,
warn-1683,,il,KOWA PRINTING CORP,Danville,150,Plant Closure,
warn-1684,,il,ENCO MANUFACTURING COMPANY,CHICAGO,92,Plant Closure,
warn-1685,,il,WASTE MANAGMENT,OAK BROOK,1256,Layoff,
warn-1686,,il,FOUR SEASONS,MELROSE PARK,60,Plant Closure,
warn-1687,,il,"S & H CITADEL, INC.",HILLSIDE,183,Plant Closure,
warn-1688,,il,SUNBEAM CORP,AURORA,150,Plant Closure,
warn-1689,,il,PALEX,MATTOON,85,Plant Closure,
warn-1691,,il,"J.C.PENNEY COMPANY, INC.",MACHESNEY PARK,101,Plant Closure,
warn-1692,,il,,EAST PEORIA,161,Plant Closure,
warn-1693,,il,KN ENERGY INC.,LOMBARD,95,Plant Closure,
warn-1694,,il,KENDALL COMPANY,ELGIN,53,Plant Closure,
warn-1695,,il,MONTGOMERY WARD & CO,CARBONDALE,75,Plant Closure,
warn-1696,,il,KMART CORP STORE #4262,DOLTON,113,Plant Closure,
warn-1697,,il,BLUECROSS AND BLUE SHIELD,MARION,129,Plant Closure,
warn-1698,,il,WORLDCOM,Villa Park,142,Plant Closure,
warn-1699,,il,"HANDLEMAN COMPANY, CHICAGO SALES OFFICE",Dundee,16,Layoff,
warn-1700,,il,ROCK CREEK CENTER,Lemont,240,Plant Closure,
warn-1701,,il,ROCK CREEK CENTER,Lemont,100,Mass Layoff,
warn-1702,,il,HOME QUARTERS,BLOOMINGDALE,78,Plant Closure,
warn-1703,,il,BEST FOODS BAKING GROUP,NORTHLAKE,60,Layoff,
warn-1704,,il,BUILDERS TRANSPORT INC.,EAST ST LOUIS,135,Mass Layoff,
warn-1705,,il,DIAMOND EXTERIORS INC,WOODSTOCK,78,Plant Closure,
warn-1706,,il,AMEREN/CIPS,SPRINGFIELD,800,Layoff,
warn-1707,,il,FIRST UNION NATIONAL BANK,CHICAGO,59,Plant Closure,
warn-1708,,il,TELECOMMUNICATIONS DEVICES INC.,LISLE,250,Plant Closure,
warn-1709,,il,AKIMA,GRANITE CITY,202,Plant Closure,
warn-1710,,il,AKIMA,GRANITE CITY,89,Plant Closure,
warn-1711,,il,AKIMA,GRANITE CITY,52,Plant Closure,
warn-1712,,il,"ESSEX GROUP, INC.",PANA,77,Plant Closure,
warn-1713,,il,VISKASE CORPORATION,Bedford Park,245,Mass Layoff,
warn-1714,,il,"INDUSTRIAL COATINGS GROUP, INC.",CHICAGO,210,Plant Closure,
warn-1715,,il,MARWI,OLNEY,75,Plant Closure,
warn-1716,,il,CENDANT MOBILITY SERVICES,OAK BROOK,62,Plant Closure,
warn-1717,,il,CENDANT MOBILITY SERVICES,OAK BROOK,189,Plant Closure,
warn-1718,,il,FIRST OF AMERICA BANK,Bloomington,2421,Layoff,
warn-1719,,il,BAXTER HEALTHCARE CORP.,Round Lake,61,Plant Closure,
warn-1720,,il,MOTOROLA,Chicago,500,Layoff,
warn-1721,,il,"FAVORITE BRANDS INTERNATIONAL, INC",MELROSE PARK,337,Plant Closure,
warn-1722,,il,"HARDINGE, INC",URBANA,51,Plant Closure,
warn-1723,,il,MOTOROLA'S MULTIMEDIA GROUP,LAKE ZURICH,79,Plant Closure,
warn-1724,,il,OLD KENT,OAK LAWN,196,Plant Closure,
warn-1725,,il,NORTHWESTERN STEEL AND WIRE COMPANY,STERLING,355,Plant Closure,
warn-1726,,il,NORTHWESTERN STEEL AND WIRE COMPANY,STERLING,1400,Plant Closure,
warn-1727,,il,MCDONALDS CORP,LISLE,95,Plant Closure,
warn-1728,,il,"SPIEGEL, INC",Downers Grove,85,Plant Closure,
warn-1729,,il,SHERWIN-WILLIAMS COMPANY,KANKAKEE,136,Plant Closure,
warn-1730,,il,"SOFT SHEEN PRODUCTS, INC.",CHICAGO,173,Plant Closure,
warn-1731,,il,"HEALTH SYSTEMS CONSULTANTS, LTD",CHICAGO,195,Plant Closure,
warn-1732,,il,METROPOLITAN COMMUNITY COLLEGE,East Saint Louis,112,Plant Closure,
warn-1733,,il,UNIVERSAL FURNITURE,Alsip,115,Plant Closure,
warn-1734,,il,RIETER AUTOMOTIVE NORTH AMERICA,Chicago,105,Plant Closure,
warn-1735,,il,John Deere Harvester Works,East Moline,160,Plant Closure,
warn-1737,,il,"TICKETMASTER, LLC",CHICAGO,346,Plant Closure,
warn-1738,,il,,Rantoul,60,Plant Closure,
warn-1739,,il,MONTGOMERY WARD INFORMATION SERVICES OPE,CHICAGO,109,Plant Closure,
warn-1740,,il,ILLINOIS GLOVE COMPANY,EFFINGHAM,72,Plant Closure,
warn-1741,,il,COOPER INDUSTRIES HAND TOOLS DIV,SYCAMORE,60,Plant Closure,
warn-1742,,il,"KNIGHT PLASTICS, INC.",ARLINGTON HGTS,58,Plant Closure,
warn-1743,,il,SMURFIT-STONE CONTAINER CORPORATION,Alton,242,Plant Closure,
warn-1744,,il,ANR ADVANCE TRANSPORTATION CO,BEDFORD PARK,287,Plant Closure,
warn-1745,,il,"LITTELFUSE, INC",WATSEKA,109,Plant Closure,
warn-1746,,il,"TRU VUE, INC",Chicago,140,Plant Closure,
warn-1747,,il,DACOR CORPORATION,Winnetka,63,Plant Closure,
warn-1748,,il,CONTINENTAL GRAIN COMPANY,EAST ST LOUIS,57,Plant Closure,
warn-1750,,il,CONTINENTAL GRAIN COMPANY,CHICAGO,138,Plant Closure,
warn-1751,,il,LIBERTY MUTUAL,TAYLORVILLE,104,Plant Closure,
warn-1752,,il,"MOTION INDUSTRIES, INC., BERRY DIVISION",LYONS,88,Plant Closure,
warn-1753,,il,MONTGOMERY WARD & COMPANY,CHICAGO,233,Plant Closure,
warn-1754,,il,STANDARD REGISTER COMPANY,WATSEKA,110,Plant Closure,
warn-1755,,il,STANDARD REGISTER COMPANY,WATSEKA,269,Plant Closure,
warn-1756,,il,FAVORITE BRANDS INTERNATIONAL INC,Skokie,124,Plant Closure,
warn-1757,,il,Bodine Electric Company,Chicago,102,Plant Closure,
warn-1758,,il,Bodine Electric Company,Chicago,120,Plant Closure,
warn-1759,,il,MONTGOMERY WARD & COMPANY,MATTESON,135,Plant Closure,
warn-1760,,il,Mitsubishi Motor Manufacturing,NORMAL,300,Plant Closure,
warn-1761,,il,Mitsubishi Motor Manufacturing,NORMAL,1200,Plant Closure,
warn-1762,,il,Mitsubishi Motor Manufacturing,NORMAL,3791,Mass Layoff,
warn-1764,,il,AMERIN GUARANTY CORPORATION,CHICAGO,140,Plant Closure,
warn-1765,,il,ALCOA EXTRUDED CONTRUCTION PRODUCTS,WEST CHICAGO,268,Plant Closure,
warn-1766,,il,ILLINOIS GLOVE COMPANY,BEARDSTOWN,83,Plant Closure,
warn-1767,,il,COLONIAL PENN,DOWNERS GROVE,67,Plant Closure,
warn-1768,,il,CORPORATE EXPRESS DELIVERY SYSTEMS,CHICAGO,192,Plant Closure,
warn-1769,,il,Snap-On Incorporated,OTTAWA,155,Plant Closure,
warn-1770,,il,"REXAM RELEASE, INC",BEDFORD PARK,69,Plant Closure,
warn-1771,,il,STEELWORKS,SKOKIE,87,Plant Closure,
warn-1772,,il,HOME QUARTERS,VERNON HILLS,72,Plant Closure,
warn-1773,,il,DOMINICKS FINER FOODS & SAFEWAY,HIGHLAND PARK,131,Plant Closure,
warn-1774,,il,HOME QUARTERS,WAUKEGAN,72,Layoff,
warn-1775,,il,HOME QUARTERS,AURORA,127,Plant Closure,
warn-1776,,il,HOME QUARTERS,ELMHURST,67,Plant Closure,
warn-1777,,il,HOME QUARTERS,WOODRIDGE,66,Plant Closure,
warn-1778,,il,HOME QUARTERS,BURBANK,65,Plant Closure,
warn-1779,,il,HOME QUARTERS,COUNTRYSIDE,66,Plant Closure,
warn-1780,,il,HOME QUARTERS,HOMEWOOD,61,Plant Closure,
warn-1781,,il,HOME QUARTERS,MATTESON,50,Plant Closure,
warn-1782,,il,HOME QUARTERS,TINLEY PARK,50,Plant Closure,
warn-1783,,il,HOME QUARTERS,EVANSTON,63,Plant Closure,
warn-1784,,il,HOME QUARTERS,NILES,63,Plant Closure,
warn-1785,,il,HOME QUARTERS,PALATINE,50,Plant Closure,
warn-1786,,il,HOME QUARTERS,JOLIET,64,Plant Closure,
warn-1787,,il,HOME QUARTERS,BOLINGBROOK,62,Plant Closure,
warn-1788,,il,"PLASTACQ II, L.C.",RICHMOND,77,Plant Closure,
warn-1789,,il,"TKI FOODS, INC.",SPRINGFIELD,61,Plant Closure,
warn-1790,,il,PRINCIPAL HEALTHCARE,OAKBROOK TERRACE,57,Plant Closure,
warn-1791,,il,"AMETEK, PANALARM DIVISION",SKOKIE,76,Plant Closure,
warn-1792,,il,Waldom Electronice & Image Comm Inc.,CHICAGO,57,Plant Closure,
warn-1793,,il,"SUPERVALU, INC.",URBANA,154,Plant Closure,
warn-1794,,il,BP AMOCO CORP,Chicago,6300,Mass Layoff,
warn-1795,,il,"PRIMEX TECHNOLOGIES, INC.",MARION,116,Plant Closure,
warn-1796,,il,"TOTAL CONTROL PRODUCTS, INC.",MELROSE PARK,70,Plant Closure,
warn-1797,,il,"PAPER GROUP, THE",CHICAGO,110,Plant Closure,
warn-1798,,il,AMERICAN GENERAL LIFE COMPANIES,CHICAGO,0,Layoff,
warn-1799,,il,Viscofan,DANVILLE,700,Layoff,
warn-1800,,il,ELEMENTIS PIGMENTS INC,EAST ST LOUIS,82,Plant Closure,
warn-1802,,il,GENERAL SIGNAL COMPANY,MT VERNON,67,Plant Closure,
warn-1803,,il,REVERE WARE CORPORATION,CLINTON,320,Plant Closure,
warn-1805,,il,CHICAGO DISPLAY MARKETING CORP,MELROSE PARK,50,Plant Closure,
warn-1806,,il,BANTA DIRECT MARKETING,BERKELEY,130,Plant Closure,
warn-1807,,il,FLEMING CONVENIENCE,EAST PEORIA,130,Plant Closure,
warn-1808,,il,CRUM & FORSTER INSURANCE,OAK BROOK,2,Layoff,
warn-1809,,il,VARIAN X-RAY TUBE PRODUCTS,ARLINGTON HEIGHTS,80,Plant Closure,
warn-1810,,il,Ameriserve Food Distribution Inc.,WOODRIDGE,99,Plant Closure,
warn-1811,,il,VALUEOPTIONS,SKOKIE,100,Plant Closure,
warn-1812,,il,MOTOROLA WIRELESS DATA GROUP,Libertyville,2000,Layoff,
warn-1813,,il,MOTOROLA WIRELESS DATA GROUP,Libertyville,667,Mass Layoff,
warn-1814,,il,MOTOROLA WIRELESS DATA GROUP,Libertyville,659,Plant Closure,
warn-1816,,il,"AVERY DENNISON, SPECIALTY PRODUCTS DIVIS",ROCHELLE,320,Layoff,
warn-1817,,il,CHICAGO INTERNATIONAL CHARTER SCHOOL,CHICAGO,184,Plant Closure,
warn-1818,,il,PLATINUM TECHNOLOGY INTERNATIONAL,OAKBROOK TERRACE,188,Plant Closure,
warn-1819,,il,TREX MEDICAL CORPORATION,BROADVIEW,153,Mass Layoff,
warn-1820,,il,HR TEXTRON,FRANKLIN PARK,67,Plant Closure,
warn-1821,,il,TATE CHEESE,FALLEY CITY,83,Plant Closure,
warn-1822,,il,ST. FRANCIS SCHOOL FOR EXCEPTIONAL CHILD,FREEPORT,96,Plant Closure,
warn-1823,,il,JACOBS ENGINEERING GROUP INC.,CHICAGO,0,Layoff,
warn-1824,,il,ERICKSON COSMETICS CO.,CHICAGO,390,Plant Closure,
warn-1825,,il,Franklin Life Insurance Company,Springfield,950,Layoff,
warn-1826,,il,VISY PACKAGING,SOUTH HOLLAND,86,Plant Closure,
warn-1827,,il,"FAVORITE BRANDS INTERNATIONAL, INC",BANNOCKBURN,150,Plant Closure,
warn-1829,,il,OLD KENT BANK-CHICAGO,VERNON HILLS,79,Plant Closure,
warn-1830,,il,Ameriserve Food Distribution Inc.,GRIDLEY,147,Mass Layoff,
warn-1831,,il,OMC WAUKEGAN,Waukegan,385,Plant Closure,
warn-1832,,il,BWD AUTOMOTIVE CORP,OTTAWA,216,Plant Closure,
warn-1833,,il,GODAN INDUSTRIES,PERU,143,Plant Closure,
warn-1834,,il,E. J. BRACH CORPORATION,SULLIVAN,83,Plant Closure,
warn-1835,,il,"Weyerhaeuser, Containerboard Packaging &",ROCK ISLAND,102,Plant Closure,
warn-1836,,il,Covenant Children's Home,Princeton,116,Mass Layoff,
warn-1838,,il,The Training Center,Decatur,350,Plant Closure,
warn-1839,,il,JCPENNEY COMPANY CREDIT SERVICE CENTER,VILLA PARK,144,Plant Closure,
warn-1840,,il,JOHNSTOWN AMERICA CORP,DANVILLE,159,Plant Closure,
warn-1841,,il,"EAGLE FOOD CENTERS, INC.",ROUND LAKE BEACH,0,Layoff,
warn-1842,,il,"EAGLE FOOD CENTERS, INC.",ROCKFORD,0,Layoff,
warn-1843,,il,"EAGLE FOOD CENTERS, INC.",BURLINGTON,0,Layoff,
warn-1844,,il,"EAGLE FOOD CENTERS, INC.",COUNTRY CLUB HILLS,0,Layoff,
warn-1845,,il,"EAGLE FOOD CENTERS, INC.",ELK GROVE VILLAGE,0,Layoff,
warn-1846,,il,"EAGLE FOOD CENTERS, INC.",CREST HILL,30,Layoff,
warn-1847,,il,"EAGLE FOOD CENTERS, INC.",MOLINE,37,Layoff,
warn-1848,,il,"EAGLE FOOD CENTERS, INC.",EAST PEORIA,34,Layoff,
warn-1849,,il,"EAGLE FOOD CENTERS, INC.",DANVILLE,35,Layoff,
warn-1850,,il,"EAGLE FOOD CENTERS, INC.",DECATUR,37,Layoff,
warn-1851,,il,"EAGLE FOOD CENTERS, INC.",SPRINGFIELD,30,Layoff,
warn-1852,,il,CONSOLIDATED MEDICAL LABORATORIES,LAKE BLUFF,200,Plant Closure,
warn-1853,,il,GENLYTE THOMAS GROUP LLC,MILAN,85,Plant Closure,
warn-1854,,il,FIDELITY NATIONAL FINANCIAL INC.,CHICAGO,112,Plant Closure,
warn-1855,,il,JCPENNEY COMPANY CREDIT SERVICE CENTER,MATTESON,207,Plant Closure,
warn-1856,,il,INTERNATIONAL PAPER,NORTHLAKE,133,Plant Closure,
warn-1857,,il,K MART #3539,SCHAUMBURG,64,Plant Closure,
warn-1858,,il,HARRIS POTTERIES,CLINTON,91,Plant Closure,
warn-1859,,il,"S. RAINTREE ENTERPRISES, INC.",HARVEY,122,Plant Closure,
warn-1861,,il,KNOWLES ELECTRONICS INC.,ELGIN,121,Plant Closure,
warn-1864,,il,ST PAUL FEDERAL BANK,MT PROSPECT,250,Plant Closure,
warn-1865,,il,ROCK-TENN COMPANY,CHICAGO,196,Plant Closure,
warn-1866,,il,HOLIDAY INN-CHICAGO/DESPLAINES,SPRINGFIELD,85,Plant Closure,
warn-1867,,il,"GATX LOGISTICS, INC.",NORMAL,126,Plant Closure,
warn-1868,,il,,CHICAGO,100,Plant Closure,
warn-1869,,il,BANK ONE,OAKBROOK TERRACE,0,Layoff,
warn-1870,,il,FREUDENBERG-NOK,BENSENVILLE,150,Plant Closure,
warn-1871,,il,GE FINANCIAL ASSURANCE,BOLINGBROOK,92,Plant Closure,
warn-1873,,il,VOICESTREAM WIRELESS CORP,CHICAGO,203,Plant Closure,
warn-1874,,il,STATEWIDE JTPA LOCAL LAYOFFS,STATEWIDE,75,Plant Closure,
warn-1875,,il,JCPENNEY COMPANY CREDIT SERVICE CENTER,ELK GROVE VILLAGE,140,Plant Closure,
warn-1876,,il,PRECISION TWIST DRILL CO.,CRYSTAL LAKE,200,Mass Layoff,
warn-1877,,il,TRAILMOBILE,CHARLESTON,900,Layoff,
warn-1878,,il,KIRKWOOD INDUSTRIES INC,MUNDELEIN,122,Plant Closure,
warn-1879,,il,"KOLCRAFT ENTERPRISES, INC.",CHICAGO,50,Plant Closure,
warn-1880,,il,"DELUXE VIDEO SERVICES, INC.",ADDISON,131,Plant Closure,
warn-1881,,il,"DELUXE VIDEO SERVICES, INC.",NORTHBROOK,176,Plant Closure,
warn-1882,,il,"DELUXE VIDEO SERVICES, INC.",GRUNEE,152,Plant Closure,
warn-1883,,il,DEKALB POULTRY RESEARCH INC,ILLIOPOLIS,55,Plant Closure,
warn-1884,,il,OSI INTERNATIONAL FOODS INC,CHICAGO,202,Plant Closure,
warn-1885,,il,OSI INTERNATIONAL FOODS INC,CHICAGO,68,Plant Closure,
warn-1886,,il,SHERWIN-WILLIAMS CHEMICAL COATINGS FACIL,CHICAGO,101,Plant Closure,
warn-1887,,il,"HA-LO INDUSTRIES, INC",NILES,40,Layoff,
warn-1888,,il,"Wing Industries, Inc.",HANOVER PARK,99,Plant Closure,
warn-1889,,il,"MILEPOST TRANSPORTATIONS SERVICES, LLC",CHICAGO,93,Plant Closure,
warn-1890,,il,"PEERLESS OF AMERICA, INC",LINCOLNSHIRE,75,Plant Closure,
warn-1891,,il,Wyeth Ayerst,Carol Stream,75,Plant Closure,
warn-1892,,il,"AMP, INC.",ROMEOVILLE,266,Plant Closure,
warn-1893,,il,,NAPERVILLE,54,Plant Closure,
warn-1894,,il,POLYCON INDUSTRIES,CHICAGO,190,Plant Closure,
warn-1895,,il,K MART #3539,MUNDELEIN,65,Plant Closure,
warn-1896,,il,K MART #3539,ELGIN,68,Plant Closure,
warn-1897,,il,K MART #3539,ADDISON,105,Plant Closure,
warn-1898,,il,K MART #3539,OAKBROOK TERRACE,108,Plant Closure,
warn-1899,,il,K MART #3539,NAPERVILLE,107,Plant Closure,
warn-1900,,il,K MART #3539,MATTESON,131,Plant Closure,
warn-1901,,il,K MART #3539,MOUNT PROSPECT,97,Plant Closure,
warn-1902,,il,K MART #3539,CHICAGO,132,Plant Closure,
warn-1903,,il,MOTOROLA WIRELESS DATA GROUP,SCHAUMBURG,185,Plant Closure,
warn-1904,,il,"Williams Electronic Games, Inc.",CHICAGO,225,Layoff,
warn-1905,,il,,CHICAGO,237,Plant Closure,
warn-1906,,il,AMERICAN FORMS LLC,WHEELING,51,Plant Closure,
warn-1907,,il,STARWOOD,CHICAGO,180,Plant Closure,
warn-1908,,il,MARKET FACTS INC.,AURORA,125,Plant Closure,
warn-1909,,il,MARCHFIRST,PEORIA,55,Plant Closure,
warn-1910,,il,LOGIN BROTHERS BOOK COMPANY,CHICAGO,74,Plant Closure,
warn-1911,,il,MCGRAW-HILL COMPANIES,"CHICAGO,",100,Plant Closure,
warn-1912,,il,CROUSE CARTAGE COMPANY,HICKORY HILLS,247,Plant Closure,
warn-1913,,il,ALLIED PRODUCTS CORPORATION,CHICAGO,289,Plant Closure,
warn-1914,,il,CHICAGO HEIGHTS RAIL MILL AND WASHINGTON,MELROSE PARK,300,Plant Closure,
warn-1916,,il,FIRST DATA RESOURCES,ELGIN,66,Plant Closure,
warn-1917,,il,UNILEVER BESTFOODS NORTH AMERICA,CHICAGO,575,Plant Closure,
warn-1918,,il,LINQ INDUSTRIAL FABRICS INC.,DES PLAINES,99,Plant Closure,
warn-1919,,il,"GROEN, INC.",ELK GROVE VILLAGE,50,Plant Closure,
warn-1920,,il,JCPENNEY COMPANY CREDIT SERVICE CENTER,ST CHARLES,88,Plant Closure,
warn-1921,,il,SHAKLEE U.S.,BEDFORD PARK,70,Plant Closure,
warn-1922,,il,MERIDIAN,CENTRALIA,1350,Mass Layoff,
warn-1923,,il,AUSTEEL,LEMONT,272,Plant Closure,
warn-1925,,il,"OPEN PORT TECHNOLOGY, INC.",CHICAGO,132,Plant Closure,
warn-1926,,il,"ALDWORTH COMPANY, INC.",CALUMET CITY,60,Plant Closure,
warn-1927,,il,MARCHFIRST,CHICAGO,100,Plant Closure,
warn-1928,,il,"KR INDUSTRIES, INC.",CICERO,100,Mass Layoff,
warn-1929,,il,GE CAPITAL AUTO FINANCIAL SERVICES,BARRINGTON,375,Plant Closure,
warn-1930,,il,,CHICAGO,98,Plant Closure,
warn-1931,,il,EARTHGRAINS,ROCKFORD,60,Plant Closure,
warn-1932,,il,Levolor Home Fashions,SOUTH HOLLAND,145,Plant Closure,
warn-1933,,il,METFABCITY,CHICAGO,56,Plant Closure,
warn-1934,,il,GATX TERMINALS CORPORATION,CHICAGO,63,Plant Closure,
warn-1935,,il,"UNITED MODEL DISTRIBUTORS, INC.",WHEELING,132,Plant Closure,
warn-1936,,il,FREMONT COMPENSATION INSURANCE GROUP,CHICAGO,82,Plant Closure,
warn-1937,,il,MONTGOMERY WARD & COMPANY,CHICAGO,914,Plant Closure,
warn-1938,,il,T.R.W. INC.,MARSHALL,900,Layoff,
warn-1939,,il,ARCHER DANIELS MIDLAND COMPANY,STEEGER,72,Plant Closure,
warn-1940,,il,"QUEBECOR WORLD/WCX, L.L.C",SALEM,872,Plant Closure,
warn-1941,,il,CHICAGO PAPERBOARD CORP.,CHICAGO,76,Plant Closure,
warn-1942,,il,MONTGOMERY WARD & COMPANY,CRYSTAL LAKE,111,Plant Closure,
warn-1943,,il,MONTGOMERY WARD & COMPANY,ST CHARLES,112,Plant Closure,
warn-1944,,il,MONTGOMERY WARD & COMPANY,BLOOMINGDALE,226,Plant Closure,
warn-1945,,il,MONTGOMERY WARD & COMPANY,DOWNERS GROVE,109,Plant Closure,
warn-1946,,il,MONTGOMERY WARD & COMPANY,LOMBARD,224,Plant Closure,
warn-1947,,il,MONTGOMERY WARD & COMPANY,BERKELEY,143,Plant Closure,
warn-1948,,il,MONTGOMERY WARD & COMPANY,CHICAGO RIDGE,143,Plant Closure,
warn-1949,,il,MONTGOMERY WARD & COMPANY,EVERGREEN PARK,258,Plant Closure,
warn-1950,,il,MONTGOMERY WARD & COMPANY,CHICAGO,252,Plant Closure,
warn-1951,,il,MONTGOMERY WARD & COMPANY,CHICAGO,219,Plant Closure,
warn-1952,,il,MONTGOMERY WARD & COMPANY,JOLIET,123,Plant Closure,
warn-1953,,il,MONTGOMERY WARD & COMPANY,ROMEOVILLE,259,Plant Closure,
warn-1954,,il,MONTGOMERY WARD & COMPANY,PERU,80,Plant Closure,
warn-1955,,il,MONTGOMERY WARD & COMPANY,MOLINE,99,Plant Closure,
warn-1956,,il,MONTGOMERY WARD & COMPANY,SPRINGFIELD,81,Plant Closure,
warn-1957,,il,PREMCOR BLUE ISLAND REFINERY,BLUE ISLAND,297,Plant Closure,
warn-1958,,il,NACCO,DANVILLE,680,Plant Closure,
warn-1959,,il,UNITED HEALTH CARE OF ILLINOIS,CHICAGO,120,Plant Closure,
warn-1960,,il,KOHLER COMPANY,ROLLING MEADOWS,73,Plant Closure,
warn-1961,,il,KERRIGAN LEWIS ELECTRONICS/CDT,WHEELING,90,Plant Closure,
warn-1962,,il,JCPENNEY COMPANY CREDIT SERVICE CENTER,DANVILLE,71,Plant Closure,
warn-1963,,il,HENDRICKSON COMPONENTS,CHICAGO,266,Plant Closure,
warn-1964,,il,BLAIR INDUSTRIES,CHICAGO,110,Plant Closure,
warn-1965,,il,JCPENNEY COMPANY CREDIT SERVICE CENTER,MT PROSPECT,199,Plant Closure,
warn-1966,,il,SHOPKO STORES INC,MACOMB,73,Plant Closure,
warn-1967,,il,SHOPKO STORES INC,GALESBURG,92,Plant Closure,
warn-1968,,il,SHOPKO STORES INC,QUINCY,99,Plant Closure,
warn-1969,,il,SHOPKO STORES INC,MOLINE,95,Plant Closure,
warn-1970,,il,SHOPKO STORES INC,PEKIN,89,Plant Closure,
warn-1971,,il,SHOPKO STORES INC,ROCKFORD,126,Plant Closure,
warn-1972,,il,Acxiom Chicago Data Center,CHICAGO,93,Plant Closure,
warn-1974,,il,Cub Foods,GENEVA,30,Layoff,
warn-1975,,il,"ZEXEL VALEO COMPRESSORS USA, INC.",ARCOLA,0,Layoff,
warn-1977,,il,VALEO CLIMATE CONTROL,ARCOLA,71,Plant Closure,
warn-1978,,il,GE FINANCIAL ASSURANCE,WAUKEGAN,61,Plant Closure,
warn-1979,,il,GE FINANCIAL ASSURANCE,MIDLOTHIAN,176,Plant Closure,
warn-1980,,il,OLD KENT LEASING,LOMBARD,89,Plant Closure,
warn-1981,,il,ART.COM,CHICAGO,61,Plant Closure,
warn-1982,,il,ECON-O-LINE,EAST PEORIA,233,Plant Closure,
warn-1983,,il,NALCO CHEMICAL COMPANY,BEDFORD PARK CHICA,145,Plant Closure,
warn-1984,,il,BRISKIN MANUFACTURING COMPANY,CHICAGO,263,Plant Closure,
warn-1985,,il,BRISKIN MANUFACTURING COMPANY,CHICAGO,263,Plant Closure,
warn-1986,,il,GEORGIA PACIFIC CORPORATION,Mount Olive,200,Plant Closure,
warn-1987,,il,"CIRCUIT SYSTEMS, INC",ELK GROVE VILLAGE,396,Plant Closure,
warn-1988,,il,JCPENNEY COMPANY CREDIT SERVICE CENTER,CHICAGO,238,Plant Closure,
warn-1989,,il,"ASSEMBLY PLANT MATERIALS SERVICES, INC.",CHICAGO,56,Plant Closure,
warn-1990,,il,Virden Nursing & Rehabilitation Center,Virden,55,Plant Closure,
warn-1991,,il,"SUPERIOR BANK, FSB",ROSEMONT,78,Plant Closure,
warn-1992,,il,WEST GROUP,DEERFIELD,193,Plant Closure,
warn-1993,,il,ZENITH ELECTRONICS CORP,MOUNT PROSPECT,125,Plant Closure,
warn-1994,,il,SCIENT CORPORATION,CHICAGO,60,Plant Closure,
warn-1995,,il,THREE (3) COM CORPORATION,MOUNT PROSPECT,865,Plant Closure,
warn-1996,,il,DAIMLER CHRYSLER CORP,BELVIDERE,1420,Plant Closure,
warn-1997,,il,KOZMO.COM,CHICAGO,0,Layoff,
warn-1998,,il,Medallion Cabinetry,Lanark,163,Plant Closure,
warn-1999,,il,Medallion Cabinetry,Lanark,133,Plant Closure,
warn-2000,,il,COVA FINANCIAL LIFE INSURANCE CO,OAKBROOK TERRACE,64,Plant Closure,
warn-2002,,il,Exide Corporation,Burlington,239,Plant Closure,
warn-2004,,il,REO DIRECT PACKAGING,ALSIP,150,Plant Closure,
warn-2005,,il,AMERICAN EXPRESS TRAVEL,CHICAGO,132,Plant Closure,
warn-2006,,il,AMERICAN EXPRESS TRAVEL,CHICAGO,320,Plant Closure,
warn-2007,,il,AMERICAN EXPRESS TRAVEL,CHICAGO,320,Plant Closure,
warn-2008,,il,AMERICAN EXPRESS TRAVEL,CHICAGO,306,Plant Closure,
warn-2009,,il,FIRST DATA RESOURCES,MATTESON,598,Plant Closure,
warn-2010,,il,NORTH AMERICAN SPRING & STAMPING,ELK GROVE VILLAGE,125,Plant Closure,
warn-2011,,il,SENIOR AUTOMOTIVE,BARTLETT,435,Layoff,
warn-2013,,il,TENEX CORPORATION,ELK GROVE VILLAGE,208,Mass Layoff,
warn-2014,,il,"QUALEX, INC.",STREAMWOOD,203,Plant Closure,
warn-2015,,il,"Grainger, Inc.",Lincolnshire,178,Plant Closure,
warn-2016,,il,EXELON CORPORATION,CHICAGO,50,Plant Closure,
warn-2017,,il,WM WRIGHT COMPANY,CHICAGO,81,Plant Closure,
warn-2018,,il,GERRARD & COMPANY,DES PLAINES,112,Plant Closure,
warn-2019,,il,Levolor Home Fashions,FREEPORT,20,Layoff,
warn-2020,,il,MCGRAW-HILL COMPANIES,ALSIP,60,Plant Closure,
warn-2021,,il,CHARTER ONE BANK,Hinsdale,132,Plant Closure,
warn-2022,,il,"Advanced Data-Comm, Inc.",MOLINE,47,Layoff,
warn-2023,,il,MARRIOTT DISTRIBUTION SERVICE CENTER,OAK BROOK,260,Plant Closure,
warn-2024,,il,JCPENNEY COMPANY CREDIT SERVICE CENTER,PEKIN,56,Plant Closure,
warn-2025,,il,METROPOLITAN LIFE INSURANCE COMPANY,SCHAMBURG,80,Plant Closure,
warn-2026,,il,MARIAH BOATS,BENTON,300,Plant Closure,
warn-2027,,il,"PSW INDUSTRIES, INC.",CHICAGO,200,Plant Closure,
warn-2028,,il,JCPENNEY COMPANY CREDIT SERVICE CENTER,BUFFALO GROVE,346,Plant Closure,
warn-2029,,il,"CHAMPION TECHNOLOGIES, INC.",FRANKLIN PARK,111,Plant Closure,
warn-2030,,il,AKZO NOBEL COATINGS INC.,ZION,89,Plant Closure,
warn-2031,,il,DRY STORAGE CORPORATION,MELROSE PARK,60,Plant Closure,
warn-2032,,il,MANTISS LLP,CHICAGO,115,Plant Closure,
warn-2033,,il,BUTCHERS,ALSIP,57,Plant Closure,
warn-2034,,il,DISNEYQUEST,CHICAGO,281,Plant Closure,
warn-2035,,il,WEBVAN GROUP INC.,CAROL STREAM,305,Plant Closure,
warn-2036,,il,AT&T - CENTRALIA TSPS,OAK BROOK,110,Plant Closure,
warn-2037,,il,WORLD KITCHEN INC.,WAUCONDA,73,Plant Closure,
warn-2038,,il,"R. LAVIN & SONS, INC.",NORTH CHICAGO,132,Plant Closure,
warn-2039,,il,"CHEESECAKE FACTORY EXPRESS, THE",CHICAGO,60,Plant Closure,
warn-2040,,il,"OMNI-CIRCUITS, INC.",GLENDALE,178,Mass Layoff,
warn-2041,,il,BELL & HOWELL,LINCOLNWOOD,120,Plant Closure,
warn-2042,,il,VAPOR CORPORATION,NILES,400,Mass Layoff,
warn-2043,,il,,DUQUOIN,60,Plant Closure,
warn-2044,,il,STANDARD CORPORATION,ROMEOVILLE,132,Plant Closure,
warn-2045,,il,"ZEXEL VALEO COMPRESSORS USA, INC.",DECATUR,311,Layoff,
warn-2046,,il,LACLEDE STEEL COMPANY WIRE MILL OPERATIO,VANDALIA,54,Plant Closure,
warn-2047,,il,BALDWIN ENKEL CORPORATION,MACHESNEY PARK,66,Plant Closure,
warn-2048,,il,"BURKART FOAM, INC.",CAIRO,101,Plant Closure,
warn-2049,,il,"TD WATERHOUSE HOLDINGS, INC.",CHICAGO,317,Plant Closure,
warn-2050,,il,"HOWARD DELIVERY SERVICE, INC.",BROADVIEW,50,Plant Closure,
warn-2051,,il,TWA AIRLINES LLC,CHICAGO,238,Plant Closure,
warn-2052,,il,"T.T.C., ILLINOIS, INC.",KANKAKEE,168,Plant Closure,
warn-2053,,il,Wabash National Parts,Fort Madison,250,Plant Closure,
warn-2054,,il,MELLON LEASING MANUFACTURER,BANNOCKBURN,72,Plant Closure,
warn-2055,,il,TECHNICAL COMPONENTS COMPANY,HARWOOD HEIGHTS,64,Plant Closure,
warn-2056,,il,JCPENNEY COMPANY CREDIT SERVICE CENTER,LINCOLNWOOD,147,Plant Closure,
warn-2057,,il,CONSECO MEDICAL INSURANCE COMPANY,SCHAUMBURG,57,Plant Closure,
warn-2058,,il,BIRMINGHAM STEEL CORPORATION,JOLIET,82,Plant Closure,
warn-2059,,il,"DIAMOND COMIC DISTRIBUTORS, INC",SPARTA,79,Plant Closure,
warn-2060,,il,"ROWECOM, INC./FAXON ILLINOIS",OREGON,62,Plant Closure,
warn-2061,,il,CONVERTER CONCEPTS,QUINCY,83,Plant Closure,
warn-2062,,il,"PINNACLE GROUP ASSOICATES, INC.",LISLE,62,Plant Closure,
warn-2063,,il,"KEWANEE BOILER MANUFACTURING, LLC",KEWANEE,118,Plant Closure,
warn-2064,,il,"UNEXT, INC.",DEERFIELD,88,Plant Closure,
warn-2065,,il,"UNEXT, INC.",DEERFIELD,55,Plant Closure,
warn-2066,,il,Precision Coating Inc,Spring Valley,74,Plant Closure,
warn-2067,,il,CRANE PUMPS & SYSTEMS,DECATUR,82,Plant Closure,
warn-2068,,il,SIMON MARKETING INC.,DOWNERS GROVE,78,Plant Closure,
warn-2069,,il,SIMON MARKETING INC.,DOWNERS GROVE,66,Plant Closure,
warn-2070,,il,DYNACIRCUITS LLC,FRANKLIN PARK,201,Plant Closure,
warn-2071,,il,AMERICAN AIRLINES,CHICAGO,543,Plant Closure,
warn-2072,,il,AMERICAN AIRLINES,CHICAGO,10000,Mass Layoff,
warn-2073,,il,TWA AIRLINES LLC,CHICAGO,238,Layoff,
warn-2074,,il,MARRIOTT INTERNATIONAL,DES PLAINES,205,Plant Closure,
warn-2075,,il,CLASSIC CUSTOM VACATIONS,DOWNERS GROVE,92,Plant Closure,
warn-2076,,il,PRUDENTIAL REAL ESTATE & RELOCATION SERV,SCHAUMBURG,75,Plant Closure,
warn-2077,,il,TUTHILL CORPORATION,ELK  GROVE VILLAGE,63,Plant Closure,
warn-2078,,il,NORTHWEST AIRLINES,CHICAGO,79,Plant Closure,
warn-2079,,il,NORTHWEST AIRLINES,CHICAGO,119,Plant Closure,
warn-2080,,il,EATON CORPORATION,MACHESNEY PARK,145,Plant Closure,
warn-2081,,il,CARLSON WAGONLIT TRAVEL,ROLLING MEADOWS,121,Plant Closure,
warn-2082,,il,CARLSON WAGONLIT TRAVEL,ROLLING MEADOWS,138,Mass Layoff,
warn-2084,,il,"EVERPURE, INC.",WESTMONT,75,Plant Closure,
warn-2085,,il,QUEBECOR WORLD,ELK GROVE VILLAGE,126,Plant Closure,
warn-2086,,il,POWERS PROCESS CONTROLS,SKOKIE,68,Plant Closure,
warn-2087,,il,JUMERS CONTINENTAL INN,GALESBURG,86,Plant Closure,
warn-2088,,il,AT&T BUSINESS COMMUNICATION SERVICES,OAK BROOK,68,Plant Closure,
warn-2089,,il,AT&T BUSINESS COMMUNICATION SERVICES,CHICAGO,136,Mass Layoff,
warn-2090,,il,NOLATO SHIELDMATE,ITASCA,110,Plant Closure,
warn-2091,,il,"PROMOTION SUPPORT SERVICES, INC.",GALESBURG,60,Plant Closure,
warn-2092,,il,"DAN HOWARD INDUSTRIES, INC.",CHICAGO,64,Plant Closure,
warn-2093,,il,SPHERION PACIFIC ENTERPRISES LLC,Quincy,86,Plant Closure,
warn-2094,,il,SOFT SHEEN/CARSON PRODUCTS,CHICAGO,126,Plant Closure,
warn-2095,,il,SOFT SHEEN/CARSON PRODUCTS,CHICAGO,63,Plant Closure,
warn-2096,,il,LEGGETT & PLATT INC.,CHICAGO,70,Plant Closure,
warn-2097,,il,NUSSBAUM TRUCKING INC. LTL DIVISION,NORMAL,130,Plant Closure,
warn-2098,,il,AMERITECH,ARLINGTON HEIGHTS,66,Plant Closure,
warn-2099,,il,,Hoffman Estates,500,Plant Closure,
warn-2100,,il,,Hoffman Estates,250,Plant Closure,
warn-2101,,il,,Hoffman Estates,870,Plant Closure,
warn-2102,,il,,Hoffman Estates,1000,Mass Layoff,
warn-2103,,il,GE FINANCIAL ASSURANCE,CHIAGO,133,Plant Closure,
warn-2104,,il,E.G. Home Center,Carol Stream,65,Plant Closure,
warn-2105,,il,Loparex,West Chicago,85,Plant Closure,
warn-2106,,il,WTC,Carol Stream,112,Plant Closure,
warn-2107,,il,Tellabs,Bolingbrook,900,Mass Layoff,
warn-2108,,il,SARA LEE HOSIERY/CHAMPAIGN DISTRIBUTION,CHICAGO,194,Plant Closure,
warn-2109,,il,SEABURY & SMITH INC.,CHICAGO,74,Plant Closure,
warn-2110,,il,Exide Corporation,Kankakee,300,Layoff,
warn-2111,,il,Exide Corporation,Kankakee,62,Plant Closure,
warn-2113,,il,ACCO NORTH AMERICA,WHEELING,93,Plant Closure,
warn-2114,,il,ACCO NORTH AMERICA,WHEELING,200,Mass Layoff,
warn-2115,,il,"Wallace Computer Services, Inc.",ST. CHARLES,53,Plant Closure,
warn-2116,,il,KEMMER PRAZISION,CHICAGO,115,Plant Closure,
warn-2117,,il,"CORSOLUTIONS, INC.",WOODRIDGE,74,Plant Closure,
warn-2118,,il,MOTOROLA WIRELESS DATA GROUP,SCHAUMBURG,253,Plant Closure,
warn-2120,,il,"Willamette Industries, Inc.",West Chicago,70,Plant Closure,
warn-2121,,il,LTV STEEL COMPANY,HENNEPIN,583,Plant Closure,
warn-2122,,il,LTV STEEL COMPANY,CHICAGO,222,Plant Closure,
warn-2123,,il,METRIS COMPANIES,CHAMPAIGN,60,Plant Closure,
warn-2124,,il,SEQUA,CHICAGO,71,Plant Closure,
warn-2125,,il,Mail-Well Envelope,CHICAGO,70,Plant Closure,
warn-2126,,il,"ALLIANT FOODSERVICE, INC.",DEERFIELD,430,Mass Layoff,
warn-2127,,il,"Wilcox, Inc.",EFFINGHAM,85,Plant Closure,
warn-2128,,il,Candle Corporation of America,CHICAGO,155,Plant Closure,
warn-2129,,il,"CHICAGO SPECIALTIES, LLC.",Chicago,71,Plant Closure,
warn-2130,,il,COMDISCO HOLDING COMPANY INC.,SCHAUMBURG,57,Plant Closure,
warn-2131,,il,Dvlpmntl Svcs Ctr-champaign Cty.,Champaign,79,Plant Closure,
warn-2132,,il,CITICORP DINERS CLUB INC.,CHICAGO,61,Plant Closure,
warn-2133,,il,ALLSTATE INSURANCE COMPANY'S (SUBROGATIO,VERNON HILLS,121,Plant Closure,
warn-2134,,il,AMERICAN BAPTIST HOMES OF THE MIDWEST,MAYWOOD,111,Plant Closure,
warn-2135,,il,A.B. Dick Company,Niles,120,Plant Closure,
warn-2136,,il,MCCOOK METALS,MCCOOK,483,Plant Closure,
warn-2137,,il,SAKS INCORPORATED CREDIT FACILITY,URBANA,83,Plant Closure,
warn-2138,,il,Rudolf Express,Kankakee,250,Plant Closure,
warn-2139,,il,UNION PLANTERS DIRECT CALL CENTER,BELLEVILLE,114,Plant Closure,
warn-2140,,il,ROHN INDUSTRIES INC.,PEORIA,625,Mass Layoff,
warn-2141,,il,AMERICAN MEAT PACKING CO,CHICAGO,300,Plant Closure,
warn-2142,,il,SOLO CUP COMPANY,CHICAGO,89,Plant Closure,
warn-2143,,il,BANKFINANCIAL F.S.B.,LINCOLNSHIRE,53,Plant Closure,
warn-2144,,il,SAKS INCORPORATED CREDIT FACILITY,ELMHURST,109,Mass Layoff,
warn-2145,,il,SANFORD CORP.,BELLWOOD,100,Plant Closure,
warn-2146,,il,INTEGRITY UNIFORMS,CHICAGO,59,Plant Closure,
warn-2147,,il,"DFG FOODS, LLC",CHICAGO,273,Plant Closure,
warn-2148,,il,S-B POWER TOOL COMPANY,ELK GROVE VILLAGE,115,Plant Closure,
warn-2149,,il,TECHNICAL COATINGS CO.,MELROSE PARK,87,Plant Closure,
warn-2150,,il,Kroger,SPARTA,60,Plant Closure,
warn-2151,,il,NORGREN ACTUATOR,ROCKFORD,65,Plant Closure,
warn-2152,,il,"APAC CUSTOMER SERVICES, INC.",DEERFIELD,73,Plant Closure,
warn-2153,,il,UNIPRISE & UNITEDHEALTH CARE,MATTESON,211,Plant Closure,
warn-2155,,il,VALEO CLIMATE CONTROL,DECATUR,63,Plant Closure,
warn-2156,,il,,ELK GROVE VILLAGE,85,Plant Closure,
warn-2157,,il,TSI INCORPORATED,SKOKIE,52,Plant Closure,
warn-2158,,il,"GENERAL MILLS, INC.",GENEVA,119,Plant Closure,
warn-2159,,il,SKY CHEFS,CHICAGO,200,Plant Closure,
warn-2160,,il,SKY CHEFS,CHICAGO,650,Plant Closure,
warn-2161,,il,DEAN FOODS ROCKFORD TECHNICAL CENTER,ROCKFORD,70,Plant Closure,
warn-2162,,il,CONSECO MEDICAL INSURANCE COMPANY,ROCKFORD,356,Plant Closure,
warn-2163,,il,GAYLORD CONTAINER CORPORATION,DEERFIELD,120,Plant Closure,
warn-2164,,il,JOHN DEERE COMPANY,SPRINGFIELD,200,Plant Closure,
warn-2165,,il,AMERITECH,SPRINGFIELD,60,Plant Closure,
warn-2166,,il,ABN-AMRO MORTGAGE GROUP,DES PLAINES,75,Plant Closure,
warn-2167,,il,AMERICAN TRANS AIR (ATA),CHICAGO,92,Plant Closure,
warn-2169,,il,K MART #3539,EDWARDSVILLE,100,Plant Closure,
warn-2170,,il,K MART #3539,BOLINGBROOK,90,Plant Closure,
warn-2171,,il,K MART #3539,WHEELING,90,Plant Closure,
warn-2172,,il,K MART #3539,ARLINGTON HEIGHTS,80,Plant Closure,
warn-2173,,il,K MART #3539,MATTOON,60,Plant Closure,
warn-2174,,il,K MART #3539,SCHAUMBURG,100,Plant Closure,
warn-2175,,il,K MART #3539,WOODRIDGE,50,Layoff,
warn-2176,,il,K MART #3539,SYCAMORE,50,Plant Closure,
warn-2177,,il,INTERNATIONAL FLAVORS & FRAGRANCES,CHICAGO,75,Plant Closure,
warn-2178,,il,K MART #3539,ROCKFORD,60,Plant Closure,
warn-2179,,il,K MART #3539,LAKE ZURICH,70,Plant Closure,
warn-2180,,il,K MART #3539,VERNON HILLS,140,Plant Closure,
warn-2181,,il,K MART #3539,PARIS,60,Plant Closure,
warn-2182,,il,K MART #3539,CALUMET CITY,85,Mass Layoff,
warn-2183,,il,K MART #3539,COUNTRYSIDE,65,Layoff,
warn-2184,,il,K MART #3539,NILES,100,Plant Closure,
warn-2185,,il,K MART #3539,GENEVA,60,Layoff,
warn-2186,,il,K MART #3539,AURORA,50,Layoff,
warn-2187,,il,K MART #3539,CHICAGO,100,Plant Closure,
warn-2188,,il,K MART #3539,CHICAGO,120,Plant Closure,
warn-2189,,il,FLINT INK,SALEM,51,Plant Closure,
warn-2190,,il,S & G PACKAGING,ALSIP,92,Plant Closure,
warn-2191,,il,RYMER MEAT INC.,CHICAGO,150,Plant Closure,
warn-2192,,il,FLORSHEIM GROUP INC.,CHICAGO,112,Plant Closure,
warn-2193,,il,FRANKLIN COMMUNITY CARE SERVICES,BENTON,207,Plant Closure,
warn-2194,,il,K MART #3539,DECATUR,80,Plant Closure,
warn-2195,,il,K MART #3539,CENTRALIA,80,Plant Closure,
warn-2196,,il,"ARMILLAIRE TECHNOLOGIES, INC.",NAPERVILLE,88,Plant Closure,
warn-2197,,il,"LAKEVIEW FARMS-ILLINOIS, INC.",CHICAGO,50,Plant Closure,
warn-2198,,il,"S. RAINTREE ENTERPRISES, INC.",CHICAGO,96,Plant Closure,
warn-2199,,il,"VIDEOJET TECHNOLOGIES, INC.",BELLEVILLE,60,Plant Closure,
warn-2200,,il,GE CAPITAL AUTO FINANCIAL SERVICES,CHICAGO,278,Plant Closure,
warn-2201,,il,COOPER BUSSMANN,CHICAGO,135,Plant Closure,
warn-2202,,il,CLOROX PRODUCTS MANUFACTURING CO,CHICAGO,86,Plant Closure,
warn-2203,,il,ARAMARK,ST. CHARLES,320,Mass Layoff,
warn-2205,,il,ARTHUR ANDERSEN LLP,CHICAGO,126,Layoff,
warn-2206,,il,ARTHUR ANDERSEN LLP,CHICAGO,0,Layoff,
warn-2207,,il,ARTHUR ANDERSEN LLP,CHICAGO,0,Layoff,
warn-2208,,il,ARTHUR ANDERSEN LLP,ST CHARLES,450,Plant Closure,
warn-2209,,il,UNILEVER BESTFOODS NORTH AMERICA,MONTGOMERY,300,Plant Closure,
warn-2210,,il,MOTOROLA WIRELESS DATA GROUP,DOWNERS GROVE,117,Plant Closure,
warn-2211,,il,MCLEOD USA PUBLISHING,CHARLESTON,137,Mass Layoff,
warn-2212,,il,SAFETY-KLEEN CORPORATION,CHICAGO,111,Plant Closure,
warn-2213,,il,"BPB AMERICA, INC.",QUINCY,85,Plant Closure,
warn-2214,,il,"NATION PIZZA PRODUCTS, L.P.",WATERMAN,77,Plant Closure,
warn-2215,,il,BIG RIDGE INC.,EQUALITY,70,Plant Closure,
warn-2216,,il,VISIONTEK LLC,GURNEE,224,Plant Closure,
warn-2218,,il,GE FINANCIAL ASSURANCE,GLENWOOD,217,Plant Closure,
warn-2219,,il,"CHECKPOINT SYSTEMS, INC.",BEDFORD PARK,87,Plant Closure,
warn-2220,,il,STRATOS LIGHTWAVE LLC,HARWOOD HEIGHTS,70,Plant Closure,
warn-2221,,il,S & G PACKAGING,PLAINFIELD,191,Plant Closure,
warn-2222,,il,CARRIER COMMERCIAL REFRIGERATION,ALSIP,94,Plant Closure,
warn-2223,,il,EARTHGRAINS,CHICAGO,71,Plant Closure,
warn-2224,,il,Prudential Financial,OAK BROOK,135,Plant Closure,
warn-2227,,il,"KNOMARK, INC.",AURORA,90,Plant Closure,
warn-2228,,il,Advocate Illinois Masonic Medical Center,CHICAGO,161,Plant Closure,
warn-2229,,il,CTS ELECTRONICS CORPORATION,SANDWICH,233,Plant Closure,
warn-2230,,il,MAYFAIR MOLDED PRODUCTS,SCHILLER PARK,64,Plant Closure,
warn-2232,,il,PREMIUM PLASTICS,CHICAGO,238,Plant Closure,
warn-2233,,il,Dwight CC,Sheridan,434,Plant Closure,
warn-2235,,il,FLEXTRONICS,OAKBROOK TERRACE,50,Plant Closure,
warn-2238,,il,M & D INDUSTRIES,MANTENO,111,Plant Closure,
warn-2239,,il,"AUTORAD, INC.",MELROSE PARK,151,Plant Closure,
warn-2240,,il,BEST BUY COMPANY - PRODUCT RETURN CENTER,CAROL STREAM,67,Plant Closure,
warn-2241,,il,TRUSTMARK INSURANCE COMPANY,FREEPORT,68,Plant Closure,
warn-2242,,il,Lutheran Social Services of Illinois,EAST HAZEL CREST,73,Plant Closure,
warn-2243,,il,Lutheran Social Services of Illinois,CAROL STREAM,59,Plant Closure,
warn-2244,,il,Lutheran Social Services of Illinois,NACHUSA,59,Plant Closure,
warn-2245,,il,"ESSEX GROUP, INC.",ROCKFORD,56,Plant Closure,
warn-2246,,il,"Worldcom, Inc.",DOWNERS GROVE,504,Plant Closure,
warn-2247,,il,UniCare Life & Health Insurance,BOLINGBROOK,130,Plant Closure,
warn-2248,,il,METALS USA,GRANITE CITY,132,Mass Layoff,
warn-2249,,il,DUKANE CORPORATION,ST CHARLES,148,Plant Closure,
warn-2250,,il,"SUNSTAR PHARMACEUTICAL, INC.",ELGIN,61,Plant Closure,
warn-2251,,il,SPHERION PACIFIC ENTERPRISES LLC,DOWNERS GROVE,99,Plant Closure,
warn-2252,,il,General Mills,ST. CHARLES,260,Plant Closure,
warn-2253,,il,MOTOROLA WIRELESS DATA GROUP,NORTHBROOK,52,Plant Closure,
warn-2255,,il,"ACCO BRAND, INC.",UNIVERSITY PARK,90,Plant Closure,
warn-2256,,il,AT&T BROADBAND,NAPERVILLE,52,Plant Closure,
warn-2258,,il,FEDERAL MOGUL COMPANY,FRANKLIN PARK,114,Plant Closure,
warn-2259,,il,Austenal,Chicago,66,Plant Closure,
warn-2260,,il,"UNITED PLASTICS GROUP, INC.",BENSENVILLE,120,Plant Closure,
warn-2261,,il,Locustwood Health Care Center,"SPRINGFIELD,",80,Plant Closure,
warn-2262,,il,NESTLE  FOOD CO.,VERNON HILLS,63,Plant Closure,
warn-2263,,il,The Carriage House Inc.,Streator,200,Mass Layoff,
warn-2264,,il,MARRIOTT DISTRIBUTION SERVICE CENTER,HANOVER PARK,124,Plant Closure,
warn-2265,,il,OPEN TV INC.,NAPERVILLE,62,Plant Closure,
warn-2266,,il,"Vonachen Services, Inc",Pontiac,95,Plant Closure,
warn-2267,,il,"Vonachen Services, Inc",Pontiac,50,Plant Closure,
warn-2268,,il,PWS (US FILTER),ROCKFORD,75,Plant Closure,
warn-2269,,il,GALILEO INTERNATIONAL,ROSEMONT,60,Plant Closure,
warn-2270,,il,"CC Services, Inc.",Bloomington,130,Plant Closure,
warn-2271,,il,Fresh Express,Franklin Park,269,Mass Layoff,
warn-2273,,il,HMS HOST,SCHILLER PARK,79,Plant Closure,
warn-2275,,il,SAKS FIFTH AVENUE,OAKBROOK,81,Plant Closure,
warn-2276,,il,"PBM CONCRETE, INC.",ROCHELLE,102,Layoff,
warn-2277,,il,Globe Aviation,Shiller Park,225,Plant Closure,
warn-2278,,il,"UBID.COM, INC.",CHICAGO,52,Plant Closure,
warn-2282,,il,TCF National Bank,Franklin Park,115,Plant Closure,
warn-2283,,il,IBM,CHICAGO,57,Plant Closure,
warn-2284,,il,ATC,SOUTH HOLLAND,104,Plant Closure,
warn-2288,,il,AUTOCAM - HAR MANUFACTURING,FRANKLIN PARK,105,Plant Closure,
warn-2289,,il,BUDGET GROUP INC. (CENDANT),LISLE,183,Mass Layoff,
warn-2290,,il,"ALTERMAN TRANSPORT LINES, INC.",CHICAGO,50,Plant Closure,
warn-2291,,il,WASTE MANAGMENT,CHICAGO,117,Plant Closure,
warn-2293,,il,"CULINARY FOODS, INC.",CHICAGO,447,Mass Layoff,
warn-2294,,il,United Airlines,ELK GROVE VILLAGE,335,Plant Closure,
warn-2297,,il,FELLOWES MANUFACTURING COMPANY,ITASCA,43,Layoff,
warn-2298,,il,Science Applications International Corp.,Naperville,58,Plant Closure,
warn-2299,,il,VERISPAN LLC,CHICAGO,85,Plant Closure,
warn-2300,,il,CARRIAGE HOUSE MANUFACTURING,STREATOR,120,Plant Closure,
warn-2301,,il,JEFFERSON SMURFIT CORP,DOLTON,127,Plant Closure,
warn-2302,,il,K MART #3539,CHICAGO,200,Plant Closure,
warn-2303,,il,K MART #3539,ELK GROVE VILLAGE,200,Plant Closure,
warn-2304,,il,K MART #3539,SPRINGFIELD,100,Plant Closure,
warn-2305,,il,K MART #3539,URBANA,100,Plant Closure,
warn-2306,,il,K MART #3539,JACKSONVILLE,100,Plant Closure,
warn-2307,,il,K MART #3539,OTTAWA,100,Plant Closure,
warn-2308,,il,K MART #3539,CICERO,200,Plant Closure,
warn-2309,,il,K MART #3539,BROADVIEW,200,Plant Closure,
warn-2310,,il,K MART #3539,CHICAGO,200,Plant Closure,
warn-2311,,il,Rock Island Integrated Services,Rock Island,118,Plant Closure,
warn-2312,,il,Rock Island Integrated Services,Rock Island,80,Plant Closure,
warn-2313,,il,SEABURY & SMITH INC.,PARK RIDGE,113,Plant Closure,
warn-2315,,il,BANK ONE,CHICAGO,700,Mass Layoff,
warn-2320,,il,Dixon Health Care Center,Dixon,71,Plant Closure,
warn-2322,,il,FIREMAN'S FUND INSURANCE,CHICAGO,86,Plant Closure,
warn-2323,,il,KEMPER INSURANCE COMPANY,LONG GROVE,161,Plant Closure,
warn-2324,,il,PERSONALCARE HEALTH MGT INC,CHAMPAIGN,97,Plant Closure,
warn-2327,,il,AGCO CORP,DEKALB,131,Plant Closure,
warn-2328,,il,AVTEC INDUSTIRES INC.,OSWEGO,70,Plant Closure,
warn-2329,,il,ARENS CONTROLS COMPANY LLC,EVANSTON,92,Plant Closure,
warn-2330,,il,LINCOLN FINANCIAL GROUP,SCHAUMBURG,170,Plant Closure,
warn-2332,,il,SPECTRULITE CONSORTIUM INC.,MADISON,168,Plant Closure,
warn-2333,,il,,NILES,71,Plant Closure,
warn-2334,,il,"NWS ILLINOIS, LLC",ROCKFORD,12,Layoff,
warn-2335,,il,"NWS ILLINOIS, LLC",CHICAGO,630,Plant Closure,
warn-2336,,il,RCN CORPORATION,CHICAGO,350,Mass Layoff,
warn-2338,,il,"MERIDIAN AUTOMOTIVE SYSTEMS, INC.",CENTRALIA,360,Plant Closure,
warn-2339,,il,SILGAN CONTAINERS,CHICAGO,80,Plant Closure,
warn-2340,,il,American Coal Co.,Galatia,1200,Layoff,
warn-2341,,il,American Coal Co.,Galatia,404,Plant Closure,
warn-2342,,il,American Coal Co.,Galatia,187,Plant Closure,
warn-2343,,il,STANDARD REGISTER COMPANY,SPRING GROVE,125,Plant Closure,
warn-2344,,il,Follett Media Distribution,Crystal Lake,78,Plant Closure,
warn-2345,,il,R J REYNOLDS,CHICAGO,157,Plant Closure,
warn-2347,,il,MERIDIAN RAIL,CICERO,400,Plant Closure,
warn-2348,,il,Cooper Lighting,Bedford Park,111,Plant Closure,
warn-2349,,il,Pride Metal,Watseka,140,Mass Layoff,
warn-2350,,il,CONSOLIDATED CONTAINER CO. LLC,WEST CHICAGO,54,Plant Closure,
warn-2351,,il,BP GLOBAL SPECIAL PRODUCTS,SKOKIE,50,Plant Closure,
warn-2352,,il,GATEWAY HOMECARE INC.,MELROSE PARK,50,Plant Closure,
warn-2354,,il,CHICAGO EXTRUDED METALS,CICERO,134,Plant Closure,
warn-2355,,il,GUARANTEE RESERVE LIFE INSURANCE,CALUMET CITY,164,Plant Closure,
warn-2357,,il,TEXTRON FASTENING SYSTEMS PFPD,Rockford,250,Plant Closure,
warn-2359,,il,DONALD BRUCE,CHICAGO,55,Plant Closure,
warn-2360,,il,AMERICAN AIRLINES,ST LOUIS,2492,Mass Layoff,
warn-2361,,il,RUBBERMAID HOME PRODUCTS,ELK GROVE VILLAGE,80,Plant Closure,
warn-2362,,il,RUSH PRESBYTERIAN ST. LUKES MEDICAL,CHICAGO,73,Plant Closure,
warn-2363,,il,CONAGRA FOODS,NAUVOO,65,Plant Closure,
warn-2364,,il,Remote Encoding Center,Peoria,381,Plant Closure,
warn-2367,,il,CONAGRA FOODS,DANVILLE,73,Plant Closure,
warn-2368,,il,K & M PLASTICS INC.,ELK GROVE VILLAGE,80,Layoff,
warn-2369,,il,MOORE WALLACE BUSINESS COMM SERV,MUNDELEIN,106,Mass Layoff,
warn-2372,,il,,DES PLAINES,72,Plant Closure,
warn-2373,,il,ARMSTRONG TOOLS/DANAHER TOOL,CHICAGO,137,Plant Closure,
warn-2375,,il,BEMIS COMPANY,MURPHYSBORO,114,Plant Closure,
warn-2376,,il,"Eagle Food Center, INC. Store No. 297",Decatur,83,Plant Closure,
warn-2377,,il,ALTHEIMER & GRAY,CHICAGO,234,Plant Closure,
warn-2378,,il,,Skokie,1500,Plant Closure,
warn-2379,,il,"XO COMMUNICATIONS, INC.",OAKBROOK,62,Plant Closure,
warn-2380,,il,"EAGLE FOOD CENTERS, INC.",MILAN,887,Plant Closure,
warn-2383,,il,GREIF INC.,CENTRALIA,92,Plant Closure,
warn-2385,,il,EVANSTON NORTHWESTERN HEALTHCARE,EVANSTON,195,Plant Closure,
warn-2386,,il,TNS INTERSEARCH CORP,WESTCHESTER,52,Layoff,
warn-2389,,il,"MID-WEST AUTOMATION SYSTEMS, INC.",BUFFALO GROVE,145,Plant Closure,
warn-2390,,il,"DISCOVER FINANCIAL SERVICES, INC.",CHICAGO,69,Plant Closure,
warn-2391,,il,R. G. RAY CORPORATION,BUFFALO GROVE,100,Plant Closure,
warn-2392,,il,R. G. RAY CORPORATION,BUFFALO GROVE,100,Plant Closure,
warn-2393,,il,R. G. RAY CORPORATION,BUFFALO GROVE,70,Plant Closure,
warn-2394,,il,AUTOCHEM,VERNON HILLS,56,Plant Closure,
warn-2395,,il,W.R. Grace & Co.,NILES,72,Plant Closure,
warn-2397,,il,HUMPHREYS ACCESSORIES DISTRIBUTION,CHICAGO,163,Plant Closure,
warn-2398,,il,"VALLEY CARTAGE, INC.",PLAINFIELD,86,Plant Closure,
warn-2399,,il,Goldblatts,Chicago,60,Plant Closure,
warn-2400,,il,GOLDBLATTS,Chicago,55,Plant Closure,
warn-2401,,il,GOLDBLATTS,Chicago,50,Plant Closure,
warn-2402,,il,GOLDBLATTS,CHICAGO,50,Plant Closure,
warn-2403,,il,Toys R Us,Chicago,70,Plant Closure,
warn-2404,,il,Toys R Us,Chicago,50,Plant Closure,
warn-2405,,il,SBC Ameritech,Chicago,136,Plant Closure,
warn-2406,,il,COMDISCO HOLDING COMPANY INC.,ROSEMONT,51,Plant Closure,
warn-2409,,il,JACKSON PLASTICS,DANVILLE,178,Mass Layoff,
warn-2411,,il,CCC INFORMATION SERVICES INC.,CHICAGO,85,Plant Closure,
warn-2414,,il,Fort Dearborn Flexible Packaging,LAKE FOREST,84,Plant Closure,
warn-2415,,il,"APAC CUSTOMER SERVICES, INC.",KEWANEE,128,Plant Closure,
warn-2416,,il,ST. CLAIR PAKWELL,BELLWOOD,54,Plant Closure,
warn-2417,,il,"APAC CUSTOMER SERVICES, INC.",MARION,145,Plant Closure,
warn-2418,,il,BAKER & TAYLOR,Momence,800,Layoff,
warn-2419,,il,"EAGLE FOOD CENTERS, INC.",Jacksonville,61,Plant Closure,
warn-2424,,il,"HILLMAN GROUP, THE",ROCKFORD,90,Plant Closure,
warn-2425,,il,City of Chicago,CHICAGO,500,Plant Closure,
warn-2426,,il,USF LOGISTICS SERVICES INC.,HILLSIDE,0,Layoff,
warn-2427,,il,FLEMING CONVENIENCE,ROMEOVILLE,77,Plant Closure,
warn-2428,,il,NBTY,MURPHYSBORO,68,Plant Closure,
warn-2429,,il,DANKA OFFICE IMAGING COMPANY,LAGRANGE,90,Plant Closure,
warn-2430,,il,GE ZURICH WARRANTY MANAGEMENT INC.,HOFFMAN ESTATES,80,Plant Closure,
warn-2431,,il,CONNECTOR SERVICE CORP,ELGIN,50,Plant Closure,
warn-2432,,il,"EAGLE FOOD CENTERS, INC.",Kankakee,91,Plant Closure,
warn-2433,,il,SHERWIN-WILLIAMS CHEMICAL COATINGS FACIL,Elk Grove Village,136,Mass Layoff,
warn-2434,,il,BELTONE ELECTRONICS CORP,CHICAGO,500,Mass Layoff,
warn-2435,,il,"APAC CUSTOMER SERVICES, INC.",JACKSONVILLE,144,Plant Closure,
warn-2436,,il,PREMIER AUTO FINANCE,CHICAGO,124,Plant Closure,
warn-2439,,il,"FIRST COMMONWEALTH, INC.",CHICAGO,63,Plant Closure,
warn-2441,,il,Internal Revenue Service,Bloomington,510,Plant Closure,
warn-2442,,il,"ABS Associates, Inc.",Rolling Meadows,55,Plant Closure,
warn-2444,,il,TEXTRON,Rockford,700,Layoff,
warn-2445,,il,FLEXI-MAT CORPORATION,CHICAGO,176,Plant Closure,
warn-2446,,il,ATLANTIC COAST AIRLINES,CHICAGO,308,Plant Closure,
warn-2447,,il,HARCOURT SUPPLEMENTAL PUBLISHERS,BARRINGTON,74,Plant Closure,
warn-2448,,il,"SAGE ENTERPRISES, INC.",DES PLAINES,77,Plant Closure,
warn-2449,,il,MBM DISTRIBUTION CENTER,DES PLAINES,53,Plant Closure,
warn-2450,,il,"FMC TECHNOLOGIES, INC.",HOOPESTON,83,Plant Closure,
warn-2451,,il,Auth-Florence,Glendale Heights,230,Plant Closure,
warn-2452,,il,P. A. BERGNER & CO.,WAUKEGAN,80,Plant Closure,
warn-2453,,il,"CRABAR/GBF, INC.",SKOKIE,120,Plant Closure,
warn-2454,,il,CATERPILLAR LOGISTICS SERVICES INC,JOLIET,158,Plant Closure,
warn-2455,,il,"UGN, INC.",CHICAGO,214,Plant Closure,
warn-2456,,il,"Colony Brands, Inc.",DANVILLE,341,Plant Closure,
warn-2458,,il,"ACUITY LIGHTING GROUP, INC.",NORTHBROOK,191,Plant Closure,
warn-2459,,il,,FRANKLIN PARK,57,Plant Closure,
warn-2460,,il,LIBERTY MUTUAL,OAK BROOK,300,Mass Layoff,
warn-2461,,il,APL LOGISTICS/CASE NEW HOLLAND,NORMAL,120,Plant Closure,
warn-2462,,il,"EAGLE FOOD CENTERS, INC.",Decatur,62,Plant Closure,
warn-2463,,il,GOLDSCHMIDT CHEMICAL CORP,MAPLETON,70,Plant Closure,
warn-2465,,il,RESEARCH INTERNATIONAL,CHICAGO,182,Plant Closure,
warn-2466,,il,"COMMERCE CLEARING HOUSE, INC",Elgin,56,Plant Closure,
warn-2467,,il,STANDARD CORPORATION,BRIDGEVIEW,68,Plant Closure,
warn-2468,,il,REM Inc.,Chicago,244,Plant Closure,
warn-2469,,il,Amtrak,Chicago,200,Plant Closure,
warn-2470,,il,NALGE NUNC INTERNATIONAL,NAPERVILLE,112,Plant Closure,
warn-2471,,il,HOME JUICE INC,MELROSE PARK,72,Plant Closure,
warn-2472,,il,"AUTOMATIC DATA PROCESSING, INC.",DEERFIELD,60,Plant Closure,
warn-2473,,il,ACME PACKAGING,RIVERDALE,241,Plant Closure,
warn-2474,,il,REGAL-BELOIT CORP,CHICAGO,86,Plant Closure,
warn-2476,,il,"DDS RIGHT CHOICE SERVICES, INC.",MASCOUTAH,105,Plant Closure,
warn-2478,,il,Rockford Memorial Health Systems,ROCKFORD,89,Plant Closure,
warn-2480,,il,BOISE CASCADE OFFICE PRODUCTS,OTTAWA,130,Plant Closure,
warn-2481,,il,WORLD COLOR PRESS,Effingham,742,Mass Layoff,
warn-2482,,il,CHICAGO REGIONAL SERVICE CENTER,CHICAGO,74,Plant Closure,
warn-2483,,il,,Jacksonville,103,Plant Closure,
warn-2485,,il,BASF CORPORATION,BATAVIA,87,Plant Closure,
warn-2486,,il,"K & R EXPRESS SYSTEMS, INC.",BURR RIDGE,428,Plant Closure,
warn-2487,,il,INGERSOLL-RAND COMPANY,HARWOOD HEIGHTS,105,Mass Layoff,
warn-2488,,il,BWD AUTOMOTIVE CORP,Franklin Park,160,Plant Closure,
warn-2489,,il,SPIEGEL CATALOG/MGT GROUP,DOWNERS GROVE,255,Mass Layoff,
warn-2491,,il,,Moline,69,Plant Closure,
warn-2492,,il,,Chicago,98,Plant Closure,
warn-2493,,il,CB RICHARD ELLIS  Commercial Real Estate,Chicago,55,Plant Closure,
warn-2494,,il,Locustwood Health Care Center,Galesburg,87,Plant Closure,
warn-2497,,il,,ROCKFORD,50,Plant Closure,
warn-2498,,il,,MOUNT PROSPECT,59,Plant Closure,
warn-2499,,il,,GLENDALE HEIGHTS,57,Plant Closure,
warn-2500,,il,,Oak Brook,271,Plant Closure,
warn-2501,,il,R. R. DONNELLEY & SONS COMPANY,Wheeling,118,Plant Closure,
warn-2502,,il,KEEBLER COMPANY,Elmhurst,318,Plant Closure,
warn-2503,,il,Silver Capital Corp,Bedford Park,118,Plant Closure,
warn-2504,,il,,Springfield,29,Layoff,
warn-2505,,il,,Springfield,58,Plant Closure,
warn-2506,,il,Publishers Circulation Fulfillmen,Orland Park,88,Plant Closure,
warn-2507,,il,STANDARD REGISTER COMPANY,Carol Stream,64,Plant Closure,
warn-2508,,il,ROCK-TENN COMPANY,Aurora,93,Plant Closure,
warn-2509,,il,,Belvidere,73,Plant Closure,
warn-2510,,il,Kmart,Champaign,150,Plant Closure,
warn-2511,,il,,Vernon Hills,68,Plant Closure,
warn-2512,,il,AAA - Chicago,Aurora,65,Plant Closure,
warn-2513,,il,,Chicago,115,Mass Layoff,
warn-2514,,il,NATIONAL CONSUMER ORGANIZATION CUSTOMER,Bolingbrook,1029,Plant Closure,
warn-2515,,il,,Eldorado,170,Plant Closure,
warn-2516,,il,"QUEBECOR WORLD/WCX, L.L.C",Flora,100,Mass Layoff,
warn-2517,,il,,Antioch,54,Plant Closure,
warn-2518,,il,,Zion,55,Plant Closure,
warn-2519,,il,,Rockford,51,Plant Closure,
warn-2520,,il,CONAGRA FOODS,Dixon,80,Plant Closure,
warn-2521,,il,George Weston Bakeries Inc./Entema,Northlake,296,Plant Closure,
warn-2522,,il,,Arlington Heights,101,Plant Closure,
warn-2523,,il,Washington Mutual Bank,Vernon Hills,75,Plant Closure,
warn-2524,,il,Washington Mutual Bank,Vernon Hills,488,Mass Layoff,
warn-2525,,il,Chicago Heights Steel,Chicago Heights,94,Plant Closure,
warn-2526,,il,"Maximus, Inc.",Chicago,94,Plant Closure,
warn-2527,,il,,Loves Park,80,Plant Closure,
warn-2529,,il,Millwood Inc.,Belvidere,53,Plant Closure,
warn-2530,,il,A.B. Dick Company,Niles,221,Plant Closure,
warn-2531,,il,A.B. Dick Company,Des Plaines,60,Plant Closure,
warn-2532,,il,Richland Manufacturing,Rantoul,160,Mass Layoff,
warn-2535,,il,The Haeger Potteries,Macomb,76,Mass Layoff,
warn-2536,,il,,Plainfield,157,Plant Closure,
warn-2537,,il,,Chicago,129,Plant Closure,
warn-2538,,il,,Morris,94,Plant Closure,
warn-2539,,il,SOLO CUP COMPANY,Urbana,122,Plant Closure,
warn-2542,,il,Clayton Business School,Chicago,71,Plant Closure,
warn-2543,,il,,Mossville,80,Plant Closure,
warn-2544,,il,,Niles,345,Plant Closure,
warn-2545,,il,AT&T - CENTRALIA TSPS,Chicago,135,Plant Closure,
warn-2546,,il,,Chicago,130,Plant Closure,
warn-2547,,il,,Chicago,300,Plant Closure,
warn-2548,,il,"GENERAL MILLS, INC.",Bensenville,51,Plant Closure,
warn-2549,,il,CTA,Chicago,1050,Plant Closure,
warn-2550,,il,CTA,Chicago,1093,Plant Closure,
warn-2551,,il,CTA,Chicago,93,Plant Closure,
warn-2552,,il,,Franklin Park,76,Plant Closure,
warn-2553,,il,,Wilmington,53,Plant Closure,
warn-2554,,il,"OfficeMax, Inc.",Ottawa,136,Plant Closure,
warn-2555,,il,"OfficeMax, Inc.",Ottawa,350,Mass Layoff,
warn-2556,,il,,West Peoria,116,Plant Closure,
warn-2557,,il,,Rolling Meadows,77,Plant Closure,
warn-2558,,il,Interlake Material Handling Inc,Pontiac,262,Plant Closure,
warn-2559,,il,,Chicago,158,Plant Closure,
warn-2560,,il,,Chicago,638,Plant Closure,
warn-2561,,il,,Lake Forest,216,Plant Closure,
warn-2562,,il,,Chicago,66,Plant Closure,
warn-2563,,il,Amerock Distribution,Rockford,104,Mass Layoff,
warn-2565,,il,Flying Food Group,Chicago,32,Layoff,
warn-2566,,il,Flying Food Group,Chicago,75,Plant Closure,
warn-2567,,il,Flying Food Group,Chicago,87,Plant Closure,
warn-2568,,il,Flying Food Group,Chicago,176,Mass Layoff,
warn-2569,,il,BP Amoco,Naperville,143,Plant Closure,
warn-2570,,il,BP Amoco,Naperville,50,Plant Closure,
warn-2571,,il,,Downers Grove,64,Plant Closure,
warn-2572,,il,,Chicago,102,Plant Closure,
warn-2573,,il,Aramark Uniform & Career Apparel,Decatur,62,Plant Closure,
warn-2575,,il,Olin Corp.,East Alton,133,Plant Closure,
warn-2577,,il,,Palatine,208,Plant Closure,
warn-2578,,il,,Oak Brook,94,Plant Closure,
warn-2579,,il,,Granite City,53,Plant Closure,
warn-2580,,il,SOLO CUP COMPANY,CHICAGO,87,Plant Closure,
warn-2582,,il,,Edwardsville,471,Layoff,
warn-2583,,il,,Chicago,147,Plant Closure,
warn-2584,,il,,Chicago,302,Plant Closure,
warn-2585,,il,,Peoria,57,Plant Closure,
warn-2586,,il,,Waukegan,192,Plant Closure,
warn-2587,,il,,Bensenville,71,Plant Closure,
warn-2588,,il,,Bannockburn,205,Plant Closure,
warn-2589,,il,,Waukegan,73,Plant Closure,
warn-2590,,il,,Schaumburg,156,Plant Closure,
warn-2591,,il,,Taylorville,53,Plant Closure,
warn-2592,,il,"Incobrasa Industries, Ltd.",Gilman,147,Plant Closure,
warn-2593,,il,,Edwardsville,113,Plant Closure,
warn-2595,,il,,Westmont,188,Mass Layoff,
warn-2596,,il,,Chicago,55,Plant Closure,
warn-2600,,il,KEEBLER COMPANY,Des Plaines,271,Plant Closure,
warn-2601,,il,,Chicago,181,Plant Closure,
warn-2602,,il,Pepsi Cola,Gurnee,89,Plant Closure,
warn-2603,,il,,Deerfield,101,Plant Closure,
warn-2604,,il,,St. Charles,160,Plant Closure,
warn-2605,,il,"APAC CUSTOMER SERVICES, INC.",Canton,141,Plant Closure,
warn-2606,,il,,Woodridge,248,Plant Closure,
warn-2607,,il,UniCare Life & Health Insurance,Chicago,51,Plant Closure,
warn-2608,,il,UniCare Life & Health Insurance,Chicago,568,Plant Closure,
warn-2610,,il,Palmer House Hilton,Chicago,63,Plant Closure,
warn-2612,,il,,Des Plaines,83,Plant Closure,
warn-2614,,il,,Rosemont,160,Plant Closure,
warn-2615,,il,PACIFIC RAIL SERVICES,Elwood,189,Plant Closure,
warn-2616,,il,,Mt. Prospect,65,Plant Closure,
warn-2617,,il,,West Frankfort,284,Mass Layoff,
warn-2618,,il,APAC,Alton,114,Plant Closure,
warn-2619,,il,,Chicago,95,Plant Closure,
warn-2620,,il,Abbott Laboratories,Abbott Park,691,Plant Closure,
warn-2621,,il,,Chicago,88,Plant Closure,
warn-2622,,il,,Carol Stream,107,Plant Closure,
warn-2623,,il,OAK PARK APAC TEL SERVICES,Quincy,199,Plant Closure,
warn-2624,,il,,Chicago,123,Plant Closure,
warn-2625,,il,,Downers Grove,115,Plant Closure,
warn-2626,,il,Arkay Plastics,Paris,52,Plant Closure,
warn-2627,,il,"Angelica Textile Services, Inc.",Columbia,133,Mass Layoff,
warn-2628,,il,,Chicago,100,Plant Closure,
warn-2629,,il,"Turtle Wax, Inc.",Chicago,240,Plant Closure,
warn-2630,,il,,O'Fallon,54,Plant Closure,
warn-2631,,il,ABN-AMRO INC.,Chicago,420,Mass Layoff,
warn-2632,,il,ABN-AMRO INC.,Chicago,154,Plant Closure,
warn-2633,,il,,Lisle,64,Plant Closure,
warn-2635,,il,,Rockford,120,Plant Closure,
warn-2636,,il,"DELTA AIR LINES, INC. RESERVATIONS SALES",Chicago,110,Mass Layoff,
warn-2638,,il,Illinois Bell,Harvey,58,Plant Closure,
warn-2639,,il,,Chicago,118,Plant Closure,
warn-2640,,il,Illinois Bell,Danville,63,Plant Closure,
warn-2641,,il,UNILEVER BESTFOODS NORTH AMERICA,Elgin,96,Mass Layoff,
warn-2642,,il,,Dupo,121,Plant Closure,
warn-2643,,il,Cardinal Health Care Inc.,Waukegan,79,Plant Closure,
warn-2644,,il,Cardinal Health Care Inc.,Waukegan,52,Plant Closure,
warn-2645,,il,Chiquita Fresh Cut,Manteno,100,Plant Closure,
warn-2647,,il,"DOUMAK, INC.",Bensenville,30,Layoff,
warn-2648,,il,,Chicago,96,Plant Closure,
warn-2650,,il,,Chicago,61,Plant Closure,
warn-2651,,il,Christ Medical Center (Advocate Health),Chicago,160,Plant Closure,
warn-2652,,il,"General Electric International, Inc.",Addison,77,Plant Closure,
warn-2653,,il,,Westchester,59,Plant Closure,
warn-2655,,il,,Lake Zurich,73,Plant Closure,
warn-2656,,il,CONAGRA FOODS,Schaumburg,60,Plant Closure,
warn-2659,,il,,Chicago,133,Plant Closure,
warn-2660,,il,SARA LEE HOSIERY/CHAMPAIGN DISTRIBUTION,Chicago,77,Plant Closure,
warn-2661,,il,Heinz North America,Northbrook,87,Plant Closure,
warn-2662,,il,,Wauconda,246,Plant Closure,
warn-2663,,il,,Elk Grove Village,51,Plant Closure,
warn-2664,,il,Magnet LLC,Centralia,73,Plant Closure,
warn-2665,,il,GREIF INC.,Franklin Park,100,Plant Closure,
warn-2666,,il,"Farley's & Sathers Candy Co, Inc.",Des Plaines,160,Plant Closure,
warn-2667,,il,,Vandalia,75,Plant Closure,
warn-2669,,il,,Herrin,70,Plant Closure,
warn-2671,,il,Bergners Department Store,Rockford,93,Plant Closure,
warn-2672,,il,FIELD CONTAINER COMPANY L P,Marseilles,85,Plant Closure,
warn-2673,,il,,Blue Island,319,Plant Closure,
warn-2677,,il,ITT Industries - McDonnell & Mille,Chicago,50,Plant Closure,
warn-2678,,il,,Schaumburg,120,Plant Closure,
warn-2680,,il,,Downers Grove,58,Plant Closure,
warn-2681,,il,First Student Services,Chicago,122,Plant Closure,
warn-2683,,il,Racing Rapids Water Park,Northlake,75,Plant Closure,
warn-2684,,il,"Metrobank, N.A.",East Moline,57,Plant Closure,
warn-2685,,il,"Martin Marietta Materials, Inc.",Cave-in-Rock,83,Plant Closure,
warn-2686,,il,,Addison,121,Plant Closure,
warn-2687,,il,,Wheaton,120,Plant Closure,
warn-2689,,il,Staples The Office Superstore,Addison,84,Plant Closure,
warn-2690,,il,,Newton,60,Plant Closure,
warn-2691,,il,Solar Corporation,Libertyville,303,Plant Closure,
warn-2692,,il,,Elgin,77,Plant Closure,
warn-2693,,il,,Oak Brook,80,Plant Closure,
warn-2694,,il,,Chicago,93,Plant Closure,
warn-2695,,il,"Accenture, LLP",Chicago,200,Plant Closure,
warn-2696,,il,,Belleville,100,Plant Closure,
warn-2697,,il,Nubay Mining LLC,Galatia,179,Plant Closure,
warn-2699,,il,US Filter Stranco Products,Bradley,96,Plant Closure,
warn-2700,,il,Bunn Capitol Company,Sprinfield,250,Plant Closure,
warn-2701,,il,,Chicago,376,Plant Closure,
warn-2702,,il,Quincy Medical Group,Quincy,55,Plant Closure,
warn-2703,,il,Illinois Bell,Chicago,68,Plant Closure,
warn-2704,,il,Illinois Bell,Oak Brook,69,Plant Closure,
warn-2705,,il,PARKER HANNIFLIN CORP/HYDRAULIC VALVE DI,Bensenville,110,Plant Closure,
warn-2706,,il,Jewel Food Stores,Springfield,254,Plant Closure,
warn-2707,,il,MacLean Fasteners,Franklin Park,70,Plant Closure,
warn-2708,,il,,Elk Grove Village,145,Plant Closure,
warn-2709,,il,DOMINICKS FINER FOODS & SAFEWAY,Norridge,74,Plant Closure,
warn-2710,,il,MII Fixture Group,Jacksonville,82,Mass Layoff,
warn-2712,,il,,Mt. Vernon,53,Plant Closure,
warn-2713,,il,William Wrigley Jr. Company,Chicago,153,Plant Closure,
warn-2714,,il,,Chicago,290,Plant Closure,
warn-2715,,il,,Waukegan,54,Plant Closure,
warn-2718,,il,Aronson Furniture Co.,Chicago,201,Plant Closure,
warn-2720,,il,K's Merchandise,Decatur,935,Plant Closure,
warn-2721,,il,K's Merchandise,Champaign,935,Layoff,
warn-2722,,il,K's Merchandise,Champaign,60,Plant Closure,
warn-2723,,il,K's Merchandise,Springfield,78,Plant Closure,
warn-2724,,il,K's Merchandise,Bradley,935,Layoff,
warn-2725,,il,K's Merchandise,Danville,935,Plant Closure,
warn-2726,,il,K's Merchandise,Quincy,95,Plant Closure,
warn-2727,,il,K's Merchandise,Rockford,100,Plant Closure,
warn-2728,,il,K's Merchandise,Peoria,935,Layoff,
warn-2729,,il,K's Merchandise,Carbondale,80,Plant Closure,
warn-2730,,il,Cub Foods,Round Lake,180,Plant Closure,
warn-2731,,il,Cub Foods,Crystal Lake,61,Plant Closure,
warn-2732,,il,Cub Foods,Loves Park,60,Plant Closure,
warn-2733,,il,Cub Foods,Aurora,98,Plant Closure,
warn-2734,,il,Cub Foods,Oakbrook Terrace,296,Plant Closure,
warn-2735,,il,Cub Foods,Melrose Park,295,Plant Closure,
warn-2736,,il,Cub Foods,Niles,227,Plant Closure,
warn-2737,,il,Cub Foods,Chicago,230,Plant Closure,
warn-2738,,il,Cub Foods,Joliet,224,Plant Closure,
warn-2739,,il,Cohen Furniture Co,Peoria Heights,60,Layoff,
warn-2740,,il,United Airlines,Wood Dale,123,Plant Closure,
warn-2741,,il,"Weyerhaeuser, Containerboard Packaging &",Chicago,56,Plant Closure,
warn-2742,,il,,Chicago,161,Plant Closure,
warn-2743,,il,AMEREN/CIPS,Peoria,1324,Plant Closure,
warn-2744,,il,,Aurora,136,Plant Closure,
warn-2745,,il,,Melrose Park,179,Plant Closure,
warn-2747,,il,,Downers Grove,170,Plant Closure,
warn-2748,,il,ABN/AMRO,Chicago,63,Plant Closure,
warn-2749,,il,,Rockford,129,Plant Closure,
warn-2751,,il,,Chicago,212,Plant Closure,
warn-2752,,il,,Carol Stream,83,Plant Closure,
warn-2753,,il,SHOPKO STORES INC,Peoria,80,Plant Closure,
warn-2757,,il,"AMERICAN DRUG STORES, INC.",Elk Grove Village,175,Plant Closure,
warn-2758,,il,Eisenmann,Crystal Lake,60,Plant Closure,
warn-2759,,il,,Chicago,50,Plant Closure,
warn-2760,,il,,Chicago,350,Plant Closure,
warn-2761,,il,,Lincolnshire,69,Plant Closure,
warn-2766,,il,,Wheeling,60,Plant Closure,
warn-2767,,il,,Chicago,90,Plant Closure,
warn-2768,,il,UNILEVER BESTFOODS NORTH AMERICA,Lisle,107,Plant Closure,
warn-2769,,il,,Westchester,76,Plant Closure,
warn-2770,,il,ARCHER DANIELS MIDLAND COMPANY,Decatur,207,Plant Closure,
warn-2772,,il,CANTEEN CORPORATION,Chicago,87,Plant Closure,
warn-2774,,il,,Oakbrook,100,Plant Closure,
warn-2776,,il,,East Dundee,899,Layoff,
warn-2777,,il,,Round Lake Beach,899,Layoff,
warn-2778,,il,,Glendale Heights,899,Layoff,
warn-2779,,il,,Crestwood,899,Mass Layoff,
warn-2780,,il,,Niles,899,Layoff,
warn-2781,,il,,Chicago,899,Layoff,
warn-2782,,il,,Rolling Meadows,112,Plant Closure,
warn-2783,,il,,Chicago,66,Plant Closure,
warn-2784,,il,Loparex,Dixon,92,Plant Closure,
warn-2785,,il,,Kankakee,61,Plant Closure,
warn-2786,,il,,Chicago,48,Layoff,
warn-2787,,il,,Chicago,79,Plant Closure,
warn-2789,,il,,Prospect Heights,50,Plant Closure,
warn-2790,,il,,Melrose Park,51,Plant Closure,
warn-2791,,il,,Belvidere,0,Layoff,
warn-2792,,il,,Schaumbrug,51,Plant Closure,
warn-2793,,il,"Consorta, Inc.",Schaumburg,114,Plant Closure,
warn-2794,,il,,Franklin Park,80,Plant Closure,
warn-2795,,il,,Naperville,55,Plant Closure,
warn-2796,,il,,Chicago,413,Plant Closure,
warn-2797,,il,,Bridgeview,71,Plant Closure,
warn-2798,,il,,Chicago,88,Plant Closure,
warn-2799,,il,,Rosemont,58,Plant Closure,
warn-2800,,il,,Downers Grove,270,Plant Closure,
warn-2801,,il,,Lombard,64,Plant Closure,
warn-2802,,il,,Schaumburg,515,Plant Closure,
warn-2803,,il,Target Stores,Matteson,115,Plant Closure,
warn-2804,,il,,Itasca,133,Plant Closure,
warn-2805,,il,,Mt. Carmel,277,Mass Layoff,
warn-2806,,il,ROCK-TENN COMPANY,Burr Ridge,63,Plant Closure,
warn-2807,,il,,Schaumburg,58,Plant Closure,
warn-2808,,il,MILLWARD BROWN,Rock Island,252,Plant Closure,
warn-2809,,il,,McCook,51,Plant Closure,
warn-2810,,il,Candle Corporation of America,Des Plaines,75,Plant Closure,
warn-2811,,il,,Palatine,50,Plant Closure,
warn-2812,,il,,Chicago,157,Plant Closure,
warn-2813,,il,,Norridge,111,Mass Layoff,
warn-2814,,il,,Rolling Meadows,52,Plant Closure,
warn-2816,,il,J&L Industrial Supply,Elk Grove Village,52,Plant Closure,
warn-2818,,il,"LAIDLAW TRANSIT, INC",South Holland,80,Mass Layoff,
warn-2819,,il,Washington Mutual Bank,Itasca,140,Plant Closure,
warn-2820,,il,MOTOROLA WIRELESS DATA GROUP,Champaign,183,Plant Closure,
warn-2821,,il,The Mill,Rockford,106,Plant Closure,
warn-2822,,il,,Naperville,121,Plant Closure,
warn-2823,,il,,Chicago,135,Plant Closure,
warn-2824,,il,,Chicago,120,Mass Layoff,
warn-2825,,il,ACH Food Companies,Jacksonville,209,Plant Closure,
warn-2827,,il,,Waukegan,74,Plant Closure,
warn-2828,,il,Corporate Express,Woodridge,69,Plant Closure,
warn-2829,,il,,Franklin Park,59,Plant Closure,
warn-2830,,il,TruGreen LandCare,Lincolnshire,70,Plant Closure,
warn-2831,,il,Mid America Bank FSB,Downers Grove,292,Plant Closure,
warn-2832,,il,Mid America Bank FSB,Clarendon Hills,98,Plant Closure,
warn-2833,,il,,Waukegan,72,Plant Closure,
warn-2834,,il,,Chicago,57,Plant Closure,
warn-2835,,il,,Oakbrook Terrace,58,Plant Closure,
warn-2837,,il,,Downers Grove,61,Plant Closure,
warn-2838,,il,FREEMAN UNITED COAL MINING COMPANY - ORI,Virden,192,Plant Closure,
warn-2839,,il,Kerry Ingredients and Flavors,Chicage,136,Plant Closure,
warn-2840,,il,,ROckford,75,Plant Closure,
warn-2843,,il,,Elk Grove Village,159,Plant Closure,
warn-2846,,il,Bear Stearns Residential Mortgage Corp.,Downers Grove,60,Plant Closure,
warn-2847,,il,Empire Carpet,Northlake,25,Layoff,
warn-2848,,il,Empire Carpet,Northlake,95,Plant Closure,
warn-2850,,il,Freight Car Services,Danville,492,Mass Layoff,
warn-2851,,il,,Chicago,406,Plant Closure,
warn-2852,,il,,Lemont,104,Plant Closure,
warn-2853,,il,,Wheeling,202,Plant Closure,
warn-2854,,il,,Hillside,117,Plant Closure,
warn-2855,,il,,Chicago,119,Plant Closure,
warn-2858,,il,,Chicago Heights,325,Plant Closure,
warn-2859,,il,,Chicago,146,Plant Closure,
warn-2860,,il,,Deerfield,67,Plant Closure,
warn-2861,,il,,Elk Grove Village,64,Plant Closure,
warn-2862,,il,Abbott Laboratories,North Chicago,101,Plant Closure,
warn-2864,,il,,Rolling Meadows,127,Plant Closure,
warn-2865,,il,Home Depot,Arlington Heights,110,Plant Closure,
warn-2866,,il,OLMARC PACKAGING COMPANY,Franklin Park,50,Plant Closure,
warn-2867,,il,,Northfield,250,Plant Closure,
warn-2869,,il,,Belvidere,183,Plant Closure,
warn-2870,,il,,Belvidere,180,Plant Closure,
warn-2871,,il,R. R. DONNELLEY & SONS COMPANY,Arlington Heights,55,Plant Closure,
warn-2872,,il,,Rochelle,133,Plant Closure,
warn-2873,,il,,Belvidere,112,Mass Layoff,
warn-2874,,il,Value City Department Store,Harwood Heights,117,Plant Closure,
warn-2876,,il,Hilton Reservations,Streator,140,Plant Closure,
warn-2878,,il,,Hoffman Estates,51,Plant Closure,
warn-2879,,il,Bank of America,Chicago,600,Plant Closure,
warn-2880,,il,STANDARD CORPORATION,Wheeling,96,Plant Closure,
warn-2881,,il,BP Amoco,Naperville,90,Plant Closure,
warn-2882,,il,Bank of America,Des Plaines,1,Layoff,
warn-2883,,il,Wickes Furniture,Carol Stream,134,Plant Closure,
warn-2884,,il,Wickes Furniture,Wheeling,110,Plant Closure,
warn-2885,,il,,Chicago,150,Plant Closure,
warn-2886,,il,Wackenhut Corp.,Morris,190,Plant Closure,
warn-2887,,il,Wackenhut Corp.,Clinton,150,Plant Closure,
warn-2888,,il,Rodgers Engineering,Addison,115,Plant Closure,
warn-2890,,il,Morgan Stanley,Vernon Hills,70,Plant Closure,
warn-2891,,il,Morgan Stanley,Vernon Hills,391,Mass Layoff,
warn-2892,,il,,McHenry,120,Plant Closure,
warn-2893,,il,,Chicago,50,Plant Closure,
warn-2894,,il,Courtesy Manufacturing Co.,Elk Grove Village,131,Plant Closure,
warn-2895,,il,"Envirotest Illinois, Inc.",Villa Park,237,Plant Closure,
warn-2896,,il,,Cicero,92,Plant Closure,
warn-2897,,il,,Schaumburg,81,Plant Closure,
warn-2898,,il,,Belvidere,89,Plant Closure,
warn-2899,,il,Android Industries-Belvidere,Belvidere,118,Plant Closure,
warn-2901,,il,Bank of America,Chicago,201,Plant Closure,
warn-2902,,il,JEFFERSON SMURFIT CORP,Brigdeview,157,Plant Closure,
warn-2904,,il,Chase,Westmont,59,Plant Closure,
warn-2905,,il,Illinois Bell,Chicago,64,Plant Closure,
warn-2906,,il,,Chicago,80,Plant Closure,
warn-2907,,il,"CHAC, Inc.",Chicago,202,Plant Closure,
warn-2908,,il,,St. Charles,103,Mass Layoff,
warn-2909,,il,Jewel Food Stores,Geneseo,82,Plant Closure,
warn-2910,,il,,Meredosia,53,Layoff,
warn-2912,,il,GENERAL BINDING CORPORATION,NORTHBROOK,130,Plant Closure,
warn-2913,,il,,Chicago,732,Plant Closure,
warn-2914,,il,,Champaign,133,Plant Closure,
warn-2915,,il,,Minooka,142,Plant Closure,
warn-2916,,il,,Schaumburg,118,Plant Closure,
warn-2917,,il,DCFS USA LLC,Lisle,220,Plant Closure,
warn-2919,,il,,Elk Grove Village,84,Plant Closure,
warn-2920,,il,,DeKalb,55,Layoff,
warn-2921,,il,JEFFERSON SMURFIT CORP,Joliet,154,Plant Closure,
warn-2922,,il,"Minuteman International, Inc.",Addison,128,Plant Closure,
warn-2923,,il,,Edwardsville,71,Plant Closure,
warn-2924,,il,World Super Services,Melrose Park,76,Plant Closure,
warn-2925,,il,World Super Services,Melrose Park,175,Plant Closure,
warn-2927,,il,Jevic Transportation,Markham,275,Plant Closure,
warn-2928,,il,,Chicago,58,Plant Closure,
warn-2929,,il,,Mt. Prospect,117,Plant Closure,
warn-2931,,il,Food Service Professionals,Chicago,101,Plant Closure,
warn-2932,,il,Food Service Professionals,Chicago,159,Plant Closure,
warn-2933,,il,,Union,118,Plant Closure,
warn-2934,,il,"Spartan Light Metal Products, Inc.",Sparta,407,Plant Closure,
warn-2935,,il,Godfrey Marine,Benton,71,Plant Closure,
warn-2936,,il,"Tricon Industries, Inc",Downers Grove,101,Plant Closure,
warn-2939,,il,Illinois Bell,Peoria,62,Plant Closure,
warn-2942,,il,,Chicago,278,Plant Closure,
warn-2943,,il,,Rosemont,55,Plant Closure,
warn-2944,,il,Duty Free Americas,Chicago,51,Plant Closure,
warn-2945,,il,AMERICAN AIRLINES,Chicago,336,Plant Closure,
warn-2946,,il,AMERICAN AIRLINES,Chicago,987,Plant Closure,
warn-2947,,il,AMERICAN AIRLINES,Chicago,1767,Plant Closure,
warn-2949,,il,,Chicago,131,Plant Closure,
warn-2950,,il,,Chicago,42,Layoff,
warn-2951,,il,,Schaumburg,64,Plant Closure,
warn-2952,,il,,Schiller Park,83,Plant Closure,
warn-2953,,il,Argosy/Alton Belle Casino,Alton,108,Plant Closure,
warn-2954,,il,,Bartonville,107,Plant Closure,
warn-2955,,il,Bank of America,Rolling Meadows,78,Plant Closure,
warn-2956,,il,Bank of America,Rolling Meadows,110,Plant Closure,
warn-2957,,il,Bank of America,Rolling Meadows,141,Plant Closure,
warn-2958,,il,,Bensenville,71,Plant Closure,
warn-2959,,il,,Rockford,60,Plant Closure,
warn-2960,,il,,Franklin Park,88,Plant Closure,
warn-2961,,il,,Romeoville,148,Plant Closure,
warn-2962,,il,,Chicago,150,Plant Closure,
warn-2963,,il,OLMARC PACKAGING COMPANY,NorthLake,395,Plant Closure,
warn-2964,,il,"QUALEX, INC.",Elgin,83,Plant Closure,
warn-2965,,il,,Rockford,109,Plant Closure,
warn-2966,,il,,Broadview,90,Plant Closure,
warn-2967,,il,Ford Motor Company,Chicago,792,Plant Closure,
warn-2968,,il,,Romeoville,70,Plant Closure,
warn-2969,,il,,Highland Park,421,Plant Closure,
warn-2970,,il,,Dixon,87,Plant Closure,
warn-2971,,il,,Elmhurst,225,Mass Layoff,
warn-2972,,il,,Chicago,68,Plant Closure,
warn-2973,,il,,North Chicago,168,Plant Closure,
warn-2976,,il,,Chicago,69,Plant Closure,
warn-2977,,il,,Oglesby,104,Plant Closure,
warn-2978,,il,,Naperville,450,Mass Layoff,
warn-2979,,il,,Chicago,57,Plant Closure,
warn-2980,,il,,Gridley,61,Plant Closure,
warn-2981,,il,,Chicago,350,Plant Closure,
warn-2982,,il,,Naperville,90,Plant Closure,
warn-2983,,il,Northern Illinois Hospital Services,Rockford,86,Plant Closure,
warn-2984,,il,,Chicago,72,Plant Closure,
warn-2985,,il,,St. Charles,105,Plant Closure,
warn-2986,,il,,Lee,97,Plant Closure,
warn-2987,,il,TicketsNow,Crystal Lake,62,Plant Closure,
warn-2988,,il,,Gary,100,Plant Closure,
warn-2991,,il,Mcraes Stores Services Inc./Corporate Pa,Chicago,67,Plant Closure,
warn-2992,,il,,Skokie,133,Plant Closure,
warn-2993,,il,,Warrenville,80,Plant Closure,
warn-2994,,il,Alcoa,Morris,139,Plant Closure,
warn-2995,,il,,Schaumburg,128,Plant Closure,
warn-2996,,il,,Chicago,123,Plant Closure,
warn-2997,,il,SARA LEE HOSIERY/CHAMPAIGN DISTRIBUTION,Chicago,185,Plant Closure,
warn-2998,,il,,Paxton,61,Plant Closure,
warn-3002,,il,SCA Tissue North America,Alsip,63,Plant Closure,
warn-3003,,il,Modern Metal Products Co.,Loves Park,151,Plant Closure,
warn-3004,,il,E R  Wagner Mfg. Co.,Brookfield,82,Plant Closure,
warn-3005,,il,Joe's BeBop Cafe & Jazz Emporium,Chicago,58,Plant Closure,
warn-3007,,il,,Westmont,95,Plant Closure,
warn-3008,,il,Kmart,Joliet,85,Plant Closure,
warn-3010,,il,,Sandwich,136,Plant Closure,
warn-3012,,il,Caterpillar,Mossville,300,Plant Closure,
warn-3014,,il,"Gray Interplant Systems, Inc.",Peoria,167,Plant Closure,
warn-3015,,il,"Gray Interplant Systems, Inc.",Peoria,440,Mass Layoff,
warn-3016,,il,"Gray Interplant Systems, Inc.",East Peoria,130,Plant Closure,
warn-3017,,il,"Gareda Nursing Services, Inc.",Calumet City,1458,Plant Closure,
warn-3018,,il,,Wheeling,142,Plant Closure,
warn-3019,,il,,Chicago,143,Plant Closure,
warn-3020,,il,,Plainfield,155,Plant Closure,
warn-3021,,il,Roadway Express,Rock Island,136,Plant Closure,
warn-3022,,il,Caterpillar,Decatur,1490,Plant Closure,
warn-3023,,il,Caterpillar,Decatur,469,Plant Closure,
warn-3024,,il,,Rockford,127,Plant Closure,
warn-3025,,il,,Bolingbrook,86,Plant Closure,
warn-3026,,il,Real Estate Index,Chicago,58,Plant Closure,
warn-3027,,il,Federal Reserve Bank of Chicago,Bedford Park,97,Plant Closure,
warn-3028,,il,Americall Corp,Champaign,74,Plant Closure,
warn-3029,,il,,Aurora,73,Plant Closure,
warn-3030,,il,,Elgin,60,Plant Closure,
warn-3031,,il,,Alton,50,Plant Closure,
warn-3032,,il,Elgiloy Specialty Metals,Hampshire,77,Plant Closure,
warn-3033,,il,Square D Company,Schiller Park,74,Plant Closure,
warn-3034,,il,Arrow Financial Serivces LLC,Niles,193,Plant Closure,
warn-3035,,il,,Westmont,77,Plant Closure,
warn-3036,,il,Cub Foods,Peoria,60,Plant Closure,
warn-3037,,il,Elgiloy Specialty Metals,Bellwood,56,Plant Closure,
warn-3038,,il,ACH Food Companies,Champaign,246,Plant Closure,
warn-3039,,il,,Mt. Morris,413,Plant Closure,
warn-3040,,il,Circuit City,Chicago,57,Plant Closure,
warn-3041,,il,Circuit City,Marion,185,Plant Closure,
warn-3042,,il,Bi-State Development Agency,East St. Louis,551,Layoff,
warn-3043,,il,,Naperville,145,Plant Closure,
warn-3044,,il,,Rantoul,604,Layoff,
warn-3045,,il,Home Depot,Bensenville,99,Plant Closure,
warn-3046,,il,Caterpillar,East Peoria,758,Plant Closure,
warn-3048,,il,,Peoria,200,Mass Layoff,
warn-3049,,il,,Peoria,150,Layoff,
warn-3050,,il,Menlo Logistics Inc.,Wilmington,52,Plant Closure,
warn-3051,,il,,Aurora,91,Plant Closure,
warn-3052,,il,Staples The Office Superstore,Lincolnshire,131,Plant Closure,
warn-3053,,il,Epco Supply,Evanston,82,Plant Closure,
warn-3054,,il,,Mt. Vernon,133,Mass Layoff,
warn-3055,,il,,LaGrange,347,Plant Closure,
warn-3056,,il,Andrew LLC,Joliet,194,Plant Closure,
warn-3057,,il,Advanced Technology Services,Mossville,500,Layoff,
warn-3059,,il,"J. N. Moser Enterprises, Inc.",Montgomery,113,Plant Closure,
warn-3060,,il,,Morris,168,Plant Closure,
warn-3061,,il,STRATOS LIGHTWAVE LLC,Harwood Heights,78,Plant Closure,
warn-3062,,il,,Vandalia,75,Plant Closure,
warn-3063,,il,Manheim's Gateway Auto Auction,Granite City,95,Plant Closure,
warn-3064,,il,,Vernon Hills,66,Plant Closure,
warn-3066,,il,,Paxton,223,Plant Closure,
warn-3067,,il,Washington Group International,Decatur,54,Plant Closure,
warn-3068,,il,Residential Loan Centers Of America,Des Plaines,80,Plant Closure,
warn-3069,,il,,Elk Grove Village,121,Plant Closure,
warn-3070,,il,,Wheeling,125,Plant Closure,
warn-3071,,il,Home Depot,Downers Grove,82,Plant Closure,
warn-3072,,il,Home Depot,VERNON HILLS,85,Plant Closure,
warn-3073,,il,USA 3000 Airlines,Chicago,58,Plant Closure,
warn-3074,,il,USA 3000 Airlines,Chicago,86,Plant Closure,
warn-3075,,il,Kmart,Lockport,50,Plant Closure,
warn-3076,,il,ART.COM,Peoria,73,Plant Closure,
warn-3077,,il,,Mendota,69,Plant Closure,
warn-3078,,il,,Mendota,113,Plant Closure,
warn-3080,,il,,Elmhurst,59,Plant Closure,
warn-3081,,il,,Elk Grove Village,140,Plant Closure,
warn-3082,,il,Jacobson Staffing Service,Joliet,90,Plant Closure,
warn-3083,,il,,Barrington,30,Layoff,
warn-3084,,il,,Champaign,102,Mass Layoff,
warn-3085,,il,,Evanston,69,Plant Closure,
warn-3086,,il,,Mettawa,214,Plant Closure,
warn-3087,,il,Filtration Group,Aurora,76,Plant Closure,
warn-3088,,il,,Ridge Farm,160,Plant Closure,
warn-3089,,il,,Litchfield,54,Plant Closure,
warn-3090,,il,"G&D Integrated, Inc.",East Peoria,187,Plant Closure,
warn-3091,,il,"G&D Integrated, Inc.",East Peoria,437,Mass Layoff,
warn-3092,,il,,Chicago,103,Plant Closure,
warn-3093,,il,U.S. Smokeless Tobacco Company,Aurora,72,Plant Closure,
warn-3094,,il,,Chicago,56,Plant Closure,
warn-3095,,il,,Calumet City,66,Plant Closure,
warn-3096,,il,"Nike Retail Services, Inc.",Chicago,160,Plant Closure,
warn-3097,,il,Asian Foods,Hampshire,68,Plant Closure,
warn-3098,,il,,Rockford,77,Plant Closure,
warn-3099,,il,,Decatur,152,Plant Closure,
warn-3100,,il,,Lake Zurich,101,Plant Closure,
warn-3102,,il,ALLSTATE INSURANCE COMPANY'S (SUBROGATIO,Northbrook,218,Plant Closure,
warn-3103,,il,Discover Financial Services,Riverwoods,300,Plant Closure,
warn-3104,,il,XPAC,Bartonville,279,Plant Closure,
warn-3105,,il,,Chicago,57,Plant Closure,
warn-3106,,il,Jacobson Staffing Service,Champaign,51,Plant Closure,
warn-3109,,il,,Arthur,96,Plant Closure,
warn-3110,,il,,Moline,99,Plant Closure,
warn-3111,,il,,East Peoria,82,Plant Closure,
warn-3112,,il,,Naperville,71,Plant Closure,
warn-3113,,il,,Wauconda,79,Plant Closure,
warn-3114,,il,,Chicago,72,Plant Closure,
warn-3115,,il,,Bellwood,73,Plant Closure,
warn-3117,,il,Hansen Technologies Corporation,Burr Ridge,59,Plant Closure,
warn-3118,,il,JCPENNEY COMPANY CREDIT SERVICE CENTER,Gurnee,81,Plant Closure,
warn-3120,,il,,Elk Grove Village,55,Plant Closure,
warn-3121,,il,Levy Security,Chicago,161,Plant Closure,
warn-3122,,il,,Bolingbrook,218,Plant Closure,
warn-3123,,il,,Hoffman Estates,50,Plant Closure,
warn-3124,,il,,Lake Zurich,73,Plant Closure,
warn-3125,,il,Four Seasons Hotel,Chicago,308,Plant Closure,
warn-3126,,il,,Mundelein,91,Plant Closure,
warn-3128,,il,,Machesney Park,70,Plant Closure,
warn-3129,,il,,Willowbrook,73,Plant Closure,
warn-3130,,il,Stock Building Supply,Elgin,92,Plant Closure,
warn-3131,,il,Stock Building Supply,Carol Stream,107,Plant Closure,
warn-3132,,il,,Mundelein,67,Plant Closure,
warn-3133,,il,"Corporate Exp. Doc. & Prnt Mgt., Inc.",Crystal Lake,55,Plant Closure,
warn-3134,,il,,Chicago,137,Plant Closure,
warn-3137,,il,,Northbrook,52,Plant Closure,
warn-3138,,il,"Centre Crown Mining, LLC",Farmersville,290,Plant Closure,
warn-3141,,il,,Elgin,59,Plant Closure,
warn-3142,,il,"ANIXTER BROS., INC.",Alsip,65,Plant Closure,
warn-3144,,il,,Elk Grove Village,122,Plant Closure,
warn-3145,,il,,Salem,129,Plant Closure,
warn-3146,,il,,Harrisburg,66,Plant Closure,
warn-3147,,il,KEEBLER COMPANY,Gardner,51,Plant Closure,
warn-3148,,il,,Mt. Vernon,64,Plant Closure,
warn-3151,,il,,Chicago,67,Plant Closure,
warn-3152,,il,,Rolling Meadows,118,Plant Closure,
warn-3153,,il,Wyndham Suites Glenview Hotel,Glenview,93,Plant Closure,
warn-3154,,il,,Wood Dale,111,Plant Closure,
warn-3155,,il,,Chicago,204,Plant Closure,
warn-3156,,il,,Loves Park,254,Plant Closure,
warn-3158,,il,,Chicago,78,Plant Closure,
warn-3159,,il,,Olympia Fields,77,Plant Closure,
warn-3160,,il,Fiserv,Aurora,290,Plant Closure,
warn-3161,,il,XPAC,East Peoria,57,Plant Closure,
warn-3162,,il,,Chicago,85,Plant Closure,
warn-3163,,il,,Elwood,69,Plant Closure,
warn-3164,,il,,Anna,76,Plant Closure,
warn-3165,,il,,Bedford Park,101,Plant Closure,
warn-3166,,il,,Chicago,80,Plant Closure,
warn-3167,,il,,Franklin Park,62,Plant Closure,
warn-3168,,il,Great Central Insurance,Peoria,56,Plant Closure,
warn-3169,,il,,Oakbrook Terrace,231,Plant Closure,
warn-3170,,il,,Burr Ridge,107,Plant Closure,
warn-3171,,il,,Chicago,110,Mass Layoff,
warn-3172,,il,CVS Pharmacy,Gurnee,52,Plant Closure,
warn-3173,,il,Avon Products Inc,Glenview,242,Plant Closure,
warn-3174,,il,Aimbridge Employee Service Corp.,Rosemont,240,Plant Closure,
warn-3175,,il,Asplundh Tree Expert Company,Rockford,91,Plant Closure,
warn-3176,,il,Asplundh Tree Expert Company,Niles,190,Plant Closure,
warn-3177,,il,Asplundh Tree Expert Company,Willow Springs,97,Plant Closure,
warn-3178,,il,Asplundh Tree Expert Company,Lockport,79,Plant Closure,
warn-3179,,il,US Foodservice,Streator,72,Plant Closure,
warn-3180,,il,,Des Plaines,52,Plant Closure,
warn-3181,,il,Wal- Mart Distribution Center,Rolling Meadows,146,Plant Closure,
warn-3182,,il,US Bank,Chicago,150,Plant Closure,
warn-3183,,il,US Bank,Oak Park,50,Plant Closure,
warn-3184,,il,US Bank,Oakbrook Terrace,61,Plant Closure,
warn-3185,,il,,Peoria,79,Plant Closure,
warn-3186,,il,Tyco Valves & Controls,Prophetstown,84,Plant Closure,
warn-3187,,il,Illinois Bell,Chicago,84,Plant Closure,
warn-3189,,il,Illinois Department of Human Services,Tinley Park,1269,Plant Closure,
warn-3190,,il,Bunge Lauhoff Grain Co.,Danville,99,Plant Closure,
warn-3191,,il,Colfax Envelope Corp.,Buffalo Grove,62,Plant Closure,
warn-3192,,il,,University Park,135,Plant Closure,
warn-3193,,il,Kmart,Woodstock,57,Plant Closure,
warn-3194,,il,,Franklin Park,57,Plant Closure,
warn-3195,,il,Lifelink Corporation,Bensenville,117,Plant Closure,
warn-3196,,il,,Chicago,443,Plant Closure,
warn-3198,,il,,Chicago,62,Plant Closure,
warn-3199,,il,,Chicago,64,Plant Closure,
warn-3200,,il,"Shawnee Development Council,Inc.",Karnak,72,Plant Closure,
warn-3201,,il,East Central Illinois Community Action A,Danville,58,Plant Closure,
warn-3202,,il,,Belvidere,156,Plant Closure,
warn-3203,,il,UNILEVER BESTFOODS NORTH AMERICA,Chicago,192,Plant Closure,
warn-3204,,il,,Schaumburg,178,Plant Closure,
warn-3205,,il,,Chicago,86,Plant Closure,
warn-3206,,il,,Schaumburg,84,Plant Closure,
warn-3207,,il,MSC Corporation,Elk Grove Village,87,Plant Closure,
warn-3208,,il,REED REFERENCE PUBLISHING,Oak Brook,177,Plant Closure,
warn-3210,,il,,Chicago,271,Plant Closure,
warn-3212,,il,,Elk Grove Village,64,Plant Closure,
warn-3213,,il,,Deerfield,1295,Plant Closure,
warn-3214,,il,,Deerfield,152,Plant Closure,
warn-3215,,il,,Melrose Park,119,Plant Closure,
warn-3216,,il,ESPN Zone,Chicago,169,Plant Closure,
warn-3217,,il,"Veolia Transportation Services, Inc.",Addison,50,Plant Closure,
warn-3218,,il,Harris N.A.,Rockford,345,Plant Closure,
warn-3219,,il,,Romeoville,500,Layoff,
warn-3220,,il,Northwestern Memorial Hospital,Chicago,115,Plant Closure,
warn-3222,,il,,Chicago,83,Plant Closure,
warn-3223,,il,,Arlington Heights,62,Plant Closure,
warn-3225,,il,,Galva,63,Plant Closure,
warn-3226,,il,Interstate Brands Companies,Decatur,65,Plant Closure,
warn-3227,,il,,Addison,74,Plant Closure,
warn-3228,,il,Heritage Manor Nursing Home,Beardstown,72,Plant Closure,
warn-3229,,il,,Bridgeview,136,Plant Closure,
warn-3230,,il,,Schaumburg,60,Plant Closure,
warn-3231,,il,Startek USA Inc.,Decatur,358,Plant Closure,
warn-3232,,il,,Multiple,62,Plant Closure,
warn-3233,,il,,Chicago,51,Plant Closure,
warn-3234,,il,,Elk Grove Village,61,Plant Closure,
warn-3235,,il,,Elk Grove Village,53,Plant Closure,
warn-3236,,il,Protein Solutions,Chicago,309,Plant Closure,
warn-3237,,il,,Litchfield,121,Plant Closure,
warn-3238,,il,,Chicago,55,Plant Closure,
warn-3239,,il,,Calumet City,92,Plant Closure,
warn-3240,,il,,Frankfort,62,Plant Closure,
warn-3241,,il,,Broadview,83,Plant Closure,
warn-3242,,il,,Chicago,210,Plant Closure,
warn-3243,,il,,Chicago,54,Plant Closure,
warn-3244,,il,,Schiller Park,54,Plant Closure,
warn-3245,,il,,Naperville,145,Plant Closure,
warn-3246,,il,,Chicago,124,Plant Closure,
warn-3247,,il,"Lifetime Doors, Inc.",Watseka,61,Plant Closure,
warn-3248,,il,National Envelope,Elk Grove Village,178,Plant Closure,
warn-3249,,il,SARA LEE HOSIERY/CHAMPAIGN DISTRIBUTION,Bensenville,72,Plant Closure,
warn-3250,,il,,Chicago,150,Plant Closure,
warn-3251,,il,Pappas Restaurants,Arlington Heights,160,Plant Closure,
warn-3253,,il,Novartis Pharmaceuticals Corp.,Schaumburg,81,Plant Closure,
warn-3254,,il,"C D Listening Bar, Inc.",Ottawa,105,Plant Closure,
warn-3255,,il,,Bloomington,64,Plant Closure,
warn-3256,,il,Kaplan University,Chicago,192,Plant Closure,
warn-3257,,il,,Springfield,63,Plant Closure,
warn-3258,,il,Gendex Corp.,Des Plaines,120,Mass Layoff,
warn-3259,,il,,Cicero,149,Plant Closure,
warn-3260,,il,Kmart,Franklin Park,92,Plant Closure,
warn-3261,,il,Kmart,Washington,71,Plant Closure,
warn-3262,,il,"C D Listening Bar, Inc.",Itasca,67,Plant Closure,
warn-3263,,il,,Jacksonville,70,Plant Closure,
warn-3264,,il,Gold Standard Baking,Chicago,73,Plant Closure,
warn-3265,,il,Dynegy Inc./Dynegy Midwest Generat,Oakwood,53,Plant Closure,
warn-3266,,il,,Mossville,89,Plant Closure,
warn-3267,,il,SalonCentric,Dixon,72,Plant Closure,
warn-3268,,il,RENAISSANCE CHICAGO O'HARE SUITES,Oak Brook,94,Plant Closure,
warn-3269,,il,,Loves Park,61,Plant Closure,
warn-3270,,il,,Schaumburg,60,Plant Closure,
warn-3271,,il,,Northlake,83,Plant Closure,
warn-3272,,il,BagcraftPapercon,Chicago,52,Plant Closure,
warn-3273,,il,,St. Charles,78,Plant Closure,
warn-3274,,il,,Joliet,78,Plant Closure,
warn-3275,,il,JCPENNEY COMPANY CREDIT SERVICE CENTER,Dundee,139,Plant Closure,
warn-3276,,il,Dish Installation Network,Rolling Meadows,128,Mass Layoff,
warn-3277,,il,,Chicago,50,Plant Closure,
warn-3278,,il,,Elk Grove Village,76,Plant Closure,
warn-3279,,il,Aramark,Belvidere,78,Plant Closure,
warn-3280,,il,,Chicago,0,Layoff,
warn-3281,,il,,Chicago,183,Plant Closure,
warn-3282,,il,"CastleRock Security, Inc.",Arlington Heights,102,Plant Closure,
warn-3283,,il,,Glen Ellyn,80,Plant Closure,
warn-3284,,il,Bistro 110,Chicago,82,Plant Closure,
warn-3285,,il,Ryerson,Chicago,67,Plant Closure,
warn-3286,,il,,O'Fallon,60,Plant Closure,
warn-3287,,il,,Carbondale,66,Plant Closure,
warn-3288,,il,,Chicago,12,Layoff,
warn-3290,,il,Jewel Food Stores,Olympia Fields,114,Plant Closure,
warn-3291,,il,CONSOLIDATED CONTAINER CO. LLC,Elk Grove Village,68,Plant Closure,
warn-3292,,il,A-1 Wire Tech Inc.,Rockford,51,Plant Closure,
warn-3293,,il,,Springfield,113,Plant Closure,
warn-3294,,il,"Houlihan's Restaurants, Inc.",Oakbrook,82,Plant Closure,
warn-3295,,il,Hollander Sleep Products,Des Plaines,70,Plant Closure,
warn-3296,,il,,Chicago,12,Layoff,
warn-3297,,il,,Chicago,107,Plant Closure,
warn-3298,,il,"Sun-Times Media Productions, LLC",Chicago,456,Plant Closure,
warn-3299,,il,Clarin,Lake Bluff,75,Plant Closure,
warn-3300,,il,Olin Corp.,East Alton,1600,Mass Layoff,
warn-3301,,il,,Deerfield,81,Plant Closure,
warn-3302,,il,LOWE'S Home Improvement,Elgin,84,Plant Closure,
warn-3303,,il,LOWE'S Home Improvement,Schaumburg,110,Plant Closure,
warn-3304,,il,,Chicago,161,Plant Closure,
warn-3305,,il,IGOR The Watchdog Corp,Tinley Park,79,Plant Closure,
warn-3306,,il,"Swissport USA, Inc.",Chicago,146,Plant Closure,
warn-3307,,il,Office Depot,Lansing,118,Plant Closure,
warn-3308,,il,,Chicago,1,Layoff,
warn-3309,,il,Jewel Food Stores,Multiple,69,Plant Closure,
warn-3310,,il,,Yorkville,58,Plant Closure,
warn-3311,,il,,Wheeling,86,Plant Closure,
warn-3312,,il,MARRIOTT O'HARE,Lisle,84,Plant Closure,
warn-3313,,il,Milgard Windows Inc,Aurora,87,Plant Closure,
warn-3314,,il,LOWE'S Home Improvement,Aurora,84,Plant Closure,
warn-3315,,il,LOWE'S Home Improvement,Oswego,93,Plant Closure,
warn-3316,,il,RYDER INTEGRATED LOGISTICS,Joliet,62,Plant Closure,
warn-3317,,il,Gannett Publishing Services,Rockford,49,Layoff,
warn-3318,,il,,Rossville,144,Plant Closure,
warn-3319,,il,,Elgin,95,Plant Closure,
warn-3320,,il,,Chicago,77,Plant Closure,
warn-3321,,il,,Meredosia,53,Plant Closure,
warn-3322,,il,,Mount Prospect,91,Plant Closure,
warn-3323,,il,Illinois Department of Human Services,Tinley Park,162,Plant Closure,
warn-3324,,il,,Oakbrook Terrace,79,Plant Closure,
warn-3325,,il,,Chicago,107,Plant Closure,
warn-3326,,il,Premier Warehousing Services Inc.,Elwood,77,Plant Closure,
warn-3327,,il,P.A. Professionals,Chicago,57,Plant Closure,
warn-3328,,il,P.A. Professionals,Crystal Lake,94,Plant Closure,
warn-3329,,il,P.A. Professionals,Elgin,2,Layoff,
warn-3330,,il,P.A. Professionals,Wheeling,97,Plant Closure,
warn-3331,,il,Elmhurst Memorial Home Health Care,Elmhurst,100,Plant Closure,
warn-3332,,il,,Hillside,102,Plant Closure,
warn-3334,,il,B F GOODRICH HENRY PLANT,Barrington,58,Plant Closure,
warn-3335,,il,Garden Fresh Market,Arlington Heights,76,Mass Layoff,
warn-3336,,il,Rolf's Patisserie,Lincolnwood,136,Plant Closure,
warn-3337,,il,,Oak Brook,51,Plant Closure,
warn-3338,,il,,Buffalo Grove,121,Plant Closure,
warn-3339,,il,TCF National Bank,Schiller Park,101,Plant Closure,
warn-3340,,il,TCF National Bank,Willowbrook,103,Plant Closure,
warn-3341,,il,,Bensenville,73,Plant Closure,
warn-3342,,il,Illinois Bell,Chicago,65,Plant Closure,
warn-3343,,il,Carle Clinic Danville,Peoria,100,Plant Closure,
warn-3344,,il,,Chicago,60,Plant Closure,
warn-3346,,il,,Chicago,295,Plant Closure,
warn-3347,,il,"Web.com Group, Inc.",Belleville,92,Mass Layoff,
warn-3348,,il,,Buffalo Grove,131,Plant Closure,
warn-3349,,il,,Elk Grove Village,90,Plant Closure,
warn-3350,,il,Metropolitan Life Insurance Co.,Oak Brook,63,Plant Closure,
warn-3351,,il,Metropolitan Life Insurance Co.,Itasca,69,Plant Closure,
warn-3352,,il,,Chicago,148,Plant Closure,
warn-3353,,il,"Playboy Enterprises, Inc.",Chicago,56,Plant Closure,
warn-3354,,il,UNILEVER BESTFOODS NORTH AMERICA,Melrose Park,121,Plant Closure,
warn-3355,,il,,Chicago,102,Plant Closure,
warn-3356,,il,,McHenry,98,Plant Closure,
warn-3357,,il,,Chicago,74,Plant Closure,
warn-3358,,il,BAXTER HEALTHCARE CORP.,Buffalo Grove,61,Plant Closure,
warn-3359,,il,R. R. DONNELLEY & SONS COMPANY,Mendota,207,Plant Closure,
warn-3360,,il,,Marengo,90,Plant Closure,
warn-3361,,il,Graham Packaging Company,West Chicago,81,Plant Closure,
warn-3362,,il,EARTHGRAINS,Rock Island,97,Plant Closure,
warn-3363,,il,,Belleville,131,Plant Closure,
warn-3364,,il,,Mundelein,124,Plant Closure,
warn-3366,,il,,Sycamore,81,Plant Closure,
warn-3367,,il,Compass Group USA,Peoria,108,Plant Closure,
warn-3368,,il,,Chicago,130,Plant Closure,
warn-3369,,il,AFNI,Peoria,292,Plant Closure,
warn-3370,,il,Best Buy Stores,Deerfield,113,Plant Closure,
warn-3371,,il,Best Buy Stores,Matteson,55,Plant Closure,
warn-3372,,il,Best Buy Stores,West Dundee,51,Plant Closure,
warn-3373,,il,Best Buy Stores,Chicago,82,Plant Closure,
warn-3374,,il,Garden Fresh Market,Mount Prospect,54,Plant Closure,
warn-3375,,il,,Lombard,87,Plant Closure,
warn-3376,,il,,Chicago,52,Plant Closure,
warn-3377,,il,INTERNATIONAL PAPER,Chicago,81,Plant Closure,
warn-3378,,il,,Melrose Park,100,Plant Closure,
warn-3379,,il,Graham Packaging Company,Vandalia,215,Plant Closure,
warn-3380,,il,Midas International Corporation,Itasca,157,Plant Closure,
warn-3381,,il,Interstate Brands Companies,Hodgkins,807,Plant Closure,
warn-3383,,il,Kmart,Waukegan,67,Plant Closure,
warn-3384,,il,"G&D Integrated, Inc.",Peoria,189,Plant Closure,
warn-3385,,il,"North Central Behavioral Health Systems,",McHenry,57,Plant Closure,
warn-3386,,il,Waste Management,Lombard,122,Plant Closure,
warn-3387,,il,,Chicago,95,Plant Closure,
warn-3388,,il,,Westchester,88,Plant Closure,
warn-3389,,il,,Hanover Park,111,Plant Closure,
warn-3390,,il,,Plainfield,80,Plant Closure,
warn-3391,,il,"G&D Integrated, Inc.",Decatur,588,Plant Closure,
warn-3392,,il,"LAWSON PRODUCTS, INC.",Des Plaines,63,Plant Closure,
warn-3393,,il,,Palatine,84,Layoff,
warn-3394,,il,,Chicago,52,Plant Closure,
warn-3395,,il,,Rockford,87,Plant Closure,
warn-3396,,il,,Chicago,210,Plant Closure,
warn-3397,,il,,Arlington Heights,109,Plant Closure,
warn-3398,,il,,Metropolis,228,Plant Closure,
warn-3400,,il,,Franklin Park,54,Plant Closure,
warn-3401,,il,Illinois Department of Human Services,Rockford,131,Plant Closure,
warn-3402,,il,Illinois Department of Human Services,Jacksonville,341,Plant Closure,
warn-3403,,il,,Oak Brook,78,Plant Closure,
warn-3404,,il,,Tinley Park,106,Plant Closure,
warn-3405,,il,,Chicago,60,Plant Closure,
warn-3406,,il,,Beardstown,51,Plant Closure,
warn-3407,,il,"U.S. Auto Parts Network, Inc.",La Salle,68,Plant Closure,
warn-3408,,il,ThyssenKrupp Access Corp.,Roanoke,103,Plant Closure,
warn-3409,,il,State Farm Insurance,Tinley Park,59,Plant Closure,
warn-3410,,il,State Farm Insurance,Collinsville,70,Plant Closure,
warn-3411,,il,,McHenry,110,Plant Closure,
warn-3412,,il,,Highland Park,60,Plant Closure,
warn-3413,,il,Kmart,Fairview Heights,81,Plant Closure,
warn-3415,,il,,Melrose Park,50,Plant Closure,
warn-3416,,il,"Vonachen Services, Inc",Pontiac,64,Layoff,
warn-3417,,il,,Addison,55,Plant Closure,
warn-3418,,il,Thompson Sutton Associates LLC,Chicago,99,Plant Closure,
warn-3419,,il,,Chicago,198,Mass Layoff,
warn-3420,,il,,Downers Grove,54,Plant Closure,
warn-3421,,il,"The Bon-Ton Stores, Inc.",Calumet City,76,Plant Closure,
warn-3422,,il,Bunge Lauhoff Grain Co.,Kankakee,91,Mass Layoff,
warn-3423,,il,,Bolingbrook,492,Plant Closure,
warn-3424,,il,Kmart,Lombard,70,Plant Closure,
warn-3425,,il,"BUCA, Inc.",Chicago,70,Plant Closure,
warn-3426,,il,,Quincy,139,Plant Closure,
warn-3427,,il,Monitor Company Group LP,Chicago,62,Plant Closure,
warn-3428,,il,"World Kitchen, Inc.",Monee,180,Plant Closure,
warn-3429,,il,,Chicago,95,Plant Closure,
warn-3430,,il,BIG RIDGE INC.,Equality,408,Plant Closure,
warn-3431,,il,"LINDGREN R.F. ENCLOSURES,INC.",Glendale Heights,53,Plant Closure,
warn-3432,,il,,Carlinville,67,Plant Closure,
warn-3433,,il,Science Applications International Corp.,O'Fallon,90,Plant Closure,
warn-3434,,il,Best Buy Stores,Skokie,58,Plant Closure,
warn-3435,,il,Kroger,DuQuoin,65,Plant Closure,
warn-3436,,il,Kmart,Naperville,98,Plant Closure,
warn-3437,,il,"Sun-Times Media Productions, LLC",Tinley Park,160,Plant Closure,
warn-3438,,il,"Sun-Times Media Productions, LLC",Aurora,114,Plant Closure,
warn-3439,,il,Walgreen Co c/o Kris Dimitriou,Berkeley,65,Plant Closure,
warn-3440,,il,Nekoosa Packaging Corp.,Chicago,108,Plant Closure,
warn-3442,,il,,Rolling Meadows,80,Plant Closure,
warn-3443,,il,GENERAL CABLE,Des Plaines,65,Plant Closure,
warn-3444,,il,ARL Hotel Management LLC,Peoria,122,Plant Closure,
warn-3445,,il,Portola Packaging,Batavia,76,Plant Closure,
warn-3446,,il,Freight Car Services,Danville,254,Plant Closure,
warn-3447,,il,Freight Car Services,Danville,180,Plant Closure,
warn-3448,,il,Streamwood Behavioral Health Center,Streamwood,107,Plant Closure,
warn-3449,,il,,Elwood,69,Plant Closure,
warn-3450,,il,,Bensenville,71,Plant Closure,
warn-3451,,il,Embassy Suites Hotel Chicago Downt,Chicago,100,Plant Closure,
warn-3452,,il,,Chicago,120,Mass Layoff,
warn-3453,,il,Interstate Brands Companies,Oswego,1390,Plant Closure,
warn-3454,,il,,Melrose Park,662,Mass Layoff,
warn-3455,,il,,Skokie,73,Plant Closure,
warn-3456,,il,US. Can Co,Elgin,61,Plant Closure,
warn-3457,,il,MARRIOTT DISTRIBUTION SERVICE CENTER,Chicago,538,Plant Closure,
warn-3458,,il,Compass Group USA,Carbondale,72,Plant Closure,
warn-3459,,il,,Chicago,85,Plant Closure,
warn-3460,,il,Kmart,Willowbrook,76,Plant Closure,
warn-3461,,il,"Bethel New Life, Inc.",Chicago,235,Mass Layoff,
warn-3462,,il,,Chicago,47,Layoff,
warn-3463,,il,,Des Plaines,262,Plant Closure,
warn-3464,,il,,Naperville,75,Plant Closure,
warn-3465,,il,,Chicago,380,Plant Closure,
warn-3466,,il,"Wyndham Vacation Ownership, Inc.",Northbrook,93,Plant Closure,
warn-3467,,il,,Metropolis,50,Plant Closure,
warn-3468,,il,,Chicago,2,Layoff,
warn-3469,,il,,Chicago,73,Layoff,
warn-3470,,il,,Chicago,79,Plant Closure,
warn-3471,,il,Wells Fargo Home Mortgage,Lombard,76,Plant Closure,
warn-3472,,il,HSBC Card Services,Elmhurst,150,Plant Closure,
warn-3473,,il,ITW,Tinley Park,61,Plant Closure,
warn-3474,,il,,Lake Bluff,120,Plant Closure,
warn-3475,,il,Applebee's Neighborhood Grill,Lake County,217,Plant Closure,
warn-3476,,il,Applebee's Neighborhood Grill,McHenry County,112,Plant Closure,
warn-3477,,il,Applebee's Neighborhood Grill,Multiple,225,Plant Closure,
warn-3478,,il,Applebee's Neighborhood Grill,DuPage County,165,Plant Closure,
warn-3479,,il,Applebee's Neighborhood Grill,Cook County,778,Plant Closure,
warn-3480,,il,Applebee's Neighborhood Grill,Will County,215,Plant Closure,
warn-3481,,il,,South Beloit,107,Plant Closure,
warn-3482,,il,"TransCore, LP",Lisle,196,Plant Closure,
warn-3483,,il,E M Wiegmann & Co Inc,South Holland,82,Plant Closure,
warn-3484,,il,MONONA WIRE CORP (MWC),DeKalb,75,Plant Closure,
warn-3485,,il,ALLSTATE INSURANCE COMPANY'S (SUBROGATIO,Wheeling,220,Plant Closure,
warn-3486,,il,"Berkeley Contract Packaging, LLC",Edwardsville,110,Plant Closure,
warn-3488,,il,,Chillicothe,59,Plant Closure,
warn-3489,,il,"Dik Drug Company, LLC",Burr Ridge,44,Layoff,
warn-3490,,il,RUST-OLEUM CORPORATION,Rockford,101,Plant Closure,
warn-3491,,il,,Woodstock,148,Plant Closure,
warn-3492,,il,,Chicago,83,Plant Closure,
warn-3493,,il,,North Chicago,96,Plant Closure,
warn-3494,,il,Compass Group USA,Waukegan,113,Plant Closure,
warn-3496,,il,ALLSTATE INSURANCE COMPANY'S (SUBROGATIO,Woodridge,348,Plant Closure,
warn-3497,,il,Filtration Group,Joliet,89,Plant Closure,
warn-3498,,il,"G&D Integrated, Inc.",Bartonville,71,Plant Closure,
warn-3499,,il,ALLSTATE INSURANCE COMPANY'S (SUBROGATIO,Northbrook,412,Plant Closure,
warn-3500,,il,West Side Community Hospital,Chicago,300,Plant Closure,
warn-3501,,il,,Danville,121,Plant Closure,
warn-3503,,il,,Kewanee,60,Plant Closure,
warn-3506,,il,,Schaumburg,63,Plant Closure,
warn-3508,,il,,Elgin,598,Plant Closure,
warn-3509,,il,,Lemont,66,Plant Closure,
warn-3510,,il,"Booklet Binding, Inc.",Carol Stream,177,Plant Closure,
warn-3511,,il,DACO Inc,North Aurora,90,Plant Closure,
warn-3512,,il,,Chicago,25,Layoff,
warn-3513,,il,,Chicago,387,Plant Closure,
warn-3514,,il,,Melrose Park,40,Layoff,
warn-3515,,il,EOS USA,Tinely Park,94,Plant Closure,
warn-3516,,il,Caterpillar,Montgomery,21,Layoff,
warn-3517,,il,,Chicago,145,Plant Closure,
warn-3518,,il,,Rolling Meadows,12700,Layoff,
warn-3520,,il,,Chicago,148,Plant Closure,
warn-3521,,il,,Chicago,56,Plant Closure,
warn-3522,,il,Compass Group USA,Oak Lawn,34,Layoff,
warn-3523,,il,,Prairie Grove,97,Plant Closure,
warn-3524,,il,,Chicago,804,Mass Layoff,
warn-3525,,il,Bennigans of Chicago,Chicago,88,Plant Closure,
warn-3526,,il,,Machesney Park,70,Plant Closure,
warn-3527,,il,Compass Group USA,Wheeling,130,Plant Closure,
warn-3528,,il,"Tri County Coal, LLC",Farmersville,204,Mass Layoff,
warn-3529,,il,Siemens Building Technologies,Elgin,69,Plant Closure,
warn-3530,,il,,Des Plaines,95,Plant Closure,
warn-3531,,il,,Chicago,85,Plant Closure,
warn-3532,,il,,Lake County,704,Plant Closure,
warn-3533,,il,,McHenry County,192,Plant Closure,
warn-3534,,il,,Oswego & Geneva,110,Plant Closure,
warn-3535,,il,,DuPage County,970,Plant Closure,
warn-3536,,il,,Cook County,3244,Plant Closure,
warn-3537,,il,,Will County,413,Plant Closure,
warn-3538,,il,,Chicago Heights,31,Layoff,
warn-3539,,il,,Carol Stream,32,Layoff,
warn-3540,,il,,Elgin,141,Plant Closure,
warn-3541,,il,,Chicago,270,Layoff,
warn-3542,,il,,Schaumburg,95,Plant Closure,
warn-3543,,il,,Schaumburg,32,Layoff,
warn-3544,,il,,Joliet,50,Plant Closure,
warn-3545,,il,Washington Group International,Warrenville,70,Plant Closure,
warn-3546,,il,"General Electric International, Inc.",Chicago,65,Plant Closure,
warn-3547,,il,,Schaumburg,42,Layoff,
warn-3548,,il,,Northlake,332,Plant Closure,
warn-3549,,il,,Oak Brook,141,Plant Closure,
warn-3550,,il,Compass Group USA,Wheeling,122,Plant Closure,
warn-3551,,il,,Alsip,500,Mass Layoff,
warn-3552,,il,,Aurora,143,Plant Closure,
warn-3553,,il,IFCO Systems N. A.,Bolingbrook,20,Layoff,
warn-3554,,il,,Schaumburg,149,Plant Closure,
warn-3555,,il,,Hillside,82,Plant Closure,
warn-3556,,il,United Airlines,Chicago,160,Plant Closure,
warn-3557,,il,United Airlines,Chicago,4968,Plant Closure,
warn-3558,,il,,Chicago,72,Plant Closure,
warn-3559,,il,,Roselle,102,Plant Closure,
warn-3560,,il,Chase,Downers Grove,53,Plant Closure,
warn-3561,,il,Oldcastle Glass Group sub CRH,Bensenville,64,Plant Closure,
warn-3562,,il,JCPENNEY COMPANY CREDIT SERVICE CENTER,Bloomingdale,127,Plant Closure,
warn-3563,,il,,Alsip,43,Layoff,
warn-3564,,il,,Chicago,250,Plant Closure,
warn-3565,,il,"OfficeMax, Inc.",Itasca,1750,Plant Closure,
warn-3566,,il,"WellCare Health Plans, Inc.",Chicago,105,Plant Closure,
warn-3568,,il,,Carol Steam,112,Plant Closure,
warn-3570,,il,MARRIOTT DISTRIBUTION SERVICE CENTER,Chicago,127,Plant Closure,
warn-3571,,il,,Rockford,74,Plant Closure,
warn-3572,,il,,Peoria,63,Plant Closure,
warn-3573,,il,"Art Supply Enterprises, Inc.",Elgin,25,Layoff,
warn-3574,,il,Polyone Corporation,Evanston,75,Plant Closure,
warn-3575,,il,,Rockford,61,Plant Closure,
warn-3576,,il,,Bloomington,88,Plant Closure,
warn-3577,,il,,Lisle,118,Plant Closure,
warn-3579,,il,Calumet Photographic,Chicago,85,Plant Closure,
warn-3580,,il,,Waukegan,130,Plant Closure,
warn-3581,,il,Southwire Company,Flora,112,Mass Layoff,
warn-3582,,il,,Bartonville,70,Plant Closure,
warn-3583,,il,MARYVILLE CITY OF YOUTH,Des Plaines,143,Plant Closure,
warn-3584,,il,Illinois Bell,Hoffman Estates,99,Plant Closure,
warn-3585,,il,,University Park,78,Plant Closure,
warn-3586,,il,NESTLE  FOOD CO.,Northbrook,66,Plant Closure,
warn-3587,,il,Shure Inc,Wheeling,50,Plant Closure,
warn-3588,,il,,McCook,244,Plant Closure,
warn-3589,,il,,Paris,74,Plant Closure,
warn-3590,,il,,Springfield,188,Plant Closure,
warn-3591,,il,,Urbana,44,Layoff,
warn-3592,,il,Lawrence Hall Youth Services,Elgin,51,Plant Closure,
warn-3593,,il,,Chicago,52,Plant Closure,
warn-3594,,il,,Westchester,53,Plant Closure,
warn-3595,,il,Modine Manufacturing Company,Ringwood,88,Plant Closure,
warn-3596,,il,"Anchor Coupling, Inc.",Dixon,123,Plant Closure,
warn-3597,,il,lia sophia,Wood Dale,95,Layoff,
warn-3598,,il,lia sophia,Roselle,145,Mass Layoff,
warn-3599,,il,,Wheeling,65,Layoff,
warn-3600,,il,,Woodstock,537,Plant Closure,
warn-3601,,il,,Chicago,105,Plant Closure,
warn-3602,,il,,North Chicago,68,Plant Closure,
warn-3603,,il,,Romeoville,112,Plant Closure,
warn-3604,,il,,Arlington Heights,104,Plant Closure,
warn-3605,,il,Jacobson Staffing Service,East Moline,137,Plant Closure,
warn-3606,,il,,Champaign,56,Plant Closure,
warn-3607,,il,,Chicago,41,Layoff,
warn-3608,,il,,Chicago,107,Plant Closure,
warn-3609,,il,,Chicago,67,Plant Closure,
warn-3610,,il,,Chicago,28,Layoff,
warn-3611,,il,Total Facility Maintenance Inc.,Wood Dale,124,Plant Closure,
warn-3612,,il,,Lake Forest,50,Plant Closure,
warn-3613,,il,Interstate Brands Companies,Schiller Park,418,Plant Closure,
warn-3614,,il,,Chicago,41,Layoff,
warn-3615,,il,Rehab Care Center of Jackson County,Murphysboro,109,Plant Closure,
warn-3617,,il,,Ottawa,58,Plant Closure,
warn-3618,,il,,Lockport,82,Plant Closure,
warn-3620,,il,US. Can Co,Danville,45,Layoff,
warn-3621,,il,,Chicago,91,Plant Closure,
warn-3622,,il,Kmart,Peoria,73,Plant Closure,
warn-3623,,il,Kmart,Forest Park,107,Plant Closure,
warn-3624,,il,Boise Cascade Corp. (Office Solutions),Peru,270,Mass Layoff,
warn-3625,,il,,Arlington Heights,83,Plant Closure,
warn-3626,,il,,Rock Island,74,Plant Closure,
warn-3627,,il,,Quincy,115,Plant Closure,
warn-3628,,il,"Banco Popular, Illinois",Rosemont,233,Plant Closure,
warn-3629,,il,Sequoia Golf Management LLC,Long Grove,85,Plant Closure,
warn-3630,,il,,Chicago,63,Plant Closure,
warn-3631,,il,Sealy Mattress,Batavia,174,Plant Closure,
warn-3632,,il,,Rockford,130,Plant Closure,
warn-3633,,il,,Chicago,144,Plant Closure,
warn-3634,,il,,Rosemont,104,Plant Closure,
warn-3636,,il,,Joliet,57,Plant Closure,
warn-3637,,il,Mcdonald's Corporation,Oak Brook,198,Plant Closure,
warn-3638,,il,,Chicago,68,Plant Closure,
warn-3639,,il,,Chicago,131,Plant Closure,
warn-3640,,il,,Elk Grove Village,74,Plant Closure,
warn-3641,,il,Concentra Medical Centers,Lombard,53,Plant Closure,
warn-3642,,il,Streamwood Behavioral Health Center,Rockford,107,Plant Closure,
warn-3643,,il,,Chicago,28,Layoff,
warn-3644,,il,,Glenview,153,Plant Closure,
warn-3645,,il,,Elk Grove Village,86,Plant Closure,
warn-3646,,il,,Joliet,80,Plant Closure,
warn-3647,,il,Kmart,Chicago,106,Plant Closure,
warn-3648,,il,"DeZURIK, Inc.",Schaumburg,61,Plant Closure,
warn-3649,,il,,Belvidere,27,Layoff,
warn-3650,,il,,Chicago Heights,85,Plant Closure,
warn-3651,,il,,Chicago,33,Layoff,
warn-3652,,il,,Ullin,75,Plant Closure,
warn-3653,,il,Central Beverage Company,Broadview,124,Plant Closure,
warn-3654,,il,"TigerDirect, Inc.",Hoffman Estates,41,Layoff,
warn-3655,,il,"TigerDirect, Inc.",Orland Park,38,Layoff,
warn-3656,,il,"TigerDirect, Inc.",Naperville,172,Plant Closure,
warn-3657,,il,"TigerDirect, Inc.",Naperville,49,Layoff,
warn-3658,,il,,Bolingbrook,118,Plant Closure,
warn-3660,,il,,Aurora,44,Layoff,
warn-3661,,il,Menlo Logistics Inc.,Aurora,30,Layoff,
warn-3662,,il,,Chicago,62,Plant Closure,
warn-3663,,il,Eastman Chemical Company,Chicago,36,Layoff,
warn-3664,,il,"Pioneer Hi-Bred International, Inc.",Good Hope,42,Layoff,
warn-3665,,il,,Downers Grove,94,Plant Closure,
warn-3667,,il,"NCO Financial Systems, Inc.",Matteson,46,Layoff,
warn-3668,,il,,Franklin Park,146,Plant Closure,
warn-3669,,il,MV Transportation Inc,Carol Stream,56,Plant Closure,
warn-3670,,il,,Monee,63,Plant Closure,
warn-3671,,il,,Locktport,65,Plant Closure,
warn-3672,,il,Wells Fargo Home Mortgage,Springfield,78,Plant Closure,
warn-3673,,il,,Lincolnshire,31,Layoff,
warn-3674,,il,Youth Outreach Services,Chicago,80,Plant Closure,
warn-3675,,il,Kmart,Chicago,99,Plant Closure,
warn-3676,,il,,Chicago,82,Plant Closure,
warn-3677,,il,,Suburban Cook County,215,Plant Closure,
warn-3678,,il,,Joliet,94,Plant Closure,
warn-3679,,il,DeVry Inc.,Chicago,95,Plant Closure,
warn-3680,,il,,Rolling Meadows,62,Plant Closure,
warn-3681,,il,,Chicago,70,Layoff,
warn-3682,,il,Silverleaf's Fox River Resort,Lombard,39,Layoff,
warn-3684,,il,,Glenview,750,Plant Closure,
warn-3685,,il,AmeriCold Logistics,East Dubuque,28,Layoff,
warn-3686,,il,"Jacobs Engineering Group, Inc.",Chicago,50,Plant Closure,
warn-3688,,il,,Multiple Locations,180,Plant Closure,
warn-3689,,il,Heilgear Acquisition Co.,Bedford Park,283,Plant Closure,
warn-3690,,il,Hispanic Housing Development Corp.,Chicago,55,Plant Closure,
warn-3691,,il,,Chicago,41,Layoff,
warn-3693,,il,,University Park,95,Plant Closure,
warn-3695,,il,,Woodstock,151,Plant Closure,
warn-3696,,il,,Melrose Park,63,Plant Closure,
warn-3697,,il,,Rochelle,662,Layoff,
warn-3698,,il,,Hanover Park,45,Layoff,
warn-3700,,il,,Bedford Park,128,Plant Closure,
warn-3701,,il,Bunge Lauhoff Grain Co.,Bradley,144,Plant Closure,
warn-3702,,il,"Koch Foods, Inc.",Chicago,65,Plant Closure,
warn-3703,,il,,Chicago,59,Plant Closure,
warn-3704,,il,Coleman Tri-County,Harrisburg,55,Plant Closure,
warn-3705,,il,,Matteson,70,Plant Closure,
warn-3706,,il,,Chicago,37,Layoff,
warn-3707,,il,,Naperville,30,Layoff,
warn-3709,,il,,Schiller Park,64,Plant Closure,
warn-3710,,il,St. Mary's Hospital,Streator,350,Plant Closure,
warn-3712,,il,,Chicago,821,Plant Closure,
warn-3713,,il,"Space Center, Inc.",Kankakee,46,Layoff,
warn-3714,,il,Maywood Park Trotting Inc.,Melrose Park,29,Layoff,
warn-3715,,il,"Balmoral Racing Club, Inc.",Crete,52,Plant Closure,
warn-3716,,il,,McCook,0,Layoff,
warn-3717,,il,PCH Communications,Chicago,83,Plant Closure,
warn-3718,,il,,Chicago,330,Plant Closure,
warn-3719,,il,,Minooka,28,Layoff,
warn-3720,,il,,Mettawa,67,Plant Closure,
warn-3721,,il,Heritage Health,LaSalle,83,Plant Closure,
warn-3722,,il,"Colony Brands, Inc.",Savanna,166,Plant Closure,
warn-3723,,il,Patton Mining LLC,Hillsboro,130,Mass Layoff,
warn-3724,,il,,Chicago,44,Layoff,
warn-3725,,il,"Vigo Coal Company, Inc.",Mt. Carmel,100,Layoff,
warn-3726,,il,Kmart,Canton,36,Layoff,
warn-3727,,il,Lutheran Social Services of Illinois,Chicago,109,Plant Closure,
warn-3728,,il,Lutheran Social Services of Illinois,Rockford,123,Plant Closure,
warn-3729,,il,,Westmont,68,Plant Closure,
warn-3730,,il,,Bolingbrook,91,Plant Closure,
warn-3731,,il,Computer Systems Institute,Elgin,39,Layoff,
warn-3732,,il,Computer Systems Institute,Gurnee,38,Layoff,
warn-3733,,il,Computer Systems Institute,Skokie,95,Plant Closure,
warn-3734,,il,"Tyson Foods, Inc.",Chicago,170,Plant Closure,
warn-3735,,il,Kmart,Morton,47,Layoff,
warn-3736,,il,,Bensenville,119,Plant Closure,
warn-3737,,il,,Bridgeport,102,Plant Closure,
warn-3738,,il,"Hamilton County Coal, LLC",Dahlgren,79,Plant Closure,
warn-3739,,il,,Prospect Heights,98,Plant Closure,
warn-3740,,il,,Kewanee,194,Plant Closure,
warn-3741,,il,The Sports Authority,Romeoville,66,Plant Closure,
warn-3742,,il,RYDER INTEGRATED LOGISTICS,Rochelle,200,Plant Closure,
warn-3743,,il,"NRG Energy, Inc.",Joliet,94,Plant Closure,
warn-3745,,il,,East St. Louis,87,Plant Closure,
warn-3747,,il,,Elk Grove Village,170,Plant Closure,
warn-3748,,il,W.R. Grace & Co.,Deerfield,41,Layoff,
warn-3749,,il,Chase,Elgin,250,Layoff,
warn-3750,,il,,Chicago,49,Layoff,
warn-3751,,il,Pioneer Center,Woodstock,103,Plant Closure,
warn-3752,,il,,Niles,118,Plant Closure,
warn-3753,,il,ARCHER DANIELS MIDLAND COMPANY,Lemont,3,Layoff,
warn-3755,,il,,Buffalo Grove,55,Plant Closure,
warn-3756,,il,,Alton,83,Plant Closure,
warn-3757,,il,Kendall County Special Education Coopera,Yorkville,275,Plant Closure,
warn-3758,,il,Kmart,Bradley,125,Plant Closure,
warn-3759,,il,Will County,Monee,53,Plant Closure,
warn-3760,,il,,Aurora,31,Layoff,
warn-3761,,il,Missionary Oblate of Mary Immaculate,Belleville,65,Plant Closure,
warn-3762,,il,,Baldwin,253,Layoff,
warn-3763,,il,Compass Group USA,Chicago,52,Plant Closure,
warn-3764,,il,,Chicago,173,Plant Closure,
warn-3766,,il,Southern Graphic System,Elgin,30,Layoff,
warn-3767,,il,,Chicago,61,Plant Closure,
warn-3768,,il,"Spectrum Brands, Inc.",Edwardsville,48,Layoff,
warn-3769,,il,,Naperville,162,Plant Closure,
warn-3770,,il,,Chicago,57,Plant Closure,
warn-3771,,il,,Aurora,64,Plant Closure,
warn-3772,,il,,Chicago,41,Layoff,
warn-3773,,il,The Haeger Potteries,Dundee,50,Layoff,
warn-3774,,il,,Schiller Park,44,Layoff,
warn-3775,,il,AMERICAN GENERAL LIFE COMPANIES,Springfield,73,Plant Closure,
warn-3776,,il,,Morton Grove,30,Layoff,
warn-3777,,il,Cellular One of East Central IL,Multiple,34,Layoff,
warn-3778,,il,Cellular One,Danville,57,Plant Closure,
warn-3779,,il,,Centralia,42,Layoff,
warn-3780,,il,METROPOLITAN LIFE INSURANCE COMPANY,Lisle,57,Plant Closure,
warn-3781,,il,,Chicago,145,Plant Closure,
warn-3782,,il,NORC,Chicago,285,Plant Closure,
warn-3783,,il,Jiffi Stop,multiple,103,Plant Closure,
warn-3784,,il,,Byron,140,Plant Closure,
warn-3785,,il,,Milan,48,Layoff,
warn-3786,,il,,Joliet,50,Plant Closure,
warn-3787,,il,,Rockford,171,Plant Closure,
warn-3788,,il,,Newton,48,Layoff,
warn-3789,,il,,Belvidere,24,Layoff,
warn-3790,,il,Shop n Save,Peoria,69,Plant Closure,
warn-3791,,il,,Batavia,144,Plant Closure,
warn-3792,,il,"Maurice Sporting Goods, Inc.",Northbrook,49,Layoff,
warn-3793,,il,,Chicago,73,Layoff,
warn-3794,,il,,Carol Stream,59,Plant Closure,
warn-3795,,il,,Crystal Lake,51,Plant Closure,
warn-3796,,il,,Chicago,26,Layoff,
warn-3797,,il,,Franklin Park,128,Plant Closure,
warn-3798,,il,Kmart,Tinley Part,128,Plant Closure,
warn-3799,,il,Kmart,Chicago,146,Plant Closure,
warn-3800,,il,,Manteno,77,Plant Closure,
warn-3801,,il,,Belvidere,38,Layoff,
warn-3802,,il,"First Midwest Bank, National Assoc.",Hickory Hills,36,Layoff,
warn-3803,,il,"First Midwest Bank, National Assoc.",Hickory Hills,73,Plant Closure,
warn-3804,,il,Android Industries-Belvidere,Belvidere,204,Plant Closure,
warn-3805,,il,,Belvidere,273,Plant Closure,
warn-3806,,il,Holiday Inn-FHG,Bloomingdale,80,Plant Closure,
warn-3807,,il,"G&D Integrated, Inc.",Morton,67,Plant Closure,
warn-3808,,il,,Belvidere,551,Plant Closure,
warn-3809,,il,"PrimeSource Health Care Systems, Inc.",Buffalo Grove,159,Plant Closure,
warn-3810,,il,,Chicago,0,Layoff,
warn-3811,,il,,Chicago,108,Plant Closure,
warn-3812,,il,RYDER INTEGRATED LOGISTICS,Minooka,142,Plant Closure,
warn-3813,,il,Alabama Metal Industries Corporati,Bourbonnais,86,Plant Closure,
warn-3814,,il,,Des Plaines,37,Layoff,
warn-3815,,il,,Chicago,43,Layoff,
warn-3816,,il,,Clearwater,37,Layoff,
warn-3817,,il,,Gurnee,40,Layoff,
warn-3818,,il,"Trunk Club, Inc.",Chicago,154,Plant Closure,
warn-3819,,il,Club Ventures Investments LLC,Chicago,57,Plant Closure,
warn-3820,,il,"IOC Hotel, LLC",Chicago,89,Plant Closure,
warn-3821,,il,Walmart,Chicago,96,Plant Closure,
warn-3822,,il,,Bloomingdale,95,Plant Closure,
warn-3823,,il,,Chicago,51,Plant Closure,
warn-3826,,il,,Downers Grove,47,Layoff,
warn-3827,,il,Sycamore Healthcare LLC,Quincy,87,Plant Closure,
warn-3828,,il,"Marbles Holdings, LLC",Chicago,40,Layoff,
warn-3829,,il,State Farm Insurance,Bloomington,78,Plant Closure,
warn-3830,,il,U.S. Smokeless Tobacco Company,Franklin Park,246,Plant Closure,
warn-3831,,il,,Bolingbrook,121,Plant Closure,
warn-3832,,il,,Bolingbrook,132,Plant Closure,
warn-3833,,il,,Lombard,98,Plant Closure,
warn-3834,,il,,Downers Grove,66,Plant Closure,
warn-3835,,il,,Arlington Heights,57,Plant Closure,
warn-3836,,il,,Franklin Park,56,Plant Closure,
warn-3837,,il,,Glenview,54,Plant Closure,
warn-3838,,il,,Chicago,45,Layoff,
warn-3839,,il,,Chicago,107,Plant Closure,
warn-3840,,il,,Chicago,89,Plant Closure,
warn-3841,,il,,Downers Grove,76,Plant Closure,
warn-3842,,il,,Hanover Park,110,Plant Closure,
warn-3843,,il,"XPO Logistics Supply Chain, Inc.",Romeoville,162,Plant Closure,
warn-3844,,il,,Chicago,336,Plant Closure,
warn-3845,,il,,Berwyn,131,Plant Closure,
warn-3846,,il,,Melrose Park,168,Plant Closure,
warn-3847,,il,,Charleston,75,Plant Closure,
warn-3848,,il,,Romeoville,69,Plant Closure,
warn-3849,,il,"Aramark Educational Services, LLC",Naperville,159,Plant Closure,
warn-3850,,il,,Chicago,35,Layoff,
warn-3851,,il,,Multiple,138,Plant Closure,
warn-3852,,il,Sodexho,East Moline,45,Layoff,
warn-3853,,il,,Belleville,293,Plant Closure,
warn-3854,,il,,Decatur,172,Plant Closure,
warn-3855,,il,Walmart,Chicago,91,Plant Closure,
warn-3856,,il,,Chicago,45,Layoff,
warn-3857,,il,"Veracity Hospitality, LLC",Gurnee,296,Plant Closure,
warn-3858,,il,,Wheaton,79,Plant Closure,
warn-3859,,il,,Lansing,138,Plant Closure,
warn-3860,,il,,Forest Park,92,Plant Closure,
warn-3861,,il,,Chicago Heights,123,Plant Closure,
warn-3862,,il,,Calumet Park,151,Plant Closure,
warn-3863,,il,,Crestwood,86,Plant Closure,
warn-3864,,il,,Joliet,83,Plant Closure,
warn-3865,,il,,Chicago,32,Layoff,
warn-3866,,il,,Joliet,549,Plant Closure,
warn-3867,,il,Kmart,Bloomingdale,96,Plant Closure,
warn-3869,,il,,Montgomery,667,Plant Closure,
warn-3870,,il,Lutheran Child/Family Services of,Addison,84,Plant Closure,
warn-3871,,il,JCPENNEY COMPANY CREDIT SERVICE CENTER,Woodridge,87,Plant Closure,
warn-3872,,il,JCPENNEY COMPANY CREDIT SERVICE CENTER,Peru,76,Plant Closure,
warn-3873,,il,Kellogg Company,Woodridge,258,Plant Closure,
warn-3874,,il,,Champaign,130,Plant Closure,
warn-3875,,il,Walmart,Woodridge,158,Plant Closure,
warn-3877,,il,,Chicago,58,Plant Closure,
warn-3878,,il,,Bellwood,58,Plant Closure,
warn-3879,,il,,Oak Brook,108,Plant Closure,
warn-3880,,il,,Chicago,116,Plant Closure,
warn-3881,,il,,Joliet,185,Plant Closure,
warn-3882,,il,,Kankakee,92,Plant Closure,
warn-3883,,il,,Chicago,55,Plant Closure,
warn-3884,,il,,Wood Dale,102,Plant Closure,
warn-3885,,il,Lake Forest Hospital,Lake Forest,84,Plant Closure,
warn-3887,,il,,Batavia,110,Plant Closure,
warn-3888,,il,Paradice Hotel Casino,East Peoria,353,Plant Closure,
warn-3889,,il,,Chicago,120,Plant Closure,
warn-3890,,il,,Downers Grove,134,Plant Closure,
warn-3891,,il,,Champaign,79,Plant Closure,
warn-3892,,il,"Midcoast Aviation, Inc.",Cahokia,347,Plant Closure,
warn-3893,,il,SHERWIN-WILLIAMS CHEMICAL COATINGS FACIL,Chicago,46,Layoff,
warn-3894,,il,,Clinton,46,Layoff,
warn-3896,,il,,Champaign,350,Layoff,
warn-3897,,il,Navistar International Transportat,Melrose Park,650,Layoff,
warn-3898,,il,Wallace Pharmaceuticals,Decatur,80,Plant Closure,
warn-3899,,il,,Oak Brook,211,Plant Closure,
warn-3900,,il,"HRH Chicaco, LLC",Chicago,184,Plant Closure,
warn-3901,,il,,Orland Park,139,Plant Closure,
warn-3902,,il,Conifer Health Solutions,Westchester,34,Layoff,
warn-3903,,il,,Buffalo Grove,98,Plant Closure,
warn-3904,,il,,Rolling Meadows,452,Plant Closure,
warn-3905,,il,,Marion,29,Layoff,
warn-3906,,il,Neovia,Des Plaines,109,Plant Closure,
warn-3907,,il,,Skokie,232,Plant Closure,
warn-3908,,il,,Chicago,35,Layoff,
warn-3909,,il,,Oak Brook,31,Layoff,
warn-3910,,il,Meadowbrook LLC,Morton Grove,25,Layoff,
warn-3911,,il,,Chicago,40,Layoff,
warn-3912,,il,,Elgin,30,Layoff,
warn-3913,,il,,Effingham,275,Plant Closure,
warn-3914,,il,,Skokie,119,Plant Closure,
warn-3915,,il,"Elite Staffing, Inc.",Rock Island,125,Plant Closure,
warn-3916,,il,Westinghouse Air Brake Technology,Bensenville,45,Layoff,
warn-3917,,il,,Springfield,74,Plant Closure,
warn-3918,,il,Kmart,Effingham,33,Layoff,
warn-3919,,il,,Northbrook,73,Plant Closure,
warn-3920,,il,"Maurice Sporting Goods, Inc.",Northbrook,104,Plant Closure,
warn-3921,,il,,Woodridge,129,Plant Closure,
warn-3922,,il,CIGNA HEALTHCARE,Chicago,75,Plant Closure,
warn-3923,,il,,Chicago,76,Plant Closure,
warn-3924,,il,,West Chicago,32,Layoff,
warn-3925,,il,BEMIS COMPANY,Bellwood,52,Plant Closure,
warn-3926,,il,,Chicago,61,Plant Closure,
warn-3927,,il,,Dixon,62,Layoff,
warn-3928,,il,,La Grange,56,Plant Closure,
warn-3929,,il,,Willowbrook,105,Plant Closure,
warn-3930,,il,STANDARD CORPORATION,Bolingbrook,101,Plant Closure,
warn-3931,,il,Air Serv,Chicago,481,Plant Closure,
warn-3932,,il,Kmart,Rockford,73,Plant Closure,
warn-3933,,il,Kmart,Mt. Vernon,58,Plant Closure,
warn-3934,,il,Walmart,Batavia,150,Plant Closure,
warn-3935,,il,Walmart,Naperville,170,Plant Closure,
warn-3936,,il,Walmart,Matteson,166,Plant Closure,
warn-3937,,il,Walmart,Streamwood,191,Plant Closure,
warn-3938,,il,Walmart,Wheeling,138,Plant Closure,
warn-3939,,il,Walmart,Moline,155,Plant Closure,
warn-3940,,il,Walmart,Romeoville,167,Plant Closure,
warn-3942,,il,"Hobbico, Inc.",Champaign,303,Plant Closure,
warn-3943,,il,,Wood Dale,52,Plant Closure,
warn-3945,,il,NYK Line (North America) Inc.,Lombard,67,Plant Closure,
warn-3947,,il,"The Bon-Ton Stores, Inc.",Peoria,96,Plant Closure,
warn-3948,,il,,Gurnee,101,Plant Closure,
warn-3949,,il,"The Bon-Ton Stores, Inc.",DeKalb,58,Plant Closure,
warn-3950,,il,"The Bon-Ton Stores, Inc.",Danville,45,Layoff,
warn-3951,,il,"The Bon-Ton Stores, Inc.",Schaumburg,56,Plant Closure,
warn-3952,,il,"The Bon-Ton Stores, Inc.",Aurora,76,Plant Closure,
warn-3953,,il,"The Bon-Ton Stores, Inc.",Morton Grove,60,Plant Closure,
warn-3954,,il,,Oglesby,75,Plant Closure,
warn-3955,,il,,Somonauk,79,Plant Closure,
warn-3956,,il,,Collinsville,300,Layoff,
warn-3957,,il,Toys R Us,Joliet,44,Layoff,
warn-3958,,il,Toys R Us,Joliet,136,Plant Closure,
warn-3959,,il,,Bolingbrook,196,Plant Closure,
warn-3960,,il,,Lake Forest,81,Plant Closure,
warn-3961,,il,,Lombard,52,Plant Closure,
warn-3962,,il,,Chicago,113,Plant Closure,
warn-3963,,il,"The Bon-Ton Stores, Inc.",Mount Prospect,192,Plant Closure,
warn-3964,,il,"The Bon-Ton Stores, Inc.",Evergreen Park,134,Plant Closure,
warn-3965,,il,"The Bon-Ton Stores, Inc.",Lombard,220,Plant Closure,
warn-3966,,il,"The Bon-Ton Stores, Inc.",Wilmette,142,Plant Closure,
warn-3967,,il,"The Bon-Ton Stores, Inc.",Chicago Ridge,207,Plant Closure,
warn-3968,,il,"The Bon-Ton Stores, Inc.",Norridge,214,Plant Closure,
warn-3969,,il,"The Bon-Ton Stores, Inc.",North Riverside,159,Plant Closure,
warn-3970,,il,"The Bon-Ton Stores, Inc.",Orland Park,311,Plant Closure,
warn-3971,,il,"The Bon-Ton Stores, Inc.",Chicago,115,Plant Closure,
warn-3972,,il,"The Bon-Ton Stores, Inc.",Lincolnwood,135,Plant Closure,
warn-3973,,il,"The Bon-Ton Stores, Inc.",Peoria,151,Plant Closure,
warn-3974,,il,"The Bon-Ton Stores, Inc.",Rockford,117,Plant Closure,
warn-3975,,il,"The Bon-Ton Stores, Inc.",Naperville,61,Plant Closure,
warn-3976,,il,,Bolingbrook,176,Layoff,
warn-3977,,il,,Bolingbrook,225,Plant Closure,
warn-3978,,il,,Centralia,51,Plant Closure,
warn-3979,,il,,Red Bud,31,Layoff,
warn-3980,,il,,Naperville,152,Plant Closure,
warn-3981,,il,NTN Bearing Corporation,Des Plaines,36,Layoff,
warn-3982,,il,,Chicago,220,Plant Closure,
warn-3984,,il,,Tinley Park,64,Plant Closure,
warn-3985,,il,"Dean Dairy Holdings, LLC",Huntley,131,Plant Closure,
warn-3986,,il,,Chicago,46,Layoff,
warn-3987,,il,,Montgomery,182,Plant Closure,
warn-3988,,il,,Evanston,70,Plant Closure,
warn-3989,,il,Walmart,Clinton,80,Plant Closure,
warn-3990,,il,Pleasant Hill Village,Girard,66,Plant Closure,
warn-3991,,il,"Dream Center Education Holdings, LLC",Chicago,155,Plant Closure,
warn-3992,,il,"PrimeHealth Group, LLC",Buffalo Grove,48,Layoff,
warn-3993,,il,RUSH PRESBYTERIAN ST. LUKES MEDICAL,Chicago,110,Plant Closure,
warn-3995,,il,"Matthew Warren, Inc.",Chicago,49,Layoff,
warn-3996,,il,,Sterling,226,Plant Closure,
warn-3998,,il,,McHenry,25,Layoff,
warn-3999,,il,Bottleneck Management,Chicago,133,Plant Closure,
warn-4000,,il,,Decatur,150,Plant Closure,
warn-4001,,il,,Chicago,55,Plant Closure,
warn-4002,,il,Shop n Save,Collinsville,60,Plant Closure,
warn-4003,,il,,South Holland,87,Plant Closure,
warn-4004,,il,,Aurora,81,Plant Closure,
warn-4005,,il,"K2D, Inc.",Bridgeview,109,Plant Closure,
warn-4006,,il,Walmart,Pana,86,Plant Closure,
warn-4007,,il,Shop n Save,Belleville,97,Plant Closure,
warn-4008,,il,Shop n Save,Cahokia,31,Layoff,
warn-4009,,il,Shop n Save,Jerseyville,47,Layoff,
warn-4010,,il,Shop n Save,Springfield,78,Plant Closure,
warn-4011,,il,Shop n Save,Springfield,76,Plant Closure,
warn-4012,,il,Shop n Save,Granite City,91,Plant Closure,
warn-4013,,il,,Niles,75,Plant Closure,
warn-4014,,il,"Executive Building Maintenance, Inc.",Chicago,85,Plant Closure,
warn-4015,,il,,Chicago,131,Plant Closure,
warn-4016,,il,"Treasure Island Foods, Inc.",Chicago,85,Plant Closure,
warn-4017,,il,"Treasure Island Foods, Inc.",Chicago,39,Layoff,
warn-4018,,il,"Treasure Island Foods, Inc.",Chicago,74,Plant Closure,
warn-4019,,il,"Treasure Island Foods, Inc.",Chicago,144,Plant Closure,
warn-4020,,il,"Treasure Island Foods, Inc.",Chicago,55,Plant Closure,
warn-4021,,il,"Treasure Island Foods, Inc.",Chicago,57,Plant Closure,
warn-4022,,il,"Treasure Island Foods, Inc.",Wilmette,32,Layoff,
warn-4024,,il,Kmart,Norridge,126,Plant Closure,
warn-4025,,il,,Joliet,87,Plant Closure,
warn-4026,,il,Kmart,Quincy,48,Layoff,
warn-4027,,il,Kmart,Moline,49,Layoff,
warn-4028,,il,,Buffalo Grove,139,Plant Closure,
warn-4029,,il,,Rolling Meadows,144,Plant Closure,
warn-4030,,il,,Rosemont,24,Layoff,
warn-4031,,il,,Schaumburg,16,Layoff,
warn-4032,,il,,Waukegan,69,Plant Closure,
warn-4033,,il,,Villa Park,49,Layoff,
warn-4034,,il,,Oak Lawn,63,Plant Closure,
warn-4035,,il,,Forest Park,48,Layoff,
warn-4036,,il,,Crest Hill,41,Layoff,
warn-4037,,il,Marshall Fields,Chicago,137,Plant Closure,
warn-4038,,il,Marshall Fields,Chicago,125,Plant Closure,
warn-4039,,il,,Oak Brook,125,Plant Closure,
warn-4040,,il,,Chicago,59,Plant Closure,
warn-4041,,il,,Bolingbrook,43,Layoff,
warn-4042,,il,Washington Group International,Olmsted,48,Layoff,
warn-4043,,il,"Pepperidge Farm, Inc.",Downers Grove,268,Layoff,
warn-4044,,il,Kmart,Chicago,104,Plant Closure,
warn-4045,,il,,Chicago,261,Plant Closure,
warn-4046,,il,,Chicago,56,Plant Closure,
warn-4047,,il,,Chicago,47,Layoff,
warn-4048,,il,,Bridgeview,68,Plant Closure,
warn-4049,,il,,Chicago,362,Plant Closure,
warn-4050,,il,,Lombard,116,Plant Closure,
warn-4051,,il,,Granite City,89,Layoff,
warn-4052,,il,,El Paso,33,Layoff,
warn-4053,,il,,Chicago,112,Plant Closure,
warn-4054,,il,Kerry Ingredients and Flavors,Gridley,113,Plant Closure,
warn-4055,,il,,Springfield,188,Plant Closure,
warn-4057,,il,,Chicago,60,Plant Closure,
warn-4058,,il,,Chicago,80,Plant Closure,
warn-4059,,il,,Lake Forest,41,Layoff,
warn-4060,,il,,Lake Forest,161,Plant Closure,
warn-4061,,il,,Warrenville,56,Plant Closure,
warn-4062,,il,,Vernon Hills,59,Plant Closure,
warn-4063,,il,TERMINAL FREIGHT HANDLING COMPANY,Manteno,105,Plant Closure,
warn-4065,,il,"Schneider Logistics, Inc.",Elwood,589,Plant Closure,
warn-4066,,il,Manorcare Health Services,Decatur,90,Plant Closure,
warn-4067,,il,,Springfield,66,Plant Closure,
warn-4069,,il,,Chicago,81,Plant Closure,
warn-4070,,il,,Chicago,164,Plant Closure,
warn-4071,,il,,Monmouth,56,Plant Closure,
warn-4072,,il,,Channahon,37,Layoff,
warn-4073,,il,,Elk Grove Village,61,Plant Closure,
warn-4074,,il,Crothall Healthcare,Wheeling,264,Plant Closure,
warn-4075,,il,,Belvidere,23,Layoff,
warn-4076,,il,,Mossville,68,Plant Closure,
warn-4077,,il,,East Peoria,29,Layoff,
warn-4078,,il,,Washington,21,Layoff,
warn-4079,,il,,Chicago,73,Plant Closure,
warn-4080,,il,,Lincolnshire,26,Layoff,
warn-4081,,il,Fifth Third Bank,Rosemont,441,Plant Closure,
warn-4082,,il,Fifth Third Bank,Chicago,23,Layoff,
warn-4083,,il,Fifth Third Bank,Rosemont,29,Layoff,
warn-4084,,il,,Bedford Park,75,Plant Closure,
warn-4085,,il,,Freeport,58,Plant Closure,
warn-4086,,il,,Quincy,51,Plant Closure,
warn-4087,,il,,Markham,48,Layoff,
warn-4088,,il,"AAR Aircraft Services, Inc.",Rockford,80,Plant Closure,
warn-4089,,il,,Loves Part,276,Plant Closure,
warn-4090,,il,,Chicago,73,Plant Closure,
warn-4091,,il,"Superior Air Ground Ambulance, Inc.",West Chicago,64,Plant Closure,
warn-4092,,il,Compass Group USA,Flossmoor,36,Layoff,
warn-4093,,il,,Naperville,194,Plant Closure,
warn-4094,,il,,Oak Brook,48,Layoff,
warn-4095,,il,,Homewood,26,Layoff,
warn-4096,,il,,Chicago,73,Plant Closure,
warn-4098,,il,,Champaign,130,Plant Closure,
warn-4099,,il,,Chicago,50,Plant Closure,
warn-4100,,il,,Schaumburg,23,Layoff,
warn-4101,,il,,Glendale Heights,60,Layoff,
warn-4102,,il,Arcadia Group (USA) Limited,Chicago,84,Plant Closure,
warn-4103,,il,,Northbrook,70,Layoff,
warn-4104,,il,48Forty Solutions,Romeoville,32,Layoff,
warn-4106,,il,,Valmeyer,274,Plant Closure,
warn-4107,,il,Conifer Health Solutions,Springfield,32,Layoff,
warn-4108,,il,RYDER INTEGRATED LOGISTICS,Rochelle,82,Plant Closure,
warn-4109,,il,State Farm Ins,Downers Grove,203,Plant Closure,
warn-4110,,il,"Cox Automotive, Inc.",Bolingbrook,225,Plant Closure,
warn-4111,,il,"Pioneer Hi-Bred International, Inc.",LeRoy,33,Layoff,
warn-4112,,il,Best Buy Stores,Chicago,84,Plant Closure,
warn-4113,,il,,Wood River,88,Plant Closure,
warn-4114,,il,"Superior Air Ground Ambulance, Inc.",Elmhurst,29,Layoff,
warn-4115,,il,"MGS Mfg. Group, Inc.",Libertyville,29,Layoff,
warn-4116,,il,"Stratus Video, LLC",Lombard,79,Plant Closure,
warn-4117,,il,,Buffalo Grove,335,Plant Closure,
warn-4118,,il,Barneys New York,Chicago,128,Plant Closure,
warn-4119,,il,,Crest Hill,92,Plant Closure,
warn-4120,,il,"XPO Logistics Supply Chain, Inc.",Manteno,755,Plant Closure,
warn-4121,,il,,Buffalo Grove,169,Mass Layoff,
warn-4122,,il,,Glendale Heights,121,Plant Closure,
warn-4123,,il,,Chicago,92,Plant Closure,
warn-4125,,il,"Blue Island Hospital Company, LLC",Blue Island,814,Plant Closure,
warn-4126,,il,,Manteno,142,Plant Closure,
warn-4127,,il,,Chicago,80,Plant Closure,
warn-4128,,il,,Manteno,40,Layoff,
warn-4129,,il,,Hoffman Estates,250,Plant Closure,
warn-4130,,il,,Hoffman Estates,195,Plant Closure,
warn-4131,,il,,Hoffman Estates,400,Plant Closure,
warn-4132,,il,,Tinley Park,37,Layoff,
warn-4133,,il,,Schiller Park,86,Plant Closure,
warn-4134,,il,,Elgin,114,Plant Closure,
warn-4135,,il,,Aurora,61,Plant Closure,
warn-4136,,il,,Bridgeview,91,Plant Closure,
warn-4137,,il,Unimin Corporation,Oregon,65,Plant Closure,
warn-4138,,il,,Willowbrook,37,Layoff,
warn-4139,,il,,Coffeen,99,Plant Closure,
warn-4140,,il,,Mundelein,79,Plant Closure,
warn-4141,,il,,Lisle,69,Plant Closure,
warn-4142,,il,,Des Plaines,112,Plant Closure,
warn-4143,,il,,Oak Brook,33,Layoff,
warn-4144,,il,,O'Fallon,51,Plant Closure,
warn-4145,,il,,Equality,226,Plant Closure,
warn-4146,,il,Washington Group International,Mossville,68,Layoff,
warn-4147,,il,Westin Chicago/River North,Chicago,224,Mass Layoff,
warn-4148,,il,,Northbrook,44,Layoff,
warn-4149,,il,,Lake Barrington,154,Plant Closure,
warn-4150,,il,,Itasca,43,Layoff,
warn-4151,,il,Eden Creamery LLC,Chicago,28,Layoff,
warn-4152,,il,,Chicago,27,Layoff,
warn-4153,,il,,Chicago,33,Layoff,
warn-4154,,il,,Chicago,27,Layoff,
warn-4155,,il,,Chicago,80,Plant Closure,
warn-4156,,il,,Oak Brook,42,Layoff,
warn-4157,,il,,Chicago,31,Layoff,
warn-4158,,il,,Chicago,118,Plant Closure,
warn-4159,,il,,Mark,50,Plant Closure,
warn-4160,,il,,Chicago,75,Plant Closure,
warn-4161,,il,,St. Charles,149,Plant Closure,
warn-4162,,il,,Carol Stream,89,Plant Closure,
warn-4163,,il,,Elk Grove Village,30,Layoff,
warn-4164,,il,,Itasca,47,Layoff,
warn-4165,,il,,Chicago,49,Layoff,
warn-4166,,il,,Flora,89,Plant Closure,
warn-4167,,il,,Oak Brook,94,Plant Closure,
warn-4168,,il,Washington Group International,East Peoria,77,Plant Closure,
warn-4169,,il,,Chicago,76,Plant Closure,
warn-4170,,il,"XPO Logistics Supply Chain, Inc.",Shorewood,530,Plant Closure,
warn-4171,,il,,Chicago,52,Plant Closure,
warn-4172,,il,,Chicago,91,Plant Closure,
warn-4173,,il,,Edwardsville,68,Plant Closure,
warn-4174,,il,,Aurora,46,Layoff,
warn-4175,,il,,Machesney Park,49,Layoff,
warn-4176,,il,,Steeleville,56,Plant Closure,
warn-4177,,il,,Broadview,29,Layoff,
warn-4178,,il,"Aurora Chicago Lakeshore Hospital, LLC",Chicago,275,Mass Layoff,
warn-4179,,il,,Woodridge,46,Layoff,
warn-4180,,il,"MGS Mfg. Group, Inc.",Antioch,65,Plant Closure,
warn-4182,,il,,Rockford,1416,Plant Closure,
warn-4183,,il,,Gurnee,29,Layoff,
warn-4184,,il,,Manteno,131,Plant Closure,
warn-4185,,il,,North Aurora,33,Layoff,
warn-4186,,il,,Lake Forest,81,Plant Closure,
warn-4187,,il,,Chicago,102,Plant Closure,
warn-4188,,il,,Chicago,51,Plant Closure,
warn-4189,,il,,Freeport,178,Plant Closure,
warn-4190,,il,,Libertyville,57,Plant Closure,
warn-4191,,il,,Elk Grove Village,91,Plant Closure,
warn-4192,,il,,Schaumburg,59,Plant Closure,
warn-4193,,il,,Elgin,72,Plant Closure,
warn-4194,,il,Peapod,Lake Zurich,374,Plant Closure,
warn-4195,,il,Peapod,Chicago,68,Plant Closure,
warn-4196,,il,,Champaign,62,Plant Closure,
warn-4197,,il,,Niles,56,Plant Closure,
warn-4198,,il,,Des Plaines,58,Plant Closure,
warn-4199,,il,,Mundelein,95,Plant Closure,
warn-4200,,il,,Lombard,77,Plant Closure,
warn-4201,,il,,Chicago,39,Layoff,
warn-4202,,il,,Decatur,193,Plant Closure,
warn-4203,,il,,Elgin,93,Plant Closure,
warn-4204,,il,,Franklin Park,212,Plant Closure,
warn-4205,,il,,Dixon,125,Layoff,
warn-4206,,il,,Bolingbrook,62,Plant Closure,
warn-4207,,il,,Downers Grove,46,Layoff,
warn-4208,,il,,Bolingbrook,105,Plant Closure,
warn-4209,,il,,Des Plaines,110,Mass Layoff,
warn-4210,,il,,Chicago,269,Plant Closure,
warn-4211,,il,Hyatt,Chicago,39,Layoff,
warn-4212,,il,Hyatt,Chicago,566,Plant Closure,
warn-4213,,il,AJ Capital Partners,Chicago,35,Layoff,
warn-4214,,il,,Chicago,125,Plant Closure,
warn-4215,,il,,Crestwood,100,Mass Layoff,
warn-4216,,il,,Centreville,0,Layoff,
warn-4217,,il,Arcade Beauty,Dixon,140,Plant Closure,
warn-4218,,il,,Chicago,222,Plant Closure,
warn-4219,,il,,Belleville,128,Mass Layoff,
warn-4220,,il,Eaglewood Resort & Spa,Itasca,250,Plant Closure,
warn-4221,,il,,Downers Grove,91,Plant Closure,
warn-4222,,il,,Chicago,60,Plant Closure,
warn-4223,,il,,Chicago,0,Layoff,
warn-4224,,il,,Lake Forest,26,Layoff,
warn-4225,,il,,Bolingbrook,44,Layoff,
warn-4226,,il,,Bedford Park,87,Plant Closure,
warn-4227,,il,,Granite City,128,Plant Closure,
warn-4228,,il,,National Stock Yards,109,Plant Closure,
warn-4229,,il,"Cameron Mitchell Restaurants, LLC",Chicago,85,Plant Closure,
warn-4230,,il,Hilton Chicago - Downtown,Chicago,45,Layoff,
warn-4231,,il,Hilton Chicago - Downtown,Chicago,45,Layoff,
warn-4232,,il,Prospect Airport Services,Chicago,1081,Plant Closure,
warn-4233,,il,Staypineapple Chicago,Chicago,25,Layoff,
warn-4234,,il,Pineapple Restaurant Group LLC,Chicago,51,Plant Closure,
warn-4235,,il,,Mokena,54,Plant Closure,
warn-4236,,il,Warwick Allerton Hotel Chicago,Chicago,147,Plant Closure,
warn-4237,,il,,Trenton,59,Plant Closure,
warn-4238,,il,,Chicago,49,Layoff,
warn-4239,,il,"CSS Industries, Inc.",Shorewood,143,Plant Closure,
warn-4240,,il,,Peoria,187,Layoff,
warn-4241,,il,"Hooters (Cook, DuPage, Lake, & Kendall Counties)",Chicago,915,Plant Closure,
warn-4242,,il,,Chicago,65,Plant Closure,
warn-4243,,il,,Chicago,41,Layoff,
warn-4244,,il,,Chicago,350,Plant Closure,
warn-4246,,il,Hilton Chicago - Downtown,Chicago,56,Plant Closure,
warn-4247,,il,,Chicago,30,Layoff,
warn-4248,,il,,Elmhurst,40,Layoff,
warn-4249,,il,,Schaumburg,107,Plant Closure,
warn-4250,,il,Metal Impact Corp.,Elk Grove Village,201,Plant Closure,
warn-4251,,il,,Chicago,294,Plant Closure,
warn-4252,,il,Great Wolf Lodge,Chicago,129,Mass Layoff,
warn-4253,,il,,Bloomington,28,Layoff,
warn-4254,,il,,Chicago,184,Plant Closure,
warn-4255,,il,Central City Y.M.C.A.,Joliet,32,Layoff,
warn-4256,,il,Central City Y.M.C.A.,Plainfield,43,Layoff,
warn-4257,,il,,Downers Grove,46,Layoff,
warn-4258,,il,,Schaumburg,54,Plant Closure,
warn-4259,,il,Boqueria,chicago,85,Plant Closure,
warn-4260,,il,,Chicago,32,Layoff,
warn-4261,,il,,Hoffman Estates,144,Plant Closure,
warn-4262,,il,,Chicago,27,Layoff,
warn-4263,,il,Mickey's Linen,Kankakee,33,Layoff,
warn-4264,,il,"GREYHOUND LINES, INC.",Chicago,49,Layoff,
warn-4265,,il,Greyhound Travel,Chicago,62,Plant Closure,
warn-4266,,il,Holiday Inn Hotel & Suites,Chicago,60,Plant Closure,
warn-4267,,il,,Chicago,0,Layoff,
warn-4268,,il,Pappas Restaurants,Westmont,199,Plant Closure,
warn-4269,,il,,Westmont,63,Plant Closure,
warn-4270,,il,Benihana,Lombard,41,Layoff,
warn-4271,,il,Benihana,Schaumburg,37,Layoff,
warn-4272,,il,Benihana,Wheeling,24,Layoff,
warn-4273,,il,Aimbridge Employee Service Corp.,Wheeling,169,Plant Closure,
warn-4274,,il,,Chicago,28,Layoff,
warn-4275,,il,,Batavia,180,Plant Closure,
warn-4276,,il,,Aurora,180,Plant Closure,
warn-4277,,il,,Aurora,180,Plant Closure,
warn-4278,,il,,North Aurora,180,Plant Closure,
warn-4279,,il,,Chicago,292,Plant Closure,
warn-4280,,il,Precision Resources Inc - IL Division,Vernon Hills,104,Plant Closure,
warn-4281,,il,,Chicago,25,Layoff,
warn-4282,,il,The Ambassador Hotel,Chicago,114,Plant Closure,
warn-4283,,il,,Lombard,38,Layoff,
warn-4284,,il,Starved Rock Lodge and Conference,Utica,157,Plant Closure,
warn-4285,,il,"Punch Bowl Schaumburg, LLC",Schaumburg,67,Plant Closure,
warn-4286,,il,,Chicago,131,Plant Closure,
warn-4287,,il,,Oakbrook Terrace,31,Layoff,
warn-4288,,il,,Rosemont,43,Layoff,
warn-4289,,il,Scholle Corporation,Northlake,111,Plant Closure,
warn-4290,,il,,South Holland,29,Layoff,
warn-4291,,il,Anderson Dealerships,Rockford,69,Plant Closure,
warn-4292,,il,,Chicago,91,Plant Closure,
warn-4293,,il,Cinemark Theater (Joliet Movies),Melrose Park,61,Plant Closure,
warn-4294,,il,Cinemark Theater (Joliet Movies),North Aurora,27,Layoff,
warn-4295,,il,Cinemark Theater (Joliet Movies),Woodridge,73,Plant Closure,
warn-4296,,il,Cinemark Theater (Joliet Movies),Evanston,92,Plant Closure,
warn-4297,,il,Cinemark Theater (Joliet Movies),Deer Park,45,Layoff,
warn-4298,,il,Cinemark Theater (Joliet Movies),Bloomingdale,40,Layoff,
warn-4299,,il,Cinemark Theater (Joliet Movies),Joliet,80,Plant Closure,
warn-4300,,il,Cinemark Theater (Joliet Movies),West Dundee,36,Layoff,
warn-4301,,il,,Chicago,134,Plant Closure,
warn-4302,,il,,"Vernon Hills,",52,Plant Closure,
warn-4303,,il,Hampton Inn,Urbana,25,Layoff,
warn-4304,,il,,Mt. Prospect,44,Layoff,
warn-4305,,il,XSport Fitness,Arlington Heights,1263,Plant Closure,
warn-4306,,il,Martin-Brower Company LLP,Lebanon,28,Layoff,
warn-4307,,il,,Chicago,1400,Plant Closure,
warn-4308,,il,MARRIOTT INTERNATIONAL,Bedford Park,130,Mass Layoff,
warn-4309,,il,Hilton Chicago - Downtown,Chicago,112,Plant Closure,
warn-4310,,il,,Bedford Park,50,Layoff,
warn-4311,,il,,Schaumburg,188,Plant Closure,
warn-4312,,il,,Schaumburg,62,Plant Closure,
warn-4313,,il,,Orland Park,81,Plant Closure,
warn-4314,,il,,Riverside,57,Plant Closure,
warn-4315,,il,,Harwood Heights,62,Plant Closure,
warn-4316,,il,,Chicago Ridge,67,Plant Closure,
warn-4317,,il,Apple Leisure Group Vacations,Elk Grove Village,100,Mass Layoff,
warn-4318,,il,Aimbridge Employee Service Corp.,Rosemont,35,Layoff,
warn-4319,,il,TAO Chicago,Chicago,241,Plant Closure,
warn-4320,,il,Unimin Corporation,Utica,65,Plant Closure,
warn-4321,,il,,Carol Stream,383,Plant Closure,
warn-4322,,il,,Bloomingdale,232,Plant Closure,
warn-4323,,il,,Buffalo Grove,49,Layoff,
warn-4324,,il,,Highland Park,49,Layoff,
warn-4325,,il,,Aurora,69,Plant Closure,
warn-4326,,il,,Lombard,71,Plant Closure,
warn-4327,,il,,Chicago,426,Plant Closure,
warn-4328,,il,,Chicago,26,Layoff,
warn-4329,,il,Regency Technologies,Chicago,53,Plant Closure,
warn-4330,,il,Travel Centers Of America,Morris,86,Plant Closure,
warn-4331,,il,WOW BAO,Chicago,37,Layoff,
warn-4332,,il,YMCA of Rock River Valley,Rockford,574,Plant Closure,
warn-4333,,il,Avis Rent-A-Car,Forest View,50,Plant Closure,
warn-4334,,il,Avis Rent-A-Car,Chicago,152,Plant Closure,
warn-4335,,il,HARRAHS,JOLIET,694,Plant Closure,
warn-4337,,il,,Park Forest,156,Plant Closure,
warn-4338,,il,,Chicago,73,Plant Closure,
warn-4339,,il,,Chicago,107,Plant Closure,
warn-4340,,il,,Chicago,53,Plant Closure,
warn-4341,,il,,Chicago,100,Plant Closure,
warn-4342,,il,,Schaumburg,206,Plant Closure,
warn-4343,,il,toast,Chicago,117,Plant Closure,
warn-4344,,il,WOODWARD GOVERNOR COMPANY,Loves Park,1125,Plant Closure,
warn-4345,,il,,Chicago,502,Plant Closure,
warn-4346,,il,,Roselle,47,Layoff,
warn-4347,,il,Bed Bath & Beyond,Union,402,Plant Closure,
warn-4348,,il,,Chicago,61,Plant Closure,
warn-4349,,il,Hyatt Regency Schaumburg,Schaumburg,128,Plant Closure,
warn-4350,,il,Master Guard,Urbana,150,Plant Closure,
warn-4351,,il,,Urbana,400,Plant Closure,
warn-4352,,il,Hertz,Chicago,120,Plant Closure,
warn-4353,,il,Hertz,Chicago,44,Layoff,
warn-4354,,il,,Chicago,61,Plant Closure,
warn-4355,,il,,Northbrook,53,Plant Closure,
warn-4356,,il,,Lake Forest,83,Plant Closure,
warn-4357,,il,Enterprise Rent-A-Car,Alsip,215,Mass Layoff,
warn-4358,,il,HENDRICKSON COMPONENTS,Crest Hill,36,Layoff,
warn-4359,,il,Enterprise Rent-A-Car,Chicago,64,Plant Closure,
warn-4360,,il,,Warrenville,31,Layoff,
warn-4361,,il,Harrah's Metropolis,Metropolis,438,Plant Closure,
warn-4362,,il,Enterprise Rent-A-Car,Morton,133,Plant Closure,
warn-4363,,il,,Deerfield,29,Layoff,
warn-4364,,il,,Chicago,51,Plant Closure,
warn-4365,,il,DoubleTree by Hilton Lisle,Lisle,116,Plant Closure,
warn-4366,,il,,Burr Ridge,74,Plant Closure,
warn-4367,,il,Hyatt,Marion,200,Plant Closure,
warn-4368,,il,,Romeoville,93,Plant Closure,
warn-4369,,il,,Lisle,117,Plant Closure,
warn-4370,,il,glassdoor,Chicago,194,Plant Closure,
warn-4371,,il,,Chicago,198,Plant Closure,
warn-4372,,il,Atrium Hospitality,Normal,110,Plant Closure,
warn-4373,,il,,East Peoria,109,Plant Closure,
warn-4374,,il,,Chicago,210,Plant Closure,
warn-4375,,il,Adler Planetarium,Chicago,120,Plant Closure,
warn-4376,,il,"Greenlee Tools, Inc.",Rockford,51,Plant Closure,
warn-4377,,il,,Lombard,90,Plant Closure,
warn-4378,,il,,Schiller Park,370,Mass Layoff,
warn-4379,,il,,Chicago,35,Layoff,
warn-4380,,il,MARRIOTT INTERNATIONAL,Chicago,77,Plant Closure,
warn-4381,,il,,Edwardsville,46,Layoff,
warn-4382,,il,"M & R Printing Equipment, Inc.",Roselle,364,Mass Layoff,
warn-4383,,il,,Chicago,70,Plant Closure,
warn-4384,,il,,Romeoville,47,Layoff,
warn-4385,,il,,Chicago,119,Plant Closure,
warn-4386,,il,,Chicago,104,Plant Closure,
warn-4387,,il,,Wilmington,374,Layoff,
warn-4388,,il,,Chicago,50,Plant Closure,
warn-4389,,il,,Chicago,89,Plant Closure,
warn-4390,,il,,Alsip,181,Plant Closure,
warn-4391,,il,RENAISSANCE CHICAGO O'HARE SUITES,Chicago,350,Plant Closure,
warn-4392,,il,,Schaumburg,346,Mass Layoff,
warn-4393,,il,MARRIOTT LINCOLNSHIRE RESORT,Downers Grove,62,Layoff,
warn-4394,,il,,Riverdale,130,Plant Closure,
warn-4395,,il,,Hodgkins,146,Plant Closure,
warn-4396,,il,,Chicago,55,Plant Closure,
warn-4397,,il,Courtyard Marriot (Management Corp.),Chicago,77,Mass Layoff,
warn-4398,,il,Sheraton Arlington Park Hotel,Lombard,183,Mass Layoff,
warn-4399,,il,"Sheraton Gateway Suites, O'Hare",Chicago,719,Mass Layoff,
warn-4400,,il,,Chicago,56,Layoff,
warn-4401,,il,Sheraton Arlington Park Hotel,Rosemont,255,Mass Layoff,
warn-4402,,il,WESTIN MICHIGAN AVENUE,Chicago,235,Mass Layoff,
warn-4403,,il,MARRIOTT O'HARE,Chicago,584,Mass Layoff,
warn-4404,,il,PARK HYATT CHICAGO,Rosemont,56,Plant Closure,
warn-4405,,il,Courtyard Marriot (Management Corp.),Des Plaines,45,Layoff,
warn-4406,,il,Hyatt Regency McCormick,Chicago,45,Layoff,
warn-4407,,il,"Kroeschell Operations, Inc.",Pontiac,47,Layoff,
warn-4408,,il,,Chicago,28,Layoff,
warn-4409,,il,,Hoffman Estates,72,Plant Closure,
warn-4410,,il,MARRIOTT LINCOLNSHIRE RESORT,Chicago,391,Plant Closure,
warn-4411,,il,,Chicago,153,Plant Closure,
warn-4412,,il,,Savoy,83,Plant Closure,
warn-4413,,il,,Chicago,177,Plant Closure,
warn-4414,,il,Sheraton Arlington Park Hotel,Chicago,185,Plant Closure,
warn-4415,,il,,Itasca,213,Plant Closure,
warn-4416,,il,,Waukegan,50,Plant Closure,
warn-4417,,il,PARK HYATT CHICAGO,Chicago,1009,Plant Closure,
warn-4418,,il,YMCA of the USA,Chicago,93,Plant Closure,
warn-4419,,il,,Joliet,145,Plant Closure,
warn-4420,,il,,Chicago,166,Plant Closure,
warn-4421,,il,St. Jane Chicago,Chicago,174,Plant Closure,
warn-4422,,il,PARK HYATT CHICAGO,Oakbrook,112,Plant Closure,
warn-4423,,il,Union League Club of Chicago,Chicago,175,Plant Closure,
warn-4425,,il,Schaumburg Marriott,Rosemont,99,Plant Closure,
warn-4426,,il,,Chicago,99,Plant Closure,
warn-4427,,il,"Trunk Club, Inc.",Chicago,446,Plant Closure,
warn-4428,,il,Hilton Chicago - Downtown,Chicago,26,Layoff,
warn-4429,,il,,McCook,58,Plant Closure,
warn-4430,,il,,Chicago,23,Layoff,
warn-4431,,il,,Chicago,130,Plant Closure,
warn-4432,,il,,Chicago,231,Plant Closure,
warn-4433,,il,,Chicago,60,Plant Closure,
warn-4434,,il,Great Wolf Lodge,Gurnee,597,Plant Closure,
warn-4435,,il,,Chicago,285,Plant Closure,
warn-4436,,il,,Chicago,85,Plant Closure,
warn-4437,,il,Savor Chicago,Chicago,990,Plant Closure,
warn-4438,,il,,Wood Dale,53,Plant Closure,
warn-4439,,il,Levy Restaurants Corp Office,Chicago,637,Plant Closure,
warn-4440,,il,,Chicago,78,Plant Closure,
warn-4441,,il,,Hoffman Estates,76,Plant Closure,
warn-4442,,il,,Chicago,169,Plant Closure,
warn-4443,,il,PFD Supply (Prairie Farms Dairy),Peoria,60,Plant Closure,
warn-4444,,il,,Chicago,32,Layoff,
warn-4445,,il,,Chicago,103,Plant Closure,
warn-4446,,il,,Wheeling,142,Plant Closure,
warn-4447,,il,,Northlake,77,Plant Closure,
warn-4448,,il,,Chicago,120,Plant Closure,
warn-4449,,il,,Chicago,192,Plant Closure,
warn-4450,,il,,Chicago,118,Plant Closure,
warn-4451,,il,White Lodging Services Corporation,Chicago,80,Plant Closure,
warn-4452,,il,White Lodging Services Corporation,Chicago,86,Plant Closure,
warn-4453,,il,White Lodging Services Corporation,Chicago,50,Layoff,
warn-4454,,il,White Lodging Services Corporation,Chicago,45,Layoff,
warn-4455,,il,White Lodging Services Corporation,Chicago,94,Plant Closure,
warn-4456,,il,,Skokie,45,Layoff,
warn-4457,,il,,Rosemont,35,Layoff,
warn-4458,,il,,Des Plaines,70,Plant Closure,
warn-4459,,il,,Chicago,109,Plant Closure,
warn-4460,,il,The Peninsula Chicago,Chicago,568,Plant Closure,
warn-4461,,il,Conifer Health Solutions,Oak Park,34,Layoff,
warn-4462,,il,Compass Group USA,Evanston,320,Mass Layoff,
warn-4463,,il,,Springfield,59,Plant Closure,
warn-4464,,il,"Pioneer Labels, Inc.",Robinson,60,Plant Closure,
warn-4465,,il,,Chicago,973,Plant Closure,
warn-4466,,il,,Rock Island,321,Plant Closure,
warn-4467,,il,Palmer House Hilton,Chicago,669,Plant Closure,
warn-4468,,il,,Dwight,390,Plant Closure,
warn-4469,,il,,Chicago,332,Plant Closure,
warn-4470,,il,,Chicago,158,Plant Closure,
warn-4471,,il,Conrad,Chicago,0,Layoff,
warn-4472,,il,,Chicago,336,Plant Closure,
warn-4473,,il,,Chicago,208,Plant Closure,
warn-4474,,il,Compass Group USA,Chicago,70,Plant Closure,
warn-4475,,il,Compass Group USA,Chicago,79,Plant Closure,
warn-4476,,il,,Chicago,143,Plant Closure,
warn-4477,,il,Hilton Chicago O'Hare Airport,Chicago,100,Plant Closure,
warn-4478,,il,,Chicago,207,Plant Closure,
warn-4479,,il,,Chicago,61,Plant Closure,
warn-4480,,il,Precision Steel Warehouse Inc.,Franklin Park,75,Plant Closure,
warn-4481,,il,,Chicago,305,Plant Closure,
warn-4482,,il,,Rosemont,115,Plant Closure,
warn-4483,,il,CARLSON WAGONLIT TRAVEL,Chicago,34,Layoff,
warn-4484,,il,CARLSON WAGONLIT TRAVEL,Lisle,37,Layoff,
warn-4485,,il,MARRIOTT O'HARE,Chicago,180,Plant Closure,
warn-4486,,il,,Chicago,257,Plant Closure,
warn-4487,,il,,Chicago,549,Plant Closure,
warn-4488,,il,,Chicago,246,Plant Closure,
warn-4489,,il,,Chicago,65,Plant Closure,
warn-4490,,il,,Chicago,653,Plant Closure,
warn-4491,,il,,Chicago,141,Plant Closure,
warn-4492,,il,Flying Food Group,Schiller Park,93,Plant Closure,
warn-4493,,il,"G&D Integrated, Inc.",East Peoria,64,Plant Closure,
warn-4494,,il,,Chicago,516,Plant Closure,
warn-4495,,il,,Aurora,109,Plant Closure,
warn-4496,,il,,West Chicago,36,Layoff,
warn-4497,,il,,Schaumburg,68,Plant Closure,
warn-4498,,il,SKY CHEFS,Des Plaines,335,Plant Closure,
warn-4499,,il,,South Barrington,38,Layoff,
warn-4500,,il,"Medline Industries, Inc.",Mundelein,190,Plant Closure,
warn-4501,,il,MARRIOTT LINCOLNSHIRE RESORT,LINCOLNSHIRE,308,Mass Layoff,
warn-4502,,il,,Monee,51,Plant Closure,
warn-4503,,il,,Tinley Park,87,Plant Closure,
warn-4504,,il,,Morton Grove,41,Layoff,
warn-4505,,il,,West Chicago,48,Layoff,
warn-4506,,il,,Chicago,118,Plant Closure,
warn-4507,,il,HOB Chicago,Chicago,118,Plant Closure,
warn-4508,,il,HOB Chicago,Chicago,116,Mass Layoff,
warn-4509,,il,HOB Chicago,Rolling Meadows,82,Plant Closure,
warn-4510,,il,Compass Group USA,Chicago,51,Plant Closure,
warn-4511,,il,,Chicago,185,Plant Closure,
warn-4512,,il,,Naperville,43,Layoff,
warn-4513,,il,,Downers Grove,61,Plant Closure,
warn-4514,,il,,Morton Grove,162,Plant Closure,
warn-4515,,il,"Sonesta Chicago, LLC",Chicago,171,Plant Closure,
warn-4516,,il,,Chicago,73,Plant Closure,
warn-4517,,il,,Chicago,72,Plant Closure,
warn-4518,,il,,Chicago,696,Plant Closure,
warn-4519,,il,,Glen Ellyn,32,Layoff,
warn-4520,,il,,Chicago,94,Plant Closure,
warn-4521,,il,Compass Group USA,Chicago,36,Layoff,
warn-4523,,il,Sodexho,O_x001A_Fallon,36,Layoff,
warn-4524,,il,Compass Group USA,Chicago,111,Plant Closure,
warn-4525,,il,,Mundelein,59,Plant Closure,
warn-4526,,il,,Glen Ellyn,53,Plant Closure,
warn-4527,,il,,Chicago,240,Plant Closure,
warn-4528,,il,,Dekalb,70,Plant Closure,
warn-4529,,il,,Vernon Hills,313,Plant Closure,
warn-4530,,il,,McCook,31,Layoff,
warn-4531,,il,,Chicago,68,Plant Closure,
warn-4532,,il,,Northbrook,75,Plant Closure,
warn-4533,,il,,Lombard,75,Plant Closure,
warn-4534,,il,,Schaumburg,75,Plant Closure,
warn-4535,,il,,Orland Park,75,Plant Closure,
warn-4536,,il,,Chicago,58,Plant Closure,
warn-4537,,il,,Chicago,40,Layoff,
warn-4538,,il,,Chicago,97,Plant Closure,
warn-4539,,il,Compass Group USA,Chicago,56,Plant Closure,
warn-4540,,il,,Chicago,132,Plant Closure,
warn-4541,,il,,Chicago,27,Layoff,
warn-4542,,il,,Chicago,40,Layoff,
warn-4543,,il,Holiday Inn-FHG,Chicago,52,Plant Closure,
warn-4544,,il,Holiday Inn-FHG,Rosemont,77,Plant Closure,
warn-4545,,il,,Chicago,46,Layoff,
warn-4546,,il,,Buffalo Grove,28,Layoff,
warn-4547,,il,,Schaumburg,30,Layoff,
warn-4548,,il,,Northbrook,29,Layoff,
warn-4549,,il,Spirit of Chicago,Chicago,296,Plant Closure,
warn-4550,,il,,Brookfield,211,Plant Closure,
warn-4551,,il,Crowne Plaza Chicago West Loop,Chicago,124,Plant Closure,
warn-4552,,il,Crowne Plaza Chicago O'Hare,Rosemont,227,Plant Closure,
warn-4553,,il,,Chicago,64,Plant Closure,
warn-4554,,il,Compass Group USA,Chicago,167,Plant Closure,
warn-4555,,il,,Bannockburn,400,Plant Closure,
warn-4556,,il,The Whitehall Hotel,Chicago,54,Plant Closure,
warn-4557,,il,MEI,Chicago,25,Layoff,
warn-4558,,il,Wildfire - Chicago,Chicago,29,Layoff,
warn-4559,,il,"RPM Seafood,Pizzeria Portofino",Chicago,80,Plant Closure,
warn-4560,,il,,Chicago,130,Plant Closure,
warn-4561,,il,"Ramen-San, Dance Studio, II Porcellino",Chicago,47,Layoff,
warn-4562,,il,Big Bowl,Chicago,26,Layoff,
warn-4563,,il,Big Bowl,Schaumburg,44,Layoff,
warn-4564,,il,Bub City,Chicago,40,Layoff,
warn-4565,,il,Ema,Chicago,38,Layoff,
warn-4566,,il,Beatrix,Chicago,35,Layoff,
warn-4567,,il,Hub 51,Chicago,34,Layoff,
warn-4568,,il,Joe's Prime Steak,Chicago,64,Plant Closure,
warn-4569,,il,Shaw's Crab House,Chicago,69,Plant Closure,
warn-4570,,il,RPM Steak,Chicago,25,Layoff,
warn-4571,,il,L. Woods Tap & Pine Lodge,Lincolnwood,37,Layoff,
warn-4572,,il,Beatrix on St. Clair,Chicago,40,Layoff,
warn-4573,,il,Saranello's,Wheeling,31,Layoff,
warn-4574,,il,Osteria Via Stato,Chicago,25,Layoff,
warn-4575,,il,"Petterino's, Do-Rite Donuts",Chicago,80,Plant Closure,
warn-4576,,il,RPM Italian,Chicago,36,Layoff,
warn-4577,,il,Bub City and Joe's Live,Rosemont,66,Plant Closure,
warn-4578,,il,Shaw's Crab House and Tokio Asian Fusion,Schaumburg,27,Layoff,
warn-4579,,il,Aba and the Dalcy,Chicago,29,Layoff,
warn-4580,,il,,Lincolnshire,33,Layoff,
warn-4581,,il,,Oak Brook,35,Layoff,
warn-4582,,il,Wildfire,Schaumburg,44,Layoff,
warn-4583,,il,,Chicago,44,Layoff,
warn-4584,,il,,Lisle,92,Plant Closure,
warn-4585,,il,,Rosemont,192,Plant Closure,
warn-4586,,il,,Rosemont,93,Plant Closure,
warn-4587,,il,Eagle River Mine,Harrisburg,87,Plant Closure,
warn-4588,,il,,Chicago,1151,Mass Layoff,
warn-4589,,il,,Chicago,43,Layoff,
warn-4590,,il,,Bolingbrook,27,Layoff,
warn-4591,,il,MV Transportation Inc,Peoria,70,Plant Closure,
warn-4592,,il,BP Amoco,Chicago,88,Plant Closure,
warn-4593,,il,Barton Protective Services,Evanston,34,Layoff,
warn-4594,,il,,Chicago,68,Plant Closure,
warn-4595,,il,,Chicago,33,Layoff,
warn-4596,,il,,Lebanon,27,Layoff,
warn-4597,,il,,Glen Elltn,40,Layoff,
warn-4598,,il,,Palatine,30,Layoff,
warn-4599,,il,,Normal,38,Layoff,
warn-4600,,il,,Chicago,150,Plant Closure,
warn-4601,,il,,Robinson,31,Layoff,
warn-4602,,il,,Romeoville,96,Plant Closure,
warn-4604,,il,,Chicago,227,Mass Layoff,
warn-4605,,il,,Addison,53,Mass Layoff,
warn-4606,,il,,Lincolnshire,60,Mass Layoff,
warn-4607,,il,,Urbana,138,Plant Closure,
warn-4609,,il,"Tailored Shared Services, LLC",Addison,74,Mass Layoff,
warn-4610,,il,,Park Ridge,119,Mass Layoff,
warn-4611,,il,,Elmhurst,119,Mass Layoff,
warn-4612,,il,Fitness Formula,Oak Park,119,Mass Layoff,
warn-4613,,il,"Cornelius, Inc.",Glendale Heights,300,Layoff,
warn-4614,,il,Friendsville Mine,Mt Carmel,51,Plant Closure,
warn-4615,,il,,Chicago,97,Mass Layoff,
warn-4616,,il,"Pizza Hut, PIZZA HUT #K00346",Chicago,62,Mass Layoff,
warn-4617,,il,,Decatur,37,Plant Closure,
warn-4618,,il,Ice Mountain,Chicago,33,Plant Closure,
warn-4619,,il,,Northlake,79,Plant Closure,
warn-4620,,il,None,Streator,28,Plant Closure,
warn-4621,,il,,Lake Forest,105,Mass Layoff,
warn-4622,,il,,Aurora,115,Plant Closure,
warn-4623,,il,"BP, BP BUSINESS SERVICES",Naperville,241,Mass Layoff,
warn-4624,,il,Block House,Bedford Park,31,Plant Closure,
warn-4625,,il,Block House,Tinley Park,43,Plant Closure,
warn-4626,,il,"XPOLOGISTICS, XPO",Joliet,227,Mass Layoff,
warn-4627,,il,Macy's Watertower Place,Chicago,276,Plant Closure,
warn-4628,,il,,Minooka,69,Mass Layoff,
warn-4630,,il,Lifesafety Power Inc.,Libertyville,59,Plant Closure,
warn-4631,,il,,Vernon Hills,243,Plant Closure,
warn-4633,,il,ResultsCX,Streator,83,Plant Closure,
warn-4634,,il,"Catholic Health East, CHE TRINITY HEALTH, CHE TRINITY, TRINITY HEALTH",Chicago,1400,Plant Closure,
warn-4635,,il,,Streator,83,Plant Closure,
warn-4636,,il,"Navistar, Inc",Melrose Park,500,Mass Layoff,
warn-4638,,il,Golden Boy Nut Corporation,Streator,54,Plant Closure,
warn-4640,,il,Minnesota Central School Bus,Peru,51,Plant Closure,
warn-4641,,il,Wps,Marion,138,Mass Layoff,
warn-4642,,il,WPS,West Frankfort,80,Mass Layoff,
warn-4643,,il,State Farm Insurance,Bloomington,500,Mass Layoff,
warn-4644,,il,State Farm Insurance,Bloomington,146,Layoff,
warn-4645,,il,,Carol Stream,63,Mass Layoff,
warn-4646,,il,Specialty Chemicals,Chicago,242,Mass Layoff,
warn-4647,,il,(SDI at T.K. Lawless Gardens),Chicago,39,Mass Layoff,
warn-4648,,il,,Harvey,205,Plant Closure,
warn-4649,,il,,Harvey,25,Plant Closure,
warn-4650,,il,Kindred Chicago Central Hospital,Chicago,101,Plant Closure,
warn-4651,,il,Idex,Lake Bluff,87,Plant Closure,
warn-4652,,il,Outcome Health,Chicago,31,Plant Closure,
warn-4653,,il,Lexington Health Network,Lombard,55,Mass Layoff,
warn-4654,,il,"Distribution Center, FRESENIUS KABI",Bensenville,68,Plant Closure,
warn-4655,,il,,Decatur,190,Mass Layoff,
warn-4656,,il,,Bolingbrook,140,Plant Closure,
warn-4657,,il,Gerber Collision & Glass,Schaumburg,75,Mass Layoff,
warn-4658,,il,Ascension Technologies,Chicago,45,Plant Closure,
warn-4659,,il,,Bolingbrook,96,Plant Closure,
warn-4660,,il,,Bolingbrook,37,Plant Closure,
warn-4661,,il,Northern Illinois Academy,Aurora,148,Plant Closure,
warn-4662,,il,,Chicago,200,Mass Layoff,
warn-4664,,il,,Chicago,74,Plant Closure,
warn-4665,,il,,Chillicothe,267,Plant Closure,
warn-4666,,il,,Rock Island,97,Mass Layoff,
warn-4667,,il,Walmart,Des Plaines,78,Plant Closure,
warn-4668,,il,Henry Pratt Company,Aurora,112,Plant Closure,
warn-4669,,il,"Danaher Indus Sensors Contrls, SPECIALTY PRODUCT TECHNOLOGIES",Gurnee,47,Plant Closure,
warn-4670,,il,"Genoa Manufacturing Center, GENOA MANUFACTURING CENTER, GREENLEE TEXTRON",Genoa,64,Plant Closure,
warn-4671,,il,,Chicago,201,Plant Closure,
warn-4672,,il,,Rockton,174,Plant Closure,
warn-4673,,il,,Chicago,53,Plant Closure,
warn-4674,,il,"Electric Energy, Inc.",Joppa,115,Plant Closure,
warn-4676,,il,Arlington Park,Arlington Heights,237,Plant Closure,
warn-4677,,il,Surefit Home Decor,Wheeling,48,Plant Closure,
warn-4678,,il,"Chicago Salt Service, MORTON SALT CONSUMER PRODUCTS",Chicago,123,Mass Layoff,
warn-4679,,il,,Chicago,354,Plant Closure,
warn-4680,,il,"Insulated Transport Products, ANGLEBOARD AND MULTI-WALL PACKAGING AND NATIONAL PACKAGING",Glenview,180,Plant Closure,
warn-4681,,il,,West Chicago,37,Plant Closure,
warn-4682,,il,Equistar Chemicals,Tuscola,94,Plant Closure,
warn-4684,,il,,Rock Island,1000,Mass Layoff,
warn-4685,,il,,Oak Brook,50,Plant Closure,
warn-4686,,il,,Lombard,30,Plant Closure,
warn-4687,,il,PPG 9845,Moline,80,Mass Layoff,
warn-4688,,il,Charter Precision LLC,Elgin,29,Plant Closure,
warn-4689,,il,Heritage Health,Springfield,181,Plant Closure,
warn-4690,,il,UPS,Addison,120,Mass Layoff,
warn-4691,,il,,Rosemont,274,Mass Layoff,
warn-4692,,il,,Elgin,137,Mass Layoff,
warn-4693,,il,,East St. Louis,27,Mass Layoff,
warn-4694,,il,,Elgin,26,Plant Closure,
warn-4695,,il,GreenFields Geneva,Geneva,50,Plant Closure,
warn-4696,,il,Friendship Village of Schaumburg,Schaumburg,110,Plant Closure,
warn-4697,,il,Peloton,Franklin Park,94,Plant Closure,
warn-4698,,il,,Chicago,120,Plant Closure,
warn-4699,,il,Plum Market,Chicago,121,Plant Closure,
warn-4700,,il,,Hanover Park,58,Plant Closure,
warn-4701,,il,Minnesota Central School Bus,Granite City,101,Plant Closure,
warn-4702,,il,,Addison,33,Plant Closure,
warn-4703,,il,"Lincoln College, Lincoln College Book Store, Lincoln Museum",Lincoln,250,Plant Closure,
warn-4704,,il,,Springfield,81,Mass Layoff,
warn-4705,,il,,Barrington,212,Plant Closure,
warn-4706,,il,,Normal,36,Plant Closure,
warn-4707,,il,,Champaign,22,Plant Closure,
warn-4708,,il,,Northbrook,37,Plant Closure,
warn-4709,,il,Chartwells,Chicago,67,Plant Closure,
warn-4710,,il,,Plainfield,102,Plant Closure,
warn-4711,,il,ABC Manufacturing LLC,Chicago,83,Plant Closure,
warn-4712,,il,ABC Manufacturing LLC,Chicago,83,Plant Closure,
warn-4713,,il,,Chicago,128,Plant Closure,
warn-4714,,il,,Elgin,122,Mass Layoff,
warn-4715,,il,,Harvard,247,Plant Closure,
warn-4716,,il,,Hodgkins,34,Plant Closure,
warn-4717,,il,,Chicago,50,Plant Closure,
warn-4718,,il,,Chicago,96,Plant Closure,
warn-4719,,il,,Berkeley,307,Plant Closure,
warn-4720,,il,,Kankakee,337,Plant Closure,
warn-4721,,il,,Libertyville,61,Plant Closure,
warn-4722,,il,,McHenry,202,Mass Layoff,
warn-4723,,il,,Chicago,85,Plant Closure,
warn-4724,,il,HSHS Saint Mary's Hospital,Decatur,500,Mass Layoff,
warn-4725,,il,GE Transportation Systems,Hanover Park,48,Mass Layoff,
warn-4726,,il,,Chicago,188,Mass Layoff,
warn-4727,,il,,Orland Park,92,Plant Closure,
warn-4728,,il,,Dakota,93,Plant Closure,
warn-4730,,il,,Morton Grove,66,Plant Closure,
warn-4731,,il,,Schaumburg,28,Mass Layoff,
warn-4732,,il,,Bolingbrook,21,Mass Layoff,
warn-4733,,il,DSC Logistics,Romeoville,189,Plant Closure,
warn-4734,,il,,Hammond,140,Mass Layoff,
warn-4735,,il,,Joliet,56,Plant Closure,
warn-4736,,il,,Granville,61,Plant Closure,
warn-4737,,il,,Schiller Park,62,Plant Closure,
warn-4738,,il,,Franklin Park,27,Plant Closure,
warn-4739,,il,,Chicago,94,Mass Layoff,
warn-4740,,il,,Chicago,293,Mass Layoff,
warn-4741,,il,,South Holland,50,Plant Closure,
warn-4742,,il,,Skokie,111,Plant Closure,
warn-4743,,il,Whole Foods Market,Chicago,52,Plant Closure,
warn-4744,,il,,Woodridge,109,Mass Layoff,
warn-4745,,il,,Chicago,25,Plant Closure,
warn-4746,,il,,Waukegan,132,Plant Closure,
warn-4747,,il,Schutt Sports Group,Litchfield,56,Plant Closure,
warn-4748,,il,,Paris,110,Mass Layoff,
warn-4749,,il,,Bridgeview,36,Plant Closure,
warn-4750,,il,,Chicago Heights,30,Plant Closure,
warn-4751,,il,,Libertyville,275,Plant Closure,
warn-4752,,il,"Cardinal Health 200, LLC",Crystal Lake,236,Plant Closure,
warn-4753,,il,,Pekin,330,Plant Closure,
warn-4754,,il,Owens-Brockway Glass,Streator,152,Mass Layoff,
warn-4755,,il,,Chicago,150,Plant Closure,
warn-4756,,il,,Joliet,27,Plant Closure,
warn-4757,,il,"Dorma, Dorma+Kaba Group, Best Access Solutions",Lake Bluff,42,Plant Closure,
warn-4758,,il,APTAR,Libertyville,77,Plant Closure,
warn-4759,,il,,Naperville,268,Mass Layoff,
warn-4760,,il,Stradis Healthcare,Waukegan,100,Plant Closure,
warn-4761,,il,Illinois Bottle Manufacturing Co.,Elk Grove Village,96,Plant Closure,
warn-4762,,il,,Freeport,35,Plant Closure,
warn-4763,,il,,Belvidere,163,Plant Closure,
warn-4764,,il,Convenience Valet,Glendale Heights,59,Plant Closure,
warn-4765,,il,,Lincolnwood,106,Plant Closure,
warn-4766,,il,,Belvidere,31,Plant Closure,
warn-4767,,il,,Morgan Hill,120,Mass Layoff,
warn-4768,,il,Wells Fargo,Springfield,300,Mass Layoff,
warn-4769,,il,,Chicago,130,Mass Layoff,
warn-4770,,il,Corporate South,Bloomington,600,Mass Layoff,
warn-4771,,il,,Lisle,156,Mass Layoff,
warn-4772,,il,C D S,Edwardsville,130,Plant Closure,
warn-4773,,il,,Chicago,461,Mass Layoff,
warn-4774,,il,,Gurnee,623,Plant Closure,
warn-4775,,il,"Akorn, Clover Pharmaceuticals, Covenant Pharma, Versapharm, 10 EDISON STREET",Gurnee,115,Plant Closure,
warn-4776,,il,Akorn,Decatur,402,Plant Closure,
warn-4777,,il,,Aurora,26,Plant Closure,
warn-4778,,il,,Vernon Hills,40,Plant Closure,
warn-4779,,il,,Bloomington,129,Mass Layoff,
warn-4780,,il,,Kankakee,67,Plant Closure,
warn-4781,,il,,Alton,34,Mass Layoff,
warn-4782,,il,,Chicago,128,Mass Layoff,
warn-4783,,il,,Cahokia,124,Plant Closure,
warn-4784,,il,,Oak Brook,54,Mass Layoff,
warn-4785,,il,,Edwardsville,45,Plant Closure,
warn-4786,,il,,Marina Del Rey,4,Mass Layoff,
warn-4787,,il,,Marseilles,43,Plant Closure,
warn-4788,,il,,Momence,112,Plant Closure,
warn-4789,,il,,Lincolnshire,212,Plant Closure,
warn-4790,,il,,Aurora,234,Plant Closure,
warn-4791,,il,"WALMART, WALMART SUPERCENTER #5781",Chicago,439,Layoff,
warn-4792,,il,Walmart,Chicago,132,Plant Closure,
warn-4793,,il,Walmart,Chicago,83,Plant Closure,
warn-4794,,il,Walmart,Chicago,110,Plant Closure,
warn-4795,,il,Chartwells - Oak Lawn,Oak Lawn,50,Plant Closure,
warn-4796,,il,,Elwood,82,Plant Closure,
warn-4797,,il,,Freeport,75,Mass Layoff,
warn-4798,,il,,Urbana,114,Plant Closure,
warn-4799,,il,,Elwood,434,Plant Closure,
warn-4800,,il,,Mount Prospect,26,Plant Closure,
warn-4801,,il,"ProMedica Employment Services, LLC",Arlington Heights,74,Plant Closure,
warn-4802,,il,Chicago Paper Tube,Chicago,48,Mass Layoff,
warn-4803,,il,,Chicago,53,Plant Closure,
warn-4804,,il,,Chicago,284,Plant Closure,
warn-4805,,il,Pitney Bowes,Elk Grove Village,73,Plant Closure,
warn-4806,,il,,Deerfield,924,Mass Layoff,
warn-4807,,il,,Chicago,73,Mass Layoff,
warn-4808,,il,,Downers Grove,51,Plant Closure,
warn-4809,,il,Tyson,Chicago,177,Plant Closure,
warn-4810,,il,"Silver Line Building Products/Cornerstone Building Brands Services, Inc.",Lansing,274,Plant Closure,
warn-4811,,il,,Schiller Park,44,Plant Closure,
warn-4812,,il,,Northbrook,76,Plant Closure,
warn-4813,,il,,Arlington Heights,26,Plant Closure,
warn-4814,,il,,Naperville,33,Plant Closure,
warn-4815,,il,,Schaumburg,70,Plant Closure,
warn-4816,,il,,Chicago,40,Plant Closure,
warn-4817,,il,AT&T,Peoria,34,Mass Layoff,
warn-4818,,il,,Downers Grove,57,Mass Layoff,
warn-4819,,il,Aramark at Chicago International Charter Schools,Chicago,75,Plant Closure,
warn-4820,,il,,Edwardsville,393,Plant Closure,
warn-4821,,il,,Chicago,66,Mass Layoff,
warn-4822,,il,,Franklin Park,100,Plant Closure,
warn-4823,,il,,Lincoln,121,Mass Layoff,
warn-4824,,il,,Harwood Heights,28,Mass Layoff,
warn-4825,,il,Wyeth,Lake Forest,69,Mass Layoff,
warn-4826,,il,,Nashville,3000,Plant Closure,
warn-4827,,il,"FedEx, Fedex Ship Center",Marion,32,Plant Closure,
warn-4828,,il,,Romeoville,42,Mass Layoff,
warn-4829,,il,,Chicago,951,Plant Closure,
warn-4830,,il,,Buffalo Grove,161,Mass Layoff,
warn-4831,,il,,Chicago,68,Mass Layoff,
warn-4832,,il,,Downers Grove,17,Mass Layoff,
warn-4833,,il,,Northbrook,65,Mass Layoff,
warn-4834,,il,,Chicago,663,Mass Layoff,
warn-4835,,il,,Eldorado,54,Mass Layoff,
warn-4836,,il,,Channahon,79,Plant Closure,
warn-4837,,il,Village Woods Senior Living Community,Crete,82,Plant Closure,
warn-4838,,il,,Woodstock,82,Plant Closure,
warn-4839,,il,,Edwardsville,66,Mass Layoff,
warn-4840,,il,,Minooka,26,Mass Layoff,
warn-4841,,il,Menasha,Alsip,51,Mass Layoff,
warn-4842,,il,"MENASHA, CHICAGO MANUFACTURING FACILITY",Chicago,128,Plant Closure,
warn-4843,,il,,Downers Grove,82,Mass Layoff,
warn-4844,,il,,Champaign,183,Plant Closure,
warn-4845,,il,,Chicago,73,Plant Closure,
warn-4846,,il,,Lake Forest,43,Plant Closure,
warn-4847,,il,,Chicago,129,Mass Layoff,
warn-4848,,il,,Niles,90,Plant Closure,
warn-4849,,il,,Hoopeston,70,Mass Layoff,
warn-4850,,il,,Chicago,170,Plant Closure,
warn-4851,,il,Mars Wrigley,Chicago,282,Plant Closure,
warn-4852,,il,,Princeton,329,Plant Closure,
warn-4853,,il,,Vernon Hills,72,Plant Closure,
warn-4854,,il,,Schiller Park,111,Plant Closure,
warn-4855,,il,Quad,Effingham,345,Plant Closure,
warn-4856,,il,,Chicago,104,Mass Layoff,
warn-4857,,il,,Northlake,243,Plant Closure,
warn-4858,,il,,Chicago,78,Mass Layoff,
warn-4859,,il,,Chicago,175,Plant Closure,
warn-4860,,il,,Chicago,59,Plant Closure,
warn-4861,,il,,Chicago,30,Plant Closure,
warn-4862,,il,,Chicago,202,Plant Closure,
warn-4863,,il,,Newton,25,Plant Closure,
warn-4864,,il,,Chicago,127,Plant Closure,
warn-4865,,il,Stratus,Elk Grove Village,393,Plant Closure,
warn-4866,,il,,Joliet,50,Plant Closure,
warn-4867,,il,,Romeoville,27,Plant Closure,
warn-4868,,il,,Naperville,42,Plant Closure,
warn-4869,,il,,Channahon,40,Plant Closure,
warn-4870,,il,,Joliet,173,Plant Closure,
warn-4871,,il,,Naperville,65,Plant Closure,
warn-4872,,il,,Hillside,136,Plant Closure,
warn-4873,,il,,Monee,113,Mass Layoff,
warn-4874,,il,,Matteson,121,Mass Layoff,
warn-4875,,il,,Bolingbrook,74,Plant Closure,
warn-4876,,il,,Joliet,161,Mass Layoff,
warn-4877,,il,,Chicago,32,Plant Closure,
warn-4878,,il,,San Francisco,242,Mass Layoff,
warn-4879,,il,,Chicago,198,Plant Closure,
warn-4880,,il,,Channahon,31,Mass Layoff,
warn-4881,,il,,Wheeling,25,Mass Layoff,
warn-4882,,il,,Granite City,31,Plant Closure,
warn-4883,,il,,Rock Island,70,Plant Closure,
warn-4884,,il,,Edwardsville,74,Plant Closure,
warn-4885,,il,,Mattoon,105,Plant Closure,
warn-4886,,il,,Danville,40,Plant Closure,
warn-4887,,il,"Northern Indiana Medical Laboratory Services, Nimls",Chicago,413,Mass Layoff,
warn-4888,,il,"Northern Indiana Medical Laboratory Services, Nimls",Chicago,413,Mass Layoff,
