AREA,AREA_TITLE,AREA_TYPE,PRIM_STATE,NAICS,NAICS_TITLE,I_GROUP,OWN_CODE,OCC_CODE,OCC_TITLE,O_GROUP,TOT_EMP,EMP_PRSE,JOBS_1000,LOC_QUOTIENT,PCT_TOTAL,PCT_RPT,H_MEAN,A_MEAN,MEAN_PRSE,H_PCT10,H_PCT25,H_MEDIAN,H_PCT75,H_PCT90,A_PCT10,A_PCT25,A_MEDIAN,A_PCT75,A_PCT90,ANNUAL,HOURLY
99,U.S.,1,US,000000,Cross-industry,cross-industry,1235,00-0000,All Occupations,total,"155,495,730",0.0,,,,,33.54,"69,770",0.1,15.00,18.07,24.51,38.71,61.81,"31,200","37,590","50,980","80,520","128,560",,
99,U.S.,1,US,000000,Cross-industry,cross-industry,1235,11-0000,Management Occupations,major,"11,132,700",0.2,,,,,69.84,"145,260",0.2,28.91,39.89,60.83,84.75,123.71,"60,130","82,970","126,520","176,280","257,310",,
99,U.S.,1,US,000000,Cross-industry,cross-industry,1235,11-1000,Top Executives,minor,"3,720,520",0.3,,,,,68.33,"142,120",0.3,24.27,35.22,52.17,82.85,134.48,"50,480","73,260","108,510","172,330","279,710",,
99,U.S.,1,US,000000,Cross-industry,cross-industry,1235,11-1010,Chief Executives,broad,"204,350",3.1,,,,,129.63,"269,630",1.9,36.39,62.28,102.88,171.25,244.10,"75,700","129,540","213,990","356,200","507,730",,
99,U.S.,1,US,000000,Cross-industry,cross-industry,1235,11-1011,Chief Executives,detailed,"204,350",3.1,,,,,129.63,"269,630",1.9,36.39,62.28,102.88,171.25,244.10,"75,700","129,540","213,990","356,200","507,730",,
99,U.S.,1,US,000000,Cross-industry,cross-industry,1235,11-1020,General and Operations Managers,broad,"3,503,020",0.3,,,,,64.87,"134,940",0.3,24.08,34.77,50.85,80.42,121.82,"50,090","72,320","105,770","167,280","253,390",,
99,U.S.,1,US,000000,Cross-industry,cross-industry,1235,11-1021,General and Operations Managers,detailed,"3,503,020",0.3,,,,,64.87,"134,940",0.3,24.08,34.77,50.85,80.42,121.82,"50,090","72,320","105,770","167,280","253,390",,
99,U.S.,1,US,000000,Cross-industry,cross-industry,1235,11-2000,"Advertising, Marketing, Promotions, Public Relations, and Sales Managers",minor,"1,167,460",0.6,,,,,80.73,"167,930",0.3,37.37,50.55,74.89,101.25,139.45,"77,730","105,140","155,780","210,600","290,060",,
99,U.S.,1,US,000000,Cross-industry,cross-industry,1235,11-2010,Advertising and Promotions Managers,broad,"21,470",3.9,,,,,74.18,"154,280",3.0,30.43,43.93,64.26,96.66,137.62,"63,300","91,370","133,660","201,050","286,240",,
99,U.S.,1,US,000000,Cross-industry,cross-industry,1235,11-2011,Advertising and Promotions Managers,detailed,"21,470",3.9,,,,,74.18,"154,280",3.0,30.43,43.93,64.26,96.66,137.62,"63,300","91,370","133,660","201,050","286,240",,
99,U.S.,1,US,000000,Cross-industry,cross-industry,1235,11-2020,Marketing and Sales Managers,broad,"1,032,320",0.7,,,,,81.49,"169,490",0.3,37.44,50.90,75.98,101.87,140.44,"77,870","105,860","158,040","211,890","292,100",,
99,U.S.,1,US,000000,Cross-industry,cross-industry,1235,11-2021,Marketing Managers,detailed,"395,240",0.8,,,,,85.47,"177,770",0.3,43.39,59.15,80.19,104.04,141.16,"90,260","123,020","166,790","216,410","293,610",,
99,U.S.,1,US,000000,Cross-industry,cross-industry,1235,11-2022,Sales Managers,detailed,"637,080",1.1,,,,,79.02,"164,350",0.4,35.18,48.25,71.28,99.68,139.68,"73,170","100,360","148,270","207,340","290,540",,
99,U.S.,1,US,000000,Cross-industry,cross-industry,1235,11-2030,Public Relations and Fundraising Managers,broad,"113,670",1.2,,,,,75.15,"156,310",0.8,38.07,49.15,65.61,91.32,126.61,"79,180","102,230","136,470","189,950","263,340",,
99,U.S.,1,US,000000,Cross-industry,cross-industry,1235,11-2032,Public Relations Managers,detailed,"74,850",1.8,,,,,79.21,"164,760",0.8,39.62,51.24,70.63,98.33,137.01,"82,410","106,580","146,910","204,520","284,990",,
99,U.S.,1,US,000000,Cross-industry,cross-industry,1235,11-2033,Fundraising Managers,detailed,"38,810",1.4,,,,,67.32,"140,020",0.9,36.12,46.14,60.32,81.73,106.90,"75,130","95,970","125,470","169,990","222,350",,
99,U.S.,1,US,000000,Cross-industry,cross-industry,1235,11-3000,Operations Specialties Managers,minor,"2,775,810",0.3,,,,,79.49,"165,330",0.3,39.32,51.37,72.45,98.46,135.55,"81,790","106,860","150,690","204,790","281,950",,
99,U.S.,1,US,000000,Cross-industry,cross-industry,1235,11-3010,Administrative Services and Facilities Managers,broad,"420,130",0.6,,,,,60.12,"125,040",0.4,31.70,40.68,53.13,72.22,95.00,"65,940","84,620","110,500","150,230","197,590",,
99,U.S.,1,US,000000,Cross-industry,cross-industry,1235,11-3012,Administrative Services Managers,detailed,"263,960",1.2,,,,,62.44,"129,870",0.5,32.26,41.57,54.87,75.69,99.86,"67,100","86,460","114,130","157,420","207,720",,
99,U.S.,1,US,000000,Cross-industry,cross-industry,1235,11-3013,Facilities Managers,detailed,"156,180",1.1,,,,,56.20,"116,890",0.5,31.00,39.43,51.28,66.76,84.67,"64,480","82,020","106,660","138,870","176,120",,
99,U.S.,1,US,000000,Cross-industry,cross-industry,1235,11-3020,Computer and Information Systems Managers,broad,"670,570",0.5,,,,,92.39,"192,160",0.3,51.71,66.38,84.20,106.12,143.03,"107,550","138,060","175,140","220,730","297,510",,
99,U.S.,1,US,000000,Cross-industry,cross-industry,1235,11-3021,Computer and Information Systems Managers,detailed,"670,570",0.5,,,,,92.39,"192,160",0.3,51.71,66.38,84.20,106.12,143.03,"107,550","138,060","175,140","220,730","297,510",,
99,U.S.,1,US,000000,Cross-industry,cross-industry,1235,11-3030,Financial Managers,broad,"841,710",0.5,,,,,89.86,"186,910",0.4,45.34,60.33,80.08,105.76,155.42,"94,310","125,490","166,570","219,980","323,270",,
99,U.S.,1,US,000000,Cross-industry,cross-industry,1235,11-3031,Financial Managers,detailed,"841,710",0.5,,,,,89.86,"186,910",0.4,45.34,60.33,80.08,105.76,155.42,"94,310","125,490","166,570","219,980","323,270",,
99,U.S.,1,US,000000,Cross-industry,cross-industry,1235,11-3050,Industrial Production Managers,broad,"246,250",0.5,,,,,64.50,"134,170",0.3,37.50,47.19,60.61,77.83,98.81,"78,000","98,160","126,060","161,880","205,520",,
99,U.S.,1,US,000000,Cross-industry,cross-industry,1235,11-3051,Industrial Production Managers,detailed,"246,250",0.5,,,,,64.50,"134,170",0.3,37.50,47.19,60.61,77.83,98.81,"78,000","98,160","126,060","161,880","205,520",,
99,U.S.,1,US,000000,Cross-industry,cross-industry,1235,11-3060,Purchasing Managers,broad,"84,320",0.8,,,,,75.17,"156,360",0.4,44.47,55.55,71.19,87.63,107.35,"92,490","115,550","148,080","182,270","223,280",,
99,U.S.,1,US,000000,Cross-industry,cross-industry,1235,11-3061,Purchasing Managers,detailed,"84,320",0.8,,,,,75.17,"156,360",0.4,44.47,55.55,71.19,87.63,107.35,"92,490","115,550","148,080","182,270","223,280",,
99,U.S.,1,US,000000,Cross-industry,cross-industry,1235,11-3070,"Transportation, Storage, and Distribution Managers",broad,"221,180",0.9,,,,,58.46,"121,600",0.5,31.31,39.64,51.55,70.56,93.70,"65,120","82,440","107,230","146,770","194,900",,
99,U.S.,1,US,000000,Cross-industry,cross-industry,1235,11-3071,"Transportation, Storage, and Distribution Managers",detailed,"221,180",0.9,,,,,58.46,"121,600",0.5,31.31,39.64,51.55,70.56,93.70,"65,120","82,440","107,230","146,770","194,900",,
99,U.S.,1,US,000000,Cross-industry,cross-industry,1235,11-3110,Compensation and Benefits Managers,broad,"22,940",2.1,,,,,78.19,"162,640",0.8,42.86,54.41,71.75,96.45,123.35,"89,160","113,170","149,230","200,610","256,570",,
99,U.S.,1,US,000000,Cross-industry,cross-industry,1235,11-3111,Compensation and Benefits Managers,detailed,"22,940",2.1,,,,,78.19,"162,640",0.8,42.86,54.41,71.75,96.45,123.35,"89,160","113,170","149,230","200,610","256,570",,
99,U.S.,1,US,000000,Cross-industry,cross-industry,1235,11-3120,Human Resources Managers,broad,"220,660",0.6,,,,,78.96,"164,230",0.4,42.40,53.42,71.77,95.81,128.76,"88,200","111,110","149,280","199,290","267,810",,
99,U.S.,1,US,000000,Cross-industry,cross-industry,1235,11-3121,Human Resources Managers,detailed,"220,660",0.6,,,,,78.96,"164,230",0.4,42.40,53.42,71.77,95.81,128.76,"88,200","111,110","149,280","199,290","267,810",,
99,U.S.,1,US,000000,Cross-industry,cross-industry,1235,11-3130,Training and Development Managers,broad,"48,050",1.4,,,,,71.33,"148,370",1.1,38.24,48.97,63.94,85.04,112.31,"79,550","101,850","133,000","176,870","233,600",,
99,U.S.,1,US,000000,Cross-industry,cross-industry,1235,11-3131,Training and Development Managers,detailed,"48,050",1.4,,,,,71.33,"148,370",1.1,38.24,48.97,63.94,85.04,112.31,"79,550","101,850","133,000","176,870","233,600",,
99,U.S.,1,US,000000,Cross-industry,cross-industry,1235,11-9000,Other Management Occupations,minor,"3,468,900",0.3,,,,,60.07,"124,950",0.3,27.84,37.40,51.33,76.75,101.34,"57,910","77,790","106,770","159,650","210,800",,
99,U.S.,1,US,000000,Cross-industry,cross-industry,1235,11-9010,"Farmers, Ranchers, and Other Agricultural Managers",broad,"6,500",4.3,,,,,47.99,"99,820",2.2,26.12,31.87,43.22,57.14,76.93,"54,320","66,300","89,900","118,860","160,020",,
99,U.S.,1,US,000000,Cross-industry,cross-industry,1235,11-9013,"Farmers, Ranchers, and Other Agricultural Managers",detailed,"6,500",4.3,,,,,47.99,"99,820",2.2,26.12,31.87,43.22,57.14,76.93,"54,320","66,300","89,900","118,860","160,020",,
99,U.S.,1,US,000000,Cross-industry,cross-industry,1235,11-9020,Construction Managers,broad,"380,360",1.1,,,,,59.79,"124,360",0.5,33.50,42.57,55.28,72.91,91.08,"69,690","88,550","114,990","151,640","189,440",,
99,U.S.,1,US,000000,Cross-industry,cross-industry,1235,11-9021,Construction Managers,detailed,"380,360",1.1,,,,,59.79,"124,360",0.5,33.50,42.57,55.28,72.91,91.08,"69,690","88,550","114,990","151,640","189,440",,
99,U.S.,1,US,000000,Cross-industry,cross-industry,1235,11-9030,Education and Childcare Administrators,broad,"637,590",0.4,,,,,53.80,"111,900",0.3,28.56,37.87,49.16,63.99,82.28,"59,400","78,770","102,260","133,090","171,140",,
99,U.S.,1,US,000000,Cross-industry,cross-industry,1235,11-9031,"Education and Childcare Administrators, Preschool and Daycare",detailed,"73,660",1.8,,,,,31.15,"64,800",0.9,18.55,22.62,28.51,36.30,47.23,"38,580","47,040","59,300","75,500","98,240",,
99,U.S.,1,US,000000,Cross-industry,cross-industry,1235,11-9032,"Education Administrators, Kindergarten through Secondary",detailed,"328,330",0.6,,,,,*,"116,100",0.3,*,*,*,*,*,"76,280","86,040","105,870","134,630","167,770",TRUE,
99,U.S.,1,US,000000,Cross-industry,cross-industry,1235,11-9033,"Education Administrators, Postsecondary",detailed,"180,470",0.4,,,,,60.84,"126,540",0.3,31.04,38.88,50.29,69.41,103.66,"64,560","80,870","104,590","144,370","215,620",,
99,U.S.,1,US,000000,Cross-industry,cross-industry,1235,11-9039,"Education Administrators, All Other",detailed,"55,130",2.0,,,,,48.99,"101,900",0.6,24.96,33.16,45.77,60.86,77.41,"51,910","68,980","95,200","126,590","161,010",,
99,U.S.,1,US,000000,Cross-industry,cross-industry,1235,11-9040,Architectural and Engineering Managers,broad,"220,260",0.8,,,,,87.28,"181,540",0.3,58.08,67.00,82.34,102.16,126.33,"120,810","139,360","171,270","212,500","262,760",,
99,U.S.,1,US,000000,Cross-industry,cross-industry,1235,11-9041,Architectural and Engineering Managers,detailed,"220,260",0.8,,,,,87.28,"181,540",0.3,58.08,67.00,82.34,102.16,126.33,"120,810","139,360","171,270","212,500","262,760",,
99,U.S.,1,US,000000,Cross-industry,cross-industry,1235,11-9050,Food Service Managers,broad,"238,430",1.7,,,,,36.00,"74,880",0.6,22.09,27.34,33.36,41.73,51.75,"45,960","56,870","69,390","86,800","107,640",,
99,U.S.,1,US,000000,Cross-industry,cross-industry,1235,11-9051,Food Service Managers,detailed,"238,430",1.7,,,,,36.00,"74,880",0.6,22.09,27.34,33.36,41.73,51.75,"45,960","56,870","69,390","86,800","107,640",,
99,U.S.,1,US,000000,Cross-industry,cross-industry,1235,11-9070,Entertainment and Recreation Managers,broad,"43,010",1.4,,,,,43.90,"91,310",0.8,22.56,29.88,38.58,50.89,68.51,"46,920","62,160","80,240","105,850","142,490",,
99,U.S.,1,US,000000,Cross-industry,cross-industry,1235,11-9071,Gambling Managers,detailed,"5,030",2.0,,,,,49.54,"103,050",0.9,26.90,34.89,44.82,59.13,79.01,"55,960","72,570","93,220","122,990","164,350",,
99,U.S.,1,US,000000,Cross-industry,cross-industry,1235,11-9072,"Entertainment and Recreation Managers, Except Gambling",detailed,"37,980",1.6,,,,,43.15,"89,750",0.9,22.25,29.36,38.23,50.37,66.88,"46,270","61,060","79,520","104,770","139,110",,
99,U.S.,1,US,000000,Cross-industry,cross-industry,1235,11-9080,Lodging Managers,broad,"42,620",2.0,,,,,37.86,"78,740",1.1,19.27,23.81,33.29,45.21,61.96,"40,070","49,530","69,250","94,030","128,880",,
99,U.S.,1,US,000000,Cross-industry,cross-industry,1235,11-9081,Lodging Managers,detailed,"42,620",2.0,,,,,37.86,"78,740",1.1,19.27,23.81,33.29,45.21,61.96,"40,070","49,530","69,250","94,030","128,880",,
99,U.S.,1,US,000000,Cross-industry,cross-industry,1235,11-9110,Medical and Health Services Managers,broad,"597,080",0.6,,,,,67.77,"140,970",0.3,35.29,45.53,59.55,79.85,107.86,"73,390","94,700","123,860","166,100","224,340",,
99,U.S.,1,US,000000,Cross-industry,cross-industry,1235,11-9111,Medical and Health Services Managers,detailed,"597,080",0.6,,,,,67.77,"140,970",0.3,35.29,45.53,59.55,79.85,107.86,"73,390","94,700","123,860","166,100","224,340",,
99,U.S.,1,US,000000,Cross-industry,cross-industry,1235,11-9120,Natural Sciences Managers,broad,"108,690",1.2,,,,,86.66,"180,250",0.6,38.32,57.42,80.39,106.51,152.33,"79,710","119,430","167,220","221,540","316,850",,
99,U.S.,1,US,000000,Cross-industry,cross-industry,1235,11-9121,Natural Sciences Managers,detailed,"108,690",1.2,,,,,86.66,"180,250",0.6,38.32,57.42,80.39,106.51,152.33,"79,710","119,430","167,220","221,540","316,850",,
99,U.S.,1,US,000000,Cross-industry,cross-industry,1235,11-9130,Postmasters and Mail Superintendents,broad,"13,810",0.0,,,,,46.81,"97,360",0.0,40.91,43.58,46.47,49.50,53.72,"85,090","90,650","96,660","102,960","111,740",,
99,U.S.,1,US,000000,Cross-industry,cross-industry,1235,11-9131,Postmasters and Mail Superintendents,detailed,"13,810",0.0,,,,,46.81,"97,360",0.0,40.91,43.58,46.47,49.50,53.72,"85,090","90,650","96,660","102,960","111,740",,
99,U.S.,1,US,000000,Cross-industry,cross-industry,1235,11-9140,"Property, Real Estate, and Community Association Managers",broad,"311,180",1.8,,,,,40.25,"83,710",1.2,19.72,24.39,33.65,47.07,67.16,"41,010","50,720","69,990","97,910","139,680",,
99,U.S.,1,US,000000,Cross-industry,cross-industry,1235,11-9141,"Property, Real Estate, and Community Association Managers",detailed,"311,180",1.8,,,,,40.25,"83,710",1.2,19.72,24.39,33.65,47.07,67.16,"41,010","50,720","69,990","97,910","139,680",,
99,U.S.,1,US,000000,Cross-industry,cross-industry,1235,11-9150,Social and Community Service Managers,broad,"209,330",0.9,,,,,42.73,"88,880",0.3,25.56,30.91,38.65,49.61,63.59,"53,150","64,290","80,390","103,200","132,260",,
99,U.S.,1,US,000000,Cross-industry,cross-industry,1235,11-9151,Social and Community Service Managers,detailed,"209,330",0.9,,,,,42.73,"88,880",0.3,25.56,30.91,38.65,49.61,63.59,"53,150","64,290","80,390","103,200","132,260",,
99,U.S.,1,US,000000,Cross-industry,cross-industry,1235,11-9160,Emergency Management Directors,broad,"13,500",1.7,,,,,49.24,"102,420",0.6,26.06,32.65,44.87,60.81,80.02,"54,210","67,910","93,330","126,490","166,430",,
99,U.S.,1,US,000000,Cross-industry,cross-industry,1235,11-9161,Emergency Management Directors,detailed,"13,500",1.7,,,,,49.24,"102,420",0.6,26.06,32.65,44.87,60.81,80.02,"54,210","67,910","93,330","126,490","166,430",,
99,U.S.,1,US,000000,Cross-industry,cross-industry,1235,11-9170,Personal Service Managers,broad,"24,350",2.4,,,,,41.61,"86,550",1.1,22.98,28.70,36.65,48.45,64.79,"47,810","59,700","76,240","100,780","134,760",,
99,U.S.,1,US,000000,Cross-industry,cross-industry,1235,11-9171,Funeral Home Managers,detailed,"13,910",1.9,,,,,44.63,"92,840",1.2,23.90,29.75,37.88,49.97,75.19,"49,700","61,890","78,790","103,940","156,400",,
99,U.S.,1,US,000000,Cross-industry,cross-industry,1235,11-9179,"Personal Service Managers, All Other",detailed,"10,450",4.7,,,,,37.59,"78,190",1.8,21.59,26.03,33.54,45.41,57.07,"44,910","54,130","69,770","94,440","118,710",,
99,U.S.,1,US,000000,Cross-industry,cross-industry,1235,11-9190,Miscellaneous Managers,broad,"622,190",0.5,,,,,73.99,"153,890",0.3,35.72,49.46,68.22,89.57,114.55,"74,300","102,880","141,900","186,300","238,270",,
99,U.S.,1,US,000000,Cross-industry,cross-industry,1235,11-9199,"Managers, All Other",detailed,"622,190",0.5,,,,,73.99,"153,890",0.3,35.72,49.46,68.22,89.57,114.55,"74,300","102,880","141,900","186,300","238,270",,
99,U.S.,1,US,000000,Cross-industry,cross-industry,1235,13-0000,Business and Financial Operations Occupations,major,"10,537,240",0.2,,,,,45.78,"95,230",0.2,23.47,30.26,39.74,55.20,74.04,"48,820","62,940","82,660","114,820","153,990",,
99,U.S.,1,US,000000,Cross-industry,cross-industry,1235,13-1000,Business Operations Specialists,minor,"7,485,920",0.3,,,,,44.63,"92,830",0.2,23.17,29.93,39.45,53.98,71.33,"48,190","62,250","82,060","112,280","148,370",,
99,U.S.,1,US,000000,Cross-industry,cross-industry,1235,13-1010,"Agents and Business Managers of Artists, Performers, and Athletes",broad,"12,620",6.4,,,,,68.07,"141,580",8.6,23.08,30.61,39.85,70.40,136.81,"48,010","63,670","82,890","146,430","284,570",,
99,U.S.,1,US,000000,Cross-industry,cross-industry,1235,13-1011,"Agents and Business Managers of Artists, Performers, and Athletes",detailed,"12,620",6.4,,,,,68.07,"141,580",8.6,23.08,30.61,39.85,70.40,136.81,"48,010","63,670","82,890","146,430","284,570",,
99,U.S.,1,US,000000,Cross-industry,cross-industry,1235,13-1020,Buyers and Purchasing Agents,broad,"491,430",0.7,,,,,40.27,"83,770",0.2,23.26,29.23,37.36,48.47,61.96,"48,380","60,800","77,710","100,820","128,870",,
99,U.S.,1,US,000000,Cross-industry,cross-industry,1235,13-1020,Buyers and Purchasing Agents,detailed,"491,430",0.7,,,,,40.27,"83,770",0.2,23.26,29.23,37.36,48.47,61.96,"48,380","60,800","77,710","100,820","128,870",,
99,U.S.,1,US,000000,Cross-industry,cross-industry,1235,13-1030,"Claims Adjusters, Appraisers, Examiners, and Investigators",broad,"335,790",1.2,,,,,38.66,"80,420",0.3,23.55,29.47,37.51,47.05,55.81,"48,980","61,300","78,020","97,860","116,090",,
99,U.S.,1,US,000000,Cross-industry,cross-industry,1235,13-1031,"Claims Adjusters, Examiners, and Investigators",detailed,"324,230",1.2,,,,,38.69,"80,470",0.3,23.48,29.40,37.50,47.13,56.27,"48,850","61,160","78,000","98,030","117,040",,
99,U.S.,1,US,000000,Cross-industry,cross-industry,1235,13-1032,"Insurance Appraisers, Auto Damage",detailed,"11,560",5.4,,,,,37.93,"78,900",1.0,28.06,31.28,37.61,44.17,48.84,"58,360","65,050","78,240","91,880","101,590",,
99,U.S.,1,US,000000,Cross-industry,cross-industry,1235,13-1040,Compliance Officers,broad,"417,070",0.5,,,,,42.50,"88,400",0.3,23.18,29.46,38.81,52.41,64.29,"48,220","61,280","80,730","109,010","133,720",,
99,U.S.,1,US,000000,Cross-industry,cross-industry,1235,13-1041,Compliance Officers,detailed,"417,070",0.5,,,,,42.50,"88,400",0.3,23.18,29.46,38.81,52.41,64.29,"48,220","61,280","80,730","109,010","133,720",,
99,U.S.,1,US,000000,Cross-industry,cross-industry,1235,13-1050,Cost Estimators,broad,"224,220",1.0,,,,,41.06,"85,390",0.6,23.33,29.40,37.86,48.97,62.90,"48,530","61,150","78,740","101,850","130,820",,
99,U.S.,1,US,000000,Cross-industry,cross-industry,1235,13-1051,Cost Estimators,detailed,"224,220",1.0,,,,,41.06,"85,390",0.6,23.33,29.40,37.86,48.97,62.90,"48,530","61,150","78,740","101,850","130,820",,
99,U.S.,1,US,000000,Cross-industry,cross-industry,1235,13-1070,Human Resources Workers,broad,"977,550",0.6,,,,,39.95,"83,090",0.2,22.71,28.37,36.87,48.28,62.47,"47,240","59,010","76,700","100,410","129,930",,
99,U.S.,1,US,000000,Cross-industry,cross-industry,1235,13-1071,Human Resources Specialists,detailed,"912,430",0.6,,,,,39.42,"81,990",0.2,22.69,28.18,36.51,47.78,61.89,"47,180","58,610","75,940","99,380","128,720",,
99,U.S.,1,US,000000,Cross-industry,cross-industry,1235,13-1074,Farm Labor Contractors,detailed,310,28.4,,,,,28.11,"58,470",9.8,14.87,17.17,28.11,38.27,40.41,"30,930","35,720","58,460","79,590","84,050",,
99,U.S.,1,US,000000,Cross-industry,cross-industry,1235,13-1075,Labor Relations Specialists,detailed,"64,810",1.4,,,,,47.46,"98,720",1.0,24.27,34.58,45.87,59.34,75.09,"50,490","71,920","95,420","123,420","156,180",,
99,U.S.,1,US,000000,Cross-industry,cross-industry,1235,13-1080,Logisticians and Project Management Specialists,broad,"1,317,720",0.6,,,,,51.32,"106,740",0.2,28.75,36.74,48.00,62.79,79.42,"59,810","76,420","99,830","130,590","165,190",,
99,U.S.,1,US,000000,Cross-industry,cross-industry,1235,13-1081,Logisticians,detailed,"251,040",1.0,,,,,43.14,"89,730",0.4,24.47,30.98,39.58,51.05,64.02,"50,890","64,440","82,320","106,190","133,160",,
99,U.S.,1,US,000000,Cross-industry,cross-industry,1235,13-1082,Project Management Specialists,detailed,"1,066,670",0.6,,,,,53.24,"110,740",0.2,29.61,37.71,49.19,63.99,80.76,"61,580","78,440","102,320","133,100","167,970",,
99,U.S.,1,US,000000,Cross-industry,cross-industry,1235,13-1110,Management Analysts,broad,"898,280",0.7,,,,,54.71,"113,790",1.1,29.15,37.48,48.97,64.12,82.52,"60,640","77,950","101,860","133,370","171,640",,
99,U.S.,1,US,000000,Cross-industry,cross-industry,1235,13-1111,Management Analysts,detailed,"898,280",0.7,,,,,54.71,"113,790",1.1,29.15,37.48,48.97,64.12,82.52,"60,640","77,950","101,860","133,370","171,640",,
99,U.S.,1,US,000000,Cross-industry,cross-industry,1235,13-1120,"Meeting, Convention, and Event Planners",broad,"142,860",1.4,,,,,31.98,"66,520",0.9,17.71,22.58,29.41,37.88,48.90,"36,830","46,970","61,160","78,790","101,700",,
99,U.S.,1,US,000000,Cross-industry,cross-industry,1235,13-1121,"Meeting, Convention, and Event Planners",detailed,"142,860",1.4,,,,,31.98,"66,520",0.9,17.71,22.58,29.41,37.88,48.90,"36,830","46,970","61,160","78,790","101,700",,
99,U.S.,1,US,000000,Cross-industry,cross-industry,1235,13-1130,Fundraisers,broad,"111,040",1.2,,,,,37.12,"77,200",0.5,22.42,27.63,34.88,44.32,55.68,"46,630","57,480","72,550","92,180","115,820",,
99,U.S.,1,US,000000,Cross-industry,cross-industry,1235,13-1131,Fundraisers,detailed,"111,040",1.2,,,,,37.12,"77,200",0.5,22.42,27.63,34.88,44.32,55.68,"46,630","57,480","72,550","92,180","115,820",,
99,U.S.,1,US,000000,Cross-industry,cross-industry,1235,13-1140,"Compensation, Benefits, and Job Analysis Specialists",broad,"112,380",1.6,,,,,40.54,"84,330",0.9,23.79,29.28,37.60,48.27,61.98,"49,480","60,890","78,210","100,400","128,920",,
99,U.S.,1,US,000000,Cross-industry,cross-industry,1235,13-1141,"Compensation, Benefits, and Job Analysis Specialists",detailed,"112,380",1.6,,,,,40.54,"84,330",0.9,23.79,29.28,37.60,48.27,61.98,"49,480","60,890","78,210","100,400","128,920",,
99,U.S.,1,US,000000,Cross-industry,cross-industry,1235,13-1150,Training and Development Specialists,broad,"458,300",0.8,,,,,36.32,"75,550",0.4,18.64,24.09,33.31,45.70,59.26,"38,760","50,110","69,280","95,050","123,250",,
99,U.S.,1,US,000000,Cross-industry,cross-industry,1235,13-1151,Training and Development Specialists,detailed,"458,300",0.8,,,,,36.32,"75,550",0.4,18.64,24.09,33.31,45.70,59.26,"38,760","50,110","69,280","95,050","123,250",,
99,U.S.,1,US,000000,Cross-industry,cross-industry,1235,13-1160,Market Research Analysts and Marketing Specialists,broad,"899,580",0.8,,,,,43.03,"89,490",0.5,20.86,28.05,37.87,52.07,74.75,"43,390","58,350","78,760","108,310","155,480",,
99,U.S.,1,US,000000,Cross-industry,cross-industry,1235,13-1161,Market Research Analysts and Marketing Specialists,detailed,"899,580",0.8,,,,,43.03,"89,490",0.5,20.86,28.05,37.87,52.07,74.75,"43,390","58,350","78,760","108,310","155,480",,
99,U.S.,1,US,000000,Cross-industry,cross-industry,1235,13-1190,Miscellaneous Business Operations Specialists,broad,"1,087,090",0.6,,,,,45.18,"93,970",0.3,23.02,30.12,39.93,54.81,72.12,"47,880","62,640","83,050","114,010","150,010",,
99,U.S.,1,US,000000,Cross-industry,cross-industry,1235,13-1199,"Business Operations Specialists, All Other",detailed,"1,087,090",0.6,,,,,45.18,"93,970",0.3,23.02,30.12,39.93,54.81,72.12,"47,880","62,640","83,050","114,010","150,010",,
99,U.S.,1,US,000000,Cross-industry,cross-industry,1235,13-2000,Financial Specialists,minor,"3,051,310",0.3,,,,,48.61,"101,120",0.3,24.25,31.12,40.71,57.92,78.53,"50,440","64,720","84,680","120,470","163,340",,
99,U.S.,1,US,000000,Cross-industry,cross-industry,1235,13-2010,Accountants and Auditors,broad,"1,449,500",0.5,,,,,45.56,"94,750",0.3,26.93,32.22,40.23,52.80,69.27,"56,020","67,020","83,680","109,810","144,090",,
99,U.S.,1,US,000000,Cross-industry,cross-industry,1235,13-2011,Accountants and Auditors,detailed,"1,449,500",0.5,,,,,45.56,"94,750",0.3,26.93,32.22,40.23,52.80,69.27,"56,020","67,020","83,680","109,810","144,090",,
99,U.S.,1,US,000000,Cross-industry,cross-industry,1235,13-2020,Property Appraisers and Assessors,broad,"57,070",2.9,,,,,36.43,"75,770",1.1,19.25,24.51,32.67,44.60,58.97,"40,030","50,970","67,960","92,760","122,660",,
99,U.S.,1,US,000000,Cross-industry,cross-industry,1235,13-2020,Property Appraisers and Assessors,detailed,"57,070",2.9,,,,,36.43,"75,770",1.1,19.25,24.51,32.67,44.60,58.97,"40,030","50,970","67,960","92,760","122,660",,
99,U.S.,1,US,000000,Cross-industry,cross-industry,1235,13-2030,Budget Analysts,broad,"47,160",1.4,,,,,46.33,"96,370",0.6,29.93,36.21,44.06,54.91,65.70,"62,250","75,320","91,640","114,220","136,660",,
99,U.S.,1,US,000000,Cross-industry,cross-industry,1235,13-2031,Budget Analysts,detailed,"47,160",1.4,,,,,46.33,"96,370",0.6,29.93,36.21,44.06,54.91,65.70,"62,250","75,320","91,640","114,220","136,660",,
99,U.S.,1,US,000000,Cross-industry,cross-industry,1235,13-2040,Credit Analysts,broad,"64,390",1.3,,,,,48.49,"100,850",0.7,27.04,31.35,40.15,58.88,81.36,"56,250","65,210","83,510","122,460","169,230",,
99,U.S.,1,US,000000,Cross-industry,cross-industry,1235,13-2041,Credit Analysts,detailed,"64,390",1.3,,,,,48.49,"100,850",0.7,27.04,31.35,40.15,58.88,81.36,"56,250","65,210","83,510","122,460","169,230",,
99,U.S.,1,US,000000,Cross-industry,cross-industry,1235,13-2050,Financial Analysts and Advisors,broad,"798,050",0.8,,,,,61.39,"127,690",0.9,28.59,36.87,49.08,68.37,102.23,"59,470","76,700","102,090","142,210","212,650",,
99,U.S.,1,US,000000,Cross-industry,cross-industry,1235,13-2051,Financial and Investment Analysts,detailed,"361,980",2.3,,,,,56.15,"116,800",0.7,30.64,38.12,49.40,64.11,86.95,"63,720","79,290","102,740","133,340","180,860",,
99,U.S.,1,US,000000,Cross-industry,cross-industry,1235,13-2052,Personal Financial Advisors,detailed,"266,800",2.0,,,,,75.32,"156,670",1.6,24.13,34.83,50.51,84.99,171.65,"50,190","72,440","105,070","176,790","357,020",,
99,U.S.,1,US,000000,Cross-industry,cross-industry,1235,13-2053,Insurance Underwriters,detailed,"105,420",2.0,,,,,45.05,"93,700",0.7,26.70,31.07,39.12,53.07,69.79,"55,530","64,620","81,370","110,390","145,160",,
99,U.S.,1,US,000000,Cross-industry,cross-industry,1235,13-2054,Financial Risk Specialists,detailed,"63,850",1.9,,,,,59.82,"124,420",0.6,31.17,40.37,56.41,76.08,94.29,"64,820","83,980","117,330","158,250","196,110",,
99,U.S.,1,US,000000,Cross-industry,cross-industry,1235,13-2060,Financial Examiners,broad,"67,830",1.5,,,,,51.08,"106,240",0.6,27.04,33.97,45.27,62.31,83.75,"56,230","70,660","94,160","129,600","174,200",,
99,U.S.,1,US,000000,Cross-industry,cross-industry,1235,13-2061,Financial Examiners,detailed,"67,830",1.5,,,,,51.08,"106,240",0.6,27.04,33.97,45.27,62.31,83.75,"56,230","70,660","94,160","129,600","174,200",,
99,U.S.,1,US,000000,Cross-industry,cross-industry,1235,13-2070,Credit Counselors and Loan Officers,broad,"302,100",1.0,,,,,40.86,"84,980",0.6,18.85,24.42,35.55,49.10,69.69,"39,200","50,800","73,940","102,140","144,960",,
99,U.S.,1,US,000000,Cross-industry,cross-industry,1235,13-2071,Credit Counselors,detailed,"27,770",2.5,,,,,27.51,"57,210",0.8,18.44,21.98,25.11,30.81,38.67,"38,350","45,720","52,230","64,080","80,440",,
99,U.S.,1,US,000000,Cross-industry,cross-industry,1235,13-2072,Loan Officers,detailed,"274,330",1.1,,,,,42.21,"87,790",0.6,18.96,25.35,36.87,50.04,73.65,"39,430","52,730","76,690","104,080","153,180",,
99,U.S.,1,US,000000,Cross-industry,cross-industry,1235,13-2080,"Tax Examiners, Collectors and Preparers, and Revenue Agents",broad,"133,090",2.5,,,,,31.26,"65,010",0.7,17.36,21.19,28.30,37.86,49.70,"36,120","44,070","58,860","78,740","103,380",,
99,U.S.,1,US,000000,Cross-industry,cross-industry,1235,13-2081,"Tax Examiners and Collectors, and Revenue Agents",detailed,"56,610",0.9,,,,,33.91,"70,520",0.3,20.19,23.77,29.98,40.09,55.07,"42,000","49,450","62,370","83,390","114,550",,
99,U.S.,1,US,000000,Cross-industry,cross-industry,1235,13-2082,Tax Preparers,detailed,"76,480",4.3,,,,,29.30,"60,930",1.4,16.23,18.71,26.40,36.68,47.72,"33,760","38,910","54,920","76,300","99,270",,
99,U.S.,1,US,000000,Cross-industry,cross-industry,1235,13-2090,Miscellaneous Financial Specialists,broad,"132,130",1.8,,,,,45.10,"93,810",0.7,23.30,29.47,38.99,53.08,72.83,"48,460","61,290","81,100","110,410","151,490",,
99,U.S.,1,US,000000,Cross-industry,cross-industry,1235,13-2099,"Financial Specialists, All Other",detailed,"132,130",1.8,,,,,45.10,"93,810",0.7,23.30,29.47,38.99,53.08,72.83,"48,460","61,290","81,100","110,410","151,490",,
99,U.S.,1,US,000000,Cross-industry,cross-industry,1235,15-0000,Computer and Mathematical Occupations,major,"5,260,110",0.3,,,,,57.73,"120,080",0.3,27.98,37.89,52.54,74.92,92.05,"58,200","78,820","109,280","155,830","191,450",,
99,U.S.,1,US,000000,Cross-industry,cross-industry,1235,15-1200,Computer Occupations,minor,"4,827,720",0.3,,,,,57.74,"120,100",0.3,27.72,37.81,52.63,75.14,92.46,"57,660","78,640","109,470","156,280","192,310",,
99,U.S.,1,US,000000,Cross-industry,cross-industry,1235,15-1210,Computer and Information Analysts,broad,"710,180",0.9,,,,,57.41,"119,420",0.4,33.09,40.97,52.81,67.41,82.91,"68,830","85,210","109,840","140,200","172,450",,
99,U.S.,1,US,000000,Cross-industry,cross-industry,1235,15-1211,Computer Systems Analysts,detailed,"519,530",1.0,,,,,55.10,"114,610",0.4,32.37,39.84,50.89,64.48,80.63,"67,340","82,860","105,850","134,110","167,710",,
99,U.S.,1,US,000000,Cross-industry,cross-industry,1235,15-1212,Information Security Analysts,detailed,"190,650",2.0,,,,,63.71,"132,510",0.6,36.10,47.03,62.11,78.61,96.08,"75,090","97,810","129,180","163,500","199,850",,
99,U.S.,1,US,000000,Cross-industry,cross-industry,1235,15-1220,Computer and Information Research Scientists,broad,"37,200",2.6,,,,,74.00,"153,930",1.0,39.52,49.79,67.45,90.72,110.88,"82,200","103,570","140,300","188,700","230,630",,
99,U.S.,1,US,000000,Cross-industry,cross-industry,1235,15-1221,Computer and Information Research Scientists,detailed,"37,200",2.6,,,,,74.00,"153,930",1.0,39.52,49.79,67.45,90.72,110.88,"82,200","103,570","140,300","188,700","230,630",,
99,U.S.,1,US,000000,Cross-industry,cross-industry,1235,15-1230,Computer Support Specialists,broad,"863,380",0.8,,,,,33.55,"69,790",0.3,20.14,23.94,30.24,38.94,49.90,"41,880","49,800","62,890","80,990","103,790",,
99,U.S.,1,US,000000,Cross-industry,cross-industry,1235,15-1231,Computer Network Support Specialists,detailed,"146,190",2.0,,,,,39.36,"81,870",1.2,22.65,28.00,36.64,47.48,61.43,"47,120","58,240","76,220","98,750","127,780",,
99,U.S.,1,US,000000,Cross-industry,cross-industry,1235,15-1232,Computer User Support Specialists,detailed,"717,190",0.8,,,,,32.37,"67,330",0.3,19.70,23.56,29.74,38.00,48.34,"40,980","49,000","61,860","79,040","100,540",,
99,U.S.,1,US,000000,Cross-industry,cross-industry,1235,15-1240,Database and Network Administrators and Architects,broad,"631,200",0.7,,,,,57.19,"118,950",0.3,31.97,40.32,53.26,69.44,83.75,"66,490","83,860","110,770","144,440","174,200",,
99,U.S.,1,US,000000,Cross-industry,cross-industry,1235,15-1241,Computer Network Architects,detailed,"179,740",1.7,,,,,67.11,"139,580",0.6,38.42,50.30,64.45,80.86,97.44,"79,900","104,620","134,050","168,200","202,680",,
99,U.S.,1,US,000000,Cross-industry,cross-industry,1235,15-1242,Database Administrators,detailed,"69,990",1.7,,,,,52.93,"110,090",0.5,28.96,38.28,50.30,65.13,78.52,"60,230","79,610","104,620","135,460","163,320",,
99,U.S.,1,US,000000,Cross-industry,cross-industry,1235,15-1243,Database Architects,detailed,"67,140",2.9,,,,,69.44,"144,440",1.0,41.46,52.58,67.07,81.39,98.08,"86,240","109,370","139,500","169,290","204,000",,
99,U.S.,1,US,000000,Cross-industry,cross-industry,1235,15-1244,Network and Computer Systems Administrators,detailed,"314,340",1.0,,,,,49.85,"103,680",0.6,30.11,37.51,47.66,60.89,74.55,"62,640","78,010","99,130","126,640","155,050",,
99,U.S.,1,US,000000,Cross-industry,cross-industry,1235,15-1250,"Software and Web Developers, Programmers, and Testers",broad,"2,150,380",0.5,,,,,67.24,"139,850",0.4,36.69,48.45,63.53,81.12,101.87,"76,320","100,780","132,150","168,730","211,890",,
99,U.S.,1,US,000000,Cross-industry,cross-industry,1235,15-1251,Computer Programmers,detailed,"92,230",2.5,,,,,50.56,"105,170",1.0,27.74,36.47,48.26,62.83,77.15,"57,710","75,850","100,390","130,680","160,460",,
99,U.S.,1,US,000000,Cross-industry,cross-industry,1235,15-1252,Software Developers,detailed,"1,687,890",0.6,,,,,71.20,"148,100",0.4,39.64,50.58,65.38,82.68,103.21,"82,460","105,210","135,980","171,980","214,670",,
99,U.S.,1,US,000000,Cross-industry,cross-industry,1235,15-1253,Software Quality Assurance Analysts and Testers,detailed,"186,740",2.3,,,,,53.60,"111,490",0.7,29.54,38.61,50.14,64.03,80.29,"61,440","80,310","104,300","133,180","167,010",,
99,U.S.,1,US,000000,Cross-industry,cross-industry,1235,15-1254,Web Developers,detailed,"70,190",6.7,,,,,47.49,"98,770",1.5,23.12,30.88,44.54,60.69,78.03,"48,100","64,230","92,650","126,230","162,290",,
99,U.S.,1,US,000000,Cross-industry,cross-industry,1235,15-1255,Web and Digital Interface Designers,detailed,"113,330",1.6,,,,,56.49,"117,490",0.8,25.84,35.24,50.00,76.36,96.90,"53,750","73,290","104,000","158,820","201,550",,
99,U.S.,1,US,000000,Cross-industry,cross-industry,1235,15-1290,Miscellaneous Computer Occupations,broad,"435,370",1.0,,,,,58.77,"122,230",0.6,26.89,38.16,56.05,75.72,90.61,"55,940","79,370","116,580","157,500","188,470",,
99,U.S.,1,US,000000,Cross-industry,cross-industry,1235,15-1299,"Computer Occupations, All Other",detailed,"435,370",1.0,,,,,58.77,"122,230",0.6,26.89,38.16,56.05,75.72,90.61,"55,940","79,370","116,580","157,500","188,470",,
99,U.S.,1,US,000000,Cross-industry,cross-industry,1235,15-2000,Mathematical Science Occupations,minor,"432,400",0.8,,,,,57.63,"119,880",0.5,30.28,38.68,51.71,70.65,88.98,"62,980","80,460","107,570","146,960","185,080",,
99,U.S.,1,US,000000,Cross-industry,cross-industry,1235,15-2010,Actuaries,broad,"26,670",3.2,,,,,68.02,"141,480",2.3,37.77,46.96,62.50,82.04,103.41,"78,570","97,680","130,000","170,650","215,100",,
99,U.S.,1,US,000000,Cross-industry,cross-industry,1235,15-2011,Actuaries,detailed,"26,670",3.2,,,,,68.02,"141,480",2.3,37.77,46.96,62.50,82.04,103.41,"78,570","97,680","130,000","170,650","215,100",,
99,U.S.,1,US,000000,Cross-industry,cross-industry,1235,15-2020,Mathematicians,broad,"2,030",2.5,,,,,62.15,"129,260",1.0,33.29,42.58,60.92,75.49,93.84,"69,240","88,570","126,710","157,020","195,190",,
99,U.S.,1,US,000000,Cross-industry,cross-industry,1235,15-2021,Mathematicians,detailed,"2,030",2.5,,,,,62.15,"129,260",1.0,33.29,42.58,60.92,75.49,93.84,"69,240","88,570","126,710","157,020","195,190",,
99,U.S.,1,US,000000,Cross-industry,cross-industry,1235,15-2030,Operations Research Analysts,broad,"108,510",1.4,,,,,47.95,"99,730",0.6,27.43,32.86,42.76,60.57,76.88,"57,060","68,360","88,940","125,990","159,910",,
99,U.S.,1,US,000000,Cross-industry,cross-industry,1235,15-2031,Operations Research Analysts,detailed,"108,510",1.4,,,,,47.95,"99,730",0.6,27.43,32.86,42.76,60.57,76.88,"57,060","68,360","88,940","125,990","159,910",,
99,U.S.,1,US,000000,Cross-industry,cross-industry,1235,15-2040,Statisticians,broad,"29,030",2.7,,,,,55.63,"115,700",1.2,30.77,39.53,50.79,68.03,83.68,"64,000","82,220","105,650","141,490","174,050",,
99,U.S.,1,US,000000,Cross-industry,cross-industry,1235,15-2041,Statisticians,detailed,"29,030",2.7,,,,,55.63,"115,700",1.2,30.77,39.53,50.79,68.03,83.68,"64,000","82,220","105,650","141,490","174,050",,
99,U.S.,1,US,000000,Cross-industry,cross-industry,1235,15-2050,Data Scientists,broad,"262,440",1.1,,,,,60.96,"126,800",0.7,32.33,41.18,57.80,76.39,95.74,"67,240","85,660","120,230","158,880","199,130",,
99,U.S.,1,US,000000,Cross-industry,cross-industry,1235,15-2051,Data Scientists,detailed,"262,440",1.1,,,,,60.96,"126,800",0.7,32.33,41.18,57.80,76.39,95.74,"67,240","85,660","120,230","158,880","199,130",,
99,U.S.,1,US,000000,Cross-industry,cross-industry,1235,15-2090,Miscellaneous Mathematical Science Occupations,broad,"3,720",12.6,,,,,44.02,"91,550",3.5,23.07,29.21,39.18,51.53,74.32,"47,980","60,750","81,490","107,180","154,580",,
99,U.S.,1,US,000000,Cross-industry,cross-industry,1235,15-2099,"Mathematical Science Occupations, All Other",detailed,"3,720",12.6,,,,,44.02,"91,550",3.5,23.07,29.21,39.18,51.53,74.32,"47,980","60,750","81,490","107,180","154,580",,
99,U.S.,1,US,000000,Cross-industry,cross-industry,1235,17-0000,Architecture and Engineering Occupations,major,"2,617,130",0.3,,,,,51.36,"106,830",0.3,28.21,36.81,47.85,62.62,80.04,"58,670","76,560","99,520","130,240","166,490",,
99,U.S.,1,US,000000,Cross-industry,cross-industry,1235,17-1000,"Architects, Surveyors, and Cartographers",minor,"191,460",1.2,,,,,46.25,"96,190",0.6,26.75,32.64,42.28,55.87,70.30,"55,650","67,900","87,950","116,210","146,230",,
99,U.S.,1,US,000000,Cross-industry,cross-industry,1235,17-1010,"Architects, Except Naval",broad,"126,380",1.6,,,,,49.78,"103,550",0.7,29.38,36.80,46.91,60.04,76.39,"61,110","76,540","97,570","124,880","158,900",,
99,U.S.,1,US,000000,Cross-industry,cross-industry,1235,17-1011,"Architects, Except Landscape and Naval",detailed,"106,770",2.0,,,,,51.09,"106,260",0.8,29.95,37.48,47.73,60.84,77.61,"62,300","77,960","99,280","126,550","161,420",,
99,U.S.,1,US,000000,Cross-industry,cross-industry,1235,17-1012,Landscape Architects,detailed,"19,600",4.4,,,,,42.68,"88,780",1.1,26.33,30.85,38.40,50.04,62.59,"54,770","64,170","79,870","104,090","130,190",,
99,U.S.,1,US,000000,Cross-industry,cross-industry,1235,17-1020,"Surveyors, Cartographers, and Photogrammetrists",broad,"65,090",1.5,,,,,39.38,"81,910",0.6,22.85,28.69,36.97,47.65,60.52,"47,530","59,670","76,910","99,110","125,880",,
99,U.S.,1,US,000000,Cross-industry,cross-industry,1235,17-1021,Cartographers and Photogrammetrists,detailed,"14,260",3.0,,,,,41.68,"86,690",0.9,25.84,31.57,39.13,49.02,61.03,"53,740","65,670","81,390","101,960","126,950",,
99,U.S.,1,US,000000,Cross-industry,cross-industry,1235,17-1022,Surveyors,detailed,"50,830",1.7,,,,,38.73,"80,570",0.7,22.54,27.97,36.27,47.18,60.38,"46,880","58,170","75,440","98,130","125,590",,
99,U.S.,1,US,000000,Cross-industry,cross-industry,1235,17-2000,Engineers,minor,"1,800,740",0.4,,,,,57.52,"119,640",0.3,35.76,41.43,52.22,67.22,83.81,"74,370","86,170","108,620","139,810","174,330",,
99,U.S.,1,US,000000,Cross-industry,cross-industry,1235,17-2010,Aerospace Engineers,broad,"67,710",2.0,,,,,68.30,"142,060",0.6,41.68,51.02,64.89,81.58,98.98,"86,700","106,110","134,960","169,690","205,890",,
99,U.S.,1,US,000000,Cross-industry,cross-industry,1235,17-2011,Aerospace Engineers,detailed,"67,710",2.0,,,,,68.30,"142,060",0.6,41.68,51.02,64.89,81.58,98.98,"86,700","106,110","134,960","169,690","205,890",,
99,U.S.,1,US,000000,Cross-industry,cross-industry,1235,17-2020,Agricultural Engineers,broad,"1,480",11.8,,,,,52.04,"108,230",4.3,32.72,39.55,47.40,60.04,80.03,"68,060","82,260","98,590","124,880","166,460",,
99,U.S.,1,US,000000,Cross-industry,cross-industry,1235,17-2021,Agricultural Engineers,detailed,"1,480",11.8,,,,,52.04,"108,230",4.3,32.72,39.55,47.40,60.04,80.03,"68,060","82,260","98,590","124,880","166,460",,
99,U.S.,1,US,000000,Cross-industry,cross-industry,1235,17-2030,Bioengineers and Biomedical Engineers,broad,"23,480",4.6,,,,,56.20,"116,890",2.1,34.55,41.82,52.58,65.68,80.86,"71,850","86,980","109,370","136,600","168,180",,
99,U.S.,1,US,000000,Cross-industry,cross-industry,1235,17-2031,Bioengineers and Biomedical Engineers,detailed,"23,480",4.6,,,,,56.20,"116,890",2.1,34.55,41.82,52.58,65.68,80.86,"71,850","86,980","109,370","136,600","168,180",,
99,U.S.,1,US,000000,Cross-industry,cross-industry,1235,17-2040,Chemical Engineers,broad,"21,070",3.6,,,,,62.49,"129,980",2.2,38.19,47.03,60.12,75.57,87.92,"79,420","97,820","125,040","157,190","182,880",,
99,U.S.,1,US,000000,Cross-industry,cross-industry,1235,17-2041,Chemical Engineers,detailed,"21,070",3.6,,,,,62.49,"129,980",2.2,38.19,47.03,60.12,75.57,87.92,"79,420","97,820","125,040","157,190","182,880",,
99,U.S.,1,US,000000,Cross-industry,cross-industry,1235,17-2050,Civil Engineers,broad,"367,840",1.0,,,,,52.24,"108,670",0.9,32.81,38.43,48.48,62.34,78.47,"68,240","79,930","100,840","129,680","163,220",,
99,U.S.,1,US,000000,Cross-industry,cross-industry,1235,17-2051,Civil Engineers,detailed,"367,840",1.0,,,,,52.24,"108,670",0.9,32.81,38.43,48.48,62.34,78.47,"68,240","79,930","100,840","129,680","163,220",,
99,U.S.,1,US,000000,Cross-industry,cross-industry,1235,17-2060,Computer Hardware Engineers,broad,"76,660",1.9,,,,,78.21,"162,670",0.6,44.68,60.62,77.76,97.59,108.33,"92,940","126,090","161,740","202,990","225,330",,
99,U.S.,1,US,000000,Cross-industry,cross-industry,1235,17-2061,Computer Hardware Engineers,detailed,"76,660",1.9,,,,,78.21,"162,670",0.6,44.68,60.62,77.76,97.59,108.33,"92,940","126,090","161,740","202,990","225,330",,
99,U.S.,1,US,000000,Cross-industry,cross-industry,1235,17-2070,Electrical and Electronics Engineers,broad,"295,650",1.4,,,,,62.07,"129,100",0.5,37.47,46.48,60.12,76.56,94.00,"77,940","96,680","125,040","159,240","195,510",,
99,U.S.,1,US,000000,Cross-industry,cross-industry,1235,17-2071,Electrical Engineers,detailed,"198,750",1.7,,,,,60.15,"125,100",0.8,36.80,44.63,58.00,73.53,88.61,"76,550","92,830","120,630","152,950","184,300",,
99,U.S.,1,US,000000,Cross-industry,cross-industry,1235,17-2072,"Electronics Engineers, Except Computer",detailed,"96,900",2.0,,,,,66.00,"137,280",0.7,39.35,48.88,62.60,80.61,99.50,"81,840","101,680","130,220","167,670","206,960",,
99,U.S.,1,US,000000,Cross-industry,cross-industry,1235,17-2080,Environmental Engineers,broad,"38,340",3.1,,,,,54.29,"112,910",0.8,33.65,40.18,51.50,64.63,77.99,"69,990","83,570","107,110","134,420","162,220",,
99,U.S.,1,US,000000,Cross-industry,cross-industry,1235,17-2081,Environmental Engineers,detailed,"38,340",3.1,,,,,54.29,"112,910",0.8,33.65,40.18,51.50,64.63,77.99,"69,990","83,570","107,110","134,420","162,220",,
99,U.S.,1,US,000000,Cross-industry,cross-industry,1235,17-2110,"Industrial Engineers, Including Health and Safety",broad,"387,190",0.7,,,,,53.10,"110,450",0.3,35.69,40.26,49.36,62.27,77.16,"74,220","83,750","102,670","129,530","160,490",,
99,U.S.,1,US,000000,Cross-industry,cross-industry,1235,17-2111,"Health and Safety Engineers, Except Mining Safety Engineers and Inspectors",detailed,"21,450",6.5,,,,,57.58,"119,770",1.8,32.89,43.72,55.36,68.74,82.33,"68,420","90,930","115,160","142,980","171,250",,
99,U.S.,1,US,000000,Cross-industry,cross-industry,1235,17-2112,Industrial Engineers,detailed,"365,740",0.7,,,,,52.84,"109,900",0.3,35.76,40.19,49.25,62.14,76.85,"74,370","83,600","102,440","129,250","159,860",,
99,U.S.,1,US,000000,Cross-industry,cross-industry,1235,17-2120,Marine Engineers and Naval Architects,broad,"8,250",5.5,,,,,59.70,"124,180",1.0,39.91,47.71,53.96,66.20,83.33,"83,010","99,250","112,230","137,690","173,330",,
99,U.S.,1,US,000000,Cross-industry,cross-industry,1235,17-2121,Marine Engineers and Naval Architects,detailed,"8,250",5.5,,,,,59.70,"124,180",1.0,39.91,47.71,53.96,66.20,83.33,"83,010","99,250","112,230","137,690","173,330",,
99,U.S.,1,US,000000,Cross-industry,cross-industry,1235,17-2130,Materials Engineers,broad,"22,770",2.0,,,,,57.81,"120,250",0.6,34.76,42.35,54.26,68.61,84.48,"72,300","88,080","112,860","142,720","175,720",,
99,U.S.,1,US,000000,Cross-industry,cross-industry,1235,17-2131,Materials Engineers,detailed,"22,770",2.0,,,,,57.81,"120,250",0.6,34.76,42.35,54.26,68.61,84.48,"72,300","88,080","112,860","142,720","175,720",,
99,U.S.,1,US,000000,Cross-industry,cross-industry,1235,17-2140,Mechanical Engineers,broad,"296,810",1.3,,,,,54.62,"113,610",0.4,35.57,40.45,50.05,63.75,79.01,"73,990","84,130","104,110","132,590","164,340",,
99,U.S.,1,US,000000,Cross-industry,cross-industry,1235,17-2141,Mechanical Engineers,detailed,"296,810",1.3,,,,,54.62,"113,610",0.4,35.57,40.45,50.05,63.75,79.01,"73,990","84,130","104,110","132,590","164,340",,
99,U.S.,1,US,000000,Cross-industry,cross-industry,1235,17-2150,"Mining and Geological Engineers, Including Mining Safety Engineers",broad,"6,080",6.4,,,,,55.49,"115,410",1.9,32.45,41.00,51.07,65.67,81.73,"67,490","85,280","106,220","136,590","169,990",,
99,U.S.,1,US,000000,Cross-industry,cross-industry,1235,17-2151,"Mining and Geological Engineers, Including Mining Safety Engineers",detailed,"6,080",6.4,,,,,55.49,"115,410",1.9,32.45,41.00,51.07,65.67,81.73,"67,490","85,280","106,220","136,590","169,990",,
99,U.S.,1,US,000000,Cross-industry,cross-industry,1235,17-2160,Nuclear Engineers,broad,"15,280",3.4,,,,,67.51,"140,420",1.2,44.69,52.26,64.41,78.67,94.37,"92,960","108,690","133,970","163,630","196,290",,
99,U.S.,1,US,000000,Cross-industry,cross-industry,1235,17-2161,Nuclear Engineers,detailed,"15,280",3.4,,,,,67.51,"140,420",1.2,44.69,52.26,64.41,78.67,94.37,"92,960","108,690","133,970","163,630","196,290",,
99,U.S.,1,US,000000,Cross-industry,cross-industry,1235,17-2170,Petroleum Engineers,broad,"18,060",5.7,,,,,75.55,"157,150",2.3,39.16,51.09,69.67,95.16,121.73,"81,440","106,270","144,910","197,920","253,200",,
99,U.S.,1,US,000000,Cross-industry,cross-industry,1235,17-2171,Petroleum Engineers,detailed,"18,060",5.7,,,,,75.55,"157,150",2.3,39.16,51.09,69.67,95.16,121.73,"81,440","106,270","144,910","197,920","253,200",,
99,U.S.,1,US,000000,Cross-industry,cross-industry,1235,17-2190,Miscellaneous Engineers,broad,"154,070",1.1,,,,,60.26,"125,330",0.4,32.12,43.73,59.10,76.01,91.32,"66,810","90,970","122,930","158,090","189,950",,
99,U.S.,1,US,000000,Cross-industry,cross-industry,1235,17-2199,"Engineers, All Other",detailed,"154,070",1.1,,,,,60.26,"125,330",0.4,32.12,43.73,59.10,76.01,91.32,"66,810","90,970","122,930","158,090","189,950",,
99,U.S.,1,US,000000,Cross-industry,cross-industry,1235,17-3000,"Drafters, Engineering Technicians, and Mapping Technicians",minor,"624,930",0.7,,,,,35.19,"73,190",0.3,22.02,26.71,33.20,41.00,50.44,"45,810","55,550","69,060","85,280","104,920",,
99,U.S.,1,US,000000,Cross-industry,cross-industry,1235,17-3010,Drafters,broad,"176,060",1.6,,,,,34.90,"72,590",0.5,22.45,27.26,32.74,39.84,49.32,"46,700","56,700","68,090","82,860","102,590",,
99,U.S.,1,US,000000,Cross-industry,cross-industry,1235,17-3011,Architectural and Civil Drafters,detailed,"103,700",2.3,,,,,34.01,"70,740",0.6,22.24,26.76,31.80,38.88,47.94,"46,260","55,650","66,150","80,870","99,710",,
99,U.S.,1,US,000000,Cross-industry,cross-industry,1235,17-3012,Electrical and Electronics Drafters,detailed,"17,920",3.3,,,,,39.08,"81,280",0.8,24.06,29.53,36.96,46.50,57.83,"50,040","61,430","76,870","96,730","120,290",,
99,U.S.,1,US,000000,Cross-industry,cross-industry,1235,17-3013,Mechanical Drafters,detailed,"39,960",3.0,,,,,36.09,"75,060",0.8,23.25,27.93,34.40,41.41,51.24,"48,360","58,080","71,550","86,120","106,580",,
99,U.S.,1,US,000000,Cross-industry,cross-industry,1235,17-3019,"Drafters, All Other",detailed,"14,470",3.6,,,,,32.81,"68,250",1.1,20.88,24.83,30.54,38.32,47.78,"43,420","51,650","63,520","79,700","99,380",,
99,U.S.,1,US,000000,Cross-industry,cross-industry,1235,17-3020,"Engineering Technologists and Technicians, Except Drafters",broad,"390,860",0.7,,,,,36.40,"75,710",0.3,22.60,28.00,35.32,43.27,51.88,"47,010","58,240","73,460","89,990","107,910",,
99,U.S.,1,US,000000,Cross-industry,cross-industry,1235,17-3021,Aerospace Engineering and Operations Technologists and Technicians,detailed,"11,280",3.7,,,,,43.90,"91,310",0.8,28.39,32.54,39.85,53.50,60.18,"59,050","67,680","82,890","111,280","125,160",,
99,U.S.,1,US,000000,Cross-industry,cross-industry,1235,17-3022,Civil Engineering Technologists and Technicians,detailed,"68,520",2.1,,,,,33.17,"68,990",0.7,21.26,24.76,31.23,38.78,47.59,"44,220","51,490","64,950","80,650","98,980",,
99,U.S.,1,US,000000,Cross-industry,cross-industry,1235,17-3023,Electrical and Electronic Engineering Technologists and Technicians,detailed,"95,130",1.4,,,,,38.79,"80,680",0.5,23.80,29.62,37.59,46.95,55.62,"49,510","61,610","78,190","97,650","115,700",,
99,U.S.,1,US,000000,Cross-industry,cross-industry,1235,17-3024,Electro-Mechanical and Mechatronics Technologists and Technicians,detailed,"15,520",4.1,,,,,36.74,"76,420",1.5,23.00,28.74,35.53,42.57,52.83,"47,840","59,780","73,900","88,540","109,890",,
99,U.S.,1,US,000000,Cross-industry,cross-industry,1235,17-3025,Environmental Engineering Technologists and Technicians,detailed,"12,190",5.4,,,,,31.19,"64,870",1.2,19.19,23.18,28.81,36.52,46.47,"39,910","48,200","59,920","75,960","96,660",,
99,U.S.,1,US,000000,Cross-industry,cross-industry,1235,17-3026,Industrial Engineering Technologists and Technicians,detailed,"75,570",1.1,,,,,33.99,"70,700",0.4,22.74,26.81,31.79,38.59,47.67,"47,300","55,760","66,120","80,280","99,150",,
99,U.S.,1,US,000000,Cross-industry,cross-industry,1235,17-3027,Mechanical Engineering Technologists and Technicians,detailed,"36,190",2.2,,,,,36.72,"76,380",1.0,23.27,28.61,35.82,42.36,50.99,"48,400","59,510","74,510","88,110","106,050",,
99,U.S.,1,US,000000,Cross-industry,cross-industry,1235,17-3028,Calibration Technologists and Technicians,detailed,"16,540",5.0,,,,,35.66,"74,170",1.6,22.44,27.11,32.61,44.27,51.23,"46,680","56,380","67,820","92,080","106,550",,
99,U.S.,1,US,000000,Cross-industry,cross-industry,1235,17-3029,"Engineering Technologists and Technicians, Except Drafters, All Other",detailed,"59,930",1.8,,,,,38.93,"80,960",0.6,22.61,29.03,37.67,47.75,56.89,"47,030","60,390","78,350","99,310","118,330",,
99,U.S.,1,US,000000,Cross-industry,cross-industry,1235,17-3030,Surveying and Mapping Technicians,broad,"58,010",2.8,,,,,27.89,"58,000",0.8,18.04,21.84,26.08,32.07,39.24,"37,520","45,430","54,240","66,700","81,630",,
99,U.S.,1,US,000000,Cross-industry,cross-industry,1235,17-3031,Surveying and Mapping Technicians,detailed,"58,010",2.8,,,,,27.89,"58,000",0.8,18.04,21.84,26.08,32.07,39.24,"37,520","45,430","54,240","66,700","81,630",,
99,U.S.,1,US,000000,Cross-industry,cross-industry,1235,19-0000,"Life, Physical, and Social Science Occupations",major,"1,473,260",0.4,,,,,45.48,"94,600",0.5,23.28,29.99,39.68,55.03,74.92,"48,420","62,380","82,530","114,460","155,830",,
99,U.S.,1,US,000000,Cross-industry,cross-industry,1235,19-1000,Life Scientists,minor,"386,900",0.8,,,,,51.61,"107,350",0.6,28.62,35.54,46.30,63.64,82.12,"59,530","73,920","96,310","132,360","170,820",,
99,U.S.,1,US,000000,Cross-industry,cross-industry,1235,19-1010,Agricultural and Food Scientists,broad,"31,890",2.2,,,,,43.71,"90,910",1.2,23.43,30.22,39.41,52.02,68.41,"48,730","62,870","81,970","108,190","142,300",,
99,U.S.,1,US,000000,Cross-industry,cross-industry,1235,19-1011,Animal Scientists,detailed,"3,100",15.6,,,,,42.48,"88,350",9.1,21.32,23.93,33.14,49.67,79.81,"44,350","49,770","68,940","103,300","166,000",,
99,U.S.,1,US,000000,Cross-industry,cross-industry,1235,19-1012,Food Scientists and Technologists,detailed,"13,060",3.6,,,,,45.85,"95,360",1.0,25.44,33.08,42.65,56.08,69.85,"52,920","68,810","88,720","116,650","145,280",,
99,U.S.,1,US,000000,Cross-industry,cross-industry,1235,19-1013,Soil and Plant Scientists,detailed,"15,730",4.0,,,,,42.17,"87,720",1.3,23.41,29.65,37.91,49.88,66.40,"48,680","61,660","78,850","103,740","138,120",,
99,U.S.,1,US,000000,Cross-industry,cross-industry,1235,19-1020,Biological Scientists,broad,"126,740",1.5,,,,,51.91,"107,970",0.7,28.25,36.18,47.96,63.42,82.30,"58,760","75,240","99,760","131,910","171,180",,
99,U.S.,1,US,000000,Cross-industry,cross-industry,1235,19-1021,Biochemists and Biophysicists,detailed,"33,830",4.2,,,,,62.43,"129,840",1.3,35.71,45.67,61.26,78.59,96.69,"74,290","95,000","127,410","163,460","201,110",,
99,U.S.,1,US,000000,Cross-industry,cross-industry,1235,19-1022,Microbiologists,detailed,"18,940",4.3,,,,,46.92,"97,600",0.9,26.28,32.26,42.30,58.82,72.12,"54,670","67,100","87,990","122,350","150,000",,
99,U.S.,1,US,000000,Cross-industry,cross-industry,1235,19-1023,Zoologists and Wildlife Biologists,detailed,"18,120",3.0,,,,,39.91,"83,020",2.4,23.61,29.41,36.91,46.20,60.79,"49,100","61,180","76,780","96,100","126,440",,
99,U.S.,1,US,000000,Cross-industry,cross-industry,1235,19-1029,"Biological Scientists, All Other",detailed,"55,850",1.9,,,,,51.12,"106,330",0.8,29.05,36.92,47.56,61.38,80.77,"60,430","76,800","98,920","127,670","168,010",,
99,U.S.,1,US,000000,Cross-industry,cross-industry,1235,19-1030,Conservation Scientists and Foresters,broad,"36,380",1.8,,,,,37.36,"77,720",0.6,23.35,28.78,35.54,44.02,52.86,"48,570","59,860","73,920","91,560","109,940",,
99,U.S.,1,US,000000,Cross-industry,cross-industry,1235,19-1031,Conservation Scientists,detailed,"25,950",2.4,,,,,37.08,"77,130",0.7,22.86,27.74,35.10,44.02,53.08,"47,550","57,700","73,010","91,560","110,410",,
99,U.S.,1,US,000000,Cross-industry,cross-industry,1235,19-1032,Foresters,detailed,"10,430",3.2,,,,,38.06,"79,170",0.9,24.42,30.15,36.73,44.06,52.74,"50,790","62,710","76,400","91,640","109,700",,
99,U.S.,1,US,000000,Cross-industry,cross-industry,1235,19-1040,Medical Scientists,broad,"184,430",1.1,,,,,55.58,"115,600",0.7,31.14,38.21,49.51,66.41,84.94,"64,760","79,470","102,990","138,120","176,680",,
99,U.S.,1,US,000000,Cross-industry,cross-industry,1235,19-1041,Epidemiologists,detailed,"12,090",3.2,,,,,47.06,"97,890",1.0,29.46,34.18,41.93,54.15,66.73,"61,270","71,090","87,220","112,640","138,800",,
99,U.S.,1,US,000000,Cross-industry,cross-industry,1235,19-1042,"Medical Scientists, Except Epidemiologists",detailed,"172,340",1.1,,,,,56.18,"116,840",0.7,31.15,38.39,49.72,67.01,85.47,"64,800","79,840","103,410","139,380","177,780",,
99,U.S.,1,US,000000,Cross-industry,cross-industry,1235,19-1090,Miscellaneous Life Scientists,broad,"7,460",6.6,,,,,51.86,"107,860",5.8,28.21,33.17,45.07,63.42,89.55,"58,670","68,990","93,750","131,910","186,260",,
99,U.S.,1,US,000000,Cross-industry,cross-industry,1235,19-1099,"Life Scientists, All Other",detailed,"7,460",6.6,,,,,51.86,"107,860",5.8,28.21,33.17,45.07,63.42,89.55,"58,670","68,990","93,750","131,910","186,260",,
99,U.S.,1,US,000000,Cross-industry,cross-industry,1235,19-2000,Physical Scientists,minor,"264,650",1.0,,,,,51.99,"108,140",0.5,27.82,34.38,46.29,63.75,84.48,"57,870","71,500","96,290","132,600","175,720",,
99,U.S.,1,US,000000,Cross-industry,cross-industry,1235,19-2010,Astronomers and Physicists,broad,"22,540",2.9,,,,,80.57,"167,590",0.9,39.48,52.58,80.23,105.51,128.03,"82,110","109,370","166,880","219,450","266,310",,
99,U.S.,1,US,000000,Cross-industry,cross-industry,1235,19-2011,Astronomers,detailed,"2,120",7.3,,,,,63.91,"132,920",0.7,37.50,48.04,61.94,79.81,93.84,"78,010","99,920","128,820","166,000","195,190",,
99,U.S.,1,US,000000,Cross-industry,cross-industry,1235,19-2012,Physicists,detailed,"20,430",3.1,,,,,82.30,"171,180",1.0,39.48,53.71,82.81,107.10,131.79,"82,110","111,720","172,250","222,760","274,110",,
99,U.S.,1,US,000000,Cross-industry,cross-industry,1235,19-2020,Atmospheric and Space Scientists,broad,"10,000",4.4,,,,,51.01,"106,110",1.8,25.51,35.26,47.63,62.48,77.83,"53,060","73,350","99,070","129,960","161,890",,
99,U.S.,1,US,000000,Cross-industry,cross-industry,1235,19-2021,Atmospheric and Space Scientists,detailed,"10,000",4.4,,,,,51.01,"106,110",1.8,25.51,35.26,47.63,62.48,77.83,"53,060","73,350","99,070","129,960","161,890",,
99,U.S.,1,US,000000,Cross-industry,cross-industry,1235,19-2030,Chemists and Materials Scientists,broad,"91,250",1.7,,,,,49.44,"102,840",0.7,28.26,34.38,45.70,61.53,78.94,"58,780","71,520","95,060","127,980","164,200",,
99,U.S.,1,US,000000,Cross-industry,cross-industry,1235,19-2031,Chemists,detailed,"82,770",1.8,,,,,48.29,"100,450",0.7,28.11,33.39,43.87,60.36,77.32,"58,460","69,460","91,240","125,550","160,830",,
99,U.S.,1,US,000000,Cross-industry,cross-industry,1235,19-2032,Materials Scientists,detailed,"8,470",6.4,,,,,60.67,"126,180",1.2,32.13,43.26,56.63,72.38,94.85,"66,820","89,990","117,790","150,550","197,290",,
99,U.S.,1,US,000000,Cross-industry,cross-industry,1235,19-2040,Environmental Scientists and Geoscientists,broad,"118,560",1.5,,,,,46.69,"97,110",0.8,26.04,31.59,40.97,55.39,73.65,"54,160","65,710","85,210","115,210","153,190",,
99,U.S.,1,US,000000,Cross-industry,cross-industry,1235,19-2041,"Environmental Scientists and Specialists, Including Health",detailed,"89,250",1.7,,,,,44.08,"91,680",0.8,25.25,31.01,39.53,51.91,67.31,"52,520","64,490","82,220","107,970","140,010",,
99,U.S.,1,US,000000,Cross-industry,cross-industry,1235,19-2042,"Geoscientists, Except Hydrologists and Geographers",detailed,"23,470",3.1,,,,,55.84,"116,150",1.9,28.52,36.11,49.00,67.01,96.26,"59,330","75,110","101,920","139,380","200,230",,
99,U.S.,1,US,000000,Cross-industry,cross-industry,1235,19-2043,Hydrologists,detailed,"5,850",4.3,,,,,49.81,"103,600",1.6,30.78,37.12,46.44,59.06,73.62,"64,020","77,210","96,600","122,830","153,130",,
99,U.S.,1,US,000000,Cross-industry,cross-industry,1235,19-2090,Miscellaneous Physical Scientists,broad,"22,300",1.9,,,,,62.13,"129,230",1.2,32.21,41.64,58.93,77.83,93.84,"67,000","86,620","122,570","161,890","195,190",,
99,U.S.,1,US,000000,Cross-industry,cross-industry,1235,19-2099,"Physical Scientists, All Other",detailed,"22,300",1.9,,,,,62.13,"129,230",1.2,32.21,41.64,58.93,77.83,93.84,"67,000","86,620","122,570","161,890","195,190",,
99,U.S.,1,US,000000,Cross-industry,cross-industry,1235,19-3000,Social Scientists and Related Workers,minor,"288,600",1.1,,,,,51.08,"106,250",0.9,28.29,35.99,47.07,62.36,78.47,"58,850","74,860","97,900","129,710","163,210",,
99,U.S.,1,US,000000,Cross-industry,cross-industry,1235,19-3010,Economists,broad,"17,790",8.9,,,,,68.33,"142,130",4.3,32.38,42.95,59.96,84.00,114.45,"67,360","89,330","124,720","174,720","238,060",,
99,U.S.,1,US,000000,Cross-industry,cross-industry,1235,19-3011,Economists,detailed,"17,790",8.9,,,,,68.33,"142,130",4.3,32.38,42.95,59.96,84.00,114.45,"67,360","89,330","124,720","174,720","238,060",,
99,U.S.,1,US,000000,Cross-industry,cross-industry,1235,19-3020,Survey Researchers,broad,"8,290",5.3,,,,,38.26,"79,580",2.7,18.87,24.65,33.40,47.96,62.91,"39,260","51,270","69,460","99,760","130,860",,
99,U.S.,1,US,000000,Cross-industry,cross-industry,1235,19-3022,Survey Researchers,detailed,"8,290",5.3,,,,,38.26,"79,580",2.7,18.87,24.65,33.40,47.96,62.91,"39,260","51,270","69,460","99,760","130,860",,
99,U.S.,1,US,000000,Cross-industry,cross-industry,1235,19-3030,Psychologists,broad,"159,540",1.6,,,,,51.64,"107,410",1.0,28.40,36.25,47.65,63.23,78.55,"59,080","75,390","99,110","131,530","163,380",,
99,U.S.,1,US,000000,Cross-industry,cross-industry,1235,19-3032,Industrial-Organizational Psychologists,detailed,790,16.9,,,,,81.84,"170,230",8.1,37.99,51.59,93.24,106.86,118.86,"79,010","107,310","193,950","222,280","247,220",,
99,U.S.,1,US,000000,Cross-industry,cross-industry,1235,19-3033,Clinical and Counseling Psychologists,detailed,"75,990",2.4,,,,,54.21,"112,750",1.5,26.53,35.20,48.36,65.00,87.00,"55,170","73,210","100,580","135,200","180,960",,
99,U.S.,1,US,000000,Cross-industry,cross-industry,1235,19-3034,School Psychologists,detailed,"63,940",2.9,,,,,47.67,"99,160",1.5,30.32,37.25,46.15,57.84,68.43,"63,070","77,470","95,990","120,310","142,330",,
99,U.S.,1,US,000000,Cross-industry,cross-industry,1235,19-3039,"Psychologists, All Other",detailed,"18,820",3.4,,,,,53.47,"111,210",2.0,26.44,33.10,53.29,70.79,81.02,"54,990","68,850","110,840","147,240","168,520",,
99,U.S.,1,US,000000,Cross-industry,cross-industry,1235,19-3040,Sociologists,broad,"2,260",7.9,,,,,55.25,"114,920",2.4,31.33,39.57,50.98,66.07,82.96,"65,160","82,300","106,030","137,420","172,550",,
99,U.S.,1,US,000000,Cross-industry,cross-industry,1235,19-3041,Sociologists,detailed,"2,260",7.9,,,,,55.25,"114,920",2.4,31.33,39.57,50.98,66.07,82.96,"65,160","82,300","106,030","137,420","172,550",,
99,U.S.,1,US,000000,Cross-industry,cross-industry,1235,19-3050,Urban and Regional Planners,broad,"44,230",1.3,,,,,45.55,"94,750",0.6,28.85,34.63,42.94,52.90,64.66,"60,010","72,020","89,320","110,030","134,490",,
99,U.S.,1,US,000000,Cross-industry,cross-industry,1235,19-3051,Urban and Regional Planners,detailed,"44,230",1.3,,,,,45.55,"94,750",0.6,28.85,34.63,42.94,52.90,64.66,"60,010","72,020","89,320","110,030","134,490",,
99,U.S.,1,US,000000,Cross-industry,cross-industry,1235,19-3090,Miscellaneous Social Scientists and Related Workers,broad,"56,490",1.8,,,,,50.12,"104,260",0.6,29.06,36.23,46.60,61.83,77.54,"60,440","75,350","96,930","128,610","161,270",,
99,U.S.,1,US,000000,Cross-industry,cross-industry,1235,19-3091,Anthropologists and Archeologists,detailed,"8,990",6.6,,,,,36.35,"75,620",1.1,23.58,28.56,34.02,43.11,51.95,"49,050","59,400","70,770","89,670","108,060",,
99,U.S.,1,US,000000,Cross-industry,cross-industry,1235,19-3092,Geographers,detailed,"1,400",4.1,,,,,49.21,"102,350",0.9,32.10,38.60,49.06,58.59,65.70,"66,770","80,290","102,040","121,870","136,660",,
99,U.S.,1,US,000000,Cross-industry,cross-industry,1235,19-3093,Historians,detailed,"3,450",6.2,,,,,39.06,"81,240",1.2,20.55,27.54,36.90,48.07,63.37,"42,730","57,290","76,750","99,990","131,810",,
99,U.S.,1,US,000000,Cross-industry,cross-industry,1235,19-3094,Political Scientists,detailed,"5,540",4.6,,,,,68.51,"142,510",1.2,40.07,54.82,68.31,83.74,93.84,"83,350","114,030","142,080","174,180","195,190",,
99,U.S.,1,US,000000,Cross-industry,cross-industry,1235,19-3099,"Social Scientists and Related Workers, All Other",detailed,"37,100",1.8,,,,,51.78,"107,690",0.5,31.79,38.87,48.61,62.48,77.07,"66,120","80,860","101,110","129,960","160,300",,
99,U.S.,1,US,000000,Cross-industry,cross-industry,1235,19-4000,"Life, Physical, and Social Science Technicians",minor,"361,920",0.9,,,,,30.91,"64,290",0.5,19.14,23.05,28.61,36.66,46.98,"39,810","47,940","59,510","76,250","97,730",,
99,U.S.,1,US,000000,Cross-industry,cross-industry,1235,19-4010,Agricultural and Food Science Technicians,broad,"29,730",2.5,,,,,26.55,"55,220",0.8,18.13,21.03,24.60,30.59,37.22,"37,720","43,740","51,160","63,630","77,430",,
99,U.S.,1,US,000000,Cross-industry,cross-industry,1235,19-4012,Agricultural Technicians,detailed,"15,130",4.9,,,,,25.89,"53,840",1.3,17.30,19.69,23.86,30.59,36.77,"35,980","40,950","49,630","63,630","76,480",,
99,U.S.,1,US,000000,Cross-industry,cross-industry,1235,19-4013,Food Science Technicians,detailed,"14,600",2.5,,,,,27.24,"56,660",0.9,19.14,22.12,25.06,30.42,37.89,"39,820","46,020","52,130","63,270","78,820",,
99,U.S.,1,US,000000,Cross-industry,cross-industry,1235,19-4020,Biological Technicians,broad,"69,620",1.7,,,,,29.51,"61,380",0.6,19.39,23.14,27.65,34.39,40.84,"40,330","48,130","57,510","71,520","84,940",,
99,U.S.,1,US,000000,Cross-industry,cross-industry,1235,19-4021,Biological Technicians,detailed,"69,620",1.7,,,,,29.51,"61,380",0.6,19.39,23.14,27.65,34.39,40.84,"40,330","48,130","57,510","71,520","84,940",,
99,U.S.,1,US,000000,Cross-industry,cross-industry,1235,19-4030,Chemical Technicians,broad,"57,540",2.0,,,,,30.72,"63,900",0.7,20.07,23.33,29.03,36.49,44.25,"41,740","48,530","60,390","75,900","92,040",,
99,U.S.,1,US,000000,Cross-industry,cross-industry,1235,19-4031,Chemical Technicians,detailed,"57,540",2.0,,,,,30.72,"63,900",0.7,20.07,23.33,29.03,36.49,44.25,"41,740","48,530","60,390","75,900","92,040",,
99,U.S.,1,US,000000,Cross-industry,cross-industry,1235,19-4040,Environmental Science and Geoscience Technicians,broad,"44,480",3.7,,,,,29.58,"61,530",1.0,18.30,22.11,26.65,34.66,46.03,"38,070","46,000","55,440","72,090","95,740",,
99,U.S.,1,US,000000,Cross-industry,cross-industry,1235,19-4042,"Environmental Science and Protection Technicians, Including Health",detailed,"34,670",4.0,,,,,29.23,"60,800",0.9,18.35,22.03,26.49,33.61,45.27,"38,170","45,820","55,090","69,910","94,160",,
99,U.S.,1,US,000000,Cross-industry,cross-industry,1235,19-4043,"Geological Technicians, Except Hydrologic Technicians",detailed,"6,980",8.3,,,,,29.75,"61,870",3.5,17.20,21.56,25.65,34.67,47.86,"35,770","44,850","53,350","72,110","99,560",,
99,U.S.,1,US,000000,Cross-industry,cross-industry,1235,19-4044,Hydrologic Technicians,detailed,"2,840",6.3,,,,,33.43,"69,530",2.5,21.61,25.02,31.15,40.71,48.31,"44,950","52,040","64,790","84,680","100,480",,
99,U.S.,1,US,000000,Cross-industry,cross-industry,1235,19-4050,Nuclear Technicians,broad,"6,470",7.7,,,,,52.37,"108,940",1.1,35.17,47.65,53.00,59.61,64.23,"73,150","99,110","110,240","123,990","133,600",,
99,U.S.,1,US,000000,Cross-industry,cross-industry,1235,19-4051,Nuclear Technicians,detailed,"6,470",7.7,,,,,52.37,"108,940",1.1,35.17,47.65,53.00,59.61,64.23,"73,150","99,110","110,240","123,990","133,600",,
99,U.S.,1,US,000000,Cross-industry,cross-industry,1235,19-4060,Social Science Research Assistants,broad,"30,640",1.8,,,,,31.80,"66,140",1.1,18.31,23.38,29.81,37.38,49.07,"38,090","48,620","61,990","77,760","102,070",,
99,U.S.,1,US,000000,Cross-industry,cross-industry,1235,19-4061,Social Science Research Assistants,detailed,"30,640",1.8,,,,,31.80,"66,140",1.1,18.31,23.38,29.81,37.38,49.07,"38,090","48,620","61,990","77,760","102,070",,
99,U.S.,1,US,000000,Cross-industry,cross-industry,1235,19-4070,Forest and Conservation Technicians,broad,"30,410",1.0,,,,,28.39,"59,060",0.2,19.39,22.77,26.23,32.98,40.21,"40,330","47,360","54,560","68,600","83,630",,
99,U.S.,1,US,000000,Cross-industry,cross-industry,1235,19-4071,Forest and Conservation Technicians,detailed,"30,410",1.0,,,,,28.39,"59,060",0.2,19.39,22.77,26.23,32.98,40.21,"40,330","47,360","54,560","68,600","83,630",,
99,U.S.,1,US,000000,Cross-industry,cross-industry,1235,19-4090,"Miscellaneous Life, Physical, and Social Science Technicians",broad,"93,030",1.2,,,,,33.14,"68,930",0.7,19.26,23.54,30.62,39.35,50.87,"40,060","48,960","63,690","81,850","105,820",,
99,U.S.,1,US,000000,Cross-industry,cross-industry,1235,19-4092,Forensic Science Technicians,detailed,"19,120",1.0,,,,,38.08,"79,200",0.8,23.20,27.81,34.65,45.44,56.37,"48,250","57,830","72,060","94,520","117,250",,
99,U.S.,1,US,000000,Cross-industry,cross-industry,1235,19-4099,"Life, Physical, and Social Science Technicians, All Other",detailed,"73,910",1.5,,,,,31.86,"66,280",0.7,18.75,23.09,29.94,38.36,49.37,"39,000","48,030","62,280","79,780","102,690",,
99,U.S.,1,US,000000,Cross-industry,cross-industry,1235,19-5000,Occupational Health and Safety Specialists and Technicians,minor,"171,200",1.0,,,,,42.91,"89,260",0.6,24.58,30.56,40.26,51.39,63.54,"51,120","63,570","83,740","106,890","132,170",,
99,U.S.,1,US,000000,Cross-industry,cross-industry,1235,19-5010,Occupational Health and Safety Specialists and Technicians,broad,"171,200",1.0,,,,,42.91,"89,260",0.6,24.58,30.56,40.26,51.39,63.54,"51,120","63,570","83,740","106,890","132,170",,
99,U.S.,1,US,000000,Cross-industry,cross-industry,1235,19-5011,Occupational Health and Safety Specialists,detailed,"140,610",1.1,,,,,45.12,"93,860",0.6,26.44,33.44,43.34,53.70,64.88,"55,000","69,560","90,150","111,690","134,950",,
99,U.S.,1,US,000000,Cross-industry,cross-industry,1235,19-5012,Occupational Health and Safety Technicians,detailed,"30,590",2.5,,,,,32.75,"68,120",0.9,22.25,25.22,29.59,37.91,48.15,"46,280","52,470","61,560","78,850","100,160",,
99,U.S.,1,US,000000,Cross-industry,cross-industry,1235,21-0000,Community and Social Service Occupations,major,"2,668,680",0.3,,,,,30.49,"63,410",0.4,18.26,22.29,28.03,36.50,46.94,"37,970","46,370","58,300","75,910","97,630",,
99,U.S.,1,US,000000,Cross-industry,cross-industry,1235,21-1000,"Counselors, Social Workers, and Other Community and Social Service Specialists",minor,"2,573,560",0.3,,,,,30.48,"63,400",0.4,18.31,22.31,28.03,36.52,46.93,"38,090","46,410","58,300","75,960","97,610",,
99,U.S.,1,US,000000,Cross-industry,cross-industry,1235,21-1010,Counselors,broad,"1,035,300",0.7,,,,,31.88,"66,300",0.5,18.87,22.86,29.00,37.63,48.51,"39,250","47,560","60,320","78,260","100,900",,
99,U.S.,1,US,000000,Cross-industry,cross-industry,1235,21-1012,"Educational, Guidance, and Career Counselors and Advisors",detailed,"353,310",0.6,,,,,34.34,"71,430",0.5,21.65,24.65,30.93,39.84,50.37,"45,020","51,270","64,330","82,870","104,770",,
99,U.S.,1,US,000000,Cross-industry,cross-industry,1235,21-1013,Marriage and Family Therapists,detailed,"66,740",4.8,,,,,37.00,"76,960",1.5,21.47,24.07,32.18,45.12,59.49,"44,650","50,070","66,940","93,840","123,730",,
99,U.S.,1,US,000000,Cross-industry,cross-industry,1235,21-1015,Rehabilitation Counselors,detailed,"94,740",2.0,,,,,24.91,"51,820",0.7,16.85,18.64,22.52,28.49,37.10,"35,060","38,770","46,850","59,260","77,170",,
99,U.S.,1,US,000000,Cross-industry,cross-industry,1235,21-1018,"Substance Abuse, Behavioral Disorder, and Mental Health Counselors",detailed,"491,930",1.0,,,,,30.98,"64,440",0.6,18.72,22.65,28.53,36.80,46.92,"38,940","47,100","59,350","76,530","97,590",,
99,U.S.,1,US,000000,Cross-industry,cross-industry,1235,21-1019,"Counselors, All Other",detailed,"28,580",5.2,,,,,27.99,"58,210",1.8,17.42,21.00,24.45,31.98,44.20,"36,240","43,680","50,860","66,520","91,940",,
99,U.S.,1,US,000000,Cross-industry,cross-industry,1235,21-1020,Social Workers,broad,"775,930",0.5,,,,,32.47,"67,540",0.4,20.57,23.67,29.70,38.00,48.12,"42,790","49,230","61,780","79,040","100,090",,
99,U.S.,1,US,000000,Cross-industry,cross-industry,1235,21-1021,"Child, Family, and School Social Workers",detailed,"392,550",0.7,,,,,30.77,"64,000",0.4,20.33,23.21,28.63,36.57,45.93,"42,280","48,270","59,550","76,070","95,530",,
99,U.S.,1,US,000000,Cross-industry,cross-industry,1235,21-1022,Healthcare Social Workers,detailed,"187,630",1.1,,,,,34.51,"71,790",0.5,22.22,27.27,32.63,39.54,48.25,"46,220","56,710","67,880","82,240","100,360",,
99,U.S.,1,US,000000,Cross-industry,cross-industry,1235,21-1023,Mental Health and Substance Abuse Social Workers,detailed,"132,810",1.8,,,,,32.71,"68,030",1.4,19.11,22.63,28.98,38.33,50.08,"39,740","47,070","60,280","79,730","104,170",,
99,U.S.,1,US,000000,Cross-industry,cross-industry,1235,21-1029,"Social Workers, All Other",detailed,"62,930",1.7,,,,,36.50,"75,910",0.5,20.97,24.95,34.57,46.65,55.58,"43,620","51,900","71,900","97,040","115,610",,
99,U.S.,1,US,000000,Cross-industry,cross-industry,1235,21-1090,Miscellaneous Community and Social Service Specialists,broad,"762,330",0.6,,,,,26.56,"55,250",0.4,17.13,19.97,23.74,30.00,38.91,"35,620","41,530","49,380","62,390","80,940",,
99,U.S.,1,US,000000,Cross-industry,cross-industry,1235,21-1091,Health Education Specialists,detailed,"65,690",1.7,,,,,35.23,"73,280",0.8,20.67,24.34,30.80,41.89,56.83,"42,990","50,620","64,070","87,130","118,200",,
99,U.S.,1,US,000000,Cross-industry,cross-industry,1235,21-1092,Probation Officers and Correctional Treatment Specialists,detailed,"89,390",0.3,,,,,35.16,"73,130",0.3,22.52,26.08,31.86,40.76,51.82,"46,840","54,250","66,270","84,780","107,790",,
99,U.S.,1,US,000000,Cross-industry,cross-industry,1235,21-1093,Social and Human Service Assistants,detailed,"437,860",0.9,,,,,22.93,"47,690",0.4,16.44,18.34,22.08,26.13,30.43,"34,200","38,150","45,930","54,350","63,290",,
99,U.S.,1,US,000000,Cross-industry,cross-industry,1235,21-1094,Community Health Workers,detailed,"61,660",1.9,,,,,27.01,"56,180",0.5,18.66,21.94,24.93,30.07,37.11,"38,810","45,640","51,850","62,540","77,180",,
99,U.S.,1,US,000000,Cross-industry,cross-industry,1235,21-1099,"Community and Social Service Specialists, All Other",detailed,"107,730",1.4,,,,,28.65,"59,590",0.6,17.94,22.08,27.28,33.61,40.49,"37,310","45,920","56,730","69,910","84,210",,
99,U.S.,1,US,000000,Cross-industry,cross-industry,1235,21-2000,Religious Workers,minor,"95,120",2.0,,,,,30.58,"63,600",1.1,16.98,21.42,27.95,35.86,47.25,"35,310","44,560","58,130","74,580","98,280",,
99,U.S.,1,US,000000,Cross-industry,cross-industry,1235,21-2010,Clergy,broad,"57,200",2.3,,,,,32.15,"66,860",1.5,18.20,23.20,29.24,36.85,47.54,"37,860","48,260","60,810","76,640","98,890",,
99,U.S.,1,US,000000,Cross-industry,cross-industry,1235,21-2011,Clergy,detailed,"57,200",2.3,,,,,32.15,"66,860",1.5,18.20,23.20,29.24,36.85,47.54,"37,860","48,260","60,810","76,640","98,890",,
99,U.S.,1,US,000000,Cross-industry,cross-industry,1235,21-2020,"Directors, Religious Activities and Education",broad,"22,160",4.1,,,,,29.86,"62,100",1.5,16.67,21.16,25.05,35.45,47.26,"34,670","44,010","52,100","73,730","98,310",,
99,U.S.,1,US,000000,Cross-industry,cross-industry,1235,21-2021,"Directors, Religious Activities and Education",detailed,"22,160",4.1,,,,,29.86,"62,100",1.5,16.67,21.16,25.05,35.45,47.26,"34,670","44,010","52,100","73,730","98,310",,
99,U.S.,1,US,000000,Cross-industry,cross-industry,1235,21-2090,Miscellaneous Religious Workers,broad,"15,760",9.6,,,,,25.90,"53,870",4.4,15.00,16.98,21.77,29.04,45.14,"31,200","35,310","45,280","60,390","93,900",,
99,U.S.,1,US,000000,Cross-industry,cross-industry,1235,21-2099,"Religious Workers, All Other",detailed,"15,760",9.6,,,,,25.90,"53,870",4.4,15.00,16.98,21.77,29.04,45.14,"31,200","35,310","45,280","60,390","93,900",,
99,U.S.,1,US,000000,Cross-industry,cross-industry,1235,23-0000,Legal Occupations,major,"1,305,620",0.8,,,,,67.07,"139,510",1.4,23.75,31.16,49.28,83.95,138.02,"49,400","64,800","102,500","174,620","287,070",,
99,U.S.,1,US,000000,Cross-industry,cross-industry,1235,23-1000,"Lawyers, Judges, and Related Workers",minor,"817,400",0.9,,,,,86.78,"180,510",1.5,35.72,48.65,74.58,104.87,165.79,"74,300","101,190","155,120","218,130","344,830",,
99,U.S.,1,US,000000,Cross-industry,cross-industry,1235,23-1010,Lawyers and Judicial Law Clerks,broad,"767,800",1.0,,,,,88.41,"183,890",1.6,36.71,49.02,75.88,105.93,168.27,"76,350","101,970","157,840","220,340","350,010",,
99,U.S.,1,US,000000,Cross-industry,cross-industry,1235,23-1011,Lawyers,detailed,"754,500",1.1,,,,,89.35,"185,840",1.6,37.67,49.51,76.76,106.43,169.04,"78,360","102,990","159,670","221,370","351,600",,
99,U.S.,1,US,000000,Cross-industry,cross-industry,1235,23-1012,Judicial Law Clerks,detailed,"13,290",1.0,,,,,35.07,"72,950",0.4,22.20,25.42,31.21,38.67,54.40,"46,180","52,870","64,920","80,420","113,140",,
99,U.S.,1,US,000000,Cross-industry,cross-industry,1235,23-1020,"Judges, Magistrates, and Other Judicial Workers",broad,"49,610",2.0,,,,,61.61,"128,140",0.8,24.01,34.73,57.33,85.17,104.03,"49,940","72,230","119,250","177,150","216,390",,
99,U.S.,1,US,000000,Cross-industry,cross-industry,1235,23-1021,"Administrative Law Judges, Adjudicators, and Hearing Officers",detailed,"16,370",0.4,,,,,60.57,"125,990",0.3,29.38,39.01,56.67,76.77,99.75,"61,110","81,140","117,860","159,680","207,480",,
99,U.S.,1,US,000000,Cross-industry,cross-industry,1235,23-1022,"Arbitrators, Mediators, and Conciliators",detailed,"9,210",10.7,,,,,43.76,"91,010",5.7,22.70,27.58,36.31,51.92,74.73,"47,220","57,360","75,530","108,000","155,440",,
99,U.S.,1,US,000000,Cross-industry,cross-industry,1235,23-1023,"Judges, Magistrate Judges, and Magistrates",detailed,"24,030",0.6,,,,,69.15,"143,830",0.7,22.57,41.21,74.03,93.73,106.59,"46,950","85,710","153,990","194,950","221,710",,
99,U.S.,1,US,000000,Cross-industry,cross-industry,1235,23-2000,Legal Support Workers,minor,"488,220",1.2,,,,,34.08,"70,880",1.1,21.15,24.10,30.23,38.84,49.77,"43,990","50,130","62,870","80,780","103,520",,
99,U.S.,1,US,000000,Cross-industry,cross-industry,1235,23-2010,Paralegals and Legal Assistants,broad,"392,880",1.6,,,,,33.51,"69,700",1.3,21.51,24.20,30.24,38.50,48.80,"44,740","50,340","62,890","80,080","101,500",,
99,U.S.,1,US,000000,Cross-industry,cross-industry,1235,23-2011,Paralegals and Legal Assistants,detailed,"392,880",1.6,,,,,33.51,"69,700",1.3,21.51,24.20,30.24,38.50,48.80,"44,740","50,340","62,890","80,080","101,500",,
99,U.S.,1,US,000000,Cross-industry,cross-industry,1235,23-2090,Miscellaneous Legal Support Workers,broad,"95,340",1.9,,,,,36.41,"75,740",1.0,19.28,23.67,30.15,40.91,64.21,"40,100","49,240","62,710","85,100","133,560",,
99,U.S.,1,US,000000,Cross-industry,cross-industry,1235,23-2093,"Title Examiners, Abstractors, and Searchers",detailed,"48,580",3.0,,,,,29.97,"62,350",1.6,18.35,22.80,28.20,35.97,43.67,"38,170","47,420","58,650","74,810","90,830",,
99,U.S.,1,US,000000,Cross-industry,cross-industry,1235,23-2099,"Legal Support Workers, All Other",detailed,"46,760",2.2,,,,,43.10,"89,660",1.0,21.06,26.41,34.67,52.58,86.52,"43,800","54,940","72,110","109,360","179,960",,
99,U.S.,1,US,000000,Cross-industry,cross-industry,1235,25-0000,Educational Instruction and Library Occupations,major,"9,100,570",0.2,,,,,32.47,"67,540",0.3,15.86,21.11,29.12,38.21,50.59,"32,990","43,900","60,570","79,470","105,240",,
99,U.S.,1,US,000000,Cross-industry,cross-industry,1235,25-1000,Postsecondary Teachers,minor,"1,370,560",0.2,,,,,*,"103,470",0.3,*,*,*,*,*,"48,230","62,500","82,250","125,700","177,070",TRUE,
99,U.S.,1,US,000000,Cross-industry,cross-industry,1235,25-1010,"Business Teachers, Postsecondary",broad,"82,150",0.7,,,,,*,"114,720",0.4,*,*,*,*,*,"47,180","64,150","99,080","141,710","209,470",TRUE,
99,U.S.,1,US,000000,Cross-industry,cross-industry,1235,25-1011,"Business Teachers, Postsecondary",detailed,"82,150",0.7,,,,,*,"114,720",0.4,*,*,*,*,*,"47,180","64,150","99,080","141,710","209,470",TRUE,
99,U.S.,1,US,000000,Cross-industry,cross-industry,1235,25-1020,"Math and Computer Science Teachers, Postsecondary",broad,"83,150",0.4,,,,,*,"97,040",0.3,*,*,*,*,*,"49,320","62,940","83,070","122,940","162,940",TRUE,
99,U.S.,1,US,000000,Cross-industry,cross-industry,1235,25-1021,"Computer Science Teachers, Postsecondary",detailed,"35,480",0.7,,,,,*,"104,420",0.3,*,*,*,*,*,"49,460","66,600","96,980","131,320","170,200",TRUE,
99,U.S.,1,US,000000,Cross-industry,cross-industry,1235,25-1022,"Mathematical Science Teachers, Postsecondary",detailed,"47,670",0.3,,,,,*,"91,550",0.3,*,*,*,*,*,"49,180","61,690","79,940","105,000","139,340",TRUE,
99,U.S.,1,US,000000,Cross-industry,cross-industry,1235,25-1030,"Engineering and Architecture Teachers, Postsecondary",broad,"47,970",0.5,,,,,*,"120,790",0.3,*,*,*,*,*,"61,140","80,310","106,500","138,920","205,040",TRUE,
99,U.S.,1,US,000000,Cross-industry,cross-industry,1235,25-1031,"Architecture Teachers, Postsecondary",detailed,"7,700",0.8,,,,,*,"101,250",0.4,*,*,*,*,*,"58,430","74,970","96,870","128,510","159,030",TRUE,
99,U.S.,1,US,000000,Cross-industry,cross-industry,1235,25-1032,"Engineering Teachers, Postsecondary",detailed,"40,270",0.5,,,,,*,"124,520",0.3,*,*,*,*,*,"61,550","81,570","109,270","150,860","210,370",TRUE,
99,U.S.,1,US,000000,Cross-industry,cross-industry,1235,25-1040,"Life Sciences Teachers, Postsecondary",broad,"60,630",0.6,,,,,*,"102,710",0.4,*,*,*,*,*,"52,070","64,740","86,480","126,790","169,240",TRUE,
99,U.S.,1,US,000000,Cross-industry,cross-industry,1235,25-1041,"Agricultural Sciences Teachers, Postsecondary",detailed,"8,920",2.3,,,,,*,"102,050",0.7,*,*,*,*,*,"50,870","66,410","98,700","126,850","163,150",TRUE,
99,U.S.,1,US,000000,Cross-industry,cross-industry,1235,25-1042,"Biological Science Teachers, Postsecondary",detailed,"50,190",0.4,,,,,*,"102,840",0.3,*,*,*,*,*,"52,150","64,350","84,620","126,770","169,900",TRUE,
99,U.S.,1,US,000000,Cross-industry,cross-industry,1235,25-1043,"Forestry and Conservation Science Teachers, Postsecondary",detailed,"1,520",6.5,,,,,*,"102,450",1.5,*,*,*,*,*,"50,100","77,440","101,420","126,930","148,920",TRUE,
99,U.S.,1,US,000000,Cross-industry,cross-industry,1235,25-1050,"Physical Sciences Teachers, Postsecondary",broad,"49,660",0.3,,,,,*,"108,800",0.3,*,*,*,*,*,"58,810","73,050","98,450","130,310","176,190",TRUE,
99,U.S.,1,US,000000,Cross-industry,cross-industry,1235,25-1051,"Atmospheric, Earth, Marine, and Space Sciences Teachers, Postsecondary",detailed,"9,900",0.9,,,,,*,"116,020",0.3,*,*,*,*,*,"59,700","77,260","103,170","135,510","203,190",TRUE,
99,U.S.,1,US,000000,Cross-industry,cross-industry,1235,25-1052,"Chemistry Teachers, Postsecondary",detailed,"19,980",0.3,,,,,*,"105,210",0.3,*,*,*,*,*,"57,870","68,530","93,250","127,280","172,110",TRUE,
99,U.S.,1,US,000000,Cross-industry,cross-industry,1235,25-1053,"Environmental Science Teachers, Postsecondary",detailed,"6,690",1.1,,,,,*,"103,610",0.3,*,*,*,*,*,"57,780","69,880","94,980","126,900","164,190",TRUE,
99,U.S.,1,US,000000,Cross-industry,cross-industry,1235,25-1054,"Physics Teachers, Postsecondary",detailed,"13,090",0.4,,,,,*,"111,460",0.3,*,*,*,*,*,"60,200","74,050","100,310","132,650","177,850",TRUE,
99,U.S.,1,US,000000,Cross-industry,cross-industry,1235,25-1060,"Social Sciences Teachers, Postsecondary",broad,"118,350",0.6,,,,,*,"101,080",0.3,*,*,*,*,*,"49,920","64,350","84,720","123,620","169,420",TRUE,
99,U.S.,1,US,000000,Cross-industry,cross-industry,1235,25-1061,"Anthropology and Archeology Teachers, Postsecondary",detailed,"5,240",0.4,,,,,*,"106,880",0.3,*,*,*,*,*,"57,840","75,200","99,650","128,750","171,310",TRUE,
99,U.S.,1,US,000000,Cross-industry,cross-industry,1235,25-1062,"Area, Ethnic, and Cultural Studies Teachers, Postsecondary",detailed,"11,300",0.6,,,,,*,"98,330",0.3,*,*,*,*,*,"52,070","65,660","85,020","110,710","160,420",TRUE,
99,U.S.,1,US,000000,Cross-industry,cross-industry,1235,25-1063,"Economics Teachers, Postsecondary",detailed,"11,560",0.4,,,,,*,"138,850",0.3,*,*,*,*,*,"64,060","86,840","123,920","168,770","224,200",TRUE,
99,U.S.,1,US,000000,Cross-industry,cross-industry,1235,25-1064,"Geography Teachers, Postsecondary",detailed,"3,330",0.4,,,,,*,"102,350",0.3,*,*,*,*,*,"52,550","74,690","97,590","123,900","165,460",TRUE,
99,U.S.,1,US,000000,Cross-industry,cross-industry,1235,25-1065,"Political Science Teachers, Postsecondary",detailed,"16,970",0.9,,,,,*,"108,100",0.5,*,*,*,*,*,"56,450","73,260","98,070","129,130","174,660",TRUE,
99,U.S.,1,US,000000,Cross-industry,cross-industry,1235,25-1066,"Psychology Teachers, Postsecondary",detailed,"41,530",1.3,,,,,*,"93,860",0.4,*,*,*,*,*,"49,050","63,400","80,340","105,920","153,600",TRUE,
99,U.S.,1,US,000000,Cross-industry,cross-industry,1235,25-1067,"Sociology Teachers, Postsecondary",detailed,"11,850",0.9,,,,,*,"96,980",0.4,*,*,*,*,*,"49,930","64,990","84,290","110,650","160,140",TRUE,
99,U.S.,1,US,000000,Cross-industry,cross-industry,1235,25-1069,"Social Sciences Teachers, Postsecondary, All Other",detailed,"16,580",1.0,,,,,*,"88,390",0.4,*,*,*,*,*,"40,670","55,910","72,990","102,990","164,420",TRUE,
99,U.S.,1,US,000000,Cross-industry,cross-industry,1235,25-1070,"Health Teachers, Postsecondary",broad,"299,230",0.6,,,,,*,"131,640",0.4,*,*,*,*,*,"52,490","67,640","99,830","165,310","295,480",TRUE,
99,U.S.,1,US,000000,Cross-industry,cross-industry,1235,25-1071,"Health Specialties Teachers, Postsecondary",detailed,"221,270",0.6,,,,,*,"147,570",0.4,*,*,*,*,*,"59,270","75,690","107,310","210,370","322,020",TRUE,
99,U.S.,1,US,000000,Cross-industry,cross-industry,1235,25-1072,"Nursing Instructors and Teachers, Postsecondary",detailed,"77,960",1.3,,,,,*,"86,410",0.4,*,*,*,*,*,"48,800","63,510","80,250","101,090","129,500",TRUE,
99,U.S.,1,US,000000,Cross-industry,cross-industry,1235,25-1080,"Education and Library Science Teachers, Postsecondary",broad,"64,460",0.7,,,,,*,"79,840",0.4,*,*,*,*,*,"40,180","55,740","75,640","97,840","126,900",TRUE,
99,U.S.,1,US,000000,Cross-industry,cross-industry,1235,25-1081,"Education Teachers, Postsecondary",detailed,"60,830",0.7,,,,,*,"79,350",0.4,*,*,*,*,*,"39,530","53,770","75,350","97,590","126,860",TRUE,
99,U.S.,1,US,000000,Cross-industry,cross-industry,1235,25-1082,"Library Science Teachers, Postsecondary",detailed,"3,630",1.0,,,,,*,"88,110",0.4,*,*,*,*,*,"57,200","64,080","80,340","100,910","129,120",TRUE,
99,U.S.,1,US,000000,Cross-industry,cross-industry,1235,25-1110,"Law, Criminal Justice, and Social Work Teachers, Postsecondary",broad,"45,820",1.0,,,,,*,"111,610",0.5,*,*,*,*,*,"49,870","66,040","89,270","133,460","208,120",TRUE,
99,U.S.,1,US,000000,Cross-industry,cross-industry,1235,25-1111,"Criminal Justice and Law Enforcement Teachers, Postsecondary",detailed,"13,150",1.1,,,,,*,"87,550",0.6,*,*,*,*,*,"45,000","60,020","76,590","100,870","140,240",TRUE,
99,U.S.,1,US,000000,Cross-industry,cross-industry,1235,25-1112,"Law Teachers, Postsecondary",detailed,"20,060",1.9,,,,,*,"144,770",0.7,*,*,*,*,*,"64,250","88,700","128,500","176,490","287,900",TRUE,
99,U.S.,1,US,000000,Cross-industry,cross-industry,1235,25-1113,"Social Work Teachers, Postsecondary",detailed,"12,610",1.0,,,,,*,"83,940",0.6,*,*,*,*,*,"48,200","61,170","77,570","100,400","126,790",TRUE,
99,U.S.,1,US,000000,Cross-industry,cross-industry,1235,25-1120,"Arts, Communications, History, and Humanities Teachers, Postsecondary",broad,"239,780",0.4,,,,,*,"92,420",0.3,*,*,*,*,*,"48,000","61,640","79,150","103,830","152,630",TRUE,
99,U.S.,1,US,000000,Cross-industry,cross-industry,1235,25-1121,"Art, Drama, and Music Teachers, Postsecondary",detailed,"93,560",0.6,,,,,*,"94,700",0.4,*,*,*,*,*,"47,570","61,620","78,620","103,850","163,350",TRUE,
99,U.S.,1,US,000000,Cross-industry,cross-industry,1235,25-1122,"Communications Teachers, Postsecondary",detailed,"29,420",0.5,,,,,*,"90,010",0.4,*,*,*,*,*,"47,590","61,250","78,580","102,450","143,720",TRUE,
99,U.S.,1,US,000000,Cross-industry,cross-industry,1235,25-1123,"English Language and Literature Teachers, Postsecondary",detailed,"57,720",0.4,,,,,*,"89,580",0.3,*,*,*,*,*,"48,270","60,900","78,760","103,130","137,250",TRUE,
99,U.S.,1,US,000000,Cross-industry,cross-industry,1235,25-1124,"Foreign Language and Literature Teachers, Postsecondary",detailed,"19,830",0.5,,,,,*,"89,990",0.4,*,*,*,*,*,"49,060","62,510","79,350","102,730","136,050",TRUE,
99,U.S.,1,US,000000,Cross-industry,cross-industry,1235,25-1125,"History Teachers, Postsecondary",detailed,"18,790",0.4,,,,,*,"96,580",0.3,*,*,*,*,*,"48,410","63,920","83,820","112,090","162,160",TRUE,
99,U.S.,1,US,000000,Cross-industry,cross-industry,1235,25-1126,"Philosophy and Religion Teachers, Postsecondary",detailed,"20,460",2.1,,,,,*,"92,040",0.9,*,*,*,*,*,"49,140","62,600","80,260","104,770","139,580",TRUE,
99,U.S.,1,US,000000,Cross-industry,cross-industry,1235,25-1190,Miscellaneous Postsecondary Teachers,broad,"279,350",0.6,,,,,*,"82,770",0.3,*,*,*,*,*,"43,490","54,960","72,830","99,300","134,660",TRUE,
99,U.S.,1,US,000000,Cross-industry,cross-industry,1235,25-1192,"Family and Consumer Sciences Teachers, Postsecondary",detailed,"2,770",1.4,,,,,*,"81,940",0.7,*,*,*,*,*,"47,830","57,410","75,870","99,320","130,790",TRUE,
99,U.S.,1,US,000000,Cross-industry,cross-industry,1235,25-1193,"Recreation and Fitness Studies Teachers, Postsecondary",detailed,"12,630",0.7,,,,,*,"86,620",0.3,*,*,*,*,*,"44,900","59,990","77,270","101,450","134,890",TRUE,
99,U.S.,1,US,000000,Cross-industry,cross-industry,1235,25-1194,"Career/Technical Education Teachers, Postsecondary",detailed,"114,110",1.2,,,,,34.64,"72,060",0.6,20.17,24.19,30.68,39.60,52.22,"41,960","50,320","63,820","82,360","108,620",,
99,U.S.,1,US,000000,Cross-industry,cross-industry,1235,25-1199,"Postsecondary Teachers, All Other",detailed,"149,840",0.7,,,,,*,"90,630",0.3,*,*,*,*,*,"44,300","59,290","77,640","106,770","160,700",TRUE,
99,U.S.,1,US,000000,Cross-industry,cross-industry,1235,25-2000,"Preschool, Elementary, Middle, Secondary, and Special Education Teachers",minor,"4,373,040",0.3,,,,,*,"70,410",0.3,*,*,*,*,*,"44,050","51,380","63,250","80,490","103,200",TRUE,
99,U.S.,1,US,000000,Cross-industry,cross-industry,1235,25-2010,Preschool and Kindergarten Teachers,broad,"587,650",1.2,,,,,23.03,"47,910",0.5,14.16,17.08,21.05,27.70,36.16,"29,450","35,530","43,780","57,620","75,200",,
99,U.S.,1,US,000000,Cross-industry,cross-industry,1235,25-2011,"Preschool Teachers, Except Special Education",detailed,"478,780",1.5,,,,,20.69,"43,030",0.5,13.94,16.60,18.34,22.86,29.52,"28,990","34,530","38,140","47,550","61,390",,
99,U.S.,1,US,000000,Cross-industry,cross-industry,1235,25-2012,"Kindergarten Teachers, Except Special Education",detailed,"108,870",1.5,,,,,*,"69,370",0.6,*,*,*,*,*,"46,990","52,180","62,680","79,910","101,830",TRUE,
99,U.S.,1,US,000000,Cross-industry,cross-industry,1235,25-2020,Elementary and Middle School Teachers,broad,"2,025,340",0.6,,,,,*,"72,450",0.3,*,*,*,*,*,"48,000","58,070","64,170","81,080","103,620",TRUE,
99,U.S.,1,US,000000,Cross-industry,cross-industry,1235,25-2021,"Elementary School Teachers, Except Special Education",detailed,"1,388,390",0.8,,,,,*,"72,650",0.4,*,*,*,*,*,"47,960","57,710","63,970","81,450","104,340",TRUE,
99,U.S.,1,US,000000,Cross-industry,cross-industry,1235,25-2022,"Middle School Teachers, Except Special and Career/Technical Education",detailed,"620,090",1.7,,,,,*,"72,030",0.6,*,*,*,*,*,"48,080","58,530","64,370","80,490","102,540",TRUE,
99,U.S.,1,US,000000,Cross-industry,cross-industry,1235,25-2023,"Career/Technical Education Teachers, Middle School",detailed,"16,870",3.2,,,,,*,"71,590",1.0,*,*,*,*,*,"49,200","58,690","65,030","79,990","101,890",TRUE,
99,U.S.,1,US,000000,Cross-industry,cross-industry,1235,25-2030,Secondary School Teachers,broad,"1,176,620",0.9,,,,,*,"75,970",0.4,*,*,*,*,*,"48,900","60,040","70,930","89,520","106,340",TRUE,
99,U.S.,1,US,000000,Cross-industry,cross-industry,1235,25-2031,"Secondary School Teachers, Except Special and Career/Technical Education",detailed,"1,065,210",1.0,,,,,*,"76,320",0.4,*,*,*,*,*,"48,780","59,980","72,040","92,570","107,600",TRUE,
99,U.S.,1,US,000000,Cross-industry,cross-industry,1235,25-2032,"Career/Technical Education Teachers, Secondary School",detailed,"111,420",1.9,,,,,*,"72,680",0.5,*,*,*,*,*,"50,040","60,590","66,270","80,060","101,340",TRUE,
99,U.S.,1,US,000000,Cross-industry,cross-industry,1235,25-2050,Special Education Teachers,broad,"583,430",0.8,,,,,*,"74,730",0.4,*,*,*,*,*,"49,230","59,770","67,170","83,980","105,020",TRUE,
99,U.S.,1,US,000000,Cross-industry,cross-industry,1235,25-2051,"Special Education Teachers, Preschool",detailed,"29,510",5.9,,,,,*,"76,380",2.6,*,*,*,*,*,"45,620","52,210","64,830","91,660","130,040",TRUE,
99,U.S.,1,US,000000,Cross-industry,cross-industry,1235,25-2052,"Special Education Teachers, Kindergarten and Elementary School",detailed,"260,870",1.2,,,,,*,"72,650",0.5,*,*,*,*,*,"49,350","59,710","65,120","80,280","103,010",TRUE,
99,U.S.,1,US,000000,Cross-industry,cross-industry,1235,25-2057,"Special Education Teachers, Middle School",detailed,"95,200",2.2,,,,,*,"73,780",0.7,*,*,*,*,*,"49,420","60,000","66,810","82,800","102,510",TRUE,
99,U.S.,1,US,000000,Cross-industry,cross-industry,1235,25-2058,"Special Education Teachers, Secondary School",detailed,"163,930",1.4,,,,,*,"77,260",0.5,*,*,*,*,*,"49,800","60,180","74,260","93,730","109,100",TRUE,
99,U.S.,1,US,000000,Cross-industry,cross-industry,1235,25-2059,"Special Education Teachers, All Other",detailed,"33,930",7.8,,,,,*,"79,750",3.3,*,*,*,*,*,"48,440","60,930","76,580","99,690","120,080",TRUE,
99,U.S.,1,US,000000,Cross-industry,cross-industry,1235,25-3000,Other Teachers and Instructors,minor,"1,183,050",0.8,,,,,25.12,"52,250",0.5,14.21,17.22,21.99,29.33,39.20,"29,550","35,820","45,730","61,010","81,540",,
99,U.S.,1,US,000000,Cross-industry,cross-industry,1235,25-3010,"Adult Basic Education, Adult Secondary Education, and English as a Second Language Instructors",broad,"37,310",2.5,,,,,31.66,"65,860",0.6,20.10,23.61,29.59,37.35,47.13,"41,810","49,100","61,540","77,690","98,030",,
99,U.S.,1,US,000000,Cross-industry,cross-industry,1235,25-3011,"Adult Basic Education, Adult Secondary Education, and English as a Second Language Instructors",detailed,"37,310",2.5,,,,,31.66,"65,860",0.6,20.10,23.61,29.59,37.35,47.13,"41,810","49,100","61,540","77,690","98,030",,
99,U.S.,1,US,000000,Cross-industry,cross-industry,1235,25-3020,Self-Enrichment Teachers,broad,"332,110",1.3,,,,,26.32,"54,740",0.8,14.45,17.49,22.50,30.39,44.63,"30,050","36,380","46,800","63,210","92,840",,
99,U.S.,1,US,000000,Cross-industry,cross-industry,1235,25-3021,Self-Enrichment Teachers,detailed,"332,110",1.3,,,,,26.32,"54,740",0.8,14.45,17.49,22.50,30.39,44.63,"30,050","36,380","46,800","63,210","92,840",,
99,U.S.,1,US,000000,Cross-industry,cross-industry,1235,25-3030,"Substitute Teachers, Short-Term",broad,"524,770",1.5,,,,,22.32,"46,420",0.8,13.73,16.43,20.03,26.39,31.63,"28,560","34,170","41,670","54,890","65,790",,
99,U.S.,1,US,000000,Cross-industry,cross-industry,1235,25-3031,"Substitute Teachers, Short-Term",detailed,"524,770",1.5,,,,,22.32,"46,420",0.8,13.73,16.43,20.03,26.39,31.63,"28,560","34,170","41,670","54,890","65,790",,
99,U.S.,1,US,000000,Cross-industry,cross-industry,1235,25-3040,Tutors,broad,"175,070",1.8,,,,,23.10,"48,050",0.8,14.15,16.83,20.84,26.38,36.53,"29,430","35,000","43,350","54,860","75,990",,
99,U.S.,1,US,000000,Cross-industry,cross-industry,1235,25-3041,Tutors,detailed,"175,070",1.8,,,,,23.10,"48,050",0.8,14.15,16.83,20.84,26.38,36.53,"29,430","35,000","43,350","54,860","75,990",,
99,U.S.,1,US,000000,Cross-industry,cross-industry,1235,25-3090,Miscellaneous Teachers and Instructors,broad,"113,790",2.8,,,,,*,"73,880",1.1,*,*,*,*,*,"37,010","48,490","66,140","95,890","118,020",TRUE,
99,U.S.,1,US,000000,Cross-industry,cross-industry,1235,25-3099,"Teachers and Instructors, All Other",detailed,"113,790",2.8,,,,,*,"73,880",1.1,*,*,*,*,*,"37,010","48,490","66,140","95,890","118,020",TRUE,
99,U.S.,1,US,000000,Cross-industry,cross-industry,1235,25-4000,"Librarians, Curators, and Archivists",minor,"234,910",0.8,,,,,30.72,"63,900",0.4,16.94,21.87,29.07,37.50,47.98,"35,240","45,480","60,470","78,000","99,790",,
99,U.S.,1,US,000000,Cross-industry,cross-industry,1235,25-4010,"Archivists, Curators, and Museum Technicians",broad,"32,430",2.6,,,,,31.71,"65,960",0.5,17.81,22.35,29.00,37.72,48.75,"37,030","46,490","60,330","78,450","101,400",,
99,U.S.,1,US,000000,Cross-industry,cross-industry,1235,25-4011,Archivists,detailed,"7,970",3.5,,,,,33.96,"70,640",1.1,19.22,24.37,31.03,39.92,53.15,"39,970","50,680","64,550","83,020","110,550",,
99,U.S.,1,US,000000,Cross-industry,cross-industry,1235,25-4012,Curators,detailed,"12,150",2.4,,,,,34.40,"71,560",0.7,19.46,23.49,30.49,39.94,51.51,"40,470","48,870","63,420","83,080","107,140",,
99,U.S.,1,US,000000,Cross-industry,cross-industry,1235,25-4013,Museum Technicians and Conservators,detailed,"12,310",4.7,,,,,27.60,"57,410",0.9,16.24,19.73,24.73,32.52,42.08,"33,780","41,050","51,440","67,640","87,530",,
99,U.S.,1,US,000000,Cross-industry,cross-industry,1235,25-4020,Librarians and Media Collections Specialists,broad,"133,790",0.9,,,,,35.02,"72,840",0.4,20.99,27.07,32.82,40.62,50.00,"43,660","56,310","68,270","84,480","103,990",,
99,U.S.,1,US,000000,Cross-industry,cross-industry,1235,25-4022,Librarians and Media Collections Specialists,detailed,"133,790",0.9,,,,,35.02,"72,840",0.4,20.99,27.07,32.82,40.62,50.00,"43,660","56,310","68,270","84,480","103,990",,
99,U.S.,1,US,000000,Cross-industry,cross-industry,1235,25-4030,Library Technicians,broad,"68,690",1.3,,,,,21.88,"45,500",0.5,14.09,17.18,21.43,25.21,30.33,"29,300","35,740","44,580","52,430","63,080",,
99,U.S.,1,US,000000,Cross-industry,cross-industry,1235,25-4031,Library Technicians,detailed,"68,690",1.3,,,,,21.88,"45,500",0.5,14.09,17.18,21.43,25.21,30.33,"29,300","35,740","44,580","52,430","63,080",,
99,U.S.,1,US,000000,Cross-industry,cross-industry,1235,25-9000,Other Educational Instruction and Library Occupations,minor,"1,939,010",0.4,,,,,*,"45,460",0.3,*,*,*,*,*,"27,920","32,240","38,230","49,430","73,200",TRUE,
99,U.S.,1,US,000000,Cross-industry,cross-industry,1235,25-9020,Farm and Home Management Educators,broad,"8,220",5.9,,,,,29.35,"61,060",1.2,18.10,22.59,28.95,35.16,40.89,"37,650","46,990","60,220","73,130","85,060",,
99,U.S.,1,US,000000,Cross-industry,cross-industry,1235,25-9021,Farm and Home Management Educators,detailed,"8,220",5.9,,,,,29.35,"61,060",1.2,18.10,22.59,28.95,35.16,40.89,"37,650","46,990","60,220","73,130","85,060",,
99,U.S.,1,US,000000,Cross-industry,cross-industry,1235,25-9030,Instructional Coordinators,broad,"227,760",0.8,,,,,38.90,"80,920",0.3,23.07,29.22,37.23,47.51,58.49,"47,980","60,780","77,440","98,820","121,670",,
99,U.S.,1,US,000000,Cross-industry,cross-industry,1235,25-9031,Instructional Coordinators,detailed,"227,760",0.8,,,,,38.90,"80,920",0.3,23.07,29.22,37.23,47.51,58.49,"47,980","60,780","77,440","98,820","121,670",,
99,U.S.,1,US,000000,Cross-industry,cross-industry,1235,25-9040,Teaching Assistants,broad,"1,584,440",0.5,,,,,*,"39,260",0.3,*,*,*,*,*,"27,360","31,200","37,010","46,000","55,520",TRUE,
99,U.S.,1,US,000000,Cross-industry,cross-industry,1235,25-9044,"Teaching Assistants, Postsecondary",detailed,"164,090",0.3,,,,,*,"47,670",0.4,*,*,*,*,*,"28,600","35,270","42,910","60,510","76,420",TRUE,
99,U.S.,1,US,000000,Cross-industry,cross-industry,1235,25-9045,"Teaching Assistants, Except Postsecondary",detailed,"1,420,350",0.6,,,,,*,"38,290",0.3,*,*,*,*,*,"27,150","31,060","36,780","45,360","50,040",TRUE,
99,U.S.,1,US,000000,Cross-industry,cross-industry,1235,25-9090,Miscellaneous Educational Instruction and Library Workers,broad,"118,590",1.4,,,,,28.39,"59,060",1.4,12.11,17.33,24.47,35.54,47.47,"25,180","36,050","50,890","73,920","98,740",,
99,U.S.,1,US,000000,Cross-industry,cross-industry,1235,25-9099,"Educational Instruction and Library Workers, All Other",detailed,"118,590",1.4,,,,,28.39,"59,060",1.4,12.11,17.33,24.47,35.54,47.47,"25,180","36,050","50,890","73,920","98,740",,
99,U.S.,1,US,000000,Cross-industry,cross-industry,1235,27-0000,"Arts, Design, Entertainment, Sports, and Media Occupations",major,"2,046,290",0.5,,,,,38.36,"79,790",1.2,16.68,21.50,30.17,45.45,64.85,"34,700","44,720","62,750","94,530","134,900",,
99,U.S.,1,US,000000,Cross-industry,cross-industry,1235,27-1000,Art and Design Workers,minor,"645,970",0.8,,,,,33.80,"70,300",1.0,16.60,19.72,28.00,39.90,59.66,"34,530","41,010","58,240","82,990","124,080",,
99,U.S.,1,US,000000,Cross-industry,cross-industry,1235,27-1010,Artists and Related Workers,broad,"95,780",3.0,,,,,53.86,"112,040",1.3,21.80,32.32,47.96,67.38,92.87,"45,340","67,230","99,760","140,150","193,170",,
99,U.S.,1,US,000000,Cross-industry,cross-industry,1235,27-1011,Art Directors,detailed,"53,070",4.2,,,,,62.23,"129,440",2.0,31.20,39.65,55.22,78.19,102.43,"64,900","82,480","114,850","162,640","213,050",,
99,U.S.,1,US,000000,Cross-industry,cross-industry,1235,27-1012,Craft Artists,detailed,"4,580",8.3,,,,,23.91,"49,740",2.1,12.48,16.84,22.15,28.00,34.61,"25,960","35,020","46,080","58,240","71,990",,
99,U.S.,1,US,000000,Cross-industry,cross-industry,1235,27-1013,"Fine Artists, Including Painters, Sculptors, and Illustrators",detailed,"11,220",7.4,,,,,35.17,"73,150",3.8,15.21,18.06,26.68,40.00,69.33,"31,630","37,560","55,490","83,200","144,210",,
99,U.S.,1,US,000000,Cross-industry,cross-industry,1235,27-1014,Special Effects Artists and Animators,detailed,"19,970",5.9,,,,,54.27,"112,870",1.7,28.17,36.29,49.06,66.89,85.15,"58,600","75,490","102,030","139,130","177,110",,
99,U.S.,1,US,000000,Cross-industry,cross-industry,1235,27-1019,"Artists and Related Workers, All Other",detailed,"6,930",8.3,,,,,38.72,"80,530",3.9,17.59,20.20,34.25,55.36,65.70,"36,580","42,010","71,240","115,150","136,660",,
99,U.S.,1,US,000000,Cross-industry,cross-industry,1235,27-1020,Designers,broad,"550,190",0.8,,,,,30.31,"63,040",1.0,16.33,18.98,25.52,37.14,49.34,"33,970","39,480","53,080","77,240","102,620",,
99,U.S.,1,US,000000,Cross-industry,cross-industry,1235,27-1021,Commercial and Industrial Designers,detailed,"33,490",3.3,,,,,44.84,"93,260",1.8,25.70,31.95,40.34,52.43,67.20,"53,460","66,450","83,910","109,050","139,770",,
99,U.S.,1,US,000000,Cross-industry,cross-industry,1235,27-1022,Fashion Designers,detailed,"21,450",7.5,,,,,43.86,"91,230",12.4,18.99,24.97,38.92,51.19,70.61,"39,490","51,940","80,960","106,470","146,870",,
99,U.S.,1,US,000000,Cross-industry,cross-industry,1235,27-1023,Floral Designers,detailed,"40,590",1.7,,,,,19.00,"39,520",1.1,13.75,15.78,17.96,21.97,24.52,"28,600","32,810","37,360","45,700","51,000",,
99,U.S.,1,US,000000,Cross-industry,cross-industry,1235,27-1024,Graphic Designers,detailed,"197,830",2.4,,,,,33.92,"70,560",1.3,19.00,23.58,30.27,39.34,50.44,"39,520","49,040","62,960","81,830","104,910",,
99,U.S.,1,US,000000,Cross-industry,cross-industry,1235,27-1025,Interior Designers,detailed,"71,500",2.0,,,,,35.84,"74,540",1.5,19.91,24.92,32.31,41.22,54.87,"41,420","51,840","67,190","85,740","114,140",,
99,U.S.,1,US,000000,Cross-industry,cross-industry,1235,27-1026,Merchandise Displayers and Window Trimmers,detailed,"165,220",1.9,,,,,20.59,"42,830",0.9,14.79,16.89,18.94,22.70,28.06,"30,760","35,130","39,390","47,220","58,370",,
99,U.S.,1,US,000000,Cross-industry,cross-industry,1235,27-1027,Set and Exhibit Designers,detailed,"10,630",6.5,,,,,39.98,"83,160",2.8,20.07,25.40,36.17,50.01,65.10,"41,750","52,830","75,240","104,030","135,410",,
99,U.S.,1,US,000000,Cross-industry,cross-industry,1235,27-1029,"Designers, All Other",detailed,"9,480",7.9,,,,,38.02,"79,090",2.5,20.69,24.53,31.23,46.09,62.07,"43,030","51,020","64,950","95,860","129,110",,
99,U.S.,1,US,000000,Cross-industry,cross-industry,1235,27-2000,"Entertainers and Performers, Sports and Related Workers",minor,"562,100",1.3,,,,,42.60,"88,620",2.0,14.97,18.93,28.56,47.64,81.61,"31,130","39,380","59,400","99,090","169,740",,
99,U.S.,1,US,000000,Cross-industry,cross-industry,1235,27-2010,"Actors, Producers, and Directors",broad,"198,120",3.6,,,,,55.53,"115,510",2.8,19.07,26.75,39.27,66.39,116.14,"39,670","55,640","81,670","138,080","241,580",,
99,U.S.,1,US,000000,Cross-industry,cross-industry,1235,27-2011,Actors,detailed,"55,000",17.7,,,,,58.29,*,8.4,16.50,20.34,29.05,97.95,143.68,*,*,*,*,*,,TRUE
99,U.S.,1,US,000000,Cross-industry,cross-industry,1235,27-2012,Producers and Directors,detailed,"143,120",2.9,,,,,54.47,"113,300",1.8,22.01,30.13,43.44,64.81,95.45,"45,780","62,670","90,360","134,800","198,540",,
99,U.S.,1,US,000000,Cross-industry,cross-industry,1235,27-2020,"Athletes, Coaches, Umpires, and Related Workers",broad,"279,790",1.5,,,,,*,"67,610",2.1,*,*,*,*,*,"28,600","35,060","47,320","65,810","100,710",TRUE,
99,U.S.,1,US,000000,Cross-industry,cross-industry,1235,27-2021,Athletes and Sports Competitors,detailed,"15,070",7.1,,,,,*,"206,180",10.1,*,*,*,*,*,"26,500","36,790","66,710","109,880","742,310",TRUE,
99,U.S.,1,US,000000,Cross-industry,cross-industry,1235,27-2022,Coaches and Scouts,detailed,"248,950",1.5,,,,,*,"60,160",1.1,*,*,*,*,*,"28,790","35,330","47,320","64,710","98,860",TRUE,
99,U.S.,1,US,000000,Cross-industry,cross-industry,1235,27-2023,"Umpires, Referees, and Other Sports Officials",detailed,"15,780",5.0,,,,,*,"53,010",8.4,*,*,*,*,*,"26,540","32,260","40,710","57,160","82,960",TRUE,
99,U.S.,1,US,000000,Cross-industry,cross-industry,1235,27-2030,Dancers and Choreographers,broad,"10,990",5.9,,,,,31.95,"66,460",2.6,15.10,17.83,25.40,37.88,54.55,"31,400","37,090","52,830","78,780","113,460",,
99,U.S.,1,US,000000,Cross-industry,cross-industry,1235,27-2031,Dancers,detailed,"8,130",7.3,,,,,30.83,*,3.6,14.88,17.23,24.80,38.36,52.30,*,*,*,*,*,,TRUE
99,U.S.,1,US,000000,Cross-industry,cross-industry,1235,27-2032,Choreographers,detailed,"2,860",8.9,,,,,35.14,"73,100",4.5,16.39,20.00,26.59,36.40,66.65,"34,090","41,600","55,310","75,710","138,630",,
99,U.S.,1,US,000000,Cross-industry,cross-industry,1235,27-2040,"Musicians, Singers, and Related Workers",broad,"48,730",2.4,,,,,56.09,*,2.5,19.98,26.89,43.27,67.04,115.00,*,*,*,*,*,,TRUE
99,U.S.,1,US,000000,Cross-industry,cross-industry,1235,27-2041,Music Directors and Composers,detailed,"12,540",6.3,,,,,43.50,"90,470",4.3,19.17,25.53,35.44,50.04,79.69,"39,880","53,110","73,710","104,090","165,760",,
99,U.S.,1,US,000000,Cross-industry,cross-industry,1235,27-2042,Musicians and Singers,detailed,"36,180",3.1,,,,,60.46,*,2.6,20.35,27.57,47.80,75.33,132.56,*,*,*,*,*,,TRUE
99,U.S.,1,US,000000,Cross-industry,cross-industry,1235,27-2090,"Miscellaneous Entertainers and Performers, Sports and Related Workers",broad,"24,470",6.7,,,,,31.30,*,5.1,14.09,17.07,20.00,31.55,58.77,*,*,*,*,*,,TRUE
99,U.S.,1,US,000000,Cross-industry,cross-industry,1235,27-2091,"Disc Jockeys, Except Radio",detailed,"7,920",9.3,,,,,32.57,*,8.1,13.50,16.91,21.61,37.50,60.17,*,*,*,*,*,,TRUE
99,U.S.,1,US,000000,Cross-industry,cross-industry,1235,27-2099,"Entertainers and Performers, Sports and Related Workers, All Other",detailed,"16,550",8.7,,,,,30.70,*,5.8,14.48,17.17,18.82,29.83,56.12,*,*,*,*,*,,TRUE
99,U.S.,1,US,000000,Cross-industry,cross-industry,1235,27-3000,Media and Communication Workers,minor,"613,530",0.9,,,,,41.09,"85,470",1.0,19.60,25.64,35.70,48.66,65.38,"40,770","53,330","74,250","101,210","135,980",,
99,U.S.,1,US,000000,Cross-industry,cross-industry,1235,27-3010,Broadcast Announcers and Radio Disc Jockeys,broad,"21,240",2.3,,,,,37.85,"78,720",2.3,13.55,17.00,22.76,36.29,66.56,"28,190","35,360","47,340","75,480","138,440",,
99,U.S.,1,US,000000,Cross-industry,cross-industry,1235,27-3011,Broadcast Announcers and Radio Disc Jockeys,detailed,"21,240",2.3,,,,,37.85,"78,720",2.3,13.55,17.00,22.76,36.29,66.56,"28,190","35,360","47,340","75,480","138,440",,
99,U.S.,1,US,000000,Cross-industry,cross-industry,1235,27-3020,"News Analysts, Reporters and Journalists",broad,"39,250",1.9,,,,,49.26,"102,460",1.7,17.42,21.81,29.91,47.33,69.30,"36,240","45,370","62,200","98,450","144,140",,
99,U.S.,1,US,000000,Cross-industry,cross-industry,1235,27-3023,"News Analysts, Reporters, and Journalists",detailed,"39,250",1.9,,,,,49.26,"102,460",1.7,17.42,21.81,29.91,47.33,69.30,"36,240","45,370","62,200","98,450","144,140",,
99,U.S.,1,US,000000,Cross-industry,cross-industry,1235,27-3030,Public Relations Specialists,broad,"283,380",1.1,,,,,40.44,"84,120",1.1,21.21,27.05,35.94,48.25,64.98,"44,110","56,260","74,750","100,370","135,150",,
99,U.S.,1,US,000000,Cross-industry,cross-industry,1235,27-3031,Public Relations Specialists,detailed,"283,380",1.1,,,,,40.44,"84,120",1.1,21.21,27.05,35.94,48.25,64.98,"44,110","56,260","74,750","100,370","135,150",,
99,U.S.,1,US,000000,Cross-industry,cross-industry,1235,27-3040,Writers and Editors,broad,"185,130",1.7,,,,,43.62,"90,730",1.2,21.92,28.96,38.31,51.51,70.34,"45,590","60,230","79,680","107,140","146,300",,
99,U.S.,1,US,000000,Cross-industry,cross-industry,1235,27-3041,Editors,detailed,"91,690",1.7,,,,,43.30,"90,060",1.3,19.83,27.55,37.46,51.01,73.90,"41,250","57,300","77,920","106,100","153,700",,
99,U.S.,1,US,000000,Cross-industry,cross-industry,1235,27-3042,Technical Writers,detailed,"45,500",2.1,,,,,46.62,"96,970",0.9,27.62,34.08,43.46,55.53,69.84,"57,440","70,880","90,390","115,510","145,270",,
99,U.S.,1,US,000000,Cross-industry,cross-industry,1235,27-3043,Writers and Authors,detailed,"47,940",5.2,,,,,41.39,"86,090",2.9,21.31,28.00,36.98,49.01,67.25,"44,310","58,230","76,910","101,950","139,870",,
99,U.S.,1,US,000000,Cross-industry,cross-industry,1235,27-3090,Miscellaneous Media and Communication Workers,broad,"84,520",1.9,,,,,34.76,"72,300",1.0,18.27,22.84,30.52,43.34,55.38,"38,000","47,510","63,490","90,140","115,190",,
99,U.S.,1,US,000000,Cross-industry,cross-industry,1235,27-3091,Interpreters and Translators,detailed,"52,060",2.7,,,,,31.90,"66,360",1.3,17.82,22.37,28.93,38.86,49.84,"37,070","46,530","60,170","80,830","103,660",,
99,U.S.,1,US,000000,Cross-industry,cross-industry,1235,27-3092,Court Reporters and Simultaneous Captioners,detailed,"12,870",2.7,,,,,37.86,"78,760",1.6,20.26,25.85,34.82,48.45,62.77,"42,130","53,760","72,420","100,780","130,560",,
99,U.S.,1,US,000000,Cross-industry,cross-industry,1235,27-3099,"Media and Communication Workers, All Other",detailed,"19,590",3.7,,,,,40.32,"83,860",1.7,18.81,23.94,35.39,49.91,64.55,"39,120","49,790","73,620","103,820","134,270",,
99,U.S.,1,US,000000,Cross-industry,cross-industry,1235,27-4000,Media and Communication Equipment Workers,minor,"224,690",1.7,,,,,33.40,"69,480",1.4,16.88,21.12,28.46,40.23,57.74,"35,120","43,920","59,200","83,680","120,100",,
99,U.S.,1,US,000000,Cross-industry,cross-industry,1235,27-4010,"Broadcast, Sound, and Lighting Technicians",broad,"113,320",2.0,,,,,32.82,"68,260",1.1,17.85,22.27,28.92,39.01,52.14,"37,130","46,320","60,150","81,150","108,440",,
99,U.S.,1,US,000000,Cross-industry,cross-industry,1235,27-4011,Audio and Video Technicians,detailed,"70,230",2.4,,,,,31.07,"64,630",1.1,18.26,22.30,27.93,37.29,48.39,"37,990","46,390","58,100","77,560","100,650",,
99,U.S.,1,US,000000,Cross-industry,cross-industry,1235,27-4012,Broadcast Technicians,detailed,"21,110",3.1,,,,,32.68,"67,960",2.1,15.09,19.38,28.64,40.16,59.46,"31,390","40,320","59,570","83,520","123,670",,
99,U.S.,1,US,000000,Cross-industry,cross-industry,1235,27-4014,Sound Engineering Technicians,detailed,"13,080",11.2,,,,,39.13,"81,390",3.5,18.06,23.99,35.16,48.21,66.04,"37,570","49,910","73,130","100,280","137,370",,
99,U.S.,1,US,000000,Cross-industry,cross-industry,1235,27-4015,Lighting Technicians,detailed,"8,900",6.2,,,,,37.68,"78,380",1.9,20.34,25.37,32.72,45.98,62.87,"42,310","52,770","68,060","95,640","130,760",,
99,U.S.,1,US,000000,Cross-industry,cross-industry,1235,27-4020,Photographers,broad,"51,760",4.0,,,,,26.64,"55,410",2.2,14.82,17.33,21.47,30.16,44.14,"30,820","36,050","44,660","62,740","91,810",,
99,U.S.,1,US,000000,Cross-industry,cross-industry,1235,27-4021,Photographers,detailed,"51,760",4.0,,,,,26.64,"55,410",2.2,14.82,17.33,21.47,30.16,44.14,"30,820","36,050","44,660","62,740","91,810",,
99,U.S.,1,US,000000,Cross-industry,cross-industry,1235,27-4030,"Television, Video, and Film Camera Operators and Editors",broad,"47,160",3.2,,,,,40.77,"84,800",2.0,18.92,24.92,36.10,50.71,66.99,"39,350","51,830","75,100","105,480","139,350",,
99,U.S.,1,US,000000,Cross-industry,cross-industry,1235,27-4031,"Camera Operators, Television, Video, and Film",detailed,"21,550",4.1,,,,,40.01,"83,210",2.1,18.52,24.48,36.05,51.28,64.99,"38,520","50,920","74,990","106,660","135,180",,
99,U.S.,1,US,000000,Cross-industry,cross-industry,1235,27-4032,Film and Video Editors,detailed,"25,610",4.7,,,,,41.41,"86,130",2.5,19.37,25.35,36.26,50.63,71.42,"40,280","52,720","75,420","105,310","148,550",,
99,U.S.,1,US,000000,Cross-industry,cross-industry,1235,27-4090,Miscellaneous Media and Communication Equipment Workers,broad,"12,450",6.3,,,,,38.96,"81,040",1.6,18.69,23.72,34.00,51.34,65.13,"38,870","49,340","70,720","106,780","135,470",,
99,U.S.,1,US,000000,Cross-industry,cross-industry,1235,27-4099,"Media and Communication Equipment Workers, All Other",detailed,"12,450",6.3,,,,,38.96,"81,040",1.6,18.69,23.72,34.00,51.34,65.13,"38,870","49,340","70,720","106,780","135,470",,
99,U.S.,1,US,000000,Cross-industry,cross-industry,1235,29-0000,Healthcare Practitioners and Technical Occupations,major,"9,823,860",0.2,,,,,52.26,"108,700",0.3,22.24,30.70,41.60,59.39,82.59,"46,270","63,860","86,530","123,540","171,790",,
99,U.S.,1,US,000000,Cross-industry,cross-industry,1235,29-1000,Healthcare Diagnosing or Treating Practitioners,minor,"6,534,980",0.2,,,,,63.46,"132,000",0.3,33.59,39.51,49.76,65.92,104.14,"69,880","82,180","103,500","137,120","216,600",,
99,U.S.,1,US,000000,Cross-industry,cross-industry,1235,29-1010,Chiropractors,broad,"39,630",2.8,,,,,43.52,"90,520",1.5,20.90,28.88,38.08,50.51,70.23,"43,460","60,070","79,200","105,050","146,080",,
99,U.S.,1,US,000000,Cross-industry,cross-industry,1235,29-1011,Chiropractors,detailed,"39,630",2.8,,,,,43.52,"90,520",1.5,20.90,28.88,38.08,50.51,70.23,"43,460","60,070","79,200","105,050","146,080",,
99,U.S.,1,US,000000,Cross-industry,cross-industry,1235,29-1020,Dentists,broad,"141,610",2.4,,,,,97.25,"202,280",1.6,42.84,61.48,84.67,120.19,162.12,"89,100","127,880","176,110","249,990","337,210",,
99,U.S.,1,US,000000,Cross-industry,cross-industry,1235,29-1021,"Dentists, General",detailed,"124,390",2.8,,,,,91.99,"191,350",1.3,41.47,60.44,82.19,107.71,153.67,"86,250","125,710","170,950","224,040","319,630",,
99,U.S.,1,US,000000,Cross-industry,cross-industry,1235,29-1022,Oral and Maxillofacial Surgeons,detailed,"4,910",13.8,,,,,166.58,"346,490",10.9,41.47,98.37,169.34,206.11,299.35,"86,250","204,610","352,220","428,710","622,640",,
99,U.S.,1,US,000000,Cross-industry,cross-industry,1235,29-1023,Orthodontists,detailed,"6,210",13.5,,,,,124.71,"259,400",5.4,48.01,70.47,139.01,164.57,200.00,"99,850","146,580","289,140","342,300","416,000",,
99,U.S.,1,US,000000,Cross-industry,cross-industry,1235,29-1024,Prosthodontists,detailed,870,27.6,,,,,129.15,"268,630",8.5,49.77,121.18,149.61,160.33,165.75,"103,510","252,050","311,180","333,480","344,750",,
99,U.S.,1,US,000000,Cross-industry,cross-industry,1235,29-1029,"Dentists, All Other Specialists",detailed,"5,230",16.0,,,,,119.20,"247,930",7.5,50.06,79.87,108.17,134.90,193.61,"104,120","166,130","224,990","280,590","402,700",,
99,U.S.,1,US,000000,Cross-industry,cross-industry,1235,29-1030,Dietitians and Nutritionists,broad,"77,570",2.1,,,,,37.08,"77,130",0.4,23.60,30.33,36.73,42.95,49.87,"49,090","63,080","76,400","89,340","103,720",,
99,U.S.,1,US,000000,Cross-industry,cross-industry,1235,29-1031,Dietitians and Nutritionists,detailed,"77,570",2.1,,,,,37.08,"77,130",0.4,23.60,30.33,36.73,42.95,49.87,"49,090","63,080","76,400","89,340","103,720",,
99,U.S.,1,US,000000,Cross-industry,cross-industry,1235,29-1040,Optometrists,broad,"42,790",2.8,,,,,68.05,"141,550",0.9,35.99,52.59,65.66,79.39,97.20,"74,870","109,400","136,570","165,120","202,180",,
99,U.S.,1,US,000000,Cross-industry,cross-industry,1235,29-1041,Optometrists,detailed,"42,790",2.8,,,,,68.05,"141,550",0.9,35.99,52.59,65.66,79.39,97.20,"74,870","109,400","136,570","165,120","202,180",,
99,U.S.,1,US,000000,Cross-industry,cross-industry,1235,29-1050,Pharmacists,broad,"321,970",0.9,,,,,67.75,"140,920",0.3,47.73,62.20,67.75,77.81,83.77,"99,290","129,380","140,910","161,840","174,230",,
99,U.S.,1,US,000000,Cross-industry,cross-industry,1235,29-1051,Pharmacists,detailed,"321,970",0.9,,,,,67.75,"140,920",0.3,47.73,62.20,67.75,77.81,83.77,"99,290","129,380","140,910","161,840","174,230",,
99,U.S.,1,US,000000,Cross-industry,cross-industry,1235,29-1070,Physician Assistants,broad,"162,150",1.4,,,,,67.92,"141,280",0.7,47.78,58.02,65.33,78.84,91.48,"99,380","120,670","135,880","163,980","190,280",,
99,U.S.,1,US,000000,Cross-industry,cross-industry,1235,29-1071,Physician Assistants,detailed,"162,150",1.4,,,,,67.92,"141,280",0.7,47.78,58.02,65.33,78.84,91.48,"99,380","120,670","135,880","163,980","190,280",,
99,U.S.,1,US,000000,Cross-industry,cross-industry,1235,29-1080,Podiatrists,broad,"9,680",3.8,,,,,84.37,"175,480",2.2,31.74,49.87,77.07,108.61,148.88,"66,010","103,730","160,300","225,910","309,670",,
99,U.S.,1,US,000000,Cross-industry,cross-industry,1235,29-1081,Podiatrists,detailed,"9,680",3.8,,,,,84.37,"175,480",2.2,31.74,49.87,77.07,108.61,148.88,"66,010","103,730","160,300","225,910","309,670",,
99,U.S.,1,US,000000,Cross-industry,cross-industry,1235,29-1120,Therapists,broad,"816,170",0.5,,,,,47.33,"98,440",0.3,30.96,38.18,47.14,54.64,63.55,"64,400","79,410","98,040","113,660","132,180",,
99,U.S.,1,US,000000,Cross-industry,cross-industry,1235,29-1122,Occupational Therapists,detailed,"162,450",1.2,,,,,48.69,"101,280",0.4,34.47,39.67,48.24,56.09,63.44,"71,690","82,510","100,330","116,670","131,950",,
99,U.S.,1,US,000000,Cross-industry,cross-industry,1235,29-1123,Physical Therapists,detailed,"267,330",1.0,,,,,50.62,"105,280",0.3,37.09,41.42,49.40,58.25,64.97,"77,140","86,160","102,760","121,160","135,140",,
99,U.S.,1,US,000000,Cross-industry,cross-industry,1235,29-1124,Radiation Therapists,detailed,"17,070",7.1,,,,,55.28,"114,990",1.1,38.73,44.26,50.63,60.74,75.34,"80,560","92,060","105,310","126,340","156,710",,
99,U.S.,1,US,000000,Cross-industry,cross-industry,1235,29-1125,Recreational Therapists,detailed,"14,930",2.6,,,,,32.52,"67,630",2.1,19.71,24.16,29.79,38.43,48.28,"40,990","50,240","61,960","79,930","100,420",,
99,U.S.,1,US,000000,Cross-industry,cross-industry,1235,29-1126,Respiratory Therapists,detailed,"139,790",1.0,,,,,41.97,"87,300",0.2,30.61,35.83,39.56,47.47,56.75,"63,660","74,520","82,280","98,730","118,050",,
99,U.S.,1,US,000000,Cross-industry,cross-industry,1235,29-1127,Speech-Language Pathologists,detailed,"183,390",1.2,,,,,47.20,"98,170",0.4,30.24,37.37,47.05,55.08,64.50,"62,900","77,730","97,870","114,570","134,160",,
99,U.S.,1,US,000000,Cross-industry,cross-industry,1235,29-1128,Exercise Physiologists,detailed,"8,560",5.4,,,,,29.30,"60,940",1.3,20.56,23.86,28.59,32.32,38.73,"42,760","49,620","59,460","67,230","80,560",,
99,U.S.,1,US,000000,Cross-industry,cross-industry,1235,29-1129,"Therapists, All Other",detailed,"22,640",5.5,,,,,43.47,"90,420",3.4,22.37,28.29,37.47,50.85,73.33,"46,540","58,850","77,930","105,760","152,530",,
99,U.S.,1,US,000000,Cross-industry,cross-industry,1235,29-1130,Veterinarians,broad,"83,900",1.3,,,,,68.60,"142,680",0.9,35.54,48.78,62.55,79.87,103.70,"73,920","101,460","130,100","166,120","215,700",,
99,U.S.,1,US,000000,Cross-industry,cross-industry,1235,29-1131,Veterinarians,detailed,"83,900",1.3,,,,,68.60,"142,680",0.9,35.54,48.78,62.55,79.87,103.70,"73,920","101,460","130,100","166,120","215,700",,
99,U.S.,1,US,000000,Cross-industry,cross-industry,1235,29-1140,Registered Nurses,broad,"3,379,720",0.3,,,,,48.76,"101,420",0.2,33.14,38.62,46.90,54.02,66.09,"68,940","80,330","97,550","112,350","137,470",,
99,U.S.,1,US,000000,Cross-industry,cross-industry,1235,29-1141,Registered Nurses,detailed,"3,379,720",0.3,,,,,48.76,"101,420",0.2,33.14,38.62,46.90,54.02,66.09,"68,940","80,330","97,550","112,350","137,470",,
99,U.S.,1,US,000000,Cross-industry,cross-industry,1235,29-1150,Nurse Anesthetists,broad,"51,840",4.5,,,,,119.38,"248,320",1.6,74.64,99.39,113.75,141.51,163.22,"155,250","206,730","236,590","294,350","339,500",,
99,U.S.,1,US,000000,Cross-industry,cross-industry,1235,29-1151,Nurse Anesthetists,detailed,"51,840",4.5,,,,,119.38,"248,320",1.6,74.64,99.39,113.75,141.51,163.22,"155,250","206,730","236,590","294,350","339,500",,
99,U.S.,1,US,000000,Cross-industry,cross-industry,1235,29-1160,Nurse Midwives,broad,"7,920",5.5,,,,,65.86,"136,980",1.0,45.01,56.01,64.44,75.67,90.54,"93,620","116,510","134,040","157,400","188,320",,
99,U.S.,1,US,000000,Cross-industry,cross-industry,1235,29-1161,Nurse Midwives,detailed,"7,920",5.5,,,,,65.86,"136,980",1.0,45.01,56.01,64.44,75.67,90.54,"93,620","116,510","134,040","157,400","188,320",,
99,U.S.,1,US,000000,Cross-industry,cross-industry,1235,29-1170,Nurse Practitioners,broad,"323,040",1.2,,,,,66.01,"137,300",0.3,48.72,56.73,63.61,75.34,83.86,"101,340","117,990","132,300","156,700","174,420",,
99,U.S.,1,US,000000,Cross-industry,cross-industry,1235,29-1171,Nurse Practitioners,detailed,"323,040",1.2,,,,,66.01,"137,300",0.3,48.72,56.73,63.61,75.34,83.86,"101,340","117,990","132,300","156,700","174,420",,
99,U.S.,1,US,000000,Cross-industry,cross-industry,1235,29-1180,Audiologists,broad,"13,660",4.8,,,,,46.99,"97,740",2.0,31.06,38.14,46.05,53.51,64.00,"64,610","79,340","95,780","111,300","133,120",,
99,U.S.,1,US,000000,Cross-industry,cross-industry,1235,29-1181,Audiologists,detailed,"13,660",4.8,,,,,46.99,"97,740",2.0,31.06,38.14,46.05,53.51,64.00,"64,610","79,340","95,780","111,300","133,120",,
99,U.S.,1,US,000000,Cross-industry,cross-industry,1235,29-1210,Physicians,broad,"754,760",1.0,,,,,133.30,"277,260",0.9,36.43,66.30,130.33,186.26,229.80,"75,760","137,900","271,090","387,420","477,980",,
99,U.S.,1,US,000000,Cross-industry,cross-industry,1235,29-1211,Anesthesiologists,detailed,"38,760",11.0,,,,,173.35,"360,570",2.8,48.78,99.52,188.22,235.83,267.85,"101,460","207,000","391,490","490,530","557,130",,
99,U.S.,1,US,000000,Cross-industry,cross-industry,1235,29-1212,Cardiologists,detailed,"17,290",5.4,,,,,218.72,"454,940",2.2,51.53,131.87,238.47,293.30,342.37,"107,190","274,280","496,010","610,060","712,130",,
99,U.S.,1,US,000000,Cross-industry,cross-industry,1235,29-1213,Dermatologists,detailed,"11,370",9.4,,,,,155.55,"323,530",4.2,49.43,67.30,158.04,217.52,278.15,"102,810","139,990","328,730","452,450","578,560",,
99,U.S.,1,US,000000,Cross-industry,cross-industry,1235,29-1214,Emergency Medicine Physicians,detailed,"32,880",4.3,,,,,152.64,"317,480",3.0,49.81,88.86,161.32,201.39,238.42,"103,610","184,830","335,550","418,890","495,910",,
99,U.S.,1,US,000000,Cross-industry,cross-industry,1235,29-1215,Family Medicine Physicians,detailed,"107,510",5.1,,,,,122.99,"255,820",2.4,36.94,78.09,117.39,160.71,206.03,"76,830","162,420","244,180","334,270","428,550",,
99,U.S.,1,US,000000,Cross-industry,cross-industry,1235,29-1216,General Internal Medicine Physicians,detailed,"67,150",4.3,,,,,128.46,"267,200",2.5,35.37,59.84,123.35,180.22,228.57,"73,570","124,470","256,560","374,850","475,430",,
99,U.S.,1,US,000000,Cross-industry,cross-industry,1235,29-1217,Neurologists,detailed,"10,590",9.9,,,,,128.67,"267,630",6.6,40.08,75.00,119.50,172.11,216.72,"83,370","155,990","248,560","357,990","450,780",,
99,U.S.,1,US,000000,Cross-industry,cross-industry,1235,29-1218,Obstetricians and Gynecologists,detailed,"21,260",5.7,,,,,134.16,"279,040",2.3,45.52,86.45,140.82,177.59,210.24,"94,680","179,810","292,910","369,390","437,300",,
99,U.S.,1,US,000000,Cross-industry,cross-industry,1235,29-1221,"Pediatricians, General",detailed,"39,390",4.9,,,,,101.98,"212,110",2.6,43.98,66.49,100.98,131.59,162.74,"91,470","138,290","210,040","273,700","338,500",,
99,U.S.,1,US,000000,Cross-industry,cross-industry,1235,29-1222,"Physicians, Pathologists",detailed,"11,110",7.1,,,,,137.22,"285,420",3.5,44.49,89.57,150.19,179.22,216.33,"92,540","186,300","312,400","372,780","449,970",,
99,U.S.,1,US,000000,Cross-industry,cross-industry,1235,29-1223,Psychiatrists,detailed,"27,980",3.5,,,,,129.78,"269,940",2.4,40.41,74.11,135.51,174.39,214.67,"84,060","154,150","281,870","362,740","446,520",,
99,U.S.,1,US,000000,Cross-industry,cross-industry,1235,29-1224,Radiologists,detailed,"26,770",7.3,,,,,183.43,"381,530",2.6,42.79,104.23,202.34,243.27,285.78,"89,010","216,800","420,860","506,010","594,410",,
99,U.S.,1,US,000000,Cross-industry,cross-industry,1235,29-1229,"Physicians, All Other",detailed,"342,720",1.4,,,,,125.98,"262,040",1.0,33.26,49.48,127.85,182.10,217.48,"69,170","102,930","265,930","378,770","452,360",,
99,U.S.,1,US,000000,Cross-industry,cross-industry,1235,29-1240,Surgeons,broad,"49,380",5.6,,,,,175.17,"364,360",3.0,40.21,82.94,177.66,241.14,308.02,"83,630","172,510","369,540","501,570","640,680",,
99,U.S.,1,US,000000,Cross-industry,cross-industry,1235,29-1241,"Ophthalmologists, Except Pediatric",detailed,"8,950",13.0,,,,,146.47,"304,650",5.4,48.16,83.49,144.27,202.66,235.44,"100,180","173,650","300,080","421,530","489,710",,
99,U.S.,1,US,000000,Cross-industry,cross-industry,1235,29-1242,"Orthopedic Surgeons, Except Pediatric",detailed,"14,100",10.9,,,,,179.60,"373,570",3.6,40.46,86.83,172.38,255.15,316.97,"84,170","180,610","358,550","530,700","659,290",,
99,U.S.,1,US,000000,Cross-industry,cross-industry,1235,29-1243,Pediatric Surgeons,detailed,"1,190",33.7,,,,,241.37,"502,050",5.1,103.56,161.72,268.76,280.38,349.35,"215,410","336,380","559,030","583,200","726,660",,
99,U.S.,1,US,000000,Cross-industry,cross-industry,1235,29-1249,"Surgeons, All Other",detailed,"25,140",9.6,,,,,179.78,"373,930",5.3,38.62,64.83,199.04,245.87,315.06,"80,320","134,850","414,010","511,420","655,320",,
99,U.S.,1,US,000000,Cross-industry,cross-industry,1235,29-1290,Miscellaneous Healthcare Diagnosing or Treating Practitioners,broad,"259,190",1.4,,,,,48.94,"101,800",1.2,34.39,39.99,47.29,55.03,63.02,"71,530","83,190","98,370","114,460","131,080",,
99,U.S.,1,US,000000,Cross-industry,cross-industry,1235,29-1291,Acupuncturists,detailed,"7,830",12.9,,,,,41.84,"87,020",5.6,18.67,26.63,36.56,49.17,77.63,"38,830","55,380","76,040","102,280","161,470",,
99,U.S.,1,US,000000,Cross-industry,cross-industry,1235,29-1292,Dental Hygienists,detailed,"222,740",1.6,,,,,47.59,"98,990",1.0,36.00,40.18,47.16,52.16,60.60,"74,880","83,570","98,100","108,480","126,050",,
99,U.S.,1,US,000000,Cross-industry,cross-industry,1235,29-1299,"Healthcare Diagnosing or Treating Practitioners, All Other",detailed,"28,630",1.9,,,,,61.38,"127,660",5.5,31.35,40.28,55.39,77.63,93.84,"65,210","83,780","115,210","161,470","195,190",,
99,U.S.,1,US,000000,Cross-industry,cross-industry,1235,29-2000,Health Technologists and Technicians,minor,"3,159,280",0.3,,,,,29.77,"61,910",0.2,18.00,21.80,27.97,36.25,45.41,"37,440","45,340","58,180","75,400","94,440",,
99,U.S.,1,US,000000,Cross-industry,cross-industry,1235,29-2010,Clinical Laboratory Technologists and Technicians,broad,"332,940",0.9,,,,,32.38,"67,350",0.3,18.71,22.91,30.26,39.16,48.55,"38,910","47,650","62,930","81,450","100,990",,
99,U.S.,1,US,000000,Cross-industry,cross-industry,1235,29-2010,Clinical Laboratory Technologists and Technicians,detailed,"332,940",0.9,,,,,32.38,"67,350",0.3,18.71,22.91,30.26,39.16,48.55,"38,910","47,650","62,930","81,450","100,990",,
99,U.S.,1,US,000000,Cross-industry,cross-industry,1235,29-2030,Diagnostic Related Technologists and Technicians,broad,"447,490",0.8,,,,,42.34,"88,070",0.2,25.63,32.38,40.09,49.37,60.51,"53,300","67,350","83,390","102,680","125,850",,
99,U.S.,1,US,000000,Cross-industry,cross-industry,1235,29-2031,Cardiovascular Technologists and Technicians,detailed,"62,960",2.1,,,,,36.99,"76,940",0.5,18.75,23.02,35.73,47.17,58.34,"39,000","47,890","74,310","98,110","121,350",,
99,U.S.,1,US,000000,Cross-industry,cross-industry,1235,29-2032,Diagnostic Medical Sonographers,detailed,"90,160",1.4,,,,,46.75,"97,240",0.3,32.60,38.67,46.44,51.41,62.20,"67,820","80,430","96,590","106,930","129,370",,
99,U.S.,1,US,000000,Cross-industry,cross-industry,1235,29-2033,Nuclear Medicine Technologists,detailed,"17,080",1.8,,,,,50.56,"105,160",0.8,37.54,41.69,48.74,56.31,64.66,"78,080","86,720","101,370","117,120","134,500",,
99,U.S.,1,US,000000,Cross-industry,cross-industry,1235,29-2034,Radiologic Technologists and Technicians,detailed,"230,490",0.9,,,,,40.31,"83,840",0.2,26.91,31.16,38.52,47.47,57.05,"55,980","64,810","80,110","98,750","118,660",,
99,U.S.,1,US,000000,Cross-industry,cross-industry,1235,29-2035,Magnetic Resonance Imaging Technologists,detailed,"43,390",1.7,,,,,46.21,"96,120",0.4,33.12,38.96,45.91,51.12,61.38,"68,890","81,040","95,480","106,340","127,670",,
99,U.S.,1,US,000000,Cross-industry,cross-industry,1235,29-2036,Medical Dosimetrists,detailed,"3,410",6.2,,,,,71.40,"148,500",1.2,53.69,63.50,70.90,80.31,89.16,"111,670","132,080","147,470","167,030","185,450",,
99,U.S.,1,US,000000,Cross-industry,cross-industry,1235,29-2040,Emergency Medical Technicians and Paramedics,broad,"281,120",0.9,,,,,25.36,"52,750",0.3,17.31,19.15,23.15,29.23,36.93,"36,000","39,840","48,150","60,790","76,810",,
99,U.S.,1,US,000000,Cross-industry,cross-industry,1235,29-2042,Emergency Medical Technicians,detailed,"180,510",0.9,,,,,22.52,"46,830",0.3,16.41,18.25,21.38,24.09,30.05,"34,130","37,960","44,470","50,100","62,500",,
99,U.S.,1,US,000000,Cross-industry,cross-industry,1235,29-2043,Paramedics,detailed,"100,610",1.2,,,,,30.46,"63,360",0.3,21.27,23.88,29.13,35.32,40.80,"44,230","49,660","60,600","73,470","84,850",,
99,U.S.,1,US,000000,Cross-industry,cross-industry,1235,29-2050,Health Practitioner Support Technologists and Technicians,broad,"977,800",0.5,,,,,23.77,"49,440",0.2,17.24,18.45,22.40,27.11,32.67,"35,870","38,370","46,580","56,380","67,950",,
99,U.S.,1,US,000000,Cross-industry,cross-industry,1235,29-2051,Dietetic Technicians,detailed,"31,560",2.5,,,,,19.54,"40,630",0.6,14.29,16.29,18.09,22.00,25.97,"29,720","33,880","37,640","45,750","54,020",,
99,U.S.,1,US,000000,Cross-industry,cross-industry,1235,29-2052,Pharmacy Technicians,detailed,"471,680",0.6,,,,,22.41,"46,620",0.2,17.32,18.20,22.00,24.04,29.35,"36,020","37,850","45,750","49,990","61,040",,
99,U.S.,1,US,000000,Cross-industry,cross-industry,1235,29-2053,Psychiatric Technicians,detailed,"156,960",1.8,,,,,22.41,"46,610",0.4,16.87,18.48,21.70,24.12,29.21,"35,090","38,430","45,130","50,160","60,750",,
99,U.S.,1,US,000000,Cross-industry,cross-industry,1235,29-2055,Surgical Technologists,detailed,"117,460",1.2,,,,,33.03,"68,710",0.3,22.09,26.29,31.08,38.34,46.61,"45,940","54,690","64,650","79,750","96,940",,
99,U.S.,1,US,000000,Cross-industry,cross-industry,1235,29-2056,Veterinary Technologists and Technicians,detailed,"129,140",1.5,,,,,23.61,"49,120",0.5,17.17,18.71,22.78,27.72,30.38,"35,710","38,910","47,380","57,650","63,180",,
99,U.S.,1,US,000000,Cross-industry,cross-industry,1235,29-2057,Ophthalmic Medical Technicians,detailed,"71,010",4.0,,,,,22.63,"47,060",0.6,17.17,18.35,21.91,24.71,29.78,"35,700","38,170","45,570","51,390","61,940",,
99,U.S.,1,US,000000,Cross-industry,cross-industry,1235,29-2060,Licensed Practical and Licensed Vocational Nurses,broad,"648,410",0.6,,,,,32.24,"67,050",0.3,23.91,28.37,30.96,36.55,40.12,"49,740","59,000","64,400","76,030","83,440",,
99,U.S.,1,US,000000,Cross-industry,cross-industry,1235,29-2061,Licensed Practical and Licensed Vocational Nurses,detailed,"648,410",0.6,,,,,32.24,"67,050",0.3,23.91,28.37,30.96,36.55,40.12,"49,740","59,000","64,400","76,030","83,440",,
99,U.S.,1,US,000000,Cross-industry,cross-industry,1235,29-2070,Medical Records Specialists,broad,"194,720",1.1,,,,,27.30,"56,790",0.4,17.79,20.91,24.59,31.17,39.01,"37,000","43,490","51,140","64,820","81,150",,
99,U.S.,1,US,000000,Cross-industry,cross-industry,1235,29-2072,Medical Records Specialists,detailed,"194,720",1.1,,,,,27.30,"56,790",0.4,17.79,20.91,24.59,31.17,39.01,"37,000","43,490","51,140","64,820","81,150",,
99,U.S.,1,US,000000,Cross-industry,cross-industry,1235,29-2080,"Opticians, Dispensing",broad,"73,530",2.2,,,,,24.89,"51,770",0.6,17.12,18.66,22.72,29.66,36.90,"35,610","38,820","47,260","61,700","76,750",,
99,U.S.,1,US,000000,Cross-industry,cross-industry,1235,29-2081,"Opticians, Dispensing",detailed,"73,530",2.2,,,,,24.89,"51,770",0.6,17.12,18.66,22.72,29.66,36.90,"35,610","38,820","47,260","61,700","76,750",,
99,U.S.,1,US,000000,Cross-industry,cross-industry,1235,29-2090,Miscellaneous Health Technologists and Technicians,broad,"203,270",1.1,,,,,28.99,"60,290",0.5,18.42,21.50,24.75,32.92,44.46,"38,320","44,720","51,490","68,470","92,480",,
99,U.S.,1,US,000000,Cross-industry,cross-industry,1235,29-2091,Orthotists and Prosthetists,detailed,"9,390",9.7,,,,,40.26,"83,740",1.6,22.28,29.47,38.99,48.07,57.60,"46,350","61,290","81,110","99,990","119,810",,
99,U.S.,1,US,000000,Cross-industry,cross-industry,1235,29-2092,Hearing Aid Specialists,detailed,"11,270",5.6,,,,,31.91,"66,370",1.4,18.46,23.27,31.33,38.47,45.20,"38,400","48,390","65,160","80,010","94,020",,
99,U.S.,1,US,000000,Cross-industry,cross-industry,1235,29-2099,"Health Technologists and Technicians, All Other",detailed,"182,610",1.3,,,,,28.23,"58,710",0.6,18.36,21.24,24.18,30.93,40.99,"38,180","44,170","50,290","64,340","85,270",,
99,U.S.,1,US,000000,Cross-industry,cross-industry,1235,29-9000,Other Healthcare Practitioners and Technical Occupations,minor,"129,610",1.4,,,,,35.55,"73,950",0.5,19.57,24.50,31.34,42.69,54.99,"40,710","50,970","65,190","88,790","114,380",,
99,U.S.,1,US,000000,Cross-industry,cross-industry,1235,29-9020,Health Information Technologists and Medical Registrars,broad,"38,100",1.9,,,,,36.04,"74,970",0.7,19.15,23.53,32.70,45.98,56.45,"39,830","48,940","68,020","95,630","117,420",,
99,U.S.,1,US,000000,Cross-industry,cross-industry,1235,29-9021,Health Information Technologists and Medical Registrars,detailed,"38,100",1.9,,,,,36.04,"74,970",0.7,19.15,23.53,32.70,45.98,56.45,"39,830","48,940","68,020","95,630","117,420",,
99,U.S.,1,US,000000,Cross-industry,cross-industry,1235,29-9090,Miscellaneous Health Practitioners and Technical Workers,broad,"91,510",1.8,,,,,35.35,"73,520",0.6,19.94,24.80,30.94,41.34,54.28,"41,480","51,580","64,360","85,990","112,900",,
99,U.S.,1,US,000000,Cross-industry,cross-industry,1235,29-9091,Athletic Trainers,detailed,"30,500",2.4,,,,,*,"66,620",0.4,*,*,*,*,*,"48,180","55,130","62,520","74,630","88,760",TRUE,
99,U.S.,1,US,000000,Cross-industry,cross-industry,1235,29-9092,Genetic Counselors,detailed,"3,740",5.7,,,,,50.30,"104,620",1.2,37.63,42.74,48.09,55.84,66.71,"78,270","88,900","100,040","116,140","138,760",,
99,U.S.,1,US,000000,Cross-industry,cross-industry,1235,29-9093,Surgical Assistants,detailed,"22,270",6.4,,,,,34.96,"72,710",2.3,19.08,24.12,32.11,42.31,51.74,"39,690","50,170","66,800","88,010","107,610",,
99,U.S.,1,US,000000,Cross-industry,cross-industry,1235,29-9099,"Healthcare Practitioners and Technical Workers, All Other",detailed,"35,010",1.6,,,,,36.89,"76,720",0.8,18.59,22.96,31.63,46.64,62.42,"38,660","47,750","65,790","97,000","129,830",,
99,U.S.,1,US,000000,Cross-industry,cross-industry,1235,31-0000,Healthcare Support Occupations,major,"7,901,670",0.2,,,,,19.62,"40,800",0.2,13.93,16.50,18.43,22.08,26.07,"28,980","34,320","38,340","45,930","54,230",,
99,U.S.,1,US,000000,Cross-industry,cross-industry,1235,31-1100,"Home Health and Personal Care Aides; and Nursing Assistants, Orderlies, and Psychiatric Aides",minor,"5,842,680",0.2,,,,,18.20,"37,850",0.2,13.58,16.50,17.82,20.56,22.81,"28,250","34,320","37,070","42,770","47,430",,
99,U.S.,1,US,000000,Cross-industry,cross-industry,1235,31-1120,Home Health and Personal Care Aides,broad,"4,305,810",0.3,,,,,17.36,"36,120",0.3,13.00,15.35,17.21,18.98,21.65,"27,040","31,920","35,800","39,470","45,040",,
99,U.S.,1,US,000000,Cross-industry,cross-industry,1235,31-1120,Home Health and Personal Care Aides,detailed,"4,305,810",0.3,,,,,17.36,"36,120",0.3,13.00,15.35,17.21,18.98,21.65,"27,040","31,920","35,800","39,470","45,040",,
99,U.S.,1,US,000000,Cross-industry,cross-industry,1235,31-1130,"Nursing Assistants, Orderlies, and Psychiatric Aides",broad,"1,536,870",0.4,,,,,20.53,"42,700",0.2,16.26,17.89,20.18,22.71,25.11,"33,820","37,210","41,970","47,230","52,230",,
99,U.S.,1,US,000000,Cross-industry,cross-industry,1235,31-1131,Nursing Assistants,detailed,"1,448,910",0.4,,,,,20.53,"42,700",0.2,16.32,17.91,20.32,22.70,24.99,"33,940","37,260","42,260","47,220","51,980",,
99,U.S.,1,US,000000,Cross-industry,cross-industry,1235,31-1132,Orderlies,detailed,"52,440",0.9,,,,,19.55,"40,660",0.3,15.50,17.10,18.41,21.42,24.33,"32,240","35,570","38,290","44,560","50,600",,
99,U.S.,1,US,000000,Cross-industry,cross-industry,1235,31-1133,Psychiatric Aides,detailed,"35,520",2.3,,,,,21.97,"45,690",0.6,15.43,18.15,21.59,24.01,29.06,"32,090","37,750","44,910","49,950","60,440",,
99,U.S.,1,US,000000,Cross-industry,cross-industry,1235,31-2000,Occupational Therapy and Physical Therapist Assistants and Aides,minor,"216,180",1.3,,,,,29.57,"61,510",0.5,15.62,20.91,30.31,36.74,40.74,"32,480","43,480","63,030","76,430","84,730",,
99,U.S.,1,US,000000,Cross-industry,cross-industry,1235,31-2010,Occupational Therapy Assistants and Aides,broad,"55,600",2.3,,,,,33.00,"68,640",0.5,21.70,28.90,34.04,37.76,42.74,"45,130","60,120","70,800","78,540","88,900",,
99,U.S.,1,US,000000,Cross-industry,cross-industry,1235,31-2011,Occupational Therapy Assistants,detailed,"51,290",2.4,,,,,33.99,"70,710",0.5,24.76,29.67,34.76,38.06,43.16,"51,490","61,710","72,300","79,160","89,780",,
99,U.S.,1,US,000000,Cross-industry,cross-industry,1235,31-2012,Occupational Therapy Aides,detailed,"4,310",7.8,,,,,21.21,"44,110",2.2,14.15,17.27,18.83,22.49,33.75,"29,430","35,920","39,160","46,780","70,200",,
99,U.S.,1,US,000000,Cross-industry,cross-industry,1235,31-2020,Physical Therapist Assistants and Aides,broad,"160,580",1.5,,,,,28.39,"59,040",0.6,14.99,18.07,29.42,36.18,40.11,"31,180","37,590","61,200","75,260","83,420",,
99,U.S.,1,US,000000,Cross-industry,cross-industry,1235,31-2021,Physical Therapist Assistants,detailed,"112,430",1.4,,,,,33.04,"68,730",0.4,22.96,28.76,32.88,37.83,43.04,"47,750","59,820","68,380","78,680","89,510",,
99,U.S.,1,US,000000,Cross-industry,cross-industry,1235,31-2022,Physical Therapist Aides,detailed,"48,150",3.5,,,,,17.52,"36,430",1.2,12.19,14.62,16.94,18.66,22.97,"25,360","30,410","35,240","38,810","47,780",,
99,U.S.,1,US,000000,Cross-industry,cross-industry,1235,31-9000,Other Healthcare Support Occupations,minor,"1,842,810",0.6,,,,,22.95,"47,730",0.2,17.08,18.44,22.20,24.91,29.76,"35,530","38,360","46,180","51,800","61,900",,
99,U.S.,1,US,000000,Cross-industry,cross-industry,1235,31-9010,Massage Therapists,broad,"98,790",2.6,,,,,30.69,"63,830",1.3,16.17,20.91,28.10,37.66,48.17,"33,640","43,480","58,450","78,320","100,200",,
99,U.S.,1,US,000000,Cross-industry,cross-industry,1235,31-9011,Massage Therapists,detailed,"98,790",2.6,,,,,30.69,"63,830",1.3,16.17,20.91,28.10,37.66,48.17,"33,640","43,480","58,450","78,320","100,200",,
99,U.S.,1,US,000000,Cross-industry,cross-industry,1235,31-9090,Miscellaneous Healthcare Support Occupations,broad,"1,744,020",0.6,,,,,22.51,"46,810",0.2,17.13,18.42,22.12,24.23,29.18,"35,630","38,320","46,020","50,400","60,700",,
99,U.S.,1,US,000000,Cross-industry,cross-industry,1235,31-9091,Dental Assistants,detailed,"387,790",0.9,,,,,24.13,"50,200",0.4,17.85,21.32,23.11,27.93,29.93,"37,130","44,340","48,070","58,090","62,250",,
99,U.S.,1,US,000000,Cross-industry,cross-industry,1235,31-9092,Medical Assistants,detailed,"817,870",1.2,,,,,22.17,"46,120",0.3,17.33,18.50,21.97,23.65,28.52,"36,050","38,470","45,690","49,180","59,310",,
99,U.S.,1,US,000000,Cross-industry,cross-industry,1235,31-9093,Medical Equipment Preparers,detailed,"77,420",1.1,,,,,24.28,"50,510",0.4,17.50,19.13,22.93,28.16,33.63,"36,410","39,800","47,700","58,570","69,950",,
99,U.S.,1,US,000000,Cross-industry,cross-industry,1235,31-9094,Medical Transcriptionists,detailed,"41,550",3.7,,,,,20.05,"41,710",0.9,13.58,16.42,19.43,23.08,26.90,"28,250","34,150","40,410","48,000","55,950",,
99,U.S.,1,US,000000,Cross-industry,cross-industry,1235,31-9095,Pharmacy Aides,detailed,"39,530",3.4,,,,,19.45,"40,450",0.9,14.34,16.82,18.12,20.98,26.93,"29,820","34,980","37,680","43,640","56,010",,
99,U.S.,1,US,000000,Cross-industry,cross-industry,1235,31-9096,Veterinary Assistants and Laboratory Animal Caretakers,detailed,"126,580",1.5,,,,,19.39,"40,340",0.3,14.48,17.15,18.34,21.98,23.63,"30,120","35,660","38,150","45,710","49,150",,
99,U.S.,1,US,000000,Cross-industry,cross-industry,1235,31-9097,Phlebotomists,detailed,"143,540",1.2,,,,,21.88,"45,520",0.3,17.20,18.36,21.75,23.53,28.26,"35,780","38,190","45,230","48,930","58,780",,
99,U.S.,1,US,000000,Cross-industry,cross-industry,1235,31-9099,"Healthcare Support Workers, All Other",detailed,"109,740",1.4,,,,,24.43,"50,810",0.4,16.71,18.98,23.28,28.71,34.36,"34,770","39,470","48,430","59,710","71,470",,
99,U.S.,1,US,000000,Cross-industry,cross-industry,1235,33-0000,Protective Service Occupations,major,"3,776,610",0.2,,,,,29.19,"60,720",0.3,15.79,17.96,24.08,36.54,49.26,"32,850","37,350","50,080","75,990","102,470",,
99,U.S.,1,US,000000,Cross-industry,cross-industry,1235,33-1000,Supervisors of Protective Service Workers,minor,"409,310",0.4,,,,,44.49,"92,550",0.3,22.46,29.33,41.55,56.98,69.23,"46,730","61,010","86,430","118,510","143,990",,
99,U.S.,1,US,000000,Cross-industry,cross-industry,1235,33-1010,First-Line Supervisors of Law Enforcement Workers,broad,"208,000",0.3,,,,,50.51,"105,050",0.2,28.10,36.36,48.10,61.25,76.83,"58,450","75,630","100,050","127,390","159,810",,
99,U.S.,1,US,000000,Cross-industry,cross-industry,1235,33-1011,First-Line Supervisors of Correctional Officers,detailed,"53,380",0.4,,,,,40.57,"84,380",0.2,25.16,28.80,37.49,49.68,61.43,"52,330","59,890","77,970","103,320","127,780",,
99,U.S.,1,US,000000,Cross-industry,cross-industry,1235,33-1012,First-Line Supervisors of Police and Detectives,detailed,"154,610",0.4,,,,,53.94,"112,190",0.3,30.46,39.35,50.98,63.76,79.38,"63,350","81,860","106,040","132,620","165,110",,
99,U.S.,1,US,000000,Cross-industry,cross-industry,1235,33-1020,First-Line Supervisors of Firefighting and Prevention Workers,broad,"99,140",1.1,,,,,46.60,"96,930",0.5,25.69,34.68,44.96,57.45,67.31,"53,430","72,140","93,530","119,500","140,010",,
99,U.S.,1,US,000000,Cross-industry,cross-industry,1235,33-1021,First-Line Supervisors of Firefighting and Prevention Workers,detailed,"99,140",1.1,,,,,46.60,"96,930",0.5,25.69,34.68,44.96,57.45,67.31,"53,430","72,140","93,530","119,500","140,010",,
99,U.S.,1,US,000000,Cross-industry,cross-industry,1235,33-1090,"Miscellaneous First-Line Supervisors, Protective Service Workers",broad,"102,170",1.1,,,,,30.21,"62,830",0.6,18.07,21.94,28.00,36.86,46.27,"37,590","45,630","58,230","76,660","96,240",,
99,U.S.,1,US,000000,Cross-industry,cross-industry,1235,33-1091,First-Line Supervisors of Security Workers,detailed,"81,480",1.3,,,,,28.80,"59,900",0.7,17.93,21.65,26.90,34.59,44.35,"37,300","45,030","55,940","71,950","92,260",,
99,U.S.,1,US,000000,Cross-industry,cross-industry,1235,33-1099,"First-Line Supervisors of Protective Service Workers, All Other",detailed,"20,690",1.9,,,,,35.76,"74,390",0.7,19.77,25.19,36.73,44.66,49.72,"41,110","52,400","76,400","92,890","103,420",,
99,U.S.,1,US,000000,Cross-industry,cross-industry,1235,33-2000,Firefighting and Prevention Workers,minor,"362,570",1.1,,,,,30.88,"64,220",0.6,16.90,21.54,28.67,37.35,48.67,"35,140","44,800","59,630","77,690","101,230",,
99,U.S.,1,US,000000,Cross-industry,cross-industry,1235,33-2010,Firefighters,broad,"345,990",1.1,,,,,30.59,"63,630",0.6,16.79,21.39,28.50,37.14,48.58,"34,910","44,490","59,280","77,250","101,040",,
99,U.S.,1,US,000000,Cross-industry,cross-industry,1235,33-2011,Firefighters,detailed,"345,990",1.1,,,,,30.59,"63,630",0.6,16.79,21.39,28.50,37.14,48.58,"34,910","44,490","59,280","77,250","101,040",,
99,U.S.,1,US,000000,Cross-industry,cross-industry,1235,33-2020,Fire Inspectors,broad,"16,580",3.9,,,,,36.85,"76,650",1.3,20.78,26.68,35.42,45.33,56.29,"43,220","55,490","73,680","94,290","117,090",,
99,U.S.,1,US,000000,Cross-industry,cross-industry,1235,33-2021,Fire Inspectors and Investigators,detailed,"13,800",4.1,,,,,37.82,"78,670",1.2,22.37,28.22,36.50,45.73,57.09,"46,530","58,690","75,920","95,120","118,750",,
99,U.S.,1,US,000000,Cross-industry,cross-industry,1235,33-2022,Forest Fire Inspectors and Prevention Specialists,detailed,"2,780",7.5,,,,,32.04,"66,640",3.7,17.03,21.04,27.34,39.18,50.70,"35,420","43,760","56,870","81,500","105,460",,
99,U.S.,1,US,000000,Cross-industry,cross-industry,1235,33-3000,Law Enforcement Workers,minor,"1,201,970",0.2,,,,,36.42,"75,760",0.2,22.04,26.51,34.63,45.09,53.57,"45,850","55,150","72,020","93,800","111,420",,
99,U.S.,1,US,000000,Cross-industry,cross-industry,1235,33-3010,"Bailiffs, Correctional Officers, and Jailers",broad,"397,800",0.4,,,,,30.55,"63,540",0.2,20.49,23.30,28.30,36.46,44.82,"42,620","48,470","58,850","75,840","93,220",,
99,U.S.,1,US,000000,Cross-industry,cross-industry,1235,33-3011,Bailiffs,detailed,"17,310",1.3,,,,,29.65,"61,660",0.6,15.45,21.02,27.21,35.88,46.53,"32,140","43,720","56,600","74,630","96,770",,
99,U.S.,1,US,000000,Cross-industry,cross-industry,1235,33-3012,Correctional Officers and Jailers,detailed,"380,500",0.4,,,,,30.59,"63,630",0.2,20.56,23.38,28.34,36.47,44.82,"42,760","48,640","58,940","75,850","93,220",,
99,U.S.,1,US,000000,Cross-industry,cross-industry,1235,33-3020,Detectives and Criminal Investigators,broad,"114,430",0.3,,,,,47.80,"99,430",0.1,26.63,33.33,45.09,57.94,77.18,"55,390","69,330","93,790","120,520","160,540",,
99,U.S.,1,US,000000,Cross-industry,cross-industry,1235,33-3021,Detectives and Criminal Investigators,detailed,"114,430",0.3,,,,,47.80,"99,430",0.1,26.63,33.33,45.09,57.94,77.18,"55,390","69,330","93,790","120,520","160,540",,
99,U.S.,1,US,000000,Cross-industry,cross-industry,1235,33-3030,Fish and Game Wardens,broad,"5,770",0.5,,,,,36.03,"74,950",0.1,24.51,29.53,35.60,42.84,48.55,"50,990","61,430","74,060","89,110","100,980",,
99,U.S.,1,US,000000,Cross-industry,cross-industry,1235,33-3031,Fish and Game Wardens,detailed,"5,770",0.5,,,,,36.03,"74,950",0.1,24.51,29.53,35.60,42.84,48.55,"50,990","61,430","74,060","89,110","100,980",,
99,U.S.,1,US,000000,Cross-industry,cross-industry,1235,33-3040,Parking Enforcement Workers,broad,"9,050",4.8,,,,,24.61,"51,190",0.9,16.89,19.17,22.47,29.08,36.22,"35,130","39,870","46,730","60,490","75,340",,
99,U.S.,1,US,000000,Cross-industry,cross-industry,1235,33-3041,Parking Enforcement Workers,detailed,"9,050",4.8,,,,,24.61,"51,190",0.9,16.89,19.17,22.47,29.08,36.22,"35,130","39,870","46,730","60,490","75,340",,
99,U.S.,1,US,000000,Cross-industry,cross-industry,1235,33-3050,Police Officers,broad,"674,910",0.3,,,,,38.12,"79,280",0.3,22.86,28.51,36.66,46.93,55.49,"47,560","59,300","76,250","97,620","115,410",,
99,U.S.,1,US,000000,Cross-industry,cross-industry,1235,33-3051,Police and Sheriff's Patrol Officers,detailed,"670,520",0.3,,,,,38.08,"79,200",0.3,22.84,28.50,36.64,46.93,55.35,"47,510","59,290","76,210","97,600","115,120",,
99,U.S.,1,US,000000,Cross-industry,cross-industry,1235,33-3052,Transit and Railroad Police,detailed,"4,390",2.6,,,,,44.14,"91,810",1.0,27.73,33.17,43.38,57.35,60.53,"57,690","68,990","90,230","119,290","125,910",,
99,U.S.,1,US,000000,Cross-industry,cross-industry,1235,33-9000,Other Protective Service Workers,minor,"1,802,770",0.4,,,,,20.56,"42,770",0.3,14.28,16.66,18.22,22.33,29.54,"29,700","34,660","37,890","46,450","61,440",,
99,U.S.,1,US,000000,Cross-industry,cross-industry,1235,33-9010,Animal Control Workers,broad,"12,070",2.1,,,,,23.29,"48,440",0.5,15.91,18.15,21.95,27.44,32.72,"33,090","37,750","45,660","57,060","68,070",,
99,U.S.,1,US,000000,Cross-industry,cross-industry,1235,33-9011,Animal Control Workers,detailed,"12,070",2.1,,,,,23.29,"48,440",0.5,15.91,18.15,21.95,27.44,32.72,"33,090","37,750","45,660","57,060","68,070",,
99,U.S.,1,US,000000,Cross-industry,cross-industry,1235,33-9020,Private Detectives and Investigators,broad,"35,580",2.5,,,,,28.92,"60,150",1.0,17.66,19.57,24.62,35.57,46.94,"36,740","40,700","51,220","73,990","97,630",,
99,U.S.,1,US,000000,Cross-industry,cross-industry,1235,33-9021,Private Detectives and Investigators,detailed,"35,580",2.5,,,,,28.92,"60,150",1.0,17.66,19.57,24.62,35.57,46.94,"36,740","40,700","51,220","73,990","97,630",,
99,U.S.,1,US,000000,Cross-industry,cross-industry,1235,33-9030,Security Guards and Gambling Surveillance Officers,broad,"1,292,990",0.4,,,,,20.43,"42,490",0.4,14.53,16.93,18.29,22.22,28.31,"30,220","35,210","38,050","46,220","58,890",,
99,U.S.,1,US,000000,Cross-industry,cross-industry,1235,33-9031,Gambling Surveillance Officers and Gambling Investigators,detailed,"9,520",1.4,,,,,21.94,"45,630",0.4,15.74,17.44,20.85,23.66,29.79,"32,730","36,270","43,370","49,210","61,970",,
99,U.S.,1,US,000000,Cross-industry,cross-industry,1235,33-9032,Security Guards,detailed,"1,283,470",0.4,,,,,20.42,"42,470",0.4,14.52,16.93,18.28,22.21,28.29,"30,210","35,210","38,020","46,200","58,840",,
99,U.S.,1,US,000000,Cross-industry,cross-industry,1235,33-9090,Miscellaneous Protective Service Workers,broad,"462,130",0.9,,,,,20.21,"42,050",0.4,13.47,15.51,17.70,22.18,31.93,"28,010","32,260","36,810","46,130","66,410",,
99,U.S.,1,US,000000,Cross-industry,cross-industry,1235,33-9091,Crossing Guards and Flaggers,detailed,"94,360",2.5,,,,,20.84,"43,350",1.0,14.83,16.55,18.32,22.86,29.66,"30,840","34,430","38,100","47,540","61,690",,
99,U.S.,1,US,000000,Cross-industry,cross-industry,1235,33-9092,"Lifeguards, Ski Patrol, and Other Recreational Protective Service Workers",detailed,"157,550",1.8,,,,,16.57,"34,470",0.4,12.40,13.89,16.14,18.04,21.14,"25,780","28,880","33,580","37,520","43,970",,
99,U.S.,1,US,000000,Cross-industry,cross-industry,1235,33-9093,Transportation Security Screeners,detailed,"50,290",1.2,,,,,30.92,"64,310",0.3,21.49,27.43,32.10,35.01,37.67,"44,700","57,050","66,770","72,820","78,350",,
99,U.S.,1,US,000000,Cross-industry,cross-industry,1235,33-9094,School Bus Monitors,detailed,"78,420",2.0,,,,,16.90,"35,150",0.4,13.52,15.27,16.88,18.15,20.79,"28,130","31,760","35,100","37,760","43,250",,
99,U.S.,1,US,000000,Cross-industry,cross-industry,1235,33-9099,"Protective Service Workers, All Other",detailed,"81,500",2.5,,,,,23.11,"48,070",0.9,15.61,17.03,20.45,26.40,35.86,"32,470","35,420","42,540","54,910","74,590",,
99,U.S.,1,US,000000,Cross-industry,cross-industry,1235,35-0000,Food Preparation and Serving Related Occupations,major,"13,680,750",0.2,,,,,17.86,"37,150",0.4,11.11,13.83,16.85,20.12,24.68,"23,120","28,760","35,050","41,860","51,340",,
99,U.S.,1,US,000000,Cross-industry,cross-industry,1235,35-1000,Supervisors of Food Preparation and Serving Workers,minor,"1,423,280",1.0,,,,,23.59,"49,070",0.4,14.60,17.55,21.81,28.20,35.90,"30,370","36,510","45,370","58,650","74,660",,
99,U.S.,1,US,000000,Cross-industry,cross-industry,1235,35-1010,Supervisors of Food Preparation and Serving Workers,broad,"1,423,280",1.0,,,,,23.59,"49,070",0.4,14.60,17.55,21.81,28.20,35.90,"30,370","36,510","45,370","58,650","74,660",,
99,U.S.,1,US,000000,Cross-industry,cross-industry,1235,35-1011,Chefs and Head Cooks,detailed,"200,040",3.1,,,,,32.07,"66,700",1.1,18.22,23.29,30.03,37.86,47.39,"37,900","48,440","62,470","78,750","98,560",,
99,U.S.,1,US,000000,Cross-industry,cross-industry,1235,35-1012,First-Line Supervisors of Food Preparation and Serving Workers,detailed,"1,223,240",0.9,,,,,22.20,"46,180",0.4,14.40,17.30,21.19,26.24,31.52,"29,940","35,980","44,080","54,570","65,570",,
99,U.S.,1,US,000000,Cross-industry,cross-industry,1235,35-2000,Cooks and Food Preparation Workers,minor,"3,544,690",0.6,,,,,17.61,"36,630",0.4,12.75,14.55,17.46,20.32,22.66,"26,520","30,260","36,310","42,260","47,130",,
99,U.S.,1,US,000000,Cross-industry,cross-industry,1235,35-2010,Cooks,broad,"2,651,090",0.8,,,,,17.83,"37,080",0.4,12.85,14.60,17.62,20.72,22.84,"26,730","30,370","36,640","43,100","47,520",,
99,U.S.,1,US,000000,Cross-industry,cross-industry,1235,35-2011,"Cooks, Fast Food",detailed,"641,070",2.7,,,,,15.57,"32,390",0.6,10.86,13.11,14.85,17.92,20.63,"22,580","27,260","30,890","37,260","42,910",,
99,U.S.,1,US,000000,Cross-industry,cross-industry,1235,35-2012,"Cooks, Institution and Cafeteria",detailed,"441,050",0.7,,,,,18.66,"38,810",0.4,13.69,15.60,18.01,21.54,23.88,"28,480","32,440","37,450","44,800","49,670",,
99,U.S.,1,US,000000,Cross-industry,cross-industry,1235,35-2013,"Cooks, Private Household",detailed,"1,100",24.4,,,,,25.81,"53,680",7.0,17.35,19.54,23.05,26.66,43.81,"36,090","40,630","47,940","55,450","91,130",,
99,U.S.,1,US,000000,Cross-industry,cross-industry,1235,35-2014,"Cooks, Restaurant",detailed,"1,409,890",1.0,,,,,18.62,"38,730",0.4,13.80,16.35,17.98,21.45,23.03,"28,700","34,010","37,390","44,620","47,900",,
99,U.S.,1,US,000000,Cross-industry,cross-industry,1235,35-2015,"Cooks, Short Order",detailed,"138,650",5.2,,,,,17.37,"36,120",1.4,11.27,14.71,17.25,20.41,22.34,"23,440","30,610","35,880","42,450","46,460",,
99,U.S.,1,US,000000,Cross-industry,cross-industry,1235,35-2019,"Cooks, All Other",detailed,"19,350",8.7,,,,,18.82,"39,150",2.3,13.00,15.46,18.12,21.00,24.59,"27,040","32,150","37,690","43,680","51,140",,
99,U.S.,1,US,000000,Cross-industry,cross-industry,1235,35-2020,Food Preparation Workers,broad,"893,600",1.7,,,,,16.96,"35,290",0.4,12.41,14.40,16.98,18.53,21.80,"25,810","29,950","35,320","38,550","45,340",,
99,U.S.,1,US,000000,Cross-industry,cross-industry,1235,35-2021,Food Preparation Workers,detailed,"893,600",1.7,,,,,16.96,"35,290",0.4,12.41,14.40,16.98,18.53,21.80,"25,810","29,950","35,320","38,550","45,340",,
99,U.S.,1,US,000000,Cross-industry,cross-industry,1235,35-3000,Food and Beverage Serving Workers,minor,"7,175,250",0.4,,,,,17.18,"35,730",0.4,10.64,13.36,16.06,18.20,23.79,"22,130","27,790","33,400","37,850","49,490",,
99,U.S.,1,US,000000,Cross-industry,cross-industry,1235,35-3010,Bartenders,broad,"756,390",1.3,,,,,19.61,"40,790",0.8,9.67,13.17,16.51,22.87,35.47,"20,110","27,400","34,340","47,570","73,770",,
99,U.S.,1,US,000000,Cross-industry,cross-industry,1235,35-3011,Bartenders,detailed,"756,390",1.3,,,,,19.61,"40,790",0.8,9.67,13.17,16.51,22.87,35.47,"20,110","27,400","34,340","47,570","73,770",,
99,U.S.,1,US,000000,Cross-industry,cross-industry,1235,35-3020,Fast Food and Counter Workers,broad,"3,854,050",0.7,,,,,15.46,"32,150",0.4,10.98,13.32,15.00,17.34,20.51,"22,840","27,700","31,200","36,070","42,650",,
99,U.S.,1,US,000000,Cross-industry,cross-industry,1235,35-3023,Fast Food and Counter Workers,detailed,"3,854,050",0.7,,,,,15.46,"32,150",0.4,10.98,13.32,15.00,17.34,20.51,"22,840","27,700","31,200","36,070","42,650",,
99,U.S.,1,US,000000,Cross-industry,cross-industry,1235,35-3030,Waiters and Waitresses,broad,"2,270,910",0.7,,,,,19.26,"40,060",0.6,8.70,13.34,16.94,22.65,31.12,"18,100","27,750","35,230","47,110","64,720",,
99,U.S.,1,US,000000,Cross-industry,cross-industry,1235,35-3031,Waiters and Waitresses,detailed,"2,270,910",0.7,,,,,19.26,"40,060",0.6,8.70,13.34,16.94,22.65,31.12,"18,100","27,750","35,230","47,110","64,720",,
99,U.S.,1,US,000000,Cross-industry,cross-industry,1235,35-3040,"Food Servers, Nonrestaurant",broad,"293,900",1.3,,,,,17.37,"36,140",0.4,13.48,14.99,17.00,18.51,22.17,"28,030","31,190","35,360","38,500","46,120",,
99,U.S.,1,US,000000,Cross-industry,cross-industry,1235,35-3041,"Food Servers, Nonrestaurant",detailed,"293,900",1.3,,,,,17.37,"36,140",0.4,13.48,14.99,17.00,18.51,22.17,"28,030","31,190","35,360","38,500","46,120",,
99,U.S.,1,US,000000,Cross-industry,cross-industry,1235,35-9000,Other Food Preparation and Serving Related Workers,minor,"1,537,520",0.8,,,,,16.33,"33,960",0.4,10.97,13.75,16.38,17.88,21.40,"22,820","28,600","34,080","37,190","44,510",,
99,U.S.,1,US,000000,Cross-industry,cross-industry,1235,35-9010,Dining Room and Cafeteria Attendants and Bartender Helpers,broad,"542,750",1.6,,,,,16.46,"34,230",0.7,10.24,13.62,16.34,17.91,22.39,"21,300","28,330","33,980","37,250","46,570",,
99,U.S.,1,US,000000,Cross-industry,cross-industry,1235,35-9011,Dining Room and Cafeteria Attendants and Bartender Helpers,detailed,"542,750",1.6,,,,,16.46,"34,230",0.7,10.24,13.62,16.34,17.91,22.39,"21,300","28,330","33,980","37,250","46,570",,
99,U.S.,1,US,000000,Cross-industry,cross-industry,1235,35-9020,Dishwashers,broad,"477,450",1.3,,,,,16.49,"34,310",0.4,12.59,14.27,16.73,18.00,20.61,"26,200","29,690","34,810","37,440","42,860",,
99,U.S.,1,US,000000,Cross-industry,cross-industry,1235,35-9021,Dishwashers,detailed,"477,450",1.3,,,,,16.49,"34,310",0.4,12.59,14.27,16.73,18.00,20.61,"26,200","29,690","34,810","37,440","42,860",,
99,U.S.,1,US,000000,Cross-industry,cross-industry,1235,35-9030,"Hosts and Hostesses, Restaurant, Lounge, and Coffee Shop",broad,"432,690",1.7,,,,,15.72,"32,690",0.5,10.74,13.25,15.00,17.43,21.15,"22,340","27,570","31,200","36,250","43,990",,
99,U.S.,1,US,000000,Cross-industry,cross-industry,1235,35-9031,"Hosts and Hostesses, Restaurant, Lounge, and Coffee Shop",detailed,"432,690",1.7,,,,,15.72,"32,690",0.5,10.74,13.25,15.00,17.43,21.15,"22,340","27,570","31,200","36,250","43,990",,
99,U.S.,1,US,000000,Cross-industry,cross-industry,1235,35-9090,Miscellaneous Food Preparation and Serving Related Workers,broad,"84,630",4.7,,,,,17.70,"36,810",1.3,12.25,15.00,17.23,19.17,22.86,"25,470","31,200","35,840","39,880","47,550",,
99,U.S.,1,US,000000,Cross-industry,cross-industry,1235,35-9099,"Food Preparation and Serving Related Workers, All Other",detailed,"84,630",4.7,,,,,17.70,"36,810",1.3,12.25,15.00,17.23,19.17,22.86,"25,470","31,200","35,840","39,880","47,550",,
99,U.S.,1,US,000000,Cross-industry,cross-industry,1235,37-0000,Building and Grounds Cleaning and Maintenance Occupations,major,"4,548,260",0.3,,,,,19.66,"40,880",0.2,13.95,16.31,18.12,22.20,27.61,"29,010","33,930","37,680","46,170","57,420",,
99,U.S.,1,US,000000,Cross-industry,cross-industry,1235,37-1000,Supervisors of Building and Grounds Cleaning and Maintenance Workers,minor,"309,510",0.9,,,,,27.19,"56,550",0.4,17.74,21.33,25.45,31.37,38.40,"36,900","44,360","52,940","65,250","79,870",,
99,U.S.,1,US,000000,Cross-industry,cross-industry,1235,37-1010,First-Line Supervisors of Building and Grounds Cleaning and Maintenance Workers,broad,"309,510",0.9,,,,,27.19,"56,550",0.4,17.74,21.33,25.45,31.37,38.40,"36,900","44,360","52,940","65,250","79,870",,
99,U.S.,1,US,000000,Cross-industry,cross-industry,1235,37-1011,First-Line Supervisors of Housekeeping and Janitorial Workers,detailed,"178,760",1.0,,,,,25.64,"53,320",0.4,17.08,19.28,23.61,30.10,36.75,"35,520","40,100","49,100","62,600","76,430",,
99,U.S.,1,US,000000,Cross-industry,cross-industry,1235,37-1012,"First-Line Supervisors of Landscaping, Lawn Service, and Groundskeeping Workers",detailed,"130,760",1.8,,,,,29.31,"60,960",0.6,19.50,22.79,28.09,34.90,41.18,"40,560","47,390","58,430","72,590","85,650",,
99,U.S.,1,US,000000,Cross-industry,cross-industry,1235,37-2000,Building Cleaning and Pest Control Workers,minor,"3,190,260",0.4,,,,,18.56,"38,600",0.2,13.65,15.28,17.62,21.02,24.19,"28,390","31,780","36,640","43,720","50,310",,
99,U.S.,1,US,000000,Cross-industry,cross-industry,1235,37-2010,Building Cleaning Workers,broad,"3,087,640",0.4,,,,,18.43,"38,340",0.2,13.62,15.19,17.56,20.78,24.01,"28,320","31,590","36,510","43,210","49,940",,
99,U.S.,1,US,000000,Cross-industry,cross-industry,1235,37-2011,"Janitors and Cleaners, Except Maids and Housekeeping Cleaners",detailed,"2,209,760",0.5,,,,,18.64,"38,760",0.2,13.77,15.50,17.71,21.18,24.17,"28,640","32,240","36,840","44,060","50,270",,
99,U.S.,1,US,000000,Cross-industry,cross-industry,1235,37-2012,Maids and Housekeeping Cleaners,detailed,"860,670",0.7,,,,,17.83,"37,080",0.3,13.29,14.59,17.07,19.03,23.35,"27,640","30,350","35,510","39,590","48,570",,
99,U.S.,1,US,000000,Cross-industry,cross-industry,1235,37-2019,"Building Cleaning Workers, All Other",detailed,"17,210",8.8,,,,,22.32,"46,420",2.5,15.56,18.00,21.17,24.24,30.78,"32,370","37,440","44,040","50,410","64,030",,
99,U.S.,1,US,000000,Cross-industry,cross-industry,1235,37-2020,Pest Control Workers,broad,"102,620",2.0,,,,,22.31,"46,400",0.6,16.67,18.00,21.75,23.85,29.75,"34,680","37,440","45,250","49,600","61,890",,
99,U.S.,1,US,000000,Cross-industry,cross-industry,1235,37-2021,Pest Control Workers,detailed,"102,620",2.0,,,,,22.31,"46,400",0.6,16.67,18.00,21.75,23.85,29.75,"34,680","37,440","45,250","49,600","61,890",,
99,U.S.,1,US,000000,Cross-industry,cross-industry,1235,37-3000,Grounds Maintenance Workers,minor,"1,048,490",0.5,,,,,20.78,"43,220",0.3,15.01,17.48,19.27,22.81,28.10,"31,220","36,370","40,080","47,430","58,450",,
99,U.S.,1,US,000000,Cross-industry,cross-industry,1235,37-3010,Grounds Maintenance Workers,broad,"1,048,490",0.5,,,,,20.78,"43,220",0.3,15.01,17.48,19.27,22.81,28.10,"31,220","36,370","40,080","47,430","58,450",,
99,U.S.,1,US,000000,Cross-industry,cross-industry,1235,37-3011,Landscaping and Groundskeeping Workers,detailed,"952,640",0.7,,,,,20.33,"42,290",0.3,14.98,17.40,18.82,22.52,27.28,"31,150","36,190","39,150","46,830","56,730",,
99,U.S.,1,US,000000,Cross-industry,cross-industry,1235,37-3012,"Pesticide Handlers, Sprayers, and Applicators, Vegetation",detailed,"27,050",4.6,,,,,22.63,"47,070",0.9,17.10,18.83,22.28,24.63,29.53,"35,570","39,160","46,340","51,240","61,420",,
99,U.S.,1,US,000000,Cross-industry,cross-industry,1235,37-3013,Tree Trimmers and Pruners,detailed,"55,160",6.3,,,,,26.91,"55,970",1.3,18.24,21.56,24.50,30.72,38.61,"37,940","44,840","50,960","63,900","80,310",,
99,U.S.,1,US,000000,Cross-industry,cross-industry,1235,37-3019,"Grounds Maintenance Workers, All Other",detailed,"13,630",5.7,,,,,23.48,"48,830",1.3,15.21,18.04,22.53,27.80,35.97,"31,650","37,520","46,860","57,820","74,820",,
99,U.S.,1,US,000000,Cross-industry,cross-industry,1235,39-0000,Personal Care and Service Occupations,major,"3,255,790",0.4,,,,,19.74,"41,070",0.4,12.71,14.82,17.51,22.14,29.34,"26,430","30,820","36,410","46,060","61,020",,
99,U.S.,1,US,000000,Cross-industry,cross-industry,1235,39-1000,Supervisors of Personal Care and Service Workers,minor,"243,320",0.9,,,,,26.06,"54,200",0.5,16.67,19.15,23.95,30.45,37.87,"34,680","39,830","49,820","63,340","78,770",,
99,U.S.,1,US,000000,Cross-industry,cross-industry,1235,39-1010,First-Line Supervisors of Entertainment and Recreation Workers,broad,"129,200",0.8,,,,,26.84,"55,820",0.5,16.98,19.65,24.52,31.46,38.92,"35,320","40,870","51,010","65,450","80,950",,
99,U.S.,1,US,000000,Cross-industry,cross-industry,1235,39-1013,First-Line Supervisors of Gambling Services Workers,detailed,"26,010",0.8,,,,,31.17,"64,830",0.5,19.90,24.68,30.68,36.43,40.75,"41,400","51,340","63,820","75,770","84,750",,
99,U.S.,1,US,000000,Cross-industry,cross-industry,1235,39-1014,"First-Line Supervisors of Entertainment and Recreation Workers, Except Gambling Services",detailed,"103,190",1.0,,,,,25.75,"53,550",0.6,16.71,18.94,23.34,29.96,38.01,"34,760","39,400","48,560","62,320","79,060",,
99,U.S.,1,US,000000,Cross-industry,cross-industry,1235,39-1020,First-Line Supervisors of Personal Service Workers,broad,"114,110",1.6,,,,,25.17,"52,360",0.6,16.35,18.78,23.36,29.37,36.22,"34,010","39,050","48,590","61,100","75,330",,
99,U.S.,1,US,000000,Cross-industry,cross-industry,1235,39-1022,First-Line Supervisors of Personal Service Workers,detailed,"114,110",1.6,,,,,25.17,"52,360",0.6,16.35,18.78,23.36,29.37,36.22,"34,010","39,050","48,590","61,100","75,330",,
99,U.S.,1,US,000000,Cross-industry,cross-industry,1235,39-2000,Animal Care and Service Workers,minor,"285,680",1.2,,,,,18.24,"37,940",0.6,13.18,14.40,17.08,20.14,24.93,"27,410","29,960","35,530","41,900","51,860",,
99,U.S.,1,US,000000,Cross-industry,cross-industry,1235,39-2010,Animal Trainers,broad,"18,770",4.9,,,,,22.61,"47,020",2.3,14.23,16.22,19.22,25.76,36.29,"29,600","33,740","39,990","53,580","75,490",,
99,U.S.,1,US,000000,Cross-industry,cross-industry,1235,39-2011,Animal Trainers,detailed,"18,770",4.9,,,,,22.61,"47,020",2.3,14.23,16.22,19.22,25.76,36.29,"29,600","33,740","39,990","53,580","75,490",,
99,U.S.,1,US,000000,Cross-industry,cross-industry,1235,39-2020,Animal Caretakers,broad,"266,910",1.2,,,,,17.94,"37,300",0.6,13.10,14.34,17.00,19.26,24.07,"27,250","29,820","35,360","40,050","50,060",,
99,U.S.,1,US,000000,Cross-industry,cross-industry,1235,39-2021,Animal Caretakers,detailed,"266,910",1.2,,,,,17.94,"37,300",0.6,13.10,14.34,17.00,19.26,24.07,"27,250","29,820","35,360","40,050","50,060",,
99,U.S.,1,US,000000,Cross-industry,cross-industry,1235,39-3000,Entertainment Attendants and Related Workers,minor,"657,210",0.8,,,,,16.70,"34,740",0.4,10.99,13.33,15.82,18.00,22.16,"22,860","27,720","32,910","37,440","46,080",,
99,U.S.,1,US,000000,Cross-industry,cross-industry,1235,39-3010,Gambling Services Workers,broad,"107,000",0.8,,,,,20.14,"41,880",0.5,11.36,12.49,16.50,22.67,36.47,"23,620","25,990","34,320","47,140","75,860",,
99,U.S.,1,US,000000,Cross-industry,cross-industry,1235,39-3011,Gambling Dealers,detailed,"83,910",0.7,,,,,20.46,"42,550",0.4,11.56,12.41,16.50,23.65,37.06,"24,040","25,810","34,320","49,180","77,090",,
99,U.S.,1,US,000000,Cross-industry,cross-industry,1235,39-3012,Gambling and Sports Book Writers and Runners,detailed,"8,950",4.4,,,,,17.53,"36,450",1.4,10.62,13.54,16.82,21.56,23.21,"22,090","28,150","34,980","44,840","48,270",,
99,U.S.,1,US,000000,Cross-industry,cross-industry,1235,39-3019,"Gambling Service Workers, All Other",detailed,"14,140",4.1,,,,,19.90,"41,380",1.8,11.14,13.65,17.46,22.28,31.48,"23,160","28,390","36,310","46,330","65,470",,
99,U.S.,1,US,000000,Cross-industry,cross-industry,1235,39-3020,Motion Picture Projectionists,broad,"1,480",9.3,,,,,24.75,"51,480",6.5,11.25,14.44,18.40,37.37,42.46,"23,390","30,040","38,270","77,730","88,310",,
99,U.S.,1,US,000000,Cross-industry,cross-industry,1235,39-3021,Motion Picture Projectionists,detailed,"1,480",9.3,,,,,24.75,"51,480",6.5,11.25,14.44,18.40,37.37,42.46,"23,390","30,040","38,270","77,730","88,310",,
99,U.S.,1,US,000000,Cross-industry,cross-industry,1235,39-3030,"Ushers, Lobby Attendants, and Ticket Takers",broad,"121,770",1.7,,,,,15.91,"33,080",0.6,11.33,13.61,15.82,17.76,20.42,"23,560","28,310","32,910","36,940","42,470",,
99,U.S.,1,US,000000,Cross-industry,cross-industry,1235,39-3031,"Ushers, Lobby Attendants, and Ticket Takers",detailed,"121,770",1.7,,,,,15.91,"33,080",0.6,11.33,13.61,15.82,17.76,20.42,"23,560","28,310","32,910","36,940","42,470",,
99,U.S.,1,US,000000,Cross-industry,cross-industry,1235,39-3090,Miscellaneous Entertainment Attendants and Related Workers,broad,"426,960",1.0,,,,,16.04,"33,360",0.5,10.81,13.36,15.52,17.74,21.16,"22,490","27,800","32,290","36,910","44,010",,
99,U.S.,1,US,000000,Cross-industry,cross-industry,1235,39-3091,Amusement and Recreation Attendants,detailed,"397,830",1.0,,,,,15.69,"32,640",0.5,10.75,13.30,15.46,17.59,20.43,"22,350","27,660","32,150","36,590","42,490",,
99,U.S.,1,US,000000,Cross-industry,cross-industry,1235,39-3092,Costume Attendants,detailed,"6,510",5.3,,,,,30.50,"63,440",2.9,15.46,18.56,24.23,37.34,52.66,"32,150","38,610","50,400","77,680","109,520",,
99,U.S.,1,US,000000,Cross-industry,cross-industry,1235,39-3093,"Locker Room, Coatroom, and Dressing Room Attendants",detailed,"15,560",5.4,,,,,18.49,"38,460",1.6,12.79,15.00,17.45,21.10,26.09,"26,590","31,200","36,300","43,880","54,260",,
99,U.S.,1,US,000000,Cross-industry,cross-industry,1235,39-3099,"Entertainment Attendants and Related Workers, All Other",detailed,"7,060",7.8,,,,,16.82,"34,980",1.8,11.21,12.88,15.69,18.63,23.29,"23,310","26,790","32,640","38,740","48,440",,
99,U.S.,1,US,000000,Cross-industry,cross-industry,1235,39-4000,Funeral Service Workers,minor,"63,050",1.0,,,,,22.71,"47,250",0.7,14.00,16.53,20.53,27.43,36.08,"29,120","34,370","42,700","57,050","75,040",,
99,U.S.,1,US,000000,Cross-industry,cross-industry,1235,39-4010,Embalmers and Crematory Operators,broad,"6,870",3.9,,,,,25.42,"52,880",1.2,16.66,19.49,24.17,29.78,35.38,"34,660","40,540","50,280","61,940","73,580",,
99,U.S.,1,US,000000,Cross-industry,cross-industry,1235,39-4011,Embalmers,detailed,"3,890",5.4,,,,,28.07,"58,390",1.4,18.42,23.08,28.26,31.80,37.29,"38,310","48,010","58,780","66,130","77,570",,
99,U.S.,1,US,000000,Cross-industry,cross-industry,1235,39-4012,Crematory Operators,detailed,"2,970",5.9,,,,,21.96,"45,670",1.5,16.00,17.80,20.98,24.22,30.03,"33,270","37,020","43,650","50,380","62,460",,
99,U.S.,1,US,000000,Cross-industry,cross-industry,1235,39-4020,Funeral Attendants,broad,"31,090",1.7,,,,,17.88,"37,190",0.7,13.50,14.61,17.16,20.61,23.30,"28,070","30,380","35,680","42,870","48,460",,
99,U.S.,1,US,000000,Cross-industry,cross-industry,1235,39-4021,Funeral Attendants,detailed,"31,090",1.7,,,,,17.88,"37,190",0.7,13.50,14.61,17.16,20.61,23.30,"28,070","30,380","35,680","42,870","48,460",,
99,U.S.,1,US,000000,Cross-industry,cross-industry,1235,39-4030,"Morticians, Undertakers, and Funeral Arrangers",broad,"25,100",2.0,,,,,27.96,"58,160",1.3,16.03,20.40,26.45,34.62,42.61,"33,350","42,430","55,010","72,010","88,620",,
99,U.S.,1,US,000000,Cross-industry,cross-industry,1235,39-4031,"Morticians, Undertakers, and Funeral Arrangers",detailed,"25,100",2.0,,,,,27.96,"58,160",1.3,16.03,20.40,26.45,34.62,42.61,"33,350","42,430","55,010","72,010","88,620",,
99,U.S.,1,US,000000,Cross-industry,cross-industry,1235,39-5000,Personal Appearance Workers,minor,"556,770",0.7,,,,,20.99,"43,670",0.7,13.24,15.10,17.48,22.94,32.22,"27,530","31,410","36,360","47,720","67,020",,
99,U.S.,1,US,000000,Cross-industry,cross-industry,1235,39-5010,"Barbers, Hairdressers, Hairstylists and Cosmetologists",broad,"320,710",1.1,,,,,21.20,"44,100",1.0,13.02,14.53,17.25,23.56,34.57,"27,070","30,220","35,880","49,010","71,910",,
99,U.S.,1,US,000000,Cross-industry,cross-industry,1235,39-5011,Barbers,detailed,"15,000",7.4,,,,,22.63,"47,070",3.3,13.75,15.18,18.37,28.35,36.76,"28,600","31,570","38,210","58,960","76,460",,
99,U.S.,1,US,000000,Cross-industry,cross-industry,1235,39-5012,"Hairdressers, Hairstylists, and Cosmetologists",detailed,"305,710",1.2,,,,,21.13,"43,960",1.0,13.00,14.48,17.21,23.48,34.23,"27,040","30,120","35,790","48,830","71,190",,
99,U.S.,1,US,000000,Cross-industry,cross-industry,1235,39-5090,Miscellaneous Personal Appearance Workers,broad,"236,070",1.5,,,,,20.71,"43,070",0.9,13.79,16.41,17.61,22.26,30.13,"28,690","34,120","36,630","46,300","62,660",,
99,U.S.,1,US,000000,Cross-industry,cross-industry,1235,39-5091,"Makeup Artists, Theatrical and Performance",detailed,"2,340",13.9,,,,,49.16,"102,240",9.7,11.23,16.60,46.71,68.86,80.51,"23,360","34,530","97,150","143,230","167,470",,
99,U.S.,1,US,000000,Cross-industry,cross-industry,1235,39-5092,Manicurists and Pedicurists,detailed,"152,770",1.4,,,,,18.54,"38,570",0.9,13.90,16.35,17.19,20.03,24.10,"28,920","34,010","35,760","41,650","50,140",,
99,U.S.,1,US,000000,Cross-industry,cross-industry,1235,39-5093,Shampooers,detailed,"8,070",11.7,,,,,15.37,"31,980",2.4,11.11,13.72,15.67,17.09,18.39,"23,110","28,550","32,600","35,550","38,240",,
99,U.S.,1,US,000000,Cross-industry,cross-industry,1235,39-5094,Skincare Specialists,detailed,"72,890",3.6,,,,,24.93,"51,850",1.5,14.22,17.33,21.79,28.70,39.45,"29,580","36,040","45,330","59,700","82,050",,
99,U.S.,1,US,000000,Cross-industry,cross-industry,1235,39-6000,"Baggage Porters, Bellhops, and Concierges",minor,"77,750",3.4,,,,,19.74,"41,070",1.0,14.07,16.52,18.47,22.17,27.68,"29,270","34,350","38,420","46,110","57,570",,
99,U.S.,1,US,000000,Cross-industry,cross-industry,1235,39-6010,"Baggage Porters, Bellhops, and Concierges",broad,"77,750",3.4,,,,,19.74,"41,070",1.0,14.07,16.52,18.47,22.17,27.68,"29,270","34,350","38,420","46,110","57,570",,
99,U.S.,1,US,000000,Cross-industry,cross-industry,1235,39-6011,Baggage Porters and Bellhops,detailed,"28,510",3.6,,,,,18.54,"38,570",1.0,13.00,15.00,17.83,21.22,24.81,"27,040","31,200","37,080","44,130","51,600",,
99,U.S.,1,US,000000,Cross-industry,cross-industry,1235,39-6012,Concierges,detailed,"49,240",4.7,,,,,20.44,"42,510",1.3,15.20,17.15,18.73,22.76,27.68,"31,620","35,660","38,950","47,350","57,570",,
99,U.S.,1,US,000000,Cross-industry,cross-industry,1235,39-7000,Tour and Travel Guides,minor,"53,500",2.5,,,,,21.02,"43,720",2.5,13.71,15.82,18.33,22.93,29.29,"28,520","32,910","38,120","47,700","60,930",,
99,U.S.,1,US,000000,Cross-industry,cross-industry,1235,39-7010,Tour and Travel Guides,broad,"53,500",2.5,,,,,21.02,"43,720",2.5,13.71,15.82,18.33,22.93,29.29,"28,520","32,910","38,120","47,700","60,930",,
99,U.S.,1,US,000000,Cross-industry,cross-industry,1235,39-7010,Tour and Travel Guides,detailed,"53,500",2.5,,,,,21.02,"43,720",2.5,13.71,15.82,18.33,22.93,29.29,"28,520","32,910","38,120","47,700","60,930",,
99,U.S.,1,US,000000,Cross-industry,cross-industry,1235,39-9000,Other Personal Care and Service Workers,minor,"1,318,510",0.7,,,,,19.70,"40,980",0.5,13.00,15.00,17.76,22.09,28.65,"27,040","31,200","36,940","45,950","59,580",,
99,U.S.,1,US,000000,Cross-industry,cross-industry,1235,39-9010,Childcare Workers,broad,"518,910",1.4,,,,,16.84,"35,030",0.5,11.66,14.12,16.82,18.55,22.12,"24,260","29,360","34,980","38,570","46,010",,
99,U.S.,1,US,000000,Cross-industry,cross-industry,1235,39-9011,Childcare Workers,detailed,"518,910",1.4,,,,,16.84,"35,030",0.5,11.66,14.12,16.82,18.55,22.12,"24,260","29,360","34,980","38,570","46,010",,
99,U.S.,1,US,000000,Cross-industry,cross-industry,1235,39-9030,Recreation and Fitness Workers,broad,"654,420",0.8,,,,,21.82,"45,380",0.7,13.58,15.96,18.63,24.33,33.78,"28,250","33,200","38,760","50,600","70,260",,
99,U.S.,1,US,000000,Cross-industry,cross-industry,1235,39-9031,Exercise Trainers and Group Fitness Instructors,detailed,"322,930",1.3,,,,,25.20,"52,420",1.0,13.85,16.96,22.67,29.68,39.95,"28,800","35,280","47,160","61,730","83,100",,
99,U.S.,1,US,000000,Cross-industry,cross-industry,1235,39-9032,Recreation Workers,detailed,"331,490",1.1,,,,,18.52,"38,520",0.4,13.27,15.28,17.58,20.90,24.24,"27,600","31,780","36,560","43,470","50,410",,
99,U.S.,1,US,000000,Cross-industry,cross-industry,1235,39-9040,Residential Advisors,broad,"84,760",1.8,,,,,21.15,"43,990",0.6,14.36,17.07,20.31,24.00,29.36,"29,870","35,510","42,240","49,920","61,060",,
99,U.S.,1,US,000000,Cross-industry,cross-industry,1235,39-9041,Residential Advisors,detailed,"84,760",1.8,,,,,21.15,"43,990",0.6,14.36,17.07,20.31,24.00,29.36,"29,870","35,510","42,240","49,920","61,060",,
99,U.S.,1,US,000000,Cross-industry,cross-industry,1235,39-9090,Miscellaneous Personal Care and Service Workers,broad,"60,420",4.0,,,,,19.29,"40,120",1.1,13.21,16.44,20.00,20.53,23.51,"27,480","34,180","41,600","42,710","48,910",,
99,U.S.,1,US,000000,Cross-industry,cross-industry,1235,39-9099,"Personal Care and Service Workers, All Other",detailed,"60,420",4.0,,,,,19.29,"40,120",1.1,13.21,16.44,20.00,20.53,23.51,"27,480","34,180","41,600","42,710","48,910",,
99,U.S.,1,US,000000,Cross-industry,cross-industry,1235,41-0000,Sales and Related Occupations,major,"13,424,300",0.3,,,,,26.43,"54,960",0.2,13.50,15.60,18.52,29.37,48.00,"28,080","32,440","38,530","61,100","99,850",,
99,U.S.,1,US,000000,Cross-industry,cross-industry,1235,41-1000,Supervisors of Sales Workers,minor,"1,336,190",0.5,,,,,29.21,"60,750",0.3,16.55,19.40,24.79,33.82,45.98,"34,410","40,360","51,570","70,350","95,650",,
99,U.S.,1,US,000000,Cross-industry,cross-industry,1235,41-1010,First-Line Supervisors of Sales Workers,broad,"1,336,190",0.5,,,,,29.21,"60,750",0.3,16.55,19.40,24.79,33.82,45.98,"34,410","40,360","51,570","70,350","95,650",,
99,U.S.,1,US,000000,Cross-industry,cross-industry,1235,41-1011,First-Line Supervisors of Retail Sales Workers,detailed,"1,121,800",0.6,,,,,25.66,"53,380",0.2,15.92,18.55,23.33,29.87,37.06,"33,120","38,590","48,520","62,130","77,080",,
99,U.S.,1,US,000000,Cross-industry,cross-industry,1235,41-1012,First-Line Supervisors of Non-Retail Sales Workers,detailed,"214,390",1.0,,,,,47.77,"99,370",0.6,24.19,30.74,42.08,58.68,78.88,"50,320","63,940","87,520","122,050","164,070",,
99,U.S.,1,US,000000,Cross-industry,cross-industry,1235,41-2000,Retail Sales Workers,minor,"7,679,690",0.3,,,,,17.46,"36,320",0.2,12.84,14.18,16.74,18.27,22.73,"26,710","29,490","34,810","38,010","47,270",,
99,U.S.,1,US,000000,Cross-industry,cross-industry,1235,41-2010,Cashiers,broad,"3,110,940",0.6,,,,,15.97,"33,220",0.2,11.79,13.81,15.83,17.48,19.55,"24,520","28,730","32,930","36,350","40,670",,
99,U.S.,1,US,000000,Cross-industry,cross-industry,1235,41-2011,Cashiers,detailed,"3,089,410",0.6,,,,,15.95,"33,180",0.2,11.79,13.81,15.81,17.47,19.43,"24,530","28,720","32,880","36,330","40,410",,
99,U.S.,1,US,000000,Cross-industry,cross-industry,1235,41-2012,Gambling Change Persons and Booth Cashiers,detailed,"21,530",2.0,,,,,18.80,"39,100",0.8,11.76,14.25,17.41,19.96,29.01,"24,460","29,630","36,220","41,530","60,330",,
99,U.S.,1,US,000000,Cross-industry,cross-industry,1235,41-2020,Counter and Rental Clerks and Parts Salespersons,broad,"670,890",0.8,,,,,21.61,"44,950",0.3,13.87,16.86,19.25,24.05,30.79,"28,850","35,070","40,040","50,020","64,030",,
99,U.S.,1,US,000000,Cross-industry,cross-industry,1235,41-2021,Counter and Rental Clerks,detailed,"400,810",1.3,,,,,21.97,"45,700",0.4,14.33,17.13,19.86,24.13,31.43,"29,800","35,630","41,300","50,190","65,370",,
99,U.S.,1,US,000000,Cross-industry,cross-industry,1235,41-2022,Parts Salespersons,detailed,"270,070",1.0,,,,,21.07,"43,830",0.4,13.58,15.92,18.57,23.97,30.24,"28,240","33,110","38,630","49,850","62,890",,
99,U.S.,1,US,000000,Cross-industry,cross-industry,1235,41-2030,Retail Salespersons,broad,"3,897,860",0.3,,,,,17.94,"37,310",0.2,13.08,14.38,17.03,18.59,23.02,"27,210","29,900","35,410","38,670","47,890",,
99,U.S.,1,US,000000,Cross-industry,cross-industry,1235,41-2031,Retail Salespersons,detailed,"3,897,860",0.3,,,,,17.94,"37,310",0.2,13.08,14.38,17.03,18.59,23.02,"27,210","29,900","35,410","38,670","47,890",,
99,U.S.,1,US,000000,Cross-industry,cross-industry,1235,41-3000,"Sales Representatives, Services",minor,"2,371,490",0.6,,,,,41.85,"87,040",0.4,18.51,23.41,32.78,48.89,77.45,"38,510","48,700","68,190","101,700","161,090",,
99,U.S.,1,US,000000,Cross-industry,cross-industry,1235,41-3010,Advertising Sales Agents,broad,"91,700",2.0,,,,,38.79,"80,670",1.4,16.94,22.61,31.16,48.07,70.20,"35,240","47,020","64,820","99,990","146,010",,
99,U.S.,1,US,000000,Cross-industry,cross-industry,1235,41-3011,Advertising Sales Agents,detailed,"91,700",2.0,,,,,38.79,"80,670",1.4,16.94,22.61,31.16,48.07,70.20,"35,240","47,020","64,820","99,990","146,010",,
99,U.S.,1,US,000000,Cross-industry,cross-industry,1235,41-3020,Insurance Sales Agents,broad,"479,100",1.1,,,,,39.18,"81,480",1.1,17.95,22.53,29.94,46.61,66.41,"37,330","46,870","62,280","96,950","138,140",,
99,U.S.,1,US,000000,Cross-industry,cross-industry,1235,41-3021,Insurance Sales Agents,detailed,"479,100",1.1,,,,,39.18,"81,480",1.1,17.95,22.53,29.94,46.61,66.41,"37,330","46,870","62,280","96,950","138,140",,
99,U.S.,1,US,000000,Cross-industry,cross-industry,1235,41-3030,"Securities, Commodities, and Financial Services Sales Agents",broad,"489,570",1.2,,,,,52.48,"109,150",0.9,23.10,27.18,37.82,62.48,102.35,"48,040","56,540","78,660","129,950","212,880",,
99,U.S.,1,US,000000,Cross-industry,cross-industry,1235,41-3031,"Securities, Commodities, and Financial Services Sales Agents",detailed,"489,570",1.2,,,,,52.48,"109,150",0.9,23.10,27.18,37.82,62.48,102.35,"48,040","56,540","78,660","129,950","212,880",,
99,U.S.,1,US,000000,Cross-industry,cross-industry,1235,41-3040,Travel Agents,broad,"55,110",2.6,,,,,26.28,"54,660",1.0,16.64,20.17,24.11,30.32,36.86,"34,610","41,950","50,160","63,060","76,660",,
99,U.S.,1,US,000000,Cross-industry,cross-industry,1235,41-3041,Travel Agents,detailed,"55,110",2.6,,,,,26.28,"54,660",1.0,16.64,20.17,24.11,30.32,36.86,"34,610","41,950","50,160","63,060","76,660",,
99,U.S.,1,US,000000,Cross-industry,cross-industry,1235,41-3090,"Miscellaneous Sales Representatives, Services",broad,"1,256,010",0.7,,,,,39.63,"82,430",0.4,18.26,22.92,33.65,48.31,71.56,"37,980","47,670","69,990","100,480","148,840",,
99,U.S.,1,US,000000,Cross-industry,cross-industry,1235,41-3091,"Sales Representatives of Services, Except Advertising, Insurance, Financial Services, and Travel",detailed,"1,256,010",0.7,,,,,39.63,"82,430",0.4,18.26,22.92,33.65,48.31,71.56,"37,980","47,670","69,990","100,480","148,840",,
99,U.S.,1,US,000000,Cross-industry,cross-industry,1235,41-4000,"Sales Representatives, Wholesale and Manufacturing",minor,"1,522,990",0.6,,,,,43.02,"89,490",0.4,19.59,25.98,36.76,51.22,76.66,"40,760","54,030","76,460","106,540","159,460",,
99,U.S.,1,US,000000,Cross-industry,cross-industry,1235,41-4010,"Sales Representatives, Wholesale and Manufacturing",broad,"1,522,990",0.6,,,,,43.02,"89,490",0.4,19.59,25.98,36.76,51.22,76.66,"40,760","54,030","76,460","106,540","159,460",,
99,U.S.,1,US,000000,Cross-industry,cross-industry,1235,41-4011,"Sales Representatives, Wholesale and Manufacturing, Technical and Scientific Products",detailed,"284,800",1.8,,,,,57.56,"119,730",0.8,25.29,36.07,50.44,76.04,96.37,"52,600","75,030","104,920","158,160","200,440",,
99,U.S.,1,US,000000,Cross-industry,cross-industry,1235,41-4012,"Sales Representatives, Wholesale and Manufacturing, Except Technical and Scientific Products",detailed,"1,238,190",0.6,,,,,39.68,"82,530",0.4,18.79,24.27,34.65,47.90,66.13,"39,090","50,470","72,080","99,640","137,550",,
99,U.S.,1,US,000000,Cross-industry,cross-industry,1235,41-9000,Other Sales and Related Workers,minor,"513,930",1.3,,,,,32.76,"68,150",0.9,14.74,17.90,24.06,39.16,62.19,"30,670","37,230","50,040","81,450","129,350",,
99,U.S.,1,US,000000,Cross-industry,cross-industry,1235,41-9010,"Models, Demonstrators, and Product Promoters",broad,"68,300",3.8,,,,,22.64,"47,090",2.2,15.00,16.97,19.02,26.45,33.51,"31,200","35,290","39,570","55,010","69,700",,
99,U.S.,1,US,000000,Cross-industry,cross-industry,1235,41-9011,Demonstrators and Product Promoters,detailed,"64,520",3.9,,,,,21.91,"45,580",1.4,15.00,16.90,18.91,25.79,30.70,"31,200","35,160","39,320","53,640","63,850",,
99,U.S.,1,US,000000,Cross-industry,cross-industry,1235,41-9012,Models,detailed,"3,780",13.4,,,,,35.00,"72,800",15.9,16.44,17.17,23.30,47.75,63.21,"34,190","35,710","48,470","99,320","131,470",,
99,U.S.,1,US,000000,Cross-industry,cross-industry,1235,41-9020,Real Estate Brokers and Sales Agents,broad,"239,470",2.1,,,,,34.75,"72,290",1.6,16.21,20.00,27.59,41.74,62.04,"33,710","41,600","57,400","86,830","129,040",,
99,U.S.,1,US,000000,Cross-industry,cross-industry,1235,41-9021,Real Estate Brokers,detailed,"46,100",6.6,,,,,40.36,"83,950",3.6,17.84,22.35,35.20,49.69,68.89,"37,110","46,480","73,220","103,360","143,300",,
99,U.S.,1,US,000000,Cross-industry,cross-industry,1235,41-9022,Real Estate Sales Agents,detailed,"193,370",3.0,,,,,33.42,"69,510",1.9,15.85,19.25,25.40,39.43,59.42,"32,970","40,040","52,830","82,020","123,590",,
99,U.S.,1,US,000000,Cross-industry,cross-industry,1235,41-9030,Sales Engineers,broad,"51,790",2.8,,,,,62.57,"130,140",1.2,35.52,44.66,60.05,77.52,93.88,"73,870","92,890","124,900","161,230","195,270",,
99,U.S.,1,US,000000,Cross-industry,cross-industry,1235,41-9031,Sales Engineers,detailed,"51,790",2.8,,,,,62.57,"130,140",1.2,35.52,44.66,60.05,77.52,93.88,"73,870","92,890","124,900","161,230","195,270",,
99,U.S.,1,US,000000,Cross-industry,cross-industry,1235,41-9040,Telemarketers,broad,"58,430",4.3,,,,,17.97,"37,370",1.3,13.00,14.25,17.04,19.34,24.21,"27,040","29,640","35,450","40,230","50,350",,
99,U.S.,1,US,000000,Cross-industry,cross-industry,1235,41-9041,Telemarketers,detailed,"58,430",4.3,,,,,17.97,"37,370",1.3,13.00,14.25,17.04,19.34,24.21,"27,040","29,640","35,450","40,230","50,350",,
99,U.S.,1,US,000000,Cross-industry,cross-industry,1235,41-9090,Miscellaneous Sales and Related Workers,broad,"95,940",2.7,,,,,27.93,"58,080",1.2,14.29,17.70,23.05,33.23,46.66,"29,720","36,810","47,950","69,120","97,060",,
99,U.S.,1,US,000000,Cross-industry,cross-industry,1235,41-9091,"Door-to-Door Sales Workers, News and Street Vendors, and Related Workers",detailed,"2,760",11.9,,,,,21.08,"43,850",4.0,15.39,17.54,19.89,22.78,24.74,"32,010","36,470","41,380","47,390","51,470",,
99,U.S.,1,US,000000,Cross-industry,cross-industry,1235,41-9099,"Sales and Related Workers, All Other",detailed,"93,180",2.8,,,,,28.13,"58,510",1.2,14.29,17.72,23.21,33.97,47.07,"29,720","36,860","48,280","70,650","97,910",,
99,U.S.,1,US,000000,Cross-industry,cross-industry,1235,43-0000,Office and Administrative Support Occupations,major,"17,753,430",0.1,,,,,24.79,"51,560",0.1,16.12,18.53,22.81,28.88,36.62,"33,530","38,540","47,450","60,060","76,170",,
99,U.S.,1,US,000000,Cross-industry,cross-industry,1235,43-1000,Supervisors of Office and Administrative Support Workers,minor,"1,436,680",0.5,,,,,35.33,"73,490",0.1,21.93,26.90,33.41,40.91,50.34,"45,610","55,950","69,500","85,090","104,710",,
99,U.S.,1,US,000000,Cross-industry,cross-industry,1235,43-1010,First-Line Supervisors of Office and Administrative Support Workers,broad,"1,436,680",0.5,,,,,35.33,"73,490",0.1,21.93,26.90,33.41,40.91,50.34,"45,610","55,950","69,500","85,090","104,710",,
99,U.S.,1,US,000000,Cross-industry,cross-industry,1235,43-1011,First-Line Supervisors of Office and Administrative Support Workers,detailed,"1,436,680",0.5,,,,,35.33,"73,490",0.1,21.93,26.90,33.41,40.91,50.34,"45,610","55,950","69,500","85,090","104,710",,
99,U.S.,1,US,000000,Cross-industry,cross-industry,1235,43-2000,Communications Equipment Operators,minor,"38,910",2.7,,,,,20.74,"43,140",0.7,14.48,16.88,18.82,22.77,29.61,"30,120","35,100","39,140","47,350","61,580",,
99,U.S.,1,US,000000,Cross-industry,cross-industry,1235,43-2010,"Switchboard Operators, Including Answering Service",broad,"34,280",3.0,,,,,20.34,"42,300",0.7,14.42,16.74,18.57,22.37,28.59,"29,990","34,820","38,630","46,530","59,470",,
99,U.S.,1,US,000000,Cross-industry,cross-industry,1235,43-2011,"Switchboard Operators, Including Answering Service",detailed,"34,280",3.0,,,,,20.34,"42,300",0.7,14.42,16.74,18.57,22.37,28.59,"29,990","34,820","38,630","46,530","59,470",,
99,U.S.,1,US,000000,Cross-industry,cross-industry,1235,43-2020,Telephone Operators,broad,"3,430",5.7,,,,,21.62,"44,970",1.2,15.15,17.75,20.07,24.76,30.27,"31,510","36,920","41,740","51,510","62,950",,
99,U.S.,1,US,000000,Cross-industry,cross-industry,1235,43-2021,Telephone Operators,detailed,"3,430",5.7,,,,,21.62,"44,970",1.2,15.15,17.75,20.07,24.76,30.27,"31,510","36,920","41,740","51,510","62,950",,
99,U.S.,1,US,000000,Cross-industry,cross-industry,1235,43-2090,Miscellaneous Communications Equipment Operators,broad,"1,200",15.0,,,,,29.87,"62,130",1.8,18.70,22.34,26.29,37.73,45.50,"38,900","46,460","54,680","78,470","94,640",,
99,U.S.,1,US,000000,Cross-industry,cross-industry,1235,43-2099,"Communications Equipment Operators, All Other",detailed,"1,200",15.0,,,,,29.87,"62,130",1.8,18.70,22.34,26.29,37.73,45.50,"38,900","46,460","54,680","78,470","94,640",,
99,U.S.,1,US,000000,Cross-industry,cross-industry,1235,43-3000,Financial Clerks,minor,"2,525,690",0.6,,,,,24.87,"51,720",0.1,17.24,19.91,23.38,28.74,34.65,"35,870","41,410","48,620","59,780","72,080",,
99,U.S.,1,US,000000,Cross-industry,cross-industry,1235,43-3010,Bill and Account Collectors,broad,"158,830",1.4,,,,,23.59,"49,060",0.4,16.54,18.76,22.61,27.28,31.53,"34,400","39,010","47,030","56,740","65,580",,
99,U.S.,1,US,000000,Cross-industry,cross-industry,1235,43-3011,Bill and Account Collectors,detailed,"158,830",1.4,,,,,23.59,"49,060",0.4,16.54,18.76,22.61,27.28,31.53,"34,400","39,010","47,030","56,740","65,580",,
99,U.S.,1,US,000000,Cross-industry,cross-industry,1235,43-3020,Billing and Posting Clerks,broad,"404,060",0.9,,,,,24.55,"51,070",0.2,17.93,20.60,23.32,28.02,32.55,"37,290","42,840","48,500","58,290","67,710",,
99,U.S.,1,US,000000,Cross-industry,cross-industry,1235,43-3021,Billing and Posting Clerks,detailed,"404,060",0.9,,,,,24.55,"51,070",0.2,17.93,20.60,23.32,28.02,32.55,"37,290","42,840","48,500","58,290","67,710",,
99,U.S.,1,US,000000,Cross-industry,cross-industry,1235,43-3030,"Bookkeeping, Accounting, and Auditing Clerks",broad,"1,373,680",0.8,,,,,25.75,"53,560",0.2,17.31,20.92,24.36,29.55,35.84,"36,000","43,520","50,670","61,470","74,550",,
99,U.S.,1,US,000000,Cross-industry,cross-industry,1235,43-3031,"Bookkeeping, Accounting, and Auditing Clerks",detailed,"1,373,680",0.8,,,,,25.75,"53,560",0.2,17.31,20.92,24.36,29.55,35.84,"36,000","43,520","50,670","61,470","74,550",,
99,U.S.,1,US,000000,Cross-industry,cross-industry,1235,43-3040,Gambling Cage Workers,broad,"14,430",0.8,,,,,19.00,"39,510",0.2,13.99,16.59,18.07,21.48,23.76,"29,100","34,510","37,580","44,680","49,430",,
99,U.S.,1,US,000000,Cross-industry,cross-industry,1235,43-3041,Gambling Cage Workers,detailed,"14,430",0.8,,,,,19.00,"39,510",0.2,13.99,16.59,18.07,21.48,23.76,"29,100","34,510","37,580","44,680","49,430",,
99,U.S.,1,US,000000,Cross-industry,cross-industry,1235,43-3050,Payroll and Timekeeping Clerks,broad,"153,140",1.2,,,,,28.67,"59,630",0.4,18.99,23.07,28.01,33.46,39.11,"39,500","47,990","58,260","69,600","81,350",,
99,U.S.,1,US,000000,Cross-industry,cross-industry,1235,43-3051,Payroll and Timekeeping Clerks,detailed,"153,140",1.2,,,,,28.67,"59,630",0.4,18.99,23.07,28.01,33.46,39.11,"39,500","47,990","58,260","69,600","81,350",,
99,U.S.,1,US,000000,Cross-industry,cross-industry,1235,43-3060,Procurement Clerks,broad,"55,810",1.4,,,,,25.18,"52,370",0.3,18.29,20.88,24.32,28.89,32.99,"38,040","43,420","50,580","60,080","68,620",,
99,U.S.,1,US,000000,Cross-industry,cross-industry,1235,43-3061,Procurement Clerks,detailed,"55,810",1.4,,,,,25.18,"52,370",0.3,18.29,20.88,24.32,28.89,32.99,"38,040","43,420","50,580","60,080","68,620",,
99,U.S.,1,US,000000,Cross-industry,cross-industry,1235,43-3070,Tellers,broad,"329,480",1.3,,,,,20.36,"42,350",0.3,16.52,17.81,20.69,22.39,23.88,"34,360","37,040","43,030","46,580","49,680",,
99,U.S.,1,US,000000,Cross-industry,cross-industry,1235,43-3071,Tellers,detailed,"329,480",1.3,,,,,20.36,"42,350",0.3,16.52,17.81,20.69,22.39,23.88,"34,360","37,040","43,030","46,580","49,680",,
99,U.S.,1,US,000000,Cross-industry,cross-industry,1235,43-3090,Miscellaneous Financial Clerks,broad,"36,260",3.7,,,,,27.14,"56,450",0.5,19.41,22.84,25.88,29.96,36.68,"40,360","47,510","53,830","62,310","76,290",,
99,U.S.,1,US,000000,Cross-industry,cross-industry,1235,43-3099,"Financial Clerks, All Other",detailed,"36,260",3.7,,,,,27.14,"56,450",0.5,19.41,22.84,25.88,29.96,36.68,"40,360","47,510","53,830","62,310","76,290",,
99,U.S.,1,US,000000,Cross-industry,cross-industry,1235,43-4000,Information and Record Clerks,minor,"5,081,880",0.4,,,,,22.05,"45,860",0.1,14.91,17.47,21.09,24.71,30.52,"31,010","36,330","43,870","51,400","63,480",,
99,U.S.,1,US,000000,Cross-industry,cross-industry,1235,43-4010,Brokerage Clerks,broad,"35,940",4.1,,,,,35.03,"72,850",1.2,24.16,28.18,31.61,38.36,49.04,"50,260","58,620","65,750","79,800","102,010",,
99,U.S.,1,US,000000,Cross-industry,cross-industry,1235,43-4011,Brokerage Clerks,detailed,"35,940",4.1,,,,,35.03,"72,850",1.2,24.16,28.18,31.61,38.36,49.04,"50,260","58,620","65,750","79,800","102,010",,
99,U.S.,1,US,000000,Cross-industry,cross-industry,1235,43-4020,Correspondence Clerks,broad,"4,290",8.3,,,,,23.12,"48,090",2.0,16.01,18.56,22.50,26.97,31.02,"33,300","38,610","46,800","56,090","64,510",,
99,U.S.,1,US,000000,Cross-industry,cross-industry,1235,43-4021,Correspondence Clerks,detailed,"4,290",8.3,,,,,23.12,"48,090",2.0,16.01,18.56,22.50,26.97,31.02,"33,300","38,610","46,800","56,090","64,510",,
99,U.S.,1,US,000000,Cross-industry,cross-industry,1235,43-4030,"Court, Municipal, and License Clerks",broad,"179,750",0.7,,,,,25.15,"52,320",0.2,17.45,19.62,23.41,29.25,35.49,"36,300","40,810","48,700","60,840","73,820",,
99,U.S.,1,US,000000,Cross-industry,cross-industry,1235,43-4031,"Court, Municipal, and License Clerks",detailed,"179,750",0.7,,,,,25.15,"52,320",0.2,17.45,19.62,23.41,29.25,35.49,"36,300","40,810","48,700","60,840","73,820",,
99,U.S.,1,US,000000,Cross-industry,cross-industry,1235,43-4040,"Credit Authorizers, Checkers, and Clerks",broad,"12,030",4.1,,,,,24.72,"51,420",1.2,14.55,19.48,24.08,29.26,34.95,"30,260","40,520","50,080","60,860","72,700",,
99,U.S.,1,US,000000,Cross-industry,cross-industry,1235,43-4041,"Credit Authorizers, Checkers, and Clerks",detailed,"12,030",4.1,,,,,24.72,"51,420",1.2,14.55,19.48,24.08,29.26,34.95,"30,260","40,520","50,080","60,860","72,700",,
99,U.S.,1,US,000000,Cross-industry,cross-industry,1235,43-4050,Customer Service Representatives,broad,"2,595,750",0.4,,,,,22.40,"46,590",0.2,15.27,17.72,21.53,24.89,30.57,"31,750","36,870","44,770","51,780","63,590",,
99,U.S.,1,US,000000,Cross-industry,cross-industry,1235,43-4051,Customer Service Representatives,detailed,"2,595,750",0.4,,,,,22.40,"46,590",0.2,15.27,17.72,21.53,24.89,30.57,"31,750","36,870","44,770","51,780","63,590",,
99,U.S.,1,US,000000,Cross-industry,cross-industry,1235,43-4060,"Eligibility Interviewers, Government Programs",broad,"154,800",0.7,,,,,26.97,"56,090",0.2,18.70,22.07,26.06,30.58,35.91,"38,900","45,910","54,210","63,610","74,690",,
99,U.S.,1,US,000000,Cross-industry,cross-industry,1235,43-4061,"Eligibility Interviewers, Government Programs",detailed,"154,800",0.7,,,,,26.97,"56,090",0.2,18.70,22.07,26.06,30.58,35.91,"38,900","45,910","54,210","63,610","74,690",,
99,U.S.,1,US,000000,Cross-industry,cross-industry,1235,43-4070,File Clerks,broad,"73,440",2.8,,,,,21.92,"45,590",0.8,15.00,17.51,20.96,24.89,30.53,"31,200","36,420","43,600","51,770","63,490",,
99,U.S.,1,US,000000,Cross-industry,cross-industry,1235,43-4071,File Clerks,detailed,"73,440",2.8,,,,,21.92,"45,590",0.8,15.00,17.51,20.96,24.89,30.53,"31,200","36,420","43,600","51,770","63,490",,
99,U.S.,1,US,000000,Cross-industry,cross-industry,1235,43-4080,"Hotel, Motel, and Resort Desk Clerks",broad,"261,420",0.7,,,,,17.09,"35,550",0.3,13.04,14.33,16.86,18.32,21.86,"27,120","29,810","35,070","38,100","45,470",,
99,U.S.,1,US,000000,Cross-industry,cross-industry,1235,43-4081,"Hotel, Motel, and Resort Desk Clerks",detailed,"261,420",0.7,,,,,17.09,"35,550",0.3,13.04,14.33,16.86,18.32,21.86,"27,120","29,810","35,070","38,100","45,470",,
99,U.S.,1,US,000000,Cross-industry,cross-industry,1235,43-4110,"Interviewers, Except Eligibility and Loan",broad,"148,060",1.4,,,,,22.71,"47,240",0.4,16.30,18.43,22.08,25.53,30.20,"33,900","38,330","45,920","53,090","62,810",,
99,U.S.,1,US,000000,Cross-industry,cross-industry,1235,43-4111,"Interviewers, Except Eligibility and Loan",detailed,"148,060",1.4,,,,,22.71,"47,240",0.4,16.30,18.43,22.08,25.53,30.20,"33,900","38,330","45,920","53,090","62,810",,
99,U.S.,1,US,000000,Cross-industry,cross-industry,1235,43-4120,"Library Assistants, Clerical",broad,"85,520",2.1,,,,,18.93,"39,370",0.4,13.33,15.30,17.74,21.93,26.59,"27,730","31,820","36,910","45,620","55,310",,
99,U.S.,1,US,000000,Cross-industry,cross-industry,1235,43-4121,"Library Assistants, Clerical",detailed,"85,520",2.1,,,,,18.93,"39,370",0.4,13.33,15.30,17.74,21.93,26.59,"27,730","31,820","36,910","45,620","55,310",,
99,U.S.,1,US,000000,Cross-industry,cross-industry,1235,43-4130,Loan Interviewers and Clerks,broad,"164,790",1.2,,,,,25.25,"52,520",0.3,17.95,21.69,24.05,29.14,33.55,"37,330","45,120","50,020","60,600","69,770",,
99,U.S.,1,US,000000,Cross-industry,cross-industry,1235,43-4131,Loan Interviewers and Clerks,detailed,"164,790",1.2,,,,,25.25,"52,520",0.3,17.95,21.69,24.05,29.14,33.55,"37,330","45,120","50,020","60,600","69,770",,
99,U.S.,1,US,000000,Cross-industry,cross-industry,1235,43-4140,New Accounts Clerks,broad,"36,860",2.9,,,,,23.73,"49,370",0.6,18.36,21.12,22.92,26.49,29.29,"38,180","43,920","47,670","55,100","60,910",,
99,U.S.,1,US,000000,Cross-industry,cross-industry,1235,43-4141,New Accounts Clerks,detailed,"36,860",2.9,,,,,23.73,"49,370",0.6,18.36,21.12,22.92,26.49,29.29,"38,180","43,920","47,670","55,100","60,910",,
99,U.S.,1,US,000000,Cross-industry,cross-industry,1235,43-4150,Order Clerks,broad,"75,200",3.3,,,,,23.19,"48,220",0.5,17.08,19.07,22.20,26.11,30.54,"35,530","39,660","46,170","54,310","63,530",,
99,U.S.,1,US,000000,Cross-industry,cross-industry,1235,43-4151,Order Clerks,detailed,"75,200",3.3,,,,,23.19,"48,220",0.5,17.08,19.07,22.20,26.11,30.54,"35,530","39,660","46,170","54,310","63,530",,
99,U.S.,1,US,000000,Cross-industry,cross-industry,1235,43-4160,"Human Resources Assistants, Except Payroll and Timekeeping",broad,"90,220",1.4,,,,,25.12,"52,250",0.3,17.95,21.17,24.33,28.75,32.83,"37,340","44,030","50,610","59,800","68,280",,
99,U.S.,1,US,000000,Cross-industry,cross-industry,1235,43-4161,"Human Resources Assistants, Except Payroll and Timekeeping",detailed,"90,220",1.4,,,,,25.12,"52,250",0.3,17.95,21.17,24.33,28.75,32.83,"37,340","44,030","50,610","59,800","68,280",,
99,U.S.,1,US,000000,Cross-industry,cross-industry,1235,43-4170,Receptionists and Information Clerks,broad,"910,180",0.9,,,,,18.97,"39,460",0.2,13.83,16.33,18.27,21.70,24.01,"28,760","33,960","38,010","45,130","49,950",,
99,U.S.,1,US,000000,Cross-industry,cross-industry,1235,43-4171,Receptionists and Information Clerks,detailed,"910,180",0.9,,,,,18.97,"39,460",0.2,13.83,16.33,18.27,21.70,24.01,"28,760","33,960","38,010","45,130","49,950",,
99,U.S.,1,US,000000,Cross-industry,cross-industry,1235,43-4180,Reservation and Transportation Ticket Agents and Travel Clerks,broad,"118,710",1.4,,,,,23.86,"49,630",0.4,15.45,18.20,21.34,28.68,37.57,"32,140","37,850","44,390","59,640","78,150",,
99,U.S.,1,US,000000,Cross-industry,cross-industry,1235,43-4181,Reservation and Transportation Ticket Agents and Travel Clerks,detailed,"118,710",1.4,,,,,23.86,"49,630",0.4,15.45,18.20,21.34,28.68,37.57,"32,140","37,850","44,390","59,640","78,150",,
99,U.S.,1,US,000000,Cross-industry,cross-industry,1235,43-4190,Miscellaneous Information and Record Clerks,broad,"134,920",1.3,,,,,24.76,"51,490",0.2,16.28,19.67,23.80,28.83,34.34,"33,870","40,910","49,500","59,970","71,420",,
99,U.S.,1,US,000000,Cross-industry,cross-industry,1235,43-4199,"Information and Record Clerks, All Other",detailed,"134,920",1.3,,,,,24.76,"51,490",0.2,16.28,19.67,23.80,28.83,34.34,"33,870","40,910","49,500","59,970","71,420",,
99,U.S.,1,US,000000,Cross-industry,cross-industry,1235,43-5000,"Material Recording, Scheduling, Dispatching, and Distributing Workers",minor,"2,259,120",0.6,,,,,26.13,"54,360",0.2,17.59,20.38,24.02,30.32,37.82,"36,590","42,390","49,970","63,070","78,660",,
99,U.S.,1,US,000000,Cross-industry,cross-industry,1235,43-5010,Cargo and Freight Agents,broad,"97,670",2.5,,,,,27.52,"57,230",1.0,18.43,21.98,25.13,30.48,38.37,"38,340","45,710","52,260","63,390","79,810",,
99,U.S.,1,US,000000,Cross-industry,cross-industry,1235,43-5011,Cargo and Freight Agents,detailed,"97,670",2.5,,,,,27.52,"57,230",1.0,18.43,21.98,25.13,30.48,38.37,"38,340","45,710","52,260","63,390","79,810",,
99,U.S.,1,US,000000,Cross-industry,cross-industry,1235,43-5020,Couriers and Messengers,broad,"68,640",3.4,,,,,19.70,"40,970",0.4,15.17,17.34,18.85,21.77,24.20,"31,550","36,070","39,200","45,280","50,330",,
99,U.S.,1,US,000000,Cross-industry,cross-industry,1235,43-5021,Couriers and Messengers,detailed,"68,640",3.4,,,,,19.70,"40,970",0.4,15.17,17.34,18.85,21.77,24.20,"31,550","36,070","39,200","45,280","50,330",,
99,U.S.,1,US,000000,Cross-industry,cross-industry,1235,43-5030,Dispatchers,broad,"305,300",1.7,,,,,26.64,"55,410",0.5,17.49,20.89,24.55,30.36,37.90,"36,370","43,460","51,070","63,150","78,830",,
99,U.S.,1,US,000000,Cross-industry,cross-industry,1235,43-5031,Public Safety Telecommunicators,detailed,"102,500",1.2,,,,,27.28,"56,740",0.3,17.94,21.74,25.50,30.90,38.38,"37,320","45,210","53,040","64,260","79,830",,
99,U.S.,1,US,000000,Cross-industry,cross-industry,1235,43-5032,"Dispatchers, Except Police, Fire, and Ambulance",detailed,"202,810",2.3,,,,,26.32,"54,740",0.7,17.32,20.56,24.20,30.02,37.57,"36,030","42,750","50,340","62,450","78,140",,
99,U.S.,1,US,000000,Cross-industry,cross-industry,1235,43-5040,"Meter Readers, Utilities",broad,"19,430",3.7,,,,,26.63,"55,380",1.1,16.69,18.95,23.15,31.61,41.31,"34,720","39,410","48,150","65,750","85,930",,
99,U.S.,1,US,000000,Cross-industry,cross-industry,1235,43-5041,"Meter Readers, Utilities",detailed,"19,430",3.7,,,,,26.63,"55,380",1.1,16.69,18.95,23.15,31.61,41.31,"34,720","39,410","48,150","65,750","85,930",,
99,U.S.,1,US,000000,Cross-industry,cross-industry,1235,43-5050,Postal Service Workers,broad,"507,730",0.0,,,,,29.71,"61,800",0.0,20.38,24.41,28.79,36.07,38.96,"42,390","50,770","59,880","75,030","81,040",,
99,U.S.,1,US,000000,Cross-industry,cross-industry,1235,43-5051,Postal Service Clerks,detailed,"73,720",0.0,,,,,29.74,"61,860",0.0,20.48,27.28,29.87,34.08,36.07,"42,600","56,740","62,130","70,890","75,030",,
99,U.S.,1,US,000000,Cross-industry,cross-industry,1235,43-5052,Postal Service Mail Carriers,detailed,"328,820",0.0,,,,,30.07,"62,540",0.0,20.38,23.53,29.11,38.94,38.96,"42,390","48,940","60,550","81,000","81,040",,
99,U.S.,1,US,000000,Cross-industry,cross-industry,1235,43-5053,"Postal Service Mail Sorters, Processors, and Processing Machine Operators",detailed,"105,200",0.0,,,,,28.57,"59,430",0.0,21.89,23.50,28.11,36.07,36.19,"45,530","48,880","58,470","75,030","75,280",,
99,U.S.,1,US,000000,Cross-industry,cross-industry,1235,43-5060,"Production, Planning, and Expediting Clerks",broad,"390,160",1.7,,,,,29.88,"62,150",0.4,19.27,22.99,28.68,36.06,41.34,"40,080","47,820","59,650","75,000","86,000",,
99,U.S.,1,US,000000,Cross-industry,cross-industry,1235,43-5061,"Production, Planning, and Expediting Clerks",detailed,"390,160",1.7,,,,,29.88,"62,150",0.4,19.27,22.99,28.68,36.06,41.34,"40,080","47,820","59,650","75,000","86,000",,
99,U.S.,1,US,000000,Cross-industry,cross-industry,1235,43-5070,"Shipping, Receiving, and Inventory Clerks",broad,"816,870",0.6,,,,,22.50,"46,810",0.2,16.66,18.37,21.76,24.79,29.90,"34,650","38,200","45,260","51,570","62,190",,
99,U.S.,1,US,000000,Cross-industry,cross-industry,1235,43-5071,"Shipping, Receiving, and Inventory Clerks",detailed,"816,870",0.6,,,,,22.50,"46,810",0.2,16.66,18.37,21.76,24.79,29.90,"34,650","38,200","45,260","51,570","62,190",,
99,U.S.,1,US,000000,Cross-industry,cross-industry,1235,43-5110,"Weighers, Measurers, Checkers, and Samplers, Recordkeeping",broad,"53,300",2.0,,,,,22.90,"47,630",0.4,16.97,18.84,22.30,26.37,29.28,"35,290","39,180","46,380","54,850","60,910",,
99,U.S.,1,US,000000,Cross-industry,cross-industry,1235,43-5111,"Weighers, Measurers, Checkers, and Samplers, Recordkeeping",detailed,"53,300",2.0,,,,,22.90,"47,630",0.4,16.97,18.84,22.30,26.37,29.28,"35,290","39,180","46,380","54,850","60,910",,
99,U.S.,1,US,000000,Cross-industry,cross-industry,1235,43-6000,Secretaries and Administrative Assistants,minor,"3,284,600",0.3,,,,,25.63,"53,310",0.2,17.00,19.16,23.23,29.27,37.37,"35,360","39,840","48,310","60,880","77,720",,
99,U.S.,1,US,000000,Cross-industry,cross-industry,1235,43-6010,Secretaries and Administrative Assistants,broad,"3,284,600",0.3,,,,,25.63,"53,310",0.2,17.00,19.16,23.23,29.27,37.37,"35,360","39,840","48,310","60,880","77,720",,
99,U.S.,1,US,000000,Cross-industry,cross-industry,1235,43-6011,Executive Secretaries and Executive Administrative Assistants,detailed,"459,910",0.7,,,,,38.05,"79,140",0.5,24.31,29.52,36.82,45.38,52.81,"50,560","61,390","76,590","94,390","109,850",,
99,U.S.,1,US,000000,Cross-industry,cross-industry,1235,43-6012,Legal Secretaries and Administrative Assistants,detailed,"156,280",3.1,,,,,29.14,"60,620",2.1,17.55,21.37,26.72,34.60,44.10,"36,500","44,450","55,570","71,970","91,730",,
99,U.S.,1,US,000000,Cross-industry,cross-industry,1235,43-6013,Medical Secretaries and Administrative Assistants,detailed,"961,610",0.8,,,,,22.50,"46,800",0.3,17.27,18.54,22.08,24.32,29.10,"35,930","38,570","45,930","50,580","60,530",,
99,U.S.,1,US,000000,Cross-industry,cross-industry,1235,43-6014,"Secretaries and Administrative Assistants, Except Legal, Medical, and Executive",detailed,"1,706,790",0.4,,,,,23.73,"49,350",0.3,16.00,18.67,22.86,27.89,31.90,"33,280","38,830","47,540","58,000","66,350",,
99,U.S.,1,US,000000,Cross-industry,cross-industry,1235,43-9000,Other Office and Administrative Support Workers,minor,"3,126,550",0.4,,,,,22.53,"46,860",0.2,14.81,17.60,21.78,26.40,31.25,"30,800","36,600","45,300","54,900","64,990",,
99,U.S.,1,US,000000,Cross-industry,cross-industry,1235,43-9020,Data Entry and Information Processing Workers,broad,"162,090",1.8,,,,,21.63,"44,990",0.5,15.27,17.67,20.72,24.30,29.17,"31,750","36,760","43,090","50,540","60,670",,
99,U.S.,1,US,000000,Cross-industry,cross-industry,1235,43-9021,Data Entry Keyers,detailed,"127,080",2.1,,,,,20.82,"43,310",0.5,15.00,17.19,19.88,23.27,28.26,"31,200","35,760","41,340","48,410","58,790",,
99,U.S.,1,US,000000,Cross-industry,cross-industry,1235,43-9022,Word Processors and Typists,detailed,"35,010",2.5,,,,,24.58,"51,120",1.0,17.70,19.62,23.69,27.73,31.32,"36,810","40,800","49,280","57,670","65,150",,
99,U.S.,1,US,000000,Cross-industry,cross-industry,1235,43-9030,Desktop Publishers,broad,"3,350",5.3,,,,,29.79,"61,970",2.2,17.16,21.02,26.58,35.50,46.23,"35,680","43,730","55,290","73,840","96,170",,
99,U.S.,1,US,000000,Cross-industry,cross-industry,1235,43-9031,Desktop Publishers,detailed,"3,350",5.3,,,,,29.79,"61,970",2.2,17.16,21.02,26.58,35.50,46.23,"35,680","43,730","55,290","73,840","96,170",,
99,U.S.,1,US,000000,Cross-industry,cross-industry,1235,43-9040,Insurance Claims and Policy Processing Clerks,broad,"214,260",1.5,,,,,25.44,"52,920",0.4,18.06,21.29,23.67,29.08,35.38,"37,560","44,270","49,230","60,490","73,590",,
99,U.S.,1,US,000000,Cross-industry,cross-industry,1235,43-9041,Insurance Claims and Policy Processing Clerks,detailed,"214,260",1.5,,,,,25.44,"52,920",0.4,18.06,21.29,23.67,29.08,35.38,"37,560","44,270","49,230","60,490","73,590",,
99,U.S.,1,US,000000,Cross-industry,cross-industry,1235,43-9050,"Mail Clerks and Mail Machine Operators, Except Postal Service",broad,"55,230",2.5,,,,,20.03,"41,650",0.6,14.80,17.05,18.89,22.33,26.36,"30,780","35,470","39,280","46,450","54,820",,
99,U.S.,1,US,000000,Cross-industry,cross-industry,1235,43-9051,"Mail Clerks and Mail Machine Operators, Except Postal Service",detailed,"55,230",2.5,,,,,20.03,"41,650",0.6,14.80,17.05,18.89,22.33,26.36,"30,780","35,470","39,280","46,450","54,820",,
99,U.S.,1,US,000000,Cross-industry,cross-industry,1235,43-9060,"Office Clerks, General",broad,"2,464,940",0.4,,,,,22.32,"46,420",0.2,14.57,17.48,21.64,26.11,31.10,"30,310","36,350","45,010","54,300","64,680",,
99,U.S.,1,US,000000,Cross-industry,cross-industry,1235,43-9061,"Office Clerks, General",detailed,"2,464,940",0.4,,,,,22.32,"46,420",0.2,14.57,17.48,21.64,26.11,31.10,"30,310","36,350","45,010","54,300","64,680",,
99,U.S.,1,US,000000,Cross-industry,cross-industry,1235,43-9070,"Office Machine Operators, Except Computer",broad,"25,130",4.1,,,,,20.78,"43,220",1.0,15.27,17.35,19.69,23.03,27.87,"31,750","36,090","40,960","47,910","57,960",,
99,U.S.,1,US,000000,Cross-industry,cross-industry,1235,43-9071,"Office Machine Operators, Except Computer",detailed,"25,130",4.1,,,,,20.78,"43,220",1.0,15.27,17.35,19.69,23.03,27.87,"31,750","36,090","40,960","47,910","57,960",,
99,U.S.,1,US,000000,Cross-industry,cross-industry,1235,43-9080,Proofreaders and Copy Markers,broad,"4,580",8.0,,,,,26.35,"54,800",1.4,16.59,19.79,24.58,29.99,38.12,"34,510","41,170","51,120","62,390","79,290",,
99,U.S.,1,US,000000,Cross-industry,cross-industry,1235,43-9081,Proofreaders and Copy Markers,detailed,"4,580",8.0,,,,,26.35,"54,800",1.4,16.59,19.79,24.58,29.99,38.12,"34,510","41,170","51,120","62,390","79,290",,
99,U.S.,1,US,000000,Cross-industry,cross-industry,1235,43-9110,Statistical Assistants,broad,"4,710",11.9,,,,,26.75,"55,650",3.2,17.30,20.60,24.20,30.75,39.42,"35,990","42,840","50,330","63,950","81,990",,
99,U.S.,1,US,000000,Cross-industry,cross-industry,1235,43-9111,Statistical Assistants,detailed,"4,710",11.9,,,,,26.75,"55,650",3.2,17.30,20.60,24.20,30.75,39.42,"35,990","42,840","50,330","63,950","81,990",,
99,U.S.,1,US,000000,Cross-industry,cross-industry,1235,43-9190,Miscellaneous Office and Administrative Support Workers,broad,"192,260",1.1,,,,,23.40,"48,670",0.4,14.95,16.50,21.96,28.11,34.59,"31,090","34,320","45,670","58,460","71,940",,
99,U.S.,1,US,000000,Cross-industry,cross-industry,1235,43-9199,"Office and Administrative Support Workers, All Other",detailed,"192,260",1.1,,,,,23.40,"48,670",0.4,14.95,16.50,21.96,28.11,34.59,"31,090","34,320","45,670","58,460","71,940",,
99,U.S.,1,US,000000,Cross-industry,cross-industry,1235,45-0000,"Farming, Fishing, and Forestry Occupations",major,"435,200",0.7,,,,,19.96,"41,510",0.4,15.27,16.60,17.61,21.63,27.99,"31,760","34,540","36,630","44,990","58,220",,
99,U.S.,1,US,000000,Cross-industry,cross-industry,1235,45-1000,"Supervisors of Farming, Fishing, and Forestry Workers",minor,"27,960",2.1,,,,,30.16,"62,730",0.8,18.75,22.44,28.52,36.20,44.12,"38,990","46,670","59,320","75,290","91,770",,
99,U.S.,1,US,000000,Cross-industry,cross-industry,1235,45-1010,"First-Line Supervisors of Farming, Fishing, and Forestry Workers",broad,"27,960",2.1,,,,,30.16,"62,730",0.8,18.75,22.44,28.52,36.20,44.12,"38,990","46,670","59,320","75,290","91,770",,
99,U.S.,1,US,000000,Cross-industry,cross-industry,1235,45-1011,"First-Line Supervisors of Farming, Fishing, and Forestry Workers",detailed,"27,960",2.1,,,,,30.16,"62,730",0.8,18.75,22.44,28.52,36.20,44.12,"38,990","46,670","59,320","75,290","91,770",,
99,U.S.,1,US,000000,Cross-industry,cross-industry,1235,45-2000,Agricultural Workers,minor,"371,340",0.7,,,,,18.74,"38,970",0.4,15.05,16.50,17.29,20.07,23.53,"31,310","34,330","35,950","41,740","48,950",,
99,U.S.,1,US,000000,Cross-industry,cross-industry,1235,45-2010,Agricultural Inspectors,broad,"14,410",1.9,,,,,26.40,"54,910",0.4,17.80,20.35,24.01,31.01,38.26,"37,020","42,330","49,940","64,500","79,580",,
99,U.S.,1,US,000000,Cross-industry,cross-industry,1235,45-2011,Agricultural Inspectors,detailed,"14,410",1.9,,,,,26.40,"54,910",0.4,17.80,20.35,24.01,31.01,38.26,"37,020","42,330","49,940","64,500","79,580",,
99,U.S.,1,US,000000,Cross-industry,cross-industry,1235,45-2020,Animal Breeders,broad,"1,330",14.9,,,,,27.41,"57,010",4.2,18.50,21.31,24.58,29.85,43.53,"38,480","44,320","51,130","62,080","90,550",,
99,U.S.,1,US,000000,Cross-industry,cross-industry,1235,45-2021,Animal Breeders,detailed,"1,330",14.9,,,,,27.41,"57,010",4.2,18.50,21.31,24.58,29.85,43.53,"38,480","44,320","51,130","62,080","90,550",,
99,U.S.,1,US,000000,Cross-industry,cross-industry,1235,45-2040,"Graders and Sorters, Agricultural Products",broad,"25,180",2.8,,,,,17.51,"36,430",0.7,14.22,16.50,17.18,18.39,21.39,"29,580","34,320","35,730","38,260","44,490",,
99,U.S.,1,US,000000,Cross-industry,cross-industry,1235,45-2041,"Graders and Sorters, Agricultural Products",detailed,"25,180",2.8,,,,,17.51,"36,430",0.7,14.22,16.50,17.18,18.39,21.39,"29,580","34,320","35,730","38,260","44,490",,
99,U.S.,1,US,000000,Cross-industry,cross-industry,1235,45-2090,Miscellaneous Agricultural Workers,broad,"330,420",0.8,,,,,18.46,"38,400",0.4,15.02,16.50,17.25,19.72,22.95,"31,250","34,320","35,870","41,010","47,740",,
99,U.S.,1,US,000000,Cross-industry,cross-industry,1235,45-2091,Agricultural Equipment Operators,detailed,"28,500",3.6,,,,,21.02,"43,710",0.8,16.11,17.70,20.06,23.12,28.20,"33,500","36,810","41,730","48,100","58,650",,
99,U.S.,1,US,000000,Cross-industry,cross-industry,1235,45-2092,"Farmworkers and Laborers, Crop, Nursery, and Greenhouse",detailed,"265,500",1.0,,,,,18.09,"37,630",0.4,15.82,16.50,17.15,18.67,21.96,"32,900","34,320","35,660","38,840","45,690",,
99,U.S.,1,US,000000,Cross-industry,cross-industry,1235,45-2093,"Farmworkers, Farm, Ranch, and Aquacultural Animals",detailed,"32,810",2.3,,,,,18.88,"39,260",0.7,13.15,14.91,17.63,21.97,26.00,"27,360","31,020","36,670","45,700","54,080",,
99,U.S.,1,US,000000,Cross-industry,cross-industry,1235,45-2099,"Agricultural Workers, All Other",detailed,"3,620",7.0,,,,,21.88,"45,510",2.2,13.35,15.93,19.16,25.62,36.99,"27,760","33,140","39,850","53,290","76,940",,
99,U.S.,1,US,000000,Cross-industry,cross-industry,1235,45-4000,"Forest, Conservation, and Logging Workers",minor,"35,010",1.7,,,,,24.72,"51,410",0.7,16.60,19.39,23.24,28.68,34.66,"34,520","40,320","48,340","59,640","72,100",,
99,U.S.,1,US,000000,Cross-industry,cross-industry,1235,45-4010,Forest and Conservation Workers,broad,"6,050",6.4,,,,,21.00,"43,680",1.2,16.24,18.00,21.00,22.00,27.51,"33,780","37,440","43,680","45,760","57,220",,
99,U.S.,1,US,000000,Cross-industry,cross-industry,1235,45-4011,Forest and Conservation Workers,detailed,"6,050",6.4,,,,,21.00,"43,680",1.2,16.24,18.00,21.00,22.00,27.51,"33,780","37,440","43,680","45,760","57,220",,
99,U.S.,1,US,000000,Cross-industry,cross-industry,1235,45-4020,Logging Workers,broad,"28,960",1.6,,,,,25.49,"53,020",0.8,16.91,20.43,23.88,29.31,35.61,"35,170","42,490","49,660","60,970","74,080",,
99,U.S.,1,US,000000,Cross-industry,cross-industry,1235,45-4021,Fallers,detailed,"3,130",7.7,,,,,27.46,"57,110",2.9,16.91,19.89,25.05,30.48,39.60,"35,180","41,360","52,100","63,390","82,360",,
99,U.S.,1,US,000000,Cross-industry,cross-industry,1235,45-4022,Logging Equipment Operators,detailed,"21,060",2.1,,,,,25.57,"53,190",0.9,16.91,21.14,23.91,29.35,35.72,"35,170","43,970","49,740","61,050","74,300",,
99,U.S.,1,US,000000,Cross-industry,cross-industry,1235,45-4023,Log Graders and Scalers,detailed,"3,070",5.2,,,,,22.97,"47,770",1.5,16.80,18.16,22.27,27.04,30.00,"34,950","37,780","46,330","56,250","62,400",,
99,U.S.,1,US,000000,Cross-industry,cross-industry,1235,45-4029,"Logging Workers, All Other",detailed,"1,700",9.7,,,,,25.44,"52,910",2.0,17.49,20.15,24.44,29.54,33.34,"36,380","41,900","50,840","61,450","69,350",,
99,U.S.,1,US,000000,Cross-industry,cross-industry,1235,47-0000,Construction and Extraction Occupations,major,"6,425,160",0.2,,,,,31.42,"65,360",0.2,18.32,22.54,28.63,37.49,48.87,"38,100","46,880","59,540","77,970","101,650",,
99,U.S.,1,US,000000,Cross-industry,cross-industry,1235,47-1000,Supervisors of Construction and Extraction Workers,minor,"812,210",0.6,,,,,41.56,"86,450",0.3,25.62,30.48,38.42,48.78,61.66,"53,280","63,400","79,920","101,460","128,260",,
99,U.S.,1,US,000000,Cross-industry,cross-industry,1235,47-1010,First-Line Supervisors of Construction Trades and Extraction Workers,broad,"812,210",0.6,,,,,41.56,"86,450",0.3,25.62,30.48,38.42,48.78,61.66,"53,280","63,400","79,920","101,460","128,260",,
99,U.S.,1,US,000000,Cross-industry,cross-industry,1235,47-1011,First-Line Supervisors of Construction Trades and Extraction Workers,detailed,"812,210",0.6,,,,,41.56,"86,450",0.3,25.62,30.48,38.42,48.78,61.66,"53,280","63,400","79,920","101,460","128,260",,
99,U.S.,1,US,000000,Cross-industry,cross-industry,1235,47-2000,Construction Trades Workers,minor,"4,739,450",0.3,,,,,30.23,"62,880",0.3,18.20,22.31,27.96,36.21,47.20,"37,850","46,410","58,150","75,310","98,180",,
99,U.S.,1,US,000000,Cross-industry,cross-industry,1235,47-2010,Boilermakers,broad,"10,190",5.3,,,,,38.50,"80,090",1.5,24.28,31.13,36.74,45.88,53.06,"50,490","64,760","76,410","95,430","110,370",,
99,U.S.,1,US,000000,Cross-industry,cross-industry,1235,47-2011,Boilermakers,detailed,"10,190",5.3,,,,,38.50,"80,090",1.5,24.28,31.13,36.74,45.88,53.06,"50,490","64,760","76,410","95,430","110,370",,
99,U.S.,1,US,000000,Cross-industry,cross-industry,1235,47-2020,"Brickmasons, Blockmasons, and Stonemasons",broad,"60,370",2.4,,,,,32.36,"67,300",1.0,20.96,24.17,29.56,37.74,47.70,"43,590","50,270","61,480","78,500","99,210",,
99,U.S.,1,US,000000,Cross-industry,cross-industry,1235,47-2021,Brickmasons and Blockmasons,detailed,"52,550",2.3,,,,,32.83,"68,280",1.0,21.55,24.57,29.87,38.15,48.08,"44,820","51,110","62,120","79,350","100,010",,
99,U.S.,1,US,000000,Cross-industry,cross-industry,1235,47-2022,Stonemasons,detailed,"7,820",9.8,,,,,29.19,"60,710",3.2,18.89,21.85,27.59,34.44,41.43,"39,300","45,450","57,390","71,630","86,180",,
99,U.S.,1,US,000000,Cross-industry,cross-industry,1235,47-2030,Carpenters,broad,"670,090",0.9,,,,,31.55,"65,630",0.4,19.43,23.32,29.12,36.94,48.03,"40,410","48,510","60,580","76,830","99,910",,
99,U.S.,1,US,000000,Cross-industry,cross-industry,1235,47-2031,Carpenters,detailed,"670,090",0.9,,,,,31.55,"65,630",0.4,19.43,23.32,29.12,36.94,48.03,"40,410","48,510","60,580","76,830","99,910",,
99,U.S.,1,US,000000,Cross-industry,cross-industry,1235,47-2040,"Carpet, Floor, and Tile Installers and Finishers",broad,"76,990",2.4,,,,,28.50,"59,290",1.0,17.74,21.54,26.15,33.77,42.94,"36,910","44,800","54,390","70,230","89,320",,
99,U.S.,1,US,000000,Cross-industry,cross-industry,1235,47-2041,Carpet Installers,detailed,"13,780",5.6,,,,,27.40,"56,990",2.2,17.05,20.18,24.20,31.89,39.49,"35,450","41,970","50,340","66,320","82,140",,
99,U.S.,1,US,000000,Cross-industry,cross-industry,1235,47-2042,"Floor Layers, Except Carpet, Wood, and Hard Tiles",detailed,"23,640",4.6,,,,,29.69,"61,760",1.8,18.08,21.95,27.15,35.50,46.49,"37,600","45,660","56,460","73,840","96,700",,
99,U.S.,1,US,000000,Cross-industry,cross-industry,1235,47-2043,Floor Sanders and Finishers,detailed,"3,720",14.2,,,,,25.22,"52,460",2.6,17.82,20.00,24.25,28.66,33.82,"37,070","41,600","50,440","59,620","70,340",,
99,U.S.,1,US,000000,Cross-industry,cross-industry,1235,47-2044,Tile and Stone Setters,detailed,"35,850",3.9,,,,,28.49,"59,250",1.4,17.86,21.73,26.77,33.76,41.40,"37,140","45,200","55,690","70,220","86,110",,
99,U.S.,1,US,000000,Cross-industry,cross-industry,1235,47-2050,"Cement Masons, Concrete Finishers, and Terrazzo Workers",broad,"207,340",1.7,,,,,28.94,"60,200",0.5,18.86,22.60,27.43,32.35,41.30,"39,220","47,010","57,060","67,280","85,900",,
99,U.S.,1,US,000000,Cross-industry,cross-industry,1235,47-2051,Cement Masons and Concrete Finishers,detailed,"206,170",1.7,,,,,28.87,"60,050",0.5,18.84,22.60,27.41,32.15,41.10,"39,190","47,010","57,020","66,870","85,480",,
99,U.S.,1,US,000000,Cross-industry,cross-industry,1235,47-2053,Terrazzo Workers and Finishers,detailed,"1,180",30.0,,,,,40.83,"84,920",13.7,22.16,26.36,36.62,55.18,60.64,"46,090","54,830","76,170","114,780","126,130",,
99,U.S.,1,US,000000,Cross-industry,cross-industry,1235,47-2060,Construction Laborers,broad,"1,096,780",0.8,,,,,25.02,"52,030",0.3,16.87,18.57,22.66,28.72,37.54,"35,090","38,620","47,120","59,740","78,090",,
99,U.S.,1,US,000000,Cross-industry,cross-industry,1235,47-2061,Construction Laborers,detailed,"1,096,780",0.8,,,,,25.02,"52,030",0.3,16.87,18.57,22.66,28.72,37.54,"35,090","38,620","47,120","59,740","78,090",,
99,U.S.,1,US,000000,Cross-industry,cross-industry,1235,47-2070,Construction Equipment Operators,broad,"522,210",0.7,,,,,31.62,"65,770",0.4,19.98,23.29,28.66,36.92,48.39,"41,550","48,430","59,600","76,800","100,660",,
99,U.S.,1,US,000000,Cross-industry,cross-industry,1235,47-2071,"Paving, Surfacing, and Tamping Equipment Operators",detailed,"41,820",3.4,,,,,28.37,"59,000",0.9,18.38,21.93,25.64,31.12,44.34,"38,230","45,610","53,340","64,720","92,230",,
99,U.S.,1,US,000000,Cross-industry,cross-industry,1235,47-2072,Pile Driver Operators,detailed,"2,310",8.5,,,,,38.81,"80,710",2.8,23.46,28.13,35.24,51.17,59.91,"48,790","58,510","73,300","106,430","124,600",,
99,U.S.,1,US,000000,Cross-industry,cross-industry,1235,47-2073,Operating Engineers and Other Construction Equipment Operators,detailed,"478,090",0.8,,,,,31.87,"66,290",0.4,20.28,23.40,28.78,37.10,48.60,"42,190","48,680","59,850","77,170","101,090",,
99,U.S.,1,US,000000,Cross-industry,cross-industry,1235,47-2080,"Drywall Installers, Ceiling Tile Installers, and Tapers",broad,"95,920",2.6,,,,,31.16,"64,820",1.0,18.67,22.91,28.74,36.49,49.67,"38,820","47,640","59,780","75,890","103,310",,
99,U.S.,1,US,000000,Cross-industry,cross-industry,1235,47-2081,Drywall and Ceiling Tile Installers,detailed,"83,080",2.5,,,,,30.58,"63,600",1.1,18.49,22.81,28.33,35.69,49.04,"38,460","47,440","58,930","74,230","102,010",,
99,U.S.,1,US,000000,Cross-industry,cross-industry,1235,47-2082,Tapers,detailed,"12,840",7.4,,,,,34.96,"72,710",2.0,21.00,25.35,32.82,42.57,51.50,"43,670","52,730","68,270","88,540","107,110",,
99,U.S.,1,US,000000,Cross-industry,cross-industry,1235,47-2110,Electricians,broad,"757,220",0.8,,,,,34.37,"71,490",0.4,20.50,23.76,30.38,40.36,52.17,"42,640","49,430","63,190","83,940","108,510",,
99,U.S.,1,US,000000,Cross-industry,cross-industry,1235,47-2111,Electricians,detailed,"757,220",0.8,,,,,34.37,"71,490",0.4,20.50,23.76,30.38,40.36,52.17,"42,640","49,430","63,190","83,940","108,510",,
99,U.S.,1,US,000000,Cross-industry,cross-industry,1235,47-2120,Glaziers,broad,"58,480",2.8,,,,,28.71,"59,720",1.2,17.93,22.27,27.44,32.03,43.17,"37,300","46,320","57,080","66,610","89,790",,
99,U.S.,1,US,000000,Cross-industry,cross-industry,1235,47-2121,Glaziers,detailed,"58,480",2.8,,,,,28.71,"59,720",1.2,17.93,22.27,27.44,32.03,43.17,"37,300","46,320","57,080","66,610","89,790",,
99,U.S.,1,US,000000,Cross-industry,cross-industry,1235,47-2130,Insulation Workers,broad,"70,110",3.2,,,,,28.22,"58,690",1.3,18.15,21.93,24.68,30.83,42.33,"37,750","45,620","51,330","64,130","88,050",,
99,U.S.,1,US,000000,Cross-industry,cross-industry,1235,47-2131,"Insulation Workers, Floor, Ceiling, and Wall",detailed,"44,440",4.4,,,,,26.32,"54,740",1.4,17.80,20.77,23.62,29.32,37.59,"37,030","43,200","49,120","60,980","78,190",,
99,U.S.,1,US,000000,Cross-industry,cross-industry,1235,47-2132,"Insulation Workers, Mechanical",detailed,"25,660",5.2,,,,,31.50,"65,530",2.1,20.42,23.13,28.05,37.19,48.19,"42,470","48,100","58,340","77,360","100,220",,
99,U.S.,1,US,000000,Cross-industry,cross-industry,1235,47-2140,Painters and Paperhangers,broad,"226,760",1.6,,,,,26.64,"55,400",0.6,18.00,21.46,23.76,29.64,37.84,"37,440","44,640","49,420","61,640","78,720",,
99,U.S.,1,US,000000,Cross-industry,cross-industry,1235,47-2141,"Painters, Construction and Maintenance",detailed,"225,190",1.6,,,,,26.64,"55,420",0.6,18.00,21.46,23.75,29.65,37.89,"37,440","44,640","49,400","61,660","78,810",,
99,U.S.,1,US,000000,Cross-industry,cross-industry,1235,47-2142,Paperhangers,detailed,"1,570",11.3,,,,,25.83,"53,730",2.6,17.32,21.58,25.07,28.93,33.20,"36,020","44,890","52,140","60,180","69,050",,
99,U.S.,1,US,000000,Cross-industry,cross-industry,1235,47-2150,"Pipelayers, Plumbers, Pipefitters, and Steamfitters",broad,"498,890",1.2,,,,,34.14,"71,010",0.6,20.62,23.79,30.29,39.91,51.43,"42,900","49,490","63,010","83,020","106,970",,
99,U.S.,1,US,000000,Cross-industry,cross-industry,1235,47-2151,Pipelayers,detailed,"33,050",3.1,,,,,26.30,"54,700",1.1,18.14,21.15,23.56,29.52,38.55,"37,730","43,980","49,000","61,400","80,170",,
99,U.S.,1,US,000000,Cross-industry,cross-industry,1235,47-2152,"Plumbers, Pipefitters, and Steamfitters",detailed,"465,840",1.3,,,,,34.70,"72,170",0.6,21.22,24.13,30.67,40.92,52.13,"44,150","50,190","63,800","85,110","108,420",,
99,U.S.,1,US,000000,Cross-industry,cross-industry,1235,47-2160,Plasterers and Stucco Masons,broad,"19,310",5.8,,,,,29.83,"62,050",2.6,19.02,23.06,27.72,34.28,46.50,"39,560","47,970","57,660","71,310","96,710",,
99,U.S.,1,US,000000,Cross-industry,cross-industry,1235,47-2161,Plasterers and Stucco Masons,detailed,"19,310",5.8,,,,,29.83,"62,050",2.6,19.02,23.06,27.72,34.28,46.50,"39,560","47,970","57,660","71,310","96,710",,
99,U.S.,1,US,000000,Cross-industry,cross-industry,1235,47-2170,Reinforcing Iron and Rebar Workers,broad,"13,800",7.7,,,,,31.76,"66,060",2.6,20.82,23.07,28.35,37.17,50.26,"43,310","47,990","58,970","77,320","104,540",,
99,U.S.,1,US,000000,Cross-industry,cross-industry,1235,47-2171,Reinforcing Iron and Rebar Workers,detailed,"13,800",7.7,,,,,31.76,"66,060",2.6,20.82,23.07,28.35,37.17,50.26,"43,310","47,990","58,970","77,320","104,540",,
99,U.S.,1,US,000000,Cross-industry,cross-industry,1235,47-2180,Roofers,broad,"135,490",1.4,,,,,27.95,"58,140",0.6,18.01,22.24,26.65,31.44,39.29,"37,460","46,260","55,440","65,390","81,720",,
99,U.S.,1,US,000000,Cross-industry,cross-industry,1235,47-2181,Roofers,detailed,"135,490",1.4,,,,,27.95,"58,140",0.6,18.01,22.24,26.65,31.44,39.29,"37,460","46,260","55,440","65,390","81,720",,
99,U.S.,1,US,000000,Cross-industry,cross-industry,1235,47-2210,Sheet Metal Workers,broad,"119,770",2.4,,,,,32.62,"67,850",0.9,18.57,22.99,29.71,39.24,50.79,"38,630","47,830","61,800","81,610","105,650",,
99,U.S.,1,US,000000,Cross-industry,cross-industry,1235,47-2211,Sheet Metal Workers,detailed,"119,770",2.4,,,,,32.62,"67,850",0.9,18.57,22.99,29.71,39.24,50.79,"38,630","47,830","61,800","81,610","105,650",,
99,U.S.,1,US,000000,Cross-industry,cross-industry,1235,47-2220,Structural Iron and Steel Workers,broad,"68,380",3.5,,,,,33.79,"70,280",1.2,21.43,23.98,30.18,39.74,52.05,"44,580","49,880","62,780","82,660","108,260",,
99,U.S.,1,US,000000,Cross-industry,cross-industry,1235,47-2221,Structural Iron and Steel Workers,detailed,"68,380",3.5,,,,,33.79,"70,280",1.2,21.43,23.98,30.18,39.74,52.05,"44,580","49,880","62,780","82,660","108,260",,
99,U.S.,1,US,000000,Cross-industry,cross-industry,1235,47-2230,Solar Photovoltaic Installers,broad,"31,350",6.1,,,,,27.84,"57,900",1.2,20.00,22.45,25.55,30.23,38.45,"41,600","46,700","53,140","62,870","79,970",,
99,U.S.,1,US,000000,Cross-industry,cross-industry,1235,47-2231,Solar Photovoltaic Installers,detailed,"31,350",6.1,,,,,27.84,"57,900",1.2,20.00,22.45,25.55,30.23,38.45,"41,600","46,700","53,140","62,870","79,970",,
99,U.S.,1,US,000000,Cross-industry,cross-industry,1235,47-3000,"Helpers, Construction Trades",minor,"182,090",2.0,,,,,21.46,"44,640",0.5,15.85,17.81,20.80,23.54,28.41,"32,970","37,040","43,260","48,960","59,090",,
99,U.S.,1,US,000000,Cross-industry,cross-industry,1235,47-3010,"Helpers, Construction Trades",broad,"182,090",2.0,,,,,21.46,"44,640",0.5,15.85,17.81,20.80,23.54,28.41,"32,970","37,040","43,260","48,960","59,090",,
99,U.S.,1,US,000000,Cross-industry,cross-industry,1235,47-3011,"Helpers--Brickmasons, Blockmasons, Stonemasons, and Tile and Marble Setters",detailed,"14,170",5.2,,,,,24.48,"50,920",1.3,17.42,19.28,22.86,27.88,33.69,"36,230","40,100","47,550","57,980","70,080",,
99,U.S.,1,US,000000,Cross-industry,cross-industry,1235,47-3012,Helpers--Carpenters,detailed,"21,680",5.4,,,,,21.18,"44,050",1.0,15.22,17.66,21.05,23.75,27.73,"31,660","36,730","43,780","49,400","57,670",,
99,U.S.,1,US,000000,Cross-industry,cross-industry,1235,47-3013,Helpers--Electricians,detailed,"63,630",3.5,,,,,21.19,"44,080",0.6,15.88,17.71,20.51,23.30,28.05,"33,020","36,830","42,670","48,470","58,340",,
99,U.S.,1,US,000000,Cross-industry,cross-industry,1235,47-3014,"Helpers--Painters, Paperhangers, Plasterers, and Stucco Masons",detailed,"7,490",12.3,,,,,20.40,"42,440",2.3,15.00,17.71,19.46,23.60,25.00,"31,200","36,830","40,470","49,090","52,000",,
99,U.S.,1,US,000000,Cross-industry,cross-industry,1235,47-3015,"Helpers--Pipelayers, Plumbers, Pipefitters, and Steamfitters",detailed,"44,330",4.0,,,,,21.03,"43,730",1.4,16.15,17.76,20.36,22.94,27.78,"33,590","36,940","42,360","47,720","57,780",,
99,U.S.,1,US,000000,Cross-industry,cross-industry,1235,47-3016,Helpers--Roofers,detailed,"6,030",9.5,,,,,21.71,"45,150",4.1,14.49,17.80,21.23,23.54,30.00,"30,140","37,030","44,160","48,970","62,400",,
99,U.S.,1,US,000000,Cross-industry,cross-industry,1235,47-3019,"Helpers, Construction Trades, All Other",detailed,"24,770",5.7,,,,,21.70,"45,140",1.1,15.82,17.80,20.51,23.50,28.89,"32,900","37,030","42,670","48,880","60,080",,
99,U.S.,1,US,000000,Cross-industry,cross-industry,1235,47-4000,Other Construction and Related Workers,minor,"480,270",0.9,,,,,30.98,"64,440",0.5,18.46,22.43,28.10,36.74,48.46,"38,400","46,650","58,450","76,410","100,790",,
99,U.S.,1,US,000000,Cross-industry,cross-industry,1235,47-4010,Construction and Building Inspectors,broad,"146,720",1.7,,,,,37.37,"77,730",0.6,22.66,28.30,35.91,45.54,54.91,"47,140","58,860","74,690","94,710","114,200",,
99,U.S.,1,US,000000,Cross-industry,cross-industry,1235,47-4011,Construction and Building Inspectors,detailed,"146,720",1.7,,,,,37.37,"77,730",0.6,22.66,28.30,35.91,45.54,54.91,"47,140","58,860","74,690","94,710","114,200",,
99,U.S.,1,US,000000,Cross-industry,cross-industry,1235,47-4020,Elevator and Escalator Installers and Repairers,broad,"23,790",5.8,,,,,52.80,"109,820",1.6,28.49,38.12,52.84,65.25,76.39,"59,270","79,290","109,910","135,720","158,890",,
99,U.S.,1,US,000000,Cross-industry,cross-industry,1235,47-4021,Elevator and Escalator Installers and Repairers,detailed,"23,790",5.8,,,,,52.80,"109,820",1.6,28.49,38.12,52.84,65.25,76.39,"59,270","79,290","109,910","135,720","158,890",,
99,U.S.,1,US,000000,Cross-industry,cross-industry,1235,47-4030,Fence Erectors,broad,"24,480",6.0,,,,,24.29,"50,530",1.3,17.22,19.43,23.07,28.18,33.66,"35,810","40,400","47,980","58,610","70,010",,
99,U.S.,1,US,000000,Cross-industry,cross-industry,1235,47-4031,Fence Erectors,detailed,"24,480",6.0,,,,,24.29,"50,530",1.3,17.22,19.43,23.07,28.18,33.66,"35,810","40,400","47,980","58,610","70,010",,
99,U.S.,1,US,000000,Cross-industry,cross-industry,1235,47-4040,Hazardous Materials Removal Workers,broad,"51,710",3.1,,,,,27.13,"56,430",1.1,18.49,21.50,23.78,29.58,39.62,"38,460","44,720","49,450","61,530","82,410",,
99,U.S.,1,US,000000,Cross-industry,cross-industry,1235,47-4041,Hazardous Materials Removal Workers,detailed,"51,710",3.1,,,,,27.13,"56,430",1.1,18.49,21.50,23.78,29.58,39.62,"38,460","44,720","49,450","61,530","82,410",,
99,U.S.,1,US,000000,Cross-industry,cross-industry,1235,47-4050,Highway Maintenance Workers,broad,"154,960",1.0,,,,,25.52,"53,080",0.3,17.42,20.91,24.16,29.35,34.60,"36,230","43,500","50,260","61,040","71,970",,
99,U.S.,1,US,000000,Cross-industry,cross-industry,1235,47-4051,Highway Maintenance Workers,detailed,"154,960",1.0,,,,,25.52,"53,080",0.3,17.42,20.91,24.16,29.35,34.60,"36,230","43,500","50,260","61,040","71,970",,
99,U.S.,1,US,000000,Cross-industry,cross-industry,1235,47-4060,Rail-Track Laying and Maintenance Equipment Operators,broad,"19,580",2.3,,,,,33.05,"68,740",0.8,21.94,24.65,33.69,39.27,42.03,"45,640","51,280","70,070","81,670","87,420",,
99,U.S.,1,US,000000,Cross-industry,cross-industry,1235,47-4061,Rail-Track Laying and Maintenance Equipment Operators,detailed,"19,580",2.3,,,,,33.05,"68,740",0.8,21.94,24.65,33.69,39.27,42.03,"45,640","51,280","70,070","81,670","87,420",,
99,U.S.,1,US,000000,Cross-industry,cross-industry,1235,47-4070,Septic Tank Servicers and Sewer Pipe Cleaners,broad,"30,650",2.7,,,,,25.72,"53,500",0.7,17.81,20.93,23.98,29.36,35.33,"37,040","43,530","49,880","61,060","73,490",,
99,U.S.,1,US,000000,Cross-industry,cross-industry,1235,47-4071,Septic Tank Servicers and Sewer Pipe Cleaners,detailed,"30,650",2.7,,,,,25.72,"53,500",0.7,17.81,20.93,23.98,29.36,35.33,"37,040","43,530","49,880","61,060","73,490",,
99,U.S.,1,US,000000,Cross-industry,cross-industry,1235,47-4090,Miscellaneous Construction and Related Workers,broad,"28,380",5.2,,,,,26.51,"55,130",1.7,17.56,20.58,24.00,30.02,37.84,"36,510","42,810","49,910","62,440","78,700",,
99,U.S.,1,US,000000,Cross-industry,cross-industry,1235,47-4090,Miscellaneous Construction and Related Workers,detailed,"28,380",5.2,,,,,26.51,"55,130",1.7,17.56,20.58,24.00,30.02,37.84,"36,510","42,810","49,910","62,440","78,700",,
99,U.S.,1,US,000000,Cross-industry,cross-industry,1235,47-5000,Extraction Workers,minor,"211,130",1.5,,,,,28.77,"59,850",0.5,18.48,22.50,27.56,33.28,40.14,"38,440","46,790","57,320","69,230","83,490",,
99,U.S.,1,US,000000,Cross-industry,cross-industry,1235,47-5010,"Derrick, Rotary Drill, and Service Unit Operators, Oil and Gas",broad,"66,320",2.9,,,,,30.74,"63,950",0.9,19.23,23.23,28.72,36.53,46.33,"40,000","48,310","59,730","75,980","96,370",,
99,U.S.,1,US,000000,Cross-industry,cross-industry,1235,47-5011,"Derrick Operators, Oil and Gas",detailed,"10,590",7.4,,,,,28.95,"60,210",2.2,20.86,23.98,28.18,34.43,39.33,"43,380","49,880","58,620","71,610","81,800",,
99,U.S.,1,US,000000,Cross-industry,cross-industry,1235,47-5012,"Rotary Drill Operators, Oil and Gas",detailed,"12,600",5.8,,,,,34.68,"72,130",1.6,22.60,25.87,32.64,39.12,48.97,"47,010","53,810","67,890","81,360","101,860",,
99,U.S.,1,US,000000,Cross-industry,cross-industry,1235,47-5013,"Service Unit Operators, Oil and Gas",detailed,"43,140",3.6,,,,,30.04,"62,470",1.3,18.72,22.83,27.96,35.21,46.90,"38,940","47,480","58,160","73,230","97,560",,
99,U.S.,1,US,000000,Cross-industry,cross-industry,1235,47-5020,Surface Mining Machine Operators and Earth Drillers,broad,"53,920",2.4,,,,,29.32,"60,980",0.7,20.66,23.28,28.02,32.83,39.88,"42,960","48,410","58,280","68,280","82,950",,
99,U.S.,1,US,000000,Cross-industry,cross-industry,1235,47-5022,"Excavating and Loading Machine and Dragline Operators, Surface Mining",detailed,"34,480",2.8,,,,,28.81,"59,930",0.9,20.00,23.03,27.61,31.60,39.61,"41,600","47,890","57,430","65,730","82,400",,
99,U.S.,1,US,000000,Cross-industry,cross-industry,1235,47-5023,"Earth Drillers, Except Oil and Gas",detailed,"19,450",4.1,,,,,30.21,"62,830",1.0,21.37,23.99,28.94,34.83,40.29,"44,460","49,900","60,190","72,450","83,800",,
99,U.S.,1,US,000000,Cross-industry,cross-industry,1235,47-5030,"Explosives Workers, Ordnance Handling Experts, and Blasters",broad,"5,100",6.6,,,,,32.04,"66,640",2.2,19.46,23.86,29.51,38.64,47.77,"40,480","49,630","61,390","80,370","99,360",,
99,U.S.,1,US,000000,Cross-industry,cross-industry,1235,47-5032,"Explosives Workers, Ordnance Handling Experts, and Blasters",detailed,"5,100",6.6,,,,,32.04,"66,640",2.2,19.46,23.86,29.51,38.64,47.77,"40,480","49,630","61,390","80,370","99,360",,
99,U.S.,1,US,000000,Cross-industry,cross-industry,1235,47-5040,Underground Mining Machine Operators,broad,"25,260",2.7,,,,,32.80,"68,220",0.7,23.15,27.87,32.05,38.18,41.87,"48,160","57,970","66,670","79,420","87,090",,
99,U.S.,1,US,000000,Cross-industry,cross-industry,1235,47-5041,Continuous Mining Machine Operators,detailed,"14,000",2.5,,,,,31.27,"65,050",1.0,22.49,24.81,29.72,37.29,41.45,"46,770","51,610","61,810","77,570","86,210",,
99,U.S.,1,US,000000,Cross-industry,cross-industry,1235,47-5043,"Roof Bolters, Mining",detailed,"2,160",3.3,,,,,37.55,"78,100",0.7,30.65,34.32,37.76,39.36,44.63,"63,750","71,390","78,540","81,860","92,830",,
99,U.S.,1,US,000000,Cross-industry,cross-industry,1235,47-5044,"Loading and Moving Machine Operators, Underground Mining",detailed,"5,930",8.0,,,,,34.25,"71,240",1.0,25.02,29.52,35.82,38.05,42.18,"52,030","61,410","74,500","79,150","87,730",,
99,U.S.,1,US,000000,Cross-industry,cross-industry,1235,47-5049,"Underground Mining Machine Operators, All Other",detailed,"3,180",11.9,,,,,33.59,"69,860",3.5,23.57,24.84,33.72,39.96,40.87,"49,020","51,670","70,130","83,120","85,010",,
99,U.S.,1,US,000000,Cross-industry,cross-industry,1235,47-5050,"Rock Splitters, Quarry",broad,"3,320",8.2,,,,,24.76,"51,500",2.0,17.95,20.51,23.44,28.86,32.55,"37,340","42,670","48,740","60,030","67,710",,
99,U.S.,1,US,000000,Cross-industry,cross-industry,1235,47-5051,"Rock Splitters, Quarry",detailed,"3,320",8.2,,,,,24.76,"51,500",2.0,17.95,20.51,23.44,28.86,32.55,"37,340","42,670","48,740","60,030","67,710",,
99,U.S.,1,US,000000,Cross-industry,cross-industry,1235,47-5070,"Roustabouts, Oil and Gas",broad,"44,970",4.7,,,,,23.65,"49,200",1.0,17.51,18.68,22.58,27.94,31.03,"36,420","38,850","46,960","58,120","64,530",,
99,U.S.,1,US,000000,Cross-industry,cross-industry,1235,47-5071,"Roustabouts, Oil and Gas",detailed,"44,970",4.7,,,,,23.65,"49,200",1.0,17.51,18.68,22.58,27.94,31.03,"36,420","38,850","46,960","58,120","64,530",,
99,U.S.,1,US,000000,Cross-industry,cross-industry,1235,47-5080,Helpers--Extraction Workers,broad,"6,700",8.6,,,,,24.34,"50,620",1.2,17.77,19.92,22.95,27.84,32.70,"36,960","41,430","47,730","57,920","68,020",,
99,U.S.,1,US,000000,Cross-industry,cross-industry,1235,47-5081,Helpers--Extraction Workers,detailed,"6,700",8.6,,,,,24.34,"50,620",1.2,17.77,19.92,22.95,27.84,32.70,"36,960","41,430","47,730","57,920","68,020",,
99,U.S.,1,US,000000,Cross-industry,cross-industry,1235,47-5090,Miscellaneous Extraction Workers,broad,"5,540",7.8,,,,,27.83,"57,890",2.2,18.05,21.33,27.41,31.44,39.50,"37,530","44,370","57,010","65,380","82,160",,
99,U.S.,1,US,000000,Cross-industry,cross-industry,1235,47-5099,"Extraction Workers, All Other",detailed,"5,540",7.8,,,,,27.83,"57,890",2.2,18.05,21.33,27.41,31.44,39.50,"37,530","44,370","57,010","65,380","82,160",,
99,U.S.,1,US,000000,Cross-industry,cross-industry,1235,49-0000,"Installation, Maintenance, and Repair Occupations",major,"6,086,190",0.2,,,,,30.44,"63,320",0.2,17.79,22.17,28.66,36.86,46.41,"37,000","46,110","59,620","76,670","96,540",,
99,U.S.,1,US,000000,Cross-industry,cross-industry,1235,49-1000,"Supervisors of Installation, Maintenance, and Repair Workers",minor,"617,500",0.6,,,,,40.97,"85,220",0.2,23.85,30.14,38.39,48.73,60.96,"49,600","62,690","79,860","101,360","126,790",,
99,U.S.,1,US,000000,Cross-industry,cross-industry,1235,49-1010,"First-Line Supervisors of Mechanics, Installers, and Repairers",broad,"617,500",0.6,,,,,40.97,"85,220",0.2,23.85,30.14,38.39,48.73,60.96,"49,600","62,690","79,860","101,360","126,790",,
99,U.S.,1,US,000000,Cross-industry,cross-industry,1235,49-1011,"First-Line Supervisors of Mechanics, Installers, and Repairers",detailed,"617,500",0.6,,,,,40.97,"85,220",0.2,23.85,30.14,38.39,48.73,60.96,"49,600","62,690","79,860","101,360","126,790",,
99,U.S.,1,US,000000,Cross-industry,cross-industry,1235,49-2000,"Electrical and Electronic Equipment Mechanics, Installers, and Repairers",minor,"458,290",1.0,,,,,32.12,"66,800",0.3,18.95,23.35,29.81,38.33,47.66,"39,420","48,560","62,010","79,720","99,140",,
99,U.S.,1,US,000000,Cross-industry,cross-industry,1235,49-2010,"Computer, Automated Teller, and Office Machine Repairers",broad,"65,600",2.1,,,,,24.46,"50,880",0.6,17.26,18.70,22.99,28.78,34.49,"35,910","38,900","47,810","59,870","71,730",,
99,U.S.,1,US,000000,Cross-industry,cross-industry,1235,49-2011,"Computer, Automated Teller, and Office Machine Repairers",detailed,"65,600",2.1,,,,,24.46,"50,880",0.6,17.26,18.70,22.99,28.78,34.49,"35,910","38,900","47,810","59,870","71,730",,
99,U.S.,1,US,000000,Cross-industry,cross-industry,1235,49-2020,Radio and Telecommunications Equipment Installers and Repairers,broad,"152,060",2.1,,,,,32.98,"68,600",0.6,21.28,24.89,30.70,39.30,46.80,"44,260","51,780","63,860","81,750","97,340",,
99,U.S.,1,US,000000,Cross-industry,cross-industry,1235,49-2021,"Radio, Cellular, and Tower Equipment Installers and Repairers",detailed,"11,140",7.1,,,,,33.59,"69,870",1.6,21.38,24.32,30.54,39.60,49.99,"44,460","50,580","63,520","82,370","103,990",,
99,U.S.,1,US,000000,Cross-industry,cross-industry,1235,49-2022,"Telecommunications Equipment Installers and Repairers, Except Line Installers",detailed,"140,920",2.1,,,,,32.93,"68,500",0.6,21.27,24.92,30.72,39.27,46.51,"44,240","51,830","63,890","81,690","96,730",,
99,U.S.,1,US,000000,Cross-industry,cross-industry,1235,49-2090,"Miscellaneous Electrical and Electronic Equipment Mechanics, Installers, and Repairers",broad,"240,630",1.4,,,,,33.66,"70,010",0.4,20.27,23.98,30.80,39.82,50.22,"42,170","49,880","64,070","82,830","104,450",,
99,U.S.,1,US,000000,Cross-industry,cross-industry,1235,49-2091,Avionics Technicians,detailed,"18,830",3.5,,,,,40.09,"83,380",0.8,23.75,30.72,39.56,47.65,54.65,"49,410","63,900","82,280","99,110","113,680",,
99,U.S.,1,US,000000,Cross-industry,cross-industry,1235,49-2092,"Electric Motor, Power Tool, and Related Repairers",detailed,"14,450",6.1,,,,,28.18,"58,610",1.6,17.84,21.73,27.02,33.22,40.96,"37,100","45,190","56,210","69,090","85,200",,
99,U.S.,1,US,000000,Cross-industry,cross-industry,1235,49-2093,"Electrical and Electronics Installers and Repairers, Transportation Equipment",detailed,"6,940",4.6,,,,,40.05,"83,300",1.6,24.40,30.56,40.81,47.53,56.16,"50,750","63,560","84,890","98,850","116,810",,
99,U.S.,1,US,000000,Cross-industry,cross-industry,1235,49-2094,"Electrical and Electronics Repairers, Commercial and Industrial Equipment",detailed,"65,010",2.5,,,,,36.33,"75,570",0.7,22.52,28.86,35.62,42.65,50.77,"46,840","60,040","74,090","88,710","105,590",,
99,U.S.,1,US,000000,Cross-industry,cross-industry,1235,49-2095,"Electrical and Electronics Repairers, Powerhouse, Substation, and Relay",detailed,"20,720",2.5,,,,,48.44,"100,760",0.6,31.60,39.35,49.53,57.15,62.46,"65,730","81,860","103,020","118,870","129,920",,
99,U.S.,1,US,000000,Cross-industry,cross-industry,1235,49-2096,"Electronic Equipment Installers and Repairers, Motor Vehicles",detailed,"8,550",7.1,,,,,24.79,"51,560",1.9,17.11,20.82,23.28,28.12,33.74,"35,590","43,310","48,420","58,500","70,170",,
99,U.S.,1,US,000000,Cross-industry,cross-industry,1235,49-2097,Audiovisual Equipment Installers and Repairers,detailed,"19,780",6.3,,,,,27.85,"57,930",2.0,17.67,21.39,25.29,32.36,40.48,"36,760","44,490","52,600","67,300","84,190",,
99,U.S.,1,US,000000,Cross-industry,cross-industry,1235,49-2098,Security and Fire Alarm Systems Installers,detailed,"86,340",2.8,,,,,29.31,"60,960",0.8,18.65,22.99,28.88,35.43,39.01,"38,800","47,820","60,070","73,690","81,150",,
99,U.S.,1,US,000000,Cross-industry,cross-industry,1235,49-3000,"Vehicle and Mobile Equipment Mechanics, Installers, and Repairers",minor,"1,748,920",0.3,,,,,29.05,"60,420",0.2,17.29,21.52,28.00,35.86,43.42,"35,950","44,750","58,240","74,600","90,310",,
99,U.S.,1,US,000000,Cross-industry,cross-industry,1235,49-3010,Aircraft Mechanics and Service Technicians,broad,"138,090",1.3,,,,,40.74,"84,740",0.7,23.45,30.11,38.40,47.66,61.97,"48,780","62,630","79,870","99,130","128,890",,
99,U.S.,1,US,000000,Cross-industry,cross-industry,1235,49-3011,Aircraft Mechanics and Service Technicians,detailed,"138,090",1.3,,,,,40.74,"84,740",0.7,23.45,30.11,38.40,47.66,61.97,"48,780","62,630","79,870","99,130","128,890",,
99,U.S.,1,US,000000,Cross-industry,cross-industry,1235,49-3020,Automotive Technicians and Repairers,broad,"874,260",0.5,,,,,27.33,"56,840",0.3,16.83,19.15,24.57,33.35,39.34,"35,010","39,830","51,100","69,370","81,820",,
99,U.S.,1,US,000000,Cross-industry,cross-industry,1235,49-3021,Automotive Body and Related Repairers,detailed,"149,310",1.4,,,,,28.70,"59,690",0.7,17.74,21.99,26.39,33.27,42.28,"36,910","45,750","54,890","69,200","87,940",,
99,U.S.,1,US,000000,Cross-industry,cross-industry,1235,49-3022,Automotive Glass Installers and Repairers,detailed,"20,310",3.6,,,,,24.25,"50,430",0.9,17.01,19.28,22.90,28.63,33.97,"35,390","40,110","47,630","59,550","70,650",,
99,U.S.,1,US,000000,Cross-industry,cross-industry,1235,49-3023,Automotive Service Technicians and Mechanics,detailed,"704,640",0.6,,,,,27.13,"56,420",0.3,16.66,18.70,24.34,33.86,39.32,"34,660","38,900","50,620","70,430","81,790",,
99,U.S.,1,US,000000,Cross-industry,cross-industry,1235,49-3030,Bus and Truck Mechanics and Diesel Engine Specialists,broad,"289,960",1.0,,,,,30.92,"64,320",0.3,21.41,24.30,29.70,36.29,42.66,"44,530","50,540","61,770","75,470","88,740",,
99,U.S.,1,US,000000,Cross-industry,cross-industry,1235,49-3031,Bus and Truck Mechanics and Diesel Engine Specialists,detailed,"289,960",1.0,,,,,30.92,"64,320",0.3,21.41,24.30,29.70,36.29,42.66,"44,530","50,540","61,770","75,470","88,740",,
99,U.S.,1,US,000000,Cross-industry,cross-industry,1235,49-3040,Heavy Vehicle and Mobile Equipment Service Technicians and Mechanics,broad,"235,820",1.2,,,,,32.43,"67,450",0.6,21.86,25.28,30.70,37.84,44.93,"45,460","52,590","63,850","78,700","93,450",,
99,U.S.,1,US,000000,Cross-industry,cross-industry,1235,49-3041,Farm Equipment Mechanics and Service Technicians,detailed,"37,870",2.2,,,,,27.54,"57,290",0.6,18.01,22.33,27.19,31.53,37.86,"37,470","46,450","56,550","65,580","78,740",,
99,U.S.,1,US,000000,Cross-industry,cross-industry,1235,49-3042,"Mobile Heavy Equipment Mechanics, Except Engines",detailed,"176,600",1.6,,,,,33.29,"69,240",0.7,22.51,27.39,31.50,38.11,45.41,"46,820","56,970","65,510","79,270","94,460",,
99,U.S.,1,US,000000,Cross-industry,cross-industry,1235,49-3043,Rail Car Repairers,detailed,"21,350",2.5,,,,,33.98,"70,680",0.7,22.50,26.21,32.46,40.66,45.72,"46,800","54,520","67,530","84,570","95,100",,
99,U.S.,1,US,000000,Cross-industry,cross-industry,1235,49-3050,Small Engine Mechanics,broad,"72,790",1.6,,,,,25.49,"53,010",0.5,17.00,20.50,23.90,29.45,35.80,"35,360","42,630","49,710","61,250","74,460",,
99,U.S.,1,US,000000,Cross-industry,cross-industry,1235,49-3051,Motorboat Mechanics and Service Technicians,detailed,"23,220",3.1,,,,,27.92,"58,070",1.1,17.76,22.48,27.67,32.03,38.14,"36,950","46,750","57,550","66,620","79,330",,
99,U.S.,1,US,000000,Cross-industry,cross-industry,1235,49-3052,Motorcycle Mechanics,detailed,"13,510",3.0,,,,,25.18,"52,370",0.9,16.72,19.01,23.35,29.57,35.77,"34,770","39,550","48,580","61,510","74,400",,
99,U.S.,1,US,000000,Cross-industry,cross-industry,1235,49-3053,Outdoor Power Equipment and Other Small Engine Mechanics,detailed,"36,060",2.2,,,,,24.04,"49,990",0.5,16.67,19.56,23.02,28.15,32.34,"34,670","40,670","47,880","58,560","67,260",,
99,U.S.,1,US,000000,Cross-industry,cross-industry,1235,49-3090,"Miscellaneous Vehicle and Mobile Equipment Mechanics, Installers, and Repairers",broad,"138,010",1.3,,,,,20.41,"42,450",0.4,14.58,16.92,18.59,22.59,28.19,"30,320","35,200","38,660","46,980","58,640",,
99,U.S.,1,US,000000,Cross-industry,cross-industry,1235,49-3091,Bicycle Repairers,detailed,"12,170",5.2,,,,,20.55,"42,730",1.0,15.01,17.48,20.57,23.09,26.44,"31,220","36,360","42,780","48,020","55,000",,
99,U.S.,1,US,000000,Cross-industry,cross-industry,1235,49-3092,Recreational Vehicle Service Technicians,detailed,"17,430",4.0,,,,,27.14,"56,440",1.3,17.37,21.59,25.00,30.72,37.48,"36,120","44,920","52,000","63,890","77,960",,
99,U.S.,1,US,000000,Cross-industry,cross-industry,1235,49-3093,Tire Repairers and Changers,detailed,"108,410",1.5,,,,,19.31,"40,170",0.4,14.43,16.68,18.13,21.78,24.15,"30,010","34,690","37,710","45,300","50,230",,
99,U.S.,1,US,000000,Cross-industry,cross-industry,1235,49-9000,"Other Installation, Maintenance, and Repair Occupations",minor,"3,261,490",0.4,,,,,28.96,"60,250",0.2,17.68,21.78,27.61,35.16,43.57,"36,780","45,310","57,440","73,140","90,620",,
99,U.S.,1,US,000000,Cross-industry,cross-industry,1235,49-9010,Control and Valve Installers and Repairers,broad,"75,360",2.7,,,,,33.41,"69,490",0.8,19.99,23.87,30.17,40.11,50.15,"41,570","49,660","62,760","83,420","104,310",,
99,U.S.,1,US,000000,Cross-industry,cross-industry,1235,49-9011,Mechanical Door Repairers,detailed,"27,120",5.4,,,,,27.67,"57,540",1.2,18.50,22.41,26.79,31.56,37.63,"38,490","46,610","55,720","65,630","78,260",,
99,U.S.,1,US,000000,Cross-industry,cross-industry,1235,49-9012,"Control and Valve Installers and Repairers, Except Mechanical Door",detailed,"48,240",3.0,,,,,36.64,"76,210",0.9,22.07,26.42,35.74,46.69,54.09,"45,910","54,950","74,340","97,120","112,500",,
99,U.S.,1,US,000000,Cross-industry,cross-industry,1235,49-9020,"Heating, Air Conditioning, and Refrigeration Mechanics and Installers",broad,"409,670",1.3,,,,,31.14,"64,780",0.5,19.25,23.25,29.33,37.05,45.78,"40,050","48,360","61,010","77,060","95,210",,
99,U.S.,1,US,000000,Cross-industry,cross-industry,1235,49-9021,"Heating, Air Conditioning, and Refrigeration Mechanics and Installers",detailed,"409,670",1.3,,,,,31.14,"64,780",0.5,19.25,23.25,29.33,37.05,45.78,"40,050","48,360","61,010","77,060","95,210",,
99,U.S.,1,US,000000,Cross-industry,cross-industry,1235,49-9030,Home Appliance Repairers,broad,"32,150",4.0,,,,,26.94,"56,040",1.2,17.40,21.05,24.51,30.47,38.78,"36,190","43,780","50,990","63,390","80,660",,
99,U.S.,1,US,000000,Cross-industry,cross-industry,1235,49-9031,Home Appliance Repairers,detailed,"32,150",4.0,,,,,26.94,"56,040",1.2,17.40,21.05,24.51,30.47,38.78,"36,190","43,780","50,990","63,390","80,660",,
99,U.S.,1,US,000000,Cross-industry,cross-industry,1235,49-9040,"Industrial Machinery Installation, Repair, and Maintenance Workers",broad,"541,070",0.6,,,,,32.75,"68,120",0.3,22.00,25.80,30.81,37.79,45.45,"45,760","53,660","64,090","78,610","94,530",,
99,U.S.,1,US,000000,Cross-industry,cross-industry,1235,49-9041,Industrial Machinery Mechanics,detailed,"439,640",0.7,,,,,32.91,"68,460",0.3,22.17,26.45,31.02,37.88,45.76,"46,120","55,010","64,520","78,780","95,170",,
99,U.S.,1,US,000000,Cross-industry,cross-industry,1235,49-9043,"Maintenance Workers, Machinery",detailed,"60,020",1.6,,,,,31.06,"64,610",0.6,20.19,23.52,29.25,36.16,42.57,"42,000","48,920","60,850","75,200","88,550",,
99,U.S.,1,US,000000,Cross-industry,cross-industry,1235,49-9044,Millwrights,detailed,"40,330",2.4,,,,,33.55,"69,780",0.8,22.25,27.11,31.59,39.18,45.00,"46,290","56,390","65,700","81,500","93,600",,
99,U.S.,1,US,000000,Cross-industry,cross-industry,1235,49-9045,"Refractory Materials Repairers, Except Brickmasons",detailed,"1,080",12.8,,,,,30.66,"63,770",3.5,19.52,24.06,29.47,36.06,41.59,"40,590","50,050","61,290","75,000","86,510",,
99,U.S.,1,US,000000,Cross-industry,cross-industry,1235,49-9050,Line Installers and Repairers,broad,"228,790",1.3,,,,,40.51,"84,270",0.5,23.02,29.36,39.20,49.64,58.27,"47,890","61,060","81,530","103,260","121,200",,
99,U.S.,1,US,000000,Cross-industry,cross-industry,1235,49-9051,Electrical Power-Line Installers and Repairers,detailed,"131,070",1.6,,,,,44.22,"91,970",0.6,24.74,32.34,45.83,52.76,61.87,"51,470","67,270","95,320","109,740","128,690",,
99,U.S.,1,US,000000,Cross-industry,cross-industry,1235,49-9052,Telecommunications Line Installers and Repairers,detailed,"97,720",2.3,,,,,35.55,"73,940",0.7,21.79,26.11,35.73,46.08,49.85,"45,310","54,310","74,330","95,850","103,680",,
99,U.S.,1,US,000000,Cross-industry,cross-industry,1235,49-9060,Precision Instrument and Equipment Repairers,broad,"83,720",2.2,,,,,31.43,"65,370",0.7,18.29,22.58,29.43,37.82,47.27,"38,050","46,960","61,210","78,670","98,330",,
99,U.S.,1,US,000000,Cross-industry,cross-industry,1235,49-9061,Camera and Photographic Equipment Repairers,detailed,"1,650",17.1,,,,,26.94,"56,040",4.1,16.50,20.02,25.35,31.77,40.35,"34,320","41,630","52,720","66,070","83,940",,
99,U.S.,1,US,000000,Cross-industry,cross-industry,1235,49-9062,Medical Equipment Repairers,detailed,"65,990",2.8,,,,,31.70,"65,930",0.9,18.51,22.82,29.64,37.74,47.25,"38,490","47,470","61,660","78,500","98,280",,
99,U.S.,1,US,000000,Cross-industry,cross-industry,1235,49-9063,Musical Instrument Repairers and Tuners,detailed,"5,380",4.7,,,,,24.02,"49,960",1.7,15.01,18.11,22.32,28.09,34.42,"31,220","37,670","46,420","58,430","71,600",,
99,U.S.,1,US,000000,Cross-industry,cross-industry,1235,49-9064,Watch and Clock Repairers,detailed,"1,310",20.5,,,,,34.06,"70,840",4.8,16.46,22.91,32.32,43.99,52.88,"34,240","47,650","67,230","91,490","109,990",,
99,U.S.,1,US,000000,Cross-industry,cross-industry,1235,49-9069,"Precision Instrument and Equipment Repairers, All Other",detailed,"9,400",5.3,,,,,34.22,"71,180",2.0,19.30,24.56,33.17,40.57,49.52,"40,140","51,070","68,990","84,390","102,990",,
99,U.S.,1,US,000000,Cross-industry,cross-industry,1235,49-9070,"Maintenance and Repair Workers, General",broad,"1,529,700",0.5,,,,,25.86,"53,780",0.2,17.00,19.64,23.84,30.10,37.11,"35,350","40,840","49,590","62,620","77,180",,
99,U.S.,1,US,000000,Cross-industry,cross-industry,1235,49-9071,"Maintenance and Repair Workers, General",detailed,"1,529,700",0.5,,,,,25.86,"53,780",0.2,17.00,19.64,23.84,30.10,37.11,"35,350","40,840","49,590","62,620","77,180",,
99,U.S.,1,US,000000,Cross-industry,cross-industry,1235,49-9080,Wind Turbine Service Technicians,broad,"9,980",6.2,,,,,33.16,"68,980",1.0,23.67,28.29,30.83,37.51,44.45,"49,230","58,840","64,120","78,010","92,460",,
99,U.S.,1,US,000000,Cross-industry,cross-industry,1235,49-9081,Wind Turbine Service Technicians,detailed,"9,980",6.2,,,,,33.16,"68,980",1.0,23.67,28.29,30.83,37.51,44.45,"49,230","58,840","64,120","78,010","92,460",,
99,U.S.,1,US,000000,Cross-industry,cross-industry,1235,49-9090,"Miscellaneous Installation, Maintenance, and Repair Workers",broad,"351,050",1.2,,,,,25.12,"52,250",0.4,16.18,18.67,22.82,29.05,37.49,"33,660","38,830","47,460","60,430","77,970",,
99,U.S.,1,US,000000,Cross-industry,cross-industry,1235,49-9091,"Coin, Vending, and Amusement Machine Servicers and Repairers",detailed,"26,410",2.9,,,,,23.93,"49,770",0.7,16.50,19.11,22.81,27.94,31.91,"34,320","39,760","47,450","58,110","66,370",,
99,U.S.,1,US,000000,Cross-industry,cross-industry,1235,49-9092,Commercial Divers,detailed,"3,450",11.3,,,,,42.46,"88,320",7.9,20.83,26.35,35.09,48.82,75.86,"43,330","54,810","72,990","101,550","157,790",,
99,U.S.,1,US,000000,Cross-industry,cross-industry,1235,49-9094,Locksmiths and Safe Repairers,detailed,"15,040",2.0,,,,,26.67,"55,470",1.4,17.08,20.75,24.68,31.04,38.17,"35,530","43,160","51,320","64,560","79,400",,
99,U.S.,1,US,000000,Cross-industry,cross-industry,1235,49-9095,Manufactured Building and Mobile Home Installers,detailed,"3,020",13.2,,,,,21.83,"45,410",3.8,13.04,17.21,22.11,24.99,29.24,"27,120","35,800","45,990","51,970","60,810",,
99,U.S.,1,US,000000,Cross-industry,cross-industry,1235,49-9096,Riggers,detailed,"22,530",4.0,,,,,32.12,"66,810",1.3,19.56,23.18,30.12,38.55,47.04,"40,680","48,210","62,640","80,180","97,850",,
99,U.S.,1,US,000000,Cross-industry,cross-industry,1235,49-9097,Signal and Track Switch Repairers,detailed,"8,720",2.5,,,,,43.47,"90,410",0.9,30.10,38.33,44.45,47.75,57.48,"62,610","79,720","92,460","99,320","119,550",,
99,U.S.,1,US,000000,Cross-industry,cross-industry,1235,49-9098,"Helpers--Installation, Maintenance, and Repair Workers",detailed,"95,580",2.3,,,,,19.95,"41,490",0.5,14.09,16.78,19.05,22.55,26.87,"29,310","34,910","39,630","46,890","55,890",,
99,U.S.,1,US,000000,Cross-industry,cross-industry,1235,49-9099,"Installation, Maintenance, and Repair Workers, All Other",detailed,"176,300",1.8,,,,,25.89,"53,850",0.5,17.35,20.28,23.67,29.76,37.04,"36,080","42,170","49,230","61,900","77,040",,
99,U.S.,1,US,000000,Cross-industry,cross-industry,1235,51-0000,Production Occupations,major,"8,565,760",0.2,,,,,24.81,"51,600",0.1,16.46,18.33,22.59,28.81,37.02,"34,240","38,130","46,990","59,920","76,990",,
99,U.S.,1,US,000000,Cross-industry,cross-industry,1235,51-1000,Supervisors of Production Workers,minor,"673,430",0.3,,,,,36.83,"76,600",0.2,22.66,28.19,35.79,44.08,52.28,"47,130","58,630","74,450","91,680","108,750",,
99,U.S.,1,US,000000,Cross-industry,cross-industry,1235,51-1010,First-Line Supervisors of Production and Operating Workers,broad,"673,430",0.3,,,,,36.83,"76,600",0.2,22.66,28.19,35.79,44.08,52.28,"47,130","58,630","74,450","91,680","108,750",,
99,U.S.,1,US,000000,Cross-industry,cross-industry,1235,51-1011,First-Line Supervisors of Production and Operating Workers,detailed,"673,430",0.3,,,,,36.83,"76,600",0.2,22.66,28.19,35.79,44.08,52.28,"47,130","58,630","74,450","91,680","108,750",,
99,U.S.,1,US,000000,Cross-industry,cross-industry,1235,51-2000,Assemblers and Fabricators,minor,"1,801,640",0.4,,,,,22.95,"47,740",0.2,16.36,18.16,21.85,25.90,32.42,"34,020","37,760","45,450","53,870","67,440",,
99,U.S.,1,US,000000,Cross-industry,cross-industry,1235,51-2010,"Aircraft Structure, Surfaces, Rigging, and Systems Assemblers",broad,"34,020",1.8,,,,,34.34,"71,420",0.5,22.74,28.17,31.43,40.10,51.68,"47,310","58,600","65,380","83,410","107,500",,
99,U.S.,1,US,000000,Cross-industry,cross-industry,1235,51-2011,"Aircraft Structure, Surfaces, Rigging, and Systems Assemblers",detailed,"34,020",1.8,,,,,34.34,"71,420",0.5,22.74,28.17,31.43,40.10,51.68,"47,310","58,600","65,380","83,410","107,500",,
99,U.S.,1,US,000000,Cross-industry,cross-industry,1235,51-2020,"Electrical, Electronics, and Electromechanical Assemblers",broad,"259,810",1.1,,,,,22.98,"47,800",0.3,17.02,18.48,22.08,25.00,30.29,"35,390","38,440","45,930","52,000","62,990",,
99,U.S.,1,US,000000,Cross-industry,cross-industry,1235,51-2021,"Coil Winders, Tapers, and Finishers",detailed,"12,840",4.7,,,,,24.26,"50,470",0.7,18.05,20.21,23.18,28.26,30.43,"37,540","42,050","48,220","58,770","63,300",,
99,U.S.,1,US,000000,Cross-industry,cross-industry,1235,51-2028,"Electrical, Electronic, and Electromechanical Assemblers, Except Coil Winders, Tapers, and Finishers",detailed,"246,970",1.1,,,,,22.92,"47,660",0.3,17.00,18.45,22.04,24.84,30.27,"35,350","38,380","45,850","51,670","62,950",,
99,U.S.,1,US,000000,Cross-industry,cross-industry,1235,51-2030,Engine and Other Machine Assemblers,broad,"34,000",1.7,,,,,27.78,"57,790",0.6,18.51,21.75,25.82,36.02,37.38,"38,500","45,230","53,710","74,920","77,750",,
99,U.S.,1,US,000000,Cross-industry,cross-industry,1235,51-2031,Engine and Other Machine Assemblers,detailed,"34,000",1.7,,,,,27.78,"57,790",0.6,18.51,21.75,25.82,36.02,37.38,"38,500","45,230","53,710","74,920","77,750",,
99,U.S.,1,US,000000,Cross-industry,cross-industry,1235,51-2040,Structural Metal Fabricators and Fitters,broad,"52,360",3.1,,,,,25.98,"54,030",0.7,18.25,21.93,24.68,29.45,34.75,"37,960","45,610","51,330","61,250","72,280",,
99,U.S.,1,US,000000,Cross-industry,cross-industry,1235,51-2041,Structural Metal Fabricators and Fitters,detailed,"52,360",3.1,,,,,25.98,"54,030",0.7,18.25,21.93,24.68,29.45,34.75,"37,960","45,610","51,330","61,250","72,280",,
99,U.S.,1,US,000000,Cross-industry,cross-industry,1235,51-2050,Fiberglass Laminators and Fabricators,broad,"16,170",3.8,,,,,23.82,"49,550",0.9,17.75,18.96,22.54,26.20,30.65,"36,910","39,430","46,880","54,490","63,760",,
99,U.S.,1,US,000000,Cross-industry,cross-industry,1235,51-2051,Fiberglass Laminators and Fabricators,detailed,"16,170",3.8,,,,,23.82,"49,550",0.9,17.75,18.96,22.54,26.20,30.65,"36,910","39,430","46,880","54,490","63,760",,
99,U.S.,1,US,000000,Cross-industry,cross-industry,1235,51-2060,Timing Device Assemblers and Adjusters,broad,250,35.0,,,,,27.27,"56,720",13.9,13.41,13.96,30.11,34.97,37.63,"27,880","29,040","62,620","72,740","78,270",,
99,U.S.,1,US,000000,Cross-industry,cross-industry,1235,51-2061,Timing Device Assemblers and Adjusters,detailed,250,35.0,,,,,27.27,"56,720",13.9,13.41,13.96,30.11,34.97,37.63,"27,880","29,040","62,620","72,740","78,270",,
99,U.S.,1,US,000000,Cross-industry,cross-industry,1235,51-2090,Miscellaneous Assemblers and Fabricators,broad,"1,405,030",0.5,,,,,22.43,"46,660",0.2,16.00,17.97,21.47,24.61,31.19,"33,280","37,380","44,650","51,200","64,880",,
99,U.S.,1,US,000000,Cross-industry,cross-industry,1235,51-2090,Miscellaneous Assemblers and Fabricators,detailed,"1,405,030",0.5,,,,,22.43,"46,660",0.2,16.00,17.97,21.47,24.61,31.19,"33,280","37,380","44,650","51,200","64,880",,
99,U.S.,1,US,000000,Cross-industry,cross-industry,1235,51-3000,Food Processing Workers,minor,"879,430",0.6,,,,,19.70,"40,980",0.2,14.42,16.98,18.75,22.32,25.54,"30,000","35,310","38,990","46,420","53,120",,
99,U.S.,1,US,000000,Cross-industry,cross-industry,1235,51-3010,Bakers,broad,"236,200",2.0,,,,,18.50,"38,480",0.4,13.52,15.70,17.86,21.33,23.57,"28,120","32,660","37,160","44,360","49,020",,
99,U.S.,1,US,000000,Cross-industry,cross-industry,1235,51-3011,Bakers,detailed,"236,200",2.0,,,,,18.50,"38,480",0.4,13.52,15.70,17.86,21.33,23.57,"28,120","32,660","37,160","44,360","49,020",,
99,U.S.,1,US,000000,Cross-industry,cross-industry,1235,51-3020,"Butchers and Other Meat, Poultry, and Fish Processing Workers",broad,"352,090",0.9,,,,,19.70,"40,980",0.2,14.53,17.07,18.84,22.30,24.87,"30,230","35,500","39,190","46,380","51,730",,
99,U.S.,1,US,000000,Cross-industry,cross-industry,1235,51-3021,Butchers and Meat Cutters,detailed,"136,430",1.4,,,,,20.37,"42,380",0.4,14.17,17.07,19.30,23.10,27.94,"29,460","35,510","40,140","48,050","58,110",,
99,U.S.,1,US,000000,Cross-industry,cross-industry,1235,51-3022,"Meat, Poultry, and Fish Cutters and Trimmers",detailed,"145,700",1.3,,,,,18.89,"39,280",0.3,14.42,17.00,18.41,21.24,23.15,"29,980","35,350","38,300","44,170","48,150",,
99,U.S.,1,US,000000,Cross-industry,cross-industry,1235,51-3023,Slaughterers and Meat Packers,detailed,"69,950",1.8,,,,,20.08,"41,770",0.4,16.03,17.38,19.29,22.54,24.56,"33,340","36,150","40,130","46,870","51,090",,
99,U.S.,1,US,000000,Cross-industry,cross-industry,1235,51-3090,Miscellaneous Food Processing Workers,broad,"291,140",1.1,,,,,20.68,"43,010",0.3,15.44,17.51,19.82,23.13,27.71,"32,100","36,420","41,230","48,100","57,630",,
99,U.S.,1,US,000000,Cross-industry,cross-industry,1235,51-3091,"Food and Tobacco Roasting, Baking, and Drying Machine Operators and Tenders",detailed,"20,370",3.4,,,,,22.08,"45,930",0.9,15.98,18.05,21.54,24.37,30.14,"33,250","37,540","44,810","50,680","62,680",,
99,U.S.,1,US,000000,Cross-industry,cross-industry,1235,51-3092,Food Batchmakers,detailed,"174,520",1.5,,,,,21.04,"43,750",0.4,15.38,17.47,20.33,23.88,28.34,"31,990","36,350","42,290","49,670","58,940",,
99,U.S.,1,US,000000,Cross-industry,cross-industry,1235,51-3093,Food Cooking Machine Operators and Tenders,detailed,"31,250",3.2,,,,,20.47,"42,570",0.6,15.23,17.40,20.00,22.78,26.16,"31,680","36,190","41,590","47,380","54,410",,
99,U.S.,1,US,000000,Cross-industry,cross-industry,1235,51-3099,"Food Processing Workers, All Other",detailed,"65,000",2.0,,,,,19.38,"40,300",0.3,15.49,17.51,19.08,21.22,23.05,"32,210","36,410","39,680","44,130","47,950",,
99,U.S.,1,US,000000,Cross-industry,cross-industry,1235,51-4000,Metal Workers and Plastic Workers,minor,"1,545,990",0.4,,,,,25.83,"53,730",0.2,17.76,20.64,23.94,29.61,36.46,"36,950","42,920","49,800","61,590","75,830",,
99,U.S.,1,US,000000,Cross-industry,cross-industry,1235,51-4020,"Forming Machine Setters, Operators, and Tenders, Metal and Plastic",broad,"95,010",1.9,,,,,24.37,"50,680",0.3,17.76,19.93,23.27,28.09,32.25,"36,940","41,460","48,410","58,420","67,070",,
99,U.S.,1,US,000000,Cross-industry,cross-industry,1235,51-4021,"Extruding and Drawing Machine Setters, Operators, and Tenders, Metal and Plastic",detailed,"60,840",2.4,,,,,23.79,"49,480",0.4,17.65,19.45,22.94,27.33,30.63,"36,700","40,450","47,720","56,840","63,710",,
99,U.S.,1,US,000000,Cross-industry,cross-industry,1235,51-4022,"Forging Machine Setters, Operators, and Tenders, Metal and Plastic",detailed,"8,930",5.9,,,,,24.85,"51,680",1.3,17.69,20.40,23.57,28.91,33.04,"36,800","42,440","49,030","60,130","68,720",,
99,U.S.,1,US,000000,Cross-industry,cross-industry,1235,51-4023,"Rolling Machine Setters, Operators, and Tenders, Metal and Plastic",detailed,"25,250",2.6,,,,,25.59,"53,220",0.5,18.12,21.16,24.10,29.75,33.80,"37,690","44,020","50,140","61,880","70,310",,
99,U.S.,1,US,000000,Cross-industry,cross-industry,1235,51-4030,"Machine Tool Cutting Setters, Operators, and Tenders, Metal and Plastic",broad,"272,050",0.9,,,,,23.58,"49,050",0.2,17.29,18.88,22.48,27.18,31.58,"35,960","39,270","46,760","56,540","65,680",,
99,U.S.,1,US,000000,Cross-industry,cross-industry,1235,51-4031,"Cutting, Punching, and Press Machine Setters, Operators, and Tenders, Metal and Plastic",detailed,"171,200",1.2,,,,,23.28,"48,430",0.3,17.19,18.69,22.27,26.64,31.50,"35,760","38,870","46,330","55,410","65,510",,
99,U.S.,1,US,000000,Cross-industry,cross-industry,1235,51-4032,"Drilling and Boring Machine Tool Setters, Operators, and Tenders, Metal and Plastic",detailed,"4,680",3.8,,,,,24.91,"51,810",1.2,17.45,20.05,23.60,27.85,32.89,"36,300","41,710","49,080","57,940","68,410",,
99,U.S.,1,US,000000,Cross-industry,cross-industry,1235,51-4033,"Grinding, Lapping, Polishing, and Buffing Machine Tool Setters, Operators, and Tenders, Metal and Plastic",detailed,"67,000",1.5,,,,,23.16,"48,170",0.3,17.36,18.94,22.38,26.10,30.10,"36,110","39,390","46,550","54,290","62,600",,
99,U.S.,1,US,000000,Cross-industry,cross-industry,1235,51-4034,"Lathe and Turning Machine Tool Setters, Operators, and Tenders, Metal and Plastic",detailed,"16,710",4.2,,,,,25.24,"52,490",0.9,17.63,20.79,24.34,29.18,33.51,"36,670","43,250","50,620","60,700","69,700",,
99,U.S.,1,US,000000,Cross-industry,cross-industry,1235,51-4035,"Milling and Planing Machine Setters, Operators, and Tenders, Metal and Plastic",detailed,"12,460",5.4,,,,,27.28,"56,740",1.4,18.19,21.74,25.39,31.20,38.96,"37,840","45,210","52,800","64,900","81,030",,
99,U.S.,1,US,000000,Cross-industry,cross-industry,1235,51-4040,Machinists,broad,"287,050",0.9,,,,,28.52,"59,320",0.2,18.85,22.87,28.24,32.55,38.47,"39,200","47,570","58,750","67,700","80,010",,
99,U.S.,1,US,000000,Cross-industry,cross-industry,1235,51-4041,Machinists,detailed,"287,050",0.9,,,,,28.52,"59,320",0.2,18.85,22.87,28.24,32.55,38.47,"39,200","47,570","58,750","67,700","80,010",,
99,U.S.,1,US,000000,Cross-industry,cross-industry,1235,51-4050,"Metal Furnace Operators, Tenders, Pourers, and Casters",broad,"21,340",2.1,,,,,26.55,"55,230",0.4,18.75,22.07,25.85,30.10,35.19,"39,000","45,900","53,760","62,620","73,190",,
99,U.S.,1,US,000000,Cross-industry,cross-industry,1235,51-4051,Metal-Refining Furnace Operators and Tenders,detailed,"16,780",2.5,,,,,26.68,"55,490",0.4,18.85,22.15,26.17,30.20,35.81,"39,200","46,080","54,430","62,810","74,470",,
99,U.S.,1,US,000000,Cross-industry,cross-industry,1235,51-4052,"Pourers and Casters, Metal",detailed,"4,560",4.1,,,,,26.10,"54,290",0.7,18.50,21.73,24.91,29.67,34.63,"38,480","45,190","51,810","61,700","72,040",,
99,U.S.,1,US,000000,Cross-industry,cross-industry,1235,51-4060,"Model Makers and Patternmakers, Metal and Plastic",broad,"4,080",4.9,,,,,31.59,"65,710",1.5,19.25,23.25,29.30,37.40,46.99,"40,040","48,370","60,940","77,790","97,750",,
99,U.S.,1,US,000000,Cross-industry,cross-industry,1235,51-4061,"Model Makers, Metal and Plastic",detailed,"2,610",6.9,,,,,32.97,"68,570",2.2,19.12,22.77,30.45,41.70,47.60,"39,760","47,360","63,340","86,740","99,010",,
99,U.S.,1,US,000000,Cross-industry,cross-industry,1235,51-4062,"Patternmakers, Metal and Plastic",detailed,"1,470",6.8,,,,,29.14,"60,610",1.5,20.42,23.59,27.89,33.63,39.71,"42,460","49,070","58,000","69,960","82,590",,
99,U.S.,1,US,000000,Cross-industry,cross-industry,1235,51-4070,"Molders and Molding Machine Setters, Operators, and Tenders, Metal and Plastic",broad,"163,270",1.3,,,,,22.24,"46,270",0.3,16.52,18.01,21.50,24.81,29.64,"34,370","37,460","44,720","51,590","61,640",,
99,U.S.,1,US,000000,Cross-industry,cross-industry,1235,51-4071,Foundry Mold and Coremakers,detailed,"12,790",3.1,,,,,23.97,"49,860",0.6,17.87,20.13,23.13,27.57,30.12,"37,160","41,870","48,110","57,350","62,640",,
99,U.S.,1,US,000000,Cross-industry,cross-industry,1235,51-4072,"Molding, Coremaking, and Casting Machine Setters, Operators, and Tenders, Metal and Plastic",detailed,"150,470",1.4,,,,,22.10,"45,960",0.3,16.43,17.92,21.32,24.53,29.62,"34,170","37,270","44,350","51,020","61,600",,
99,U.S.,1,US,000000,Cross-industry,cross-industry,1235,51-4080,"Multiple Machine Tool Setters, Operators, and Tenders, Metal and Plastic",broad,"124,590",1.6,,,,,24.05,"50,030",0.3,17.20,18.95,22.68,27.79,35.79,"35,780","39,420","47,180","57,800","74,450",,
99,U.S.,1,US,000000,Cross-industry,cross-industry,1235,51-4081,"Multiple Machine Tool Setters, Operators, and Tenders, Metal and Plastic",detailed,"124,590",1.6,,,,,24.05,"50,030",0.3,17.20,18.95,22.68,27.79,35.79,"35,780","39,420","47,180","57,800","74,450",,
99,U.S.,1,US,000000,Cross-industry,cross-industry,1235,51-4110,Tool and Die Makers,broad,"56,930",1.9,,,,,32.14,"66,860",0.4,21.48,24.75,30.79,37.87,44.56,"44,680","51,490","64,050","78,770","92,680",,
99,U.S.,1,US,000000,Cross-industry,cross-industry,1235,51-4111,Tool and Die Makers,detailed,"56,930",1.9,,,,,32.14,"66,860",0.4,21.48,24.75,30.79,37.87,44.56,"44,680","51,490","64,050","78,770","92,680",,
99,U.S.,1,US,000000,Cross-industry,cross-industry,1235,51-4120,"Welding, Soldering, and Brazing Workers",broad,"447,810",0.8,,,,,27.07,"56,300",0.2,18.72,22.34,25.36,30.14,37.02,"38,930","46,470","52,760","62,690","77,010",,
99,U.S.,1,US,000000,Cross-industry,cross-industry,1235,51-4121,"Welders, Cutters, Solderers, and Brazers",detailed,"416,210",0.8,,,,,27.29,"56,760",0.2,18.87,22.50,25.84,30.29,37.28,"39,240","46,790","53,750","63,010","77,530",,
99,U.S.,1,US,000000,Cross-industry,cross-industry,1235,51-4122,"Welding, Soldering, and Brazing Machine Setters, Operators, and Tenders",detailed,"31,600",2.6,,,,,24.15,"50,220",0.5,17.72,19.50,23.04,27.59,31.99,"36,860","40,560","47,920","57,390","66,540",,
99,U.S.,1,US,000000,Cross-industry,cross-industry,1235,51-4190,Miscellaneous Metal Workers and Plastic Workers,broad,"73,880",1.6,,,,,23.66,"49,210",0.5,16.79,18.45,22.42,27.43,32.44,"34,920","38,370","46,640","57,060","67,480",,
99,U.S.,1,US,000000,Cross-industry,cross-industry,1235,51-4191,"Heat Treating Equipment Setters, Operators, and Tenders, Metal and Plastic",detailed,"14,000",3.5,,,,,24.26,"50,450",0.8,16.92,19.55,23.44,28.08,31.90,"35,180","40,660","48,750","58,400","66,350",,
99,U.S.,1,US,000000,Cross-industry,cross-industry,1235,51-4192,"Layout Workers, Metal and Plastic",detailed,"5,970",4.9,,,,,31.98,"66,520",1.9,19.22,24.48,30.71,38.21,45.12,"39,980","50,910","63,870","79,470","93,860",,
99,U.S.,1,US,000000,Cross-industry,cross-industry,1235,51-4193,"Plating Machine Setters, Operators, and Tenders, Metal and Plastic",detailed,"32,410",2.6,,,,,21.69,"45,100",0.6,16.25,17.91,21.14,23.85,29.02,"33,790","37,260","43,960","49,600","60,370",,
99,U.S.,1,US,000000,Cross-industry,cross-industry,1235,51-4194,"Tool Grinders, Filers, and Sharpeners",detailed,"5,600",5.8,,,,,25.59,"53,240",1.2,16.99,19.61,24.07,29.88,37.10,"35,350","40,800","50,060","62,150","77,170",,
99,U.S.,1,US,000000,Cross-industry,cross-industry,1235,51-4199,"Metal Workers and Plastic Workers, All Other",detailed,"15,900",3.7,,,,,23.36,"48,580",0.7,16.99,18.84,22.09,26.01,31.50,"35,350","39,190","45,950","54,100","65,510",,
99,U.S.,1,US,000000,Cross-industry,cross-industry,1235,51-5100,Printing Workers,minor,"201,290",1.0,,,,,22.74,"47,290",0.3,16.15,18.03,22.03,26.38,30.38,"33,600","37,510","45,820","54,860","63,200",,
99,U.S.,1,US,000000,Cross-industry,cross-industry,1235,51-5110,Printing Workers,broad,"201,290",1.0,,,,,22.74,"47,290",0.3,16.15,18.03,22.03,26.38,30.38,"33,600","37,510","45,820","54,860","63,200",,
99,U.S.,1,US,000000,Cross-industry,cross-industry,1235,51-5111,Prepress Technicians and Workers,detailed,"23,840",2.3,,,,,24.43,"50,800",0.6,17.22,19.68,23.41,28.16,31.77,"35,810","40,930","48,690","58,580","66,080",,
99,U.S.,1,US,000000,Cross-industry,cross-industry,1235,51-5112,Printing Press Operators,detailed,"144,260",1.2,,,,,22.77,"47,360",0.4,16.03,17.98,22.01,26.80,30.54,"33,330","37,390","45,780","55,740","63,520",,
99,U.S.,1,US,000000,Cross-industry,cross-industry,1235,51-5113,Print Binding and Finishing Workers,detailed,"33,180",2.4,,,,,21.38,"44,460",0.5,15.49,17.75,20.33,23.62,28.44,"32,220","36,910","42,290","49,130","59,150",,
99,U.S.,1,US,000000,Cross-industry,cross-industry,1235,51-6000,"Textile, Apparel, and Furnishings Workers",minor,"454,710",0.9,,,,,18.19,"37,840",0.3,13.53,15.15,17.50,20.00,23.27,"28,150","31,510","36,390","41,600","48,410",,
99,U.S.,1,US,000000,Cross-industry,cross-industry,1235,51-6010,Laundry and Dry-Cleaning Workers,broad,"198,040",1.7,,,,,16.79,"34,920",0.4,13.19,14.60,16.78,18.06,20.77,"27,440","30,360","34,890","37,560","43,190",,
99,U.S.,1,US,000000,Cross-industry,cross-industry,1235,51-6011,Laundry and Dry-Cleaning Workers,detailed,"198,040",1.7,,,,,16.79,"34,920",0.4,13.19,14.60,16.78,18.06,20.77,"27,440","30,360","34,890","37,560","43,190",,
99,U.S.,1,US,000000,Cross-industry,cross-industry,1235,51-6020,"Pressers, Textile, Garment, and Related Materials",broad,"26,120",3.1,,,,,16.65,"34,640",0.7,13.07,14.36,16.85,18.24,20.70,"27,180","29,870","35,060","37,940","43,050",,
99,U.S.,1,US,000000,Cross-industry,cross-industry,1235,51-6021,"Pressers, Textile, Garment, and Related Materials",detailed,"26,120",3.1,,,,,16.65,"34,640",0.7,13.07,14.36,16.85,18.24,20.70,"27,180","29,870","35,060","37,940","43,050",,
99,U.S.,1,US,000000,Cross-industry,cross-industry,1235,51-6030,Sewing Machine Operators,broad,"104,880",1.6,,,,,18.08,"37,600",0.4,13.39,15.37,17.63,20.59,23.00,"27,860","31,960","36,670","42,830","47,840",,
99,U.S.,1,US,000000,Cross-industry,cross-industry,1235,51-6031,Sewing Machine Operators,detailed,"104,880",1.6,,,,,18.08,"37,600",0.4,13.39,15.37,17.63,20.59,23.00,"27,860","31,960","36,670","42,830","47,840",,
99,U.S.,1,US,000000,Cross-industry,cross-industry,1235,51-6040,Shoe and Leather Workers,broad,"10,730",4.6,,,,,18.40,"38,280",1.2,12.91,14.97,17.97,21.59,23.86,"26,860","31,140","37,380","44,920","49,620",,
99,U.S.,1,US,000000,Cross-industry,cross-industry,1235,51-6041,Shoe and Leather Workers and Repairers,detailed,"7,450",8.0,,,,,18.83,"39,160",1.4,13.56,15.03,18.17,21.96,25.26,"28,210","31,270","37,800","45,670","52,550",,
99,U.S.,1,US,000000,Cross-industry,cross-industry,1235,51-6042,Shoe Machine Operators and Tenders,detailed,"3,280",9.0,,,,,17.44,"36,280",2.2,12.77,13.99,17.14,20.72,22.94,"26,560","29,090","35,650","43,090","47,700",,
99,U.S.,1,US,000000,Cross-industry,cross-industry,1235,51-6050,"Tailors, Dressmakers, and Sewers",broad,"16,110",4.9,,,,,21.19,"44,060",1.2,14.22,16.81,19.28,23.44,29.60,"29,570","34,970","40,100","48,750","61,570",,
99,U.S.,1,US,000000,Cross-industry,cross-industry,1235,51-6051,"Sewers, Hand",detailed,"2,190",11.0,,,,,17.89,"37,210",2.1,13.31,16.03,17.54,19.58,22.87,"27,680","33,330","36,480","40,720","47,570",,
99,U.S.,1,US,000000,Cross-industry,cross-industry,1235,51-6052,"Tailors, Dressmakers, and Custom Sewers",detailed,"13,920",5.4,,,,,21.70,"45,140",1.3,14.38,16.94,20.02,24.14,30.61,"29,920","35,230","41,640","50,200","63,670",,
99,U.S.,1,US,000000,Cross-industry,cross-industry,1235,51-6060,"Textile Machine Setters, Operators, and Tenders",broad,"49,350",1.6,,,,,19.33,"40,200",0.4,14.80,17.33,18.73,21.48,23.65,"30,780","36,040","38,960","44,680","49,190",,
99,U.S.,1,US,000000,Cross-industry,cross-industry,1235,51-6061,Textile Bleaching and Dyeing Machine Operators and Tenders,detailed,"5,310",8.1,,,,,19.41,"40,380",1.5,14.57,17.16,18.36,21.77,23.12,"30,300","35,680","38,180","45,280","48,100",,
99,U.S.,1,US,000000,Cross-industry,cross-industry,1235,51-6062,"Textile Cutting Machine Setters, Operators, and Tenders",detailed,"9,000",4.4,,,,,19.01,"39,530",0.9,13.78,16.46,18.64,21.74,23.76,"28,650","34,230","38,760","45,220","49,420",,
99,U.S.,1,US,000000,Cross-industry,cross-industry,1235,51-6063,"Textile Knitting and Weaving Machine Setters, Operators, and Tenders",detailed,"13,030",2.8,,,,,19.58,"40,720",0.5,14.40,17.50,19.01,21.74,23.62,"29,960","36,390","39,530","45,220","49,130",,
99,U.S.,1,US,000000,Cross-industry,cross-industry,1235,51-6064,"Textile Winding, Twisting, and Drawing Out Machine Setters, Operators, and Tenders",detailed,"22,020",2.5,,,,,19.29,"40,120",0.5,15.29,17.51,18.59,20.65,23.76,"31,790","36,420","38,670","42,940","49,420",,
99,U.S.,1,US,000000,Cross-industry,cross-industry,1235,51-6090,"Miscellaneous Textile, Apparel, and Furnishings Workers",broad,"49,480",2.3,,,,,22.72,"47,250",0.7,15.49,17.59,21.17,25.76,31.27,"32,210","36,590","44,030","53,590","65,050",,
99,U.S.,1,US,000000,Cross-industry,cross-industry,1235,51-6091,"Extruding and Forming Machine Setters, Operators, and Tenders, Synthetic and Glass Fibers",detailed,"12,850",4.3,,,,,23.36,"48,580",1.0,17.26,18.92,22.29,27.54,30.73,"35,890","39,360","46,350","57,280","63,910",,
99,U.S.,1,US,000000,Cross-industry,cross-industry,1235,51-6092,Fabric and Apparel Patternmakers,detailed,"2,950",10.0,,,,,34.34,"71,420",4.3,16.25,20.49,30.17,45.16,59.39,"33,790","42,620","62,750","93,930","123,540",,
99,U.S.,1,US,000000,Cross-industry,cross-industry,1235,51-6093,Upholsterers,detailed,"20,140",2.7,,,,,22.76,"47,340",0.6,15.24,17.95,22.28,26.24,30.66,"31,690","37,340","46,340","54,580","63,770",,
99,U.S.,1,US,000000,Cross-industry,cross-industry,1235,51-6099,"Textile, Apparel, and Furnishings Workers, All Other",detailed,"13,530",6.1,,,,,19.50,"40,560",1.4,15.04,16.50,17.93,21.45,25.35,"31,270","34,320","37,280","44,620","52,730",,
99,U.S.,1,US,000000,Cross-industry,cross-industry,1235,51-7000,Woodworkers,minor,"199,920",1.0,,,,,21.94,"45,630",0.3,15.93,18.04,21.78,24.05,29.00,"33,130","37,530","45,300","50,020","60,310",,
99,U.S.,1,US,000000,Cross-industry,cross-industry,1235,51-7010,Cabinetmakers and Bench Carpenters,broad,"77,170",2.1,,,,,23.22,"48,290",0.5,17.14,18.67,22.44,26.81,30.64,"35,650","38,830","46,680","55,760","63,720",,
99,U.S.,1,US,000000,Cross-industry,cross-industry,1235,51-7011,Cabinetmakers and Bench Carpenters,detailed,"77,170",2.1,,,,,23.22,"48,290",0.5,17.14,18.67,22.44,26.81,30.64,"35,650","38,830","46,680","55,760","63,720",,
99,U.S.,1,US,000000,Cross-industry,cross-industry,1235,51-7020,Furniture Finishers,broad,"14,480",3.4,,,,,21.78,"45,300",0.6,15.46,18.11,21.41,23.91,29.34,"32,160","37,670","44,540","49,730","61,020",,
99,U.S.,1,US,000000,Cross-industry,cross-industry,1235,51-7021,Furniture Finishers,detailed,"14,480",3.4,,,,,21.78,"45,300",0.6,15.46,18.11,21.41,23.91,29.34,"32,160","37,670","44,540","49,730","61,020",,
99,U.S.,1,US,000000,Cross-industry,cross-industry,1235,51-7030,"Model Makers and Patternmakers, Wood",broad,500,16.7,,,,,28.58,"59,450",5.0,17.26,18.61,24.57,37.23,45.40,"35,900","38,710","51,110","77,440","94,430",,
99,U.S.,1,US,000000,Cross-industry,cross-industry,1235,51-7031,"Model Makers, Wood",detailed,280,20.6,,,,,30.61,"63,670",7.6,16.73,18.10,27.19,41.90,47.14,"34,800","37,660","56,550","87,150","98,050",,
99,U.S.,1,US,000000,Cross-industry,cross-industry,1235,51-7032,"Patternmakers, Wood",detailed,220,25.7,,,,,26.08,"54,240",6.3,18.08,19.79,23.86,28.53,40.28,"37,600","41,170","49,630","59,350","83,780",,
99,U.S.,1,US,000000,Cross-industry,cross-industry,1235,51-7040,"Woodworking Machine Setters, Operators, and Tenders",broad,"102,270",1.3,,,,,20.95,"43,570",0.3,15.15,17.72,20.72,23.41,27.58,"31,510","36,860","43,100","48,690","57,370",,
99,U.S.,1,US,000000,Cross-industry,cross-industry,1235,51-7041,"Sawing Machine Setters, Operators, and Tenders, Wood",detailed,"40,850",1.9,,,,,20.95,"43,580",0.4,14.85,17.55,20.56,23.37,27.97,"30,890","36,510","42,770","48,620","58,170",,
99,U.S.,1,US,000000,Cross-industry,cross-industry,1235,51-7042,"Woodworking Machine Setters, Operators, and Tenders, Except Sawing",detailed,"61,420",1.8,,,,,20.95,"43,570",0.3,15.44,17.84,20.86,23.42,27.32,"32,110","37,100","43,380","48,720","56,830",,
99,U.S.,1,US,000000,Cross-industry,cross-industry,1235,51-7090,Miscellaneous Woodworkers,broad,"5,490",7.0,,,,,22.15,"46,070",1.9,14.67,17.46,21.41,26.53,30.84,"30,510","36,320","44,530","55,180","64,150",,
99,U.S.,1,US,000000,Cross-industry,cross-industry,1235,51-7099,"Woodworkers, All Other",detailed,"5,490",7.0,,,,,22.15,"46,070",1.9,14.67,17.46,21.41,26.53,30.84,"30,510","36,320","44,530","55,180","64,150",,
99,U.S.,1,US,000000,Cross-industry,cross-industry,1235,51-8000,Plant and System Operators,minor,"281,600",0.9,,,,,37.16,"77,280",0.3,21.68,26.44,35.63,47.38,55.91,"45,100","55,000","74,100","98,540","116,290",,
99,U.S.,1,US,000000,Cross-industry,cross-industry,1235,51-8010,"Power Plant Operators, Distributors, and Dispatchers",broad,"42,980",2.0,,,,,50.32,"104,660",0.5,30.85,40.32,50.52,59.54,65.65,"64,160","83,860","105,080","123,830","136,550",,
99,U.S.,1,US,000000,Cross-industry,cross-industry,1235,51-8011,Nuclear Power Reactor Operators,detailed,"5,150",0.5,,,,,58.36,"121,380",0.1,47.42,52.61,59.08,62.73,71.78,"98,640","109,440","122,890","130,490","149,310",,
99,U.S.,1,US,000000,Cross-industry,cross-industry,1235,51-8012,Power Distributors and Dispatchers,detailed,"8,520",5.7,,,,,53.52,"111,320",0.9,34.83,43.37,51.31,62.95,74.17,"72,440","90,200","106,730","130,940","154,270",,
99,U.S.,1,US,000000,Cross-industry,cross-industry,1235,51-8013,Power Plant Operators,detailed,"29,320",2.4,,,,,47.97,"99,790",0.7,29.71,38.31,49.06,57.25,63.44,"61,790","79,690","102,040","119,080","131,940",,
99,U.S.,1,US,000000,Cross-industry,cross-industry,1235,51-8020,Stationary Engineers and Boiler Operators,broad,"28,250",2.1,,,,,40.37,"83,960",0.6,24.32,30.37,37.80,48.63,60.28,"50,590","63,160","78,620","101,150","125,390",,
99,U.S.,1,US,000000,Cross-industry,cross-industry,1235,51-8021,Stationary Engineers and Boiler Operators,detailed,"28,250",2.1,,,,,40.37,"83,960",0.6,24.32,30.37,37.80,48.63,60.28,"50,590","63,160","78,620","101,150","125,390",,
99,U.S.,1,US,000000,Cross-industry,cross-industry,1235,51-8030,Water and Wastewater Treatment Plant and System Operators,broad,"128,490",1.1,,,,,30.07,"62,540",0.4,18.80,23.10,28.86,35.95,43.78,"39,110","48,040","60,020","74,780","91,060",,
99,U.S.,1,US,000000,Cross-industry,cross-industry,1235,51-8031,Water and Wastewater Treatment Plant and System Operators,detailed,"128,490",1.1,,,,,30.07,"62,540",0.4,18.80,23.10,28.86,35.95,43.78,"39,110","48,040","60,020","74,780","91,060",,
99,U.S.,1,US,000000,Cross-industry,cross-industry,1235,51-8090,Miscellaneous Plant and System Operators,broad,"81,880",1.9,,,,,40.27,"83,760",0.6,23.21,30.89,40.19,49.35,54.30,"48,280","64,250","83,580","102,640","112,950",,
99,U.S.,1,US,000000,Cross-industry,cross-industry,1235,51-8091,Chemical Plant and System Operators,detailed,"16,610",5.2,,,,,38.45,"79,970",1.4,23.27,29.01,37.56,47.44,53.81,"48,400","60,330","78,120","98,660","111,930",,
99,U.S.,1,US,000000,Cross-industry,cross-industry,1235,51-8092,Gas Plant Operators,detailed,"18,030",3.5,,,,,42.65,"88,710",0.6,29.50,36.96,42.22,48.49,55.54,"61,350","76,870","87,820","100,870","115,520",,
99,U.S.,1,US,000000,Cross-industry,cross-industry,1235,51-8093,"Petroleum Pump System Operators, Refinery Operators, and Gaugers",detailed,"33,160",2.9,,,,,43.57,"90,630",0.9,27.46,37.27,46.50,51.12,55.71,"57,110","77,510","96,710","106,320","115,880",,
99,U.S.,1,US,000000,Cross-industry,cross-industry,1235,51-8099,"Plant and System Operators, All Other",detailed,"14,080",4.4,,,,,31.59,"65,700",1.1,19.57,23.51,30.03,37.73,45.46,"40,700","48,900","62,470","78,480","94,560",,
99,U.S.,1,US,000000,Cross-industry,cross-industry,1235,51-9000,Other Production Occupations,minor,"2,527,750",0.3,,,,,24.28,"50,510",0.2,16.70,18.49,22.62,28.33,35.03,"34,740","38,460","47,040","58,930","72,860",,
99,U.S.,1,US,000000,Cross-industry,cross-industry,1235,51-9010,"Chemical Processing Machine Setters, Operators, and Tenders",broad,"199,730",1.4,,,,,28.51,"59,300",0.6,17.86,21.95,27.09,34.25,41.12,"37,160","45,660","56,350","71,250","85,520",,
99,U.S.,1,US,000000,Cross-industry,cross-industry,1235,51-9011,Chemical Equipment Operators and Tenders,detailed,"139,630",1.6,,,,,29.19,"60,710",0.7,18.00,22.10,27.90,35.62,44.35,"37,440","45,970","58,040","74,080","92,250",,
99,U.S.,1,US,000000,Cross-industry,cross-industry,1235,51-9012,"Separating, Filtering, Clarifying, Precipitating, and Still Machine Setters, Operators, and Tenders",detailed,"60,100",3.3,,,,,26.94,"56,030",1.1,17.40,21.35,24.81,30.74,38.34,"36,200","44,410","51,610","63,930","79,750",,
99,U.S.,1,US,000000,Cross-industry,cross-industry,1235,51-9020,"Crushing, Grinding, Polishing, Mixing, and Blending Workers",broad,"131,430",1.3,,,,,24.71,"51,390",0.3,17.50,19.74,23.31,28.57,33.10,"36,390","41,050","48,470","59,420","68,840",,
99,U.S.,1,US,000000,Cross-industry,cross-industry,1235,51-9021,"Crushing, Grinding, and Polishing Machine Setters, Operators, and Tenders",detailed,"26,000",2.8,,,,,24.70,"51,380",0.6,17.56,19.44,23.34,28.87,33.29,"36,520","40,430","48,540","60,040","69,240",,
99,U.S.,1,US,000000,Cross-industry,cross-industry,1235,51-9022,"Grinding and Polishing Workers, Hand",detailed,"10,510",4.7,,,,,21.64,"45,020",1.1,16.09,18.00,20.51,24.03,29.23,"33,480","37,450","42,660","49,980","60,810",,
99,U.S.,1,US,000000,Cross-industry,cross-industry,1235,51-9023,"Mixing and Blending Machine Setters, Operators, and Tenders",detailed,"94,920",1.5,,,,,25.04,"52,090",0.4,17.69,20.60,23.55,28.78,33.75,"36,790","42,850","48,990","59,860","70,200",,
99,U.S.,1,US,000000,Cross-industry,cross-industry,1235,51-9030,Cutting Workers,broad,"51,040",1.9,,,,,22.45,"46,700",0.4,16.80,18.57,22.20,25.53,29.18,"34,940","38,630","46,170","53,110","60,700",,
99,U.S.,1,US,000000,Cross-industry,cross-industry,1235,51-9031,"Cutters and Trimmers, Hand",detailed,"6,060",5.3,,,,,19.74,"41,050",1.3,12.80,16.37,18.28,23.01,27.82,"26,630","34,050","38,020","47,850","57,870",,
99,U.S.,1,US,000000,Cross-industry,cross-industry,1235,51-9032,"Cutting and Slicing Machine Setters, Operators, and Tenders",detailed,"44,980",2.0,,,,,22.82,"47,460",0.4,17.27,18.96,22.39,25.87,29.39,"35,930","39,440","46,570","53,800","61,120",,
99,U.S.,1,US,000000,Cross-industry,cross-industry,1235,51-9040,"Extruding, Forming, Pressing, and Compacting Machine Setters, Operators, and Tenders",broad,"58,770",2.5,,,,,22.72,"47,260",0.7,16.65,18.44,22.00,25.28,30.51,"34,630","38,360","45,760","52,580","63,450",,
99,U.S.,1,US,000000,Cross-industry,cross-industry,1235,51-9041,"Extruding, Forming, Pressing, and Compacting Machine Setters, Operators, and Tenders",detailed,"58,770",2.5,,,,,22.72,"47,260",0.7,16.65,18.44,22.00,25.28,30.51,"34,630","38,360","45,760","52,580","63,450",,
99,U.S.,1,US,000000,Cross-industry,cross-industry,1235,51-9050,"Furnace, Kiln, Oven, Drier, and Kettle Operators and Tenders",broad,"14,280",3.4,,,,,24.49,"50,940",0.8,17.29,19.77,23.10,28.77,33.56,"35,960","41,130","48,040","59,830","69,800",,
99,U.S.,1,US,000000,Cross-industry,cross-industry,1235,51-9051,"Furnace, Kiln, Oven, Drier, and Kettle Operators and Tenders",detailed,"14,280",3.4,,,,,24.49,"50,940",0.8,17.29,19.77,23.10,28.77,33.56,"35,960","41,130","48,040","59,830","69,800",,
99,U.S.,1,US,000000,Cross-industry,cross-industry,1235,51-9060,"Inspectors, Testers, Sorters, Samplers, and Weighers",broad,"597,370",0.7,,,,,25.70,"53,450",0.3,17.07,19.18,23.35,29.54,37.44,"35,510","39,890","48,570","61,440","77,860",,
99,U.S.,1,US,000000,Cross-industry,cross-industry,1235,51-9061,"Inspectors, Testers, Sorters, Samplers, and Weighers",detailed,"597,370",0.7,,,,,25.70,"53,450",0.3,17.07,19.18,23.35,29.54,37.44,"35,510","39,890","48,570","61,440","77,860",,
99,U.S.,1,US,000000,Cross-industry,cross-industry,1235,51-9070,Jewelers and Precious Stone and Metal Workers,broad,"22,440",3.9,,,,,27.87,"57,960",2.4,17.11,19.00,25.26,33.56,42.09,"35,580","39,520","52,540","69,810","87,540",,
99,U.S.,1,US,000000,Cross-industry,cross-industry,1235,51-9071,Jewelers and Precious Stone and Metal Workers,detailed,"22,440",3.9,,,,,27.87,"57,960",2.4,17.11,19.00,25.26,33.56,42.09,"35,580","39,520","52,540","69,810","87,540",,
99,U.S.,1,US,000000,Cross-industry,cross-industry,1235,51-9080,Dental and Ophthalmic Laboratory Technicians and Medical Appliance Technicians,broad,"64,350",2.1,,,,,24.42,"50,800",0.6,16.94,18.40,22.63,28.56,35.79,"35,230","38,280","47,060","59,400","74,440",,
99,U.S.,1,US,000000,Cross-industry,cross-industry,1235,51-9081,Dental Laboratory Technicians,detailed,"34,410",2.5,,,,,26.10,"54,290",0.8,17.62,19.43,23.85,29.84,36.99,"36,660","40,420","49,610","62,070","76,940",,
99,U.S.,1,US,000000,Cross-industry,cross-industry,1235,51-9082,Medical Appliance Technicians,detailed,"11,280",5.7,,,,,25.35,"52,730",1.4,17.55,20.29,23.09,29.12,36.41,"36,510","42,210","48,030","60,580","75,740",,
99,U.S.,1,US,000000,Cross-industry,cross-industry,1235,51-9083,Ophthalmic Laboratory Technicians,detailed,"18,660",4.8,,,,,20.76,"43,190",1.0,16.12,17.53,18.97,22.60,27.59,"33,530","36,470","39,460","47,010","57,380",,
99,U.S.,1,US,000000,Cross-industry,cross-industry,1235,51-9110,Packaging and Filling Machine Operators and Tenders,broad,"379,060",0.8,,,,,21.44,"44,590",0.2,16.06,17.72,20.78,23.59,28.86,"33,390","36,850","43,220","49,070","60,030",,
99,U.S.,1,US,000000,Cross-industry,cross-industry,1235,51-9111,Packaging and Filling Machine Operators and Tenders,detailed,"379,060",0.8,,,,,21.44,"44,590",0.2,16.06,17.72,20.78,23.59,28.86,"33,390","36,850","43,220","49,070","60,030",,
99,U.S.,1,US,000000,Cross-industry,cross-industry,1235,51-9120,Painting Workers,broad,"166,680",1.3,,,,,25.13,"52,270",0.4,17.35,19.43,23.10,28.57,35.56,"36,080","40,420","48,060","59,430","73,970",,
99,U.S.,1,US,000000,Cross-industry,cross-industry,1235,51-9123,"Painting, Coating, and Decorating Workers",detailed,"7,940",9.9,,,,,21.73,"45,210",1.7,15.13,17.80,20.00,24.21,29.24,"31,470","37,030","41,600","50,360","60,820",,
99,U.S.,1,US,000000,Cross-industry,cross-industry,1235,51-9124,"Coating, Painting, and Spraying Machine Setters, Operators, and Tenders",detailed,"158,740",1.2,,,,,25.30,"52,620",0.4,17.43,19.52,23.20,28.69,35.93,"36,260","40,590","48,250","59,680","74,730",,
99,U.S.,1,US,000000,Cross-industry,cross-industry,1235,51-9140,Semiconductor Processing Technicians,broad,"31,460",1.8,,,,,28.93,"60,180",0.6,18.12,21.94,24.73,31.25,39.68,"37,690","45,640","51,430","65,010","82,540",,
99,U.S.,1,US,000000,Cross-industry,cross-industry,1235,51-9141,Semiconductor Processing Technicians,detailed,"31,460",1.8,,,,,28.93,"60,180",0.6,18.12,21.94,24.73,31.25,39.68,"37,690","45,640","51,430","65,010","82,540",,
99,U.S.,1,US,000000,Cross-industry,cross-industry,1235,51-9150,Photographic Process Workers and Processing Machine Operators,broad,"4,800",5.7,,,,,22.14,"46,050",1.9,14.47,16.91,19.52,24.11,33.08,"30,090","35,170","40,610","50,150","68,800",,
99,U.S.,1,US,000000,Cross-industry,cross-industry,1235,51-9151,Photographic Process Workers and Processing Machine Operators,detailed,"4,800",5.7,,,,,22.14,"46,050",1.9,14.47,16.91,19.52,24.11,33.08,"30,090","35,170","40,610","50,150","68,800",,
99,U.S.,1,US,000000,Cross-industry,cross-industry,1235,51-9160,Computer Numerically Controlled Tool Operators and Programmers,broad,"197,950",1.3,,,,,27.35,"56,890",0.3,18.52,22.02,25.67,30.69,37.40,"38,520","45,800","53,380","63,820","77,790",,
99,U.S.,1,US,000000,Cross-industry,cross-industry,1235,51-9161,Computer Numerically Controlled Tool Operators,detailed,"169,450",1.5,,,,,26.11,"54,320",0.3,18.34,21.60,24.37,29.69,35.53,"38,140","44,930","50,690","61,760","73,890",,
99,U.S.,1,US,000000,Cross-industry,cross-industry,1235,51-9162,Computer Numerically Controlled Tool Programmers,detailed,"28,500",1.8,,,,,34.72,"72,210",0.7,22.85,28.01,32.75,39.37,48.23,"47,530","58,270","68,120","81,890","100,320",,
99,U.S.,1,US,000000,Cross-industry,cross-industry,1235,51-9190,Miscellaneous Production Workers,broad,"608,390",0.8,,,,,21.88,"45,520",0.2,15.49,17.60,20.75,24.47,29.91,"32,210","36,610","43,160","50,900","62,210",,
99,U.S.,1,US,000000,Cross-industry,cross-industry,1235,51-9191,Adhesive Bonding Machine Operators and Tenders,detailed,"11,500",4.0,,,,,22.53,"46,850",1.0,15.12,17.90,22.34,25.77,29.24,"31,460","37,220","46,460","53,610","60,810",,
99,U.S.,1,US,000000,Cross-industry,cross-industry,1235,51-9192,"Cleaning, Washing, and Metal Pickling Equipment Operators and Tenders",detailed,"14,760",2.7,,,,,21.44,"44,600",0.5,16.25,17.94,20.93,23.71,28.16,"33,790","37,310","43,530","49,320","58,570",,
99,U.S.,1,US,000000,Cross-industry,cross-industry,1235,51-9193,Cooling and Freezing Equipment Operators and Tenders,detailed,"6,900",3.1,,,,,21.61,"44,940",0.8,16.07,17.49,19.87,23.82,29.97,"33,430","36,380","41,330","49,550","62,340",,
99,U.S.,1,US,000000,Cross-industry,cross-industry,1235,51-9194,Etchers and Engravers,detailed,"7,750",4.8,,,,,22.27,"46,320",1.6,15.49,17.98,20.82,25.51,30.46,"32,210","37,400","43,310","53,050","63,360",,
99,U.S.,1,US,000000,Cross-industry,cross-industry,1235,51-9195,"Molders, Shapers, and Casters, Except Metal and Plastic",detailed,"33,190",2.9,,,,,22.84,"47,500",0.6,17.24,18.88,22.20,25.48,29.58,"35,850","39,280","46,170","53,000","61,530",,
99,U.S.,1,US,000000,Cross-industry,cross-industry,1235,51-9196,"Paper Goods Machine Setters, Operators, and Tenders",detailed,"96,130",1.4,,,,,25.40,"52,840",0.4,17.93,21.60,24.17,28.93,33.81,"37,300","44,920","50,270","60,180","70,320",,
99,U.S.,1,US,000000,Cross-industry,cross-industry,1235,51-9197,Tire Builders,detailed,"20,770",2.7,,,,,27.48,"57,160",0.6,19.31,23.03,27.59,30.95,35.91,"40,150","47,900","57,390","64,380","74,680",,
99,U.S.,1,US,000000,Cross-industry,cross-industry,1235,51-9198,Helpers--Production Workers,detailed,"165,700",1.4,,,,,19.77,"41,120",0.3,14.97,16.93,18.78,22.11,25.68,"31,140","35,220","39,070","45,990","53,410",,
99,U.S.,1,US,000000,Cross-industry,cross-industry,1235,51-9199,"Production Workers, All Other",detailed,"251,700",1.3,,,,,21.34,"44,380",0.3,15.00,17.32,19.29,23.56,29.58,"31,200","36,030","40,110","49,010","61,530",,
99,U.S.,1,US,000000,Cross-industry,cross-industry,1235,53-0000,Transportation and Material Moving Occupations,major,"13,677,150",0.2,,,,,23.96,"49,850",0.2,14.93,17.45,21.32,26.92,34.83,"31,060","36,290","44,350","55,990","72,440",,
99,U.S.,1,US,000000,Cross-industry,cross-industry,1235,53-1000,Supervisors of Transportation and Material Moving Workers,minor,"633,400",0.4,,,,,32.13,"66,830",0.2,20.84,24.07,30.21,37.58,46.20,"43,350","50,070","62,840","78,170","96,100",,
99,U.S.,1,US,000000,Cross-industry,cross-industry,1235,53-1040,First-Line Supervisors of Transportation and Material Moving Workers,broad,"633,400",0.4,,,,,32.13,"66,830",0.2,20.84,24.07,30.21,37.58,46.20,"43,350","50,070","62,840","78,170","96,100",,
99,U.S.,1,US,000000,Cross-industry,cross-industry,1235,53-1041,Aircraft Cargo Handling Supervisors,detailed,"9,760",3.1,,,,,31.26,"65,010",1.2,20.04,23.95,27.97,37.75,44.31,"41,690","49,820","58,170","78,530","92,160",,
99,U.S.,1,US,000000,Cross-industry,cross-industry,1235,53-1047,"First-Line Supervisors of Transportation and Material Moving Workers, Except Aircraft Cargo Handling Supervisors",detailed,"623,640",0.5,,,,,32.14,"66,860",0.2,20.85,24.07,30.23,37.58,46.23,"43,360","50,070","62,890","78,160","96,150",,
99,U.S.,1,US,000000,Cross-industry,cross-industry,1235,53-2000,Air Transportation Workers,minor,"320,540",0.7,,,,,*,"160,070",1.6,*,*,*,*,*,"46,910","62,410","108,460","209,520","364,730",TRUE,
99,U.S.,1,US,000000,Cross-industry,cross-industry,1235,53-2010,Aircraft Pilots and Flight Engineers,broad,"151,190",1.0,,,,,*,"243,730",2.2,*,*,*,*,*,"82,810","126,520","210,020","357,670","428,570",TRUE,
99,U.S.,1,US,000000,Cross-industry,cross-industry,1235,53-2011,"Airline Pilots, Copilots, and Flight Engineers",detailed,"103,560",1.1,,,,,*,"288,650",2.7,*,*,*,*,*,"106,710","182,280","232,140","384,440","463,830",TRUE,
99,U.S.,1,US,000000,Cross-industry,cross-industry,1235,53-2012,Commercial Pilots,detailed,"47,630",2.2,,,,,*,"146,080",1.6,*,*,*,*,*,"58,850","84,540","123,220","190,440","266,620",TRUE,
99,U.S.,1,US,000000,Cross-industry,cross-industry,1235,53-2020,Air Traffic Controllers and Airfield Operations Specialists,broad,"37,700",1.8,,,,,54.38,"113,100",1.1,20.19,28.19,48.74,79.79,97.92,"42,000","58,630","101,380","165,960","203,670",,
99,U.S.,1,US,000000,Cross-industry,cross-industry,1235,53-2021,Air Traffic Controllers,detailed,"22,510",0.7,,,,,70.43,"146,490",0.3,37.70,50.25,71.19,91.62,103.66,"78,420","104,520","148,080","190,570","215,610",,
99,U.S.,1,US,000000,Cross-industry,cross-industry,1235,53-2022,Airfield Operations Specialists,detailed,"15,190",4.4,,,,,30.58,"63,610",1.8,17.25,20.19,27.33,37.18,49.10,"35,870","42,000","56,850","77,340","102,120",,
99,U.S.,1,US,000000,Cross-industry,cross-industry,1235,53-2030,Flight Attendants,broad,"131,650",0.9,,,,,*,"77,440",0.5,*,*,*,*,*,"35,110","51,760","63,580","95,640","136,430",TRUE,
99,U.S.,1,US,000000,Cross-industry,cross-industry,1235,53-2031,Flight Attendants,detailed,"131,650",0.9,,,,,*,"77,440",0.5,*,*,*,*,*,"35,110","51,760","63,580","95,640","136,430",TRUE,
99,U.S.,1,US,000000,Cross-industry,cross-industry,1235,53-3000,Motor Vehicle Operators,minor,"4,365,780",0.4,,,,,25.47,"52,980",0.2,15.39,19.23,23.74,29.82,36.97,"32,000","39,990","49,370","62,030","76,890",,
99,U.S.,1,US,000000,Cross-industry,cross-industry,1235,53-3010,"Ambulance Drivers and Attendants, Except Emergency Medical Technicians",broad,"12,630",4.9,,,,,17.41,"36,210",0.8,13.15,14.78,17.04,18.47,22.10,"27,350","30,750","35,450","38,410","45,960",,
99,U.S.,1,US,000000,Cross-industry,cross-industry,1235,53-3011,"Ambulance Drivers and Attendants, Except Emergency Medical Technicians",detailed,"12,630",4.9,,,,,17.41,"36,210",0.8,13.15,14.78,17.04,18.47,22.10,"27,350","30,750","35,450","38,410","45,960",,
99,U.S.,1,US,000000,Cross-industry,cross-industry,1235,53-3030,Driver/Sales Workers and Truck Drivers,broad,"3,454,520",0.5,,,,,26.13,"54,350",0.2,16.07,20.37,24.23,30.29,37.55,"33,420","42,360","50,390","63,000","78,110",,
99,U.S.,1,US,000000,Cross-industry,cross-industry,1235,53-3031,Driver/Sales Workers,detailed,"409,180",2.4,,,,,19.58,"40,730",0.8,10.86,14.52,18.64,23.56,28.84,"22,590","30,200","38,770","49,000","59,980",,
99,U.S.,1,US,000000,Cross-industry,cross-industry,1235,53-3032,Heavy and Tractor-Trailer Truck Drivers,detailed,"2,062,040",0.5,,,,,28.71,"59,710",0.2,19.30,23.06,28.19,33.23,38.17,"40,140","47,960","58,640","69,120","79,380",,
99,U.S.,1,US,000000,Cross-industry,cross-industry,1235,53-3033,Light Truck Drivers,detailed,"983,300",0.7,,,,,23.45,"48,770",0.3,14.81,17.92,21.57,25.15,38.61,"30,800","37,270","44,860","52,310","80,310",,
99,U.S.,1,US,000000,Cross-industry,cross-industry,1235,53-3050,Passenger Vehicle Drivers,broad,"851,750",0.8,,,,,23.18,"48,220",0.3,14.36,17.75,22.47,28.22,32.93,"29,860","36,920","46,740","58,690","68,500",,
99,U.S.,1,US,000000,Cross-industry,cross-industry,1235,53-3051,"Bus Drivers, School",detailed,"402,930",1.0,,,,,23.28,"48,430",0.3,14.06,18.58,23.04,28.09,31.60,"29,240","38,650","47,920","58,430","65,730",,
99,U.S.,1,US,000000,Cross-industry,cross-industry,1235,53-3052,"Bus Drivers, Transit and Intercity",detailed,"159,240",1.1,,,,,28.98,"60,280",0.3,19.25,22.85,28.39,33.99,40.72,"40,030","47,530","59,050","70,700","84,700",,
99,U.S.,1,US,000000,Cross-industry,cross-industry,1235,53-3053,Shuttle Drivers and Chauffeurs,detailed,"248,530",1.3,,,,,19.17,"39,880",0.5,13.51,15.73,17.93,21.97,26.47,"28,090","32,710","37,290","45,700","55,070",,
99,U.S.,1,US,000000,Cross-industry,cross-industry,1235,53-3054,Taxi Drivers,detailed,"41,050",12.9,,,,,24.01,"49,930",2.9,16.66,18.17,20.24,29.31,36.44,"34,650","37,790","42,100","60,960","75,800",,
99,U.S.,1,US,000000,Cross-industry,cross-industry,1235,53-3090,Miscellaneous Motor Vehicle Operators,broad,"46,880",3.2,,,,,20.40,"42,430",1.0,12.76,15.01,17.87,23.55,31.97,"26,540","31,220","37,180","48,980","66,500",,
99,U.S.,1,US,000000,Cross-industry,cross-industry,1235,53-3099,"Motor Vehicle Operators, All Other",detailed,"46,880",3.2,,,,,20.40,"42,430",1.0,12.76,15.01,17.87,23.55,31.97,"26,540","31,220","37,180","48,980","66,500",,
99,U.S.,1,US,000000,Cross-industry,cross-industry,1235,53-4000,Rail Transportation Workers,minor,"107,550",0.6,,,,,38.12,"79,290",0.4,26.69,31.11,37.90,43.34,50.58,"55,520","64,720","78,820","90,140","105,210",,
99,U.S.,1,US,000000,Cross-industry,cross-industry,1235,53-4010,Locomotive Engineers and Operators,broad,"37,380",0.9,,,,,40.42,"84,070",0.5,28.59,35.33,38.43,44.61,52.31,"59,460","73,480","79,940","92,790","108,790",,
99,U.S.,1,US,000000,Cross-industry,cross-industry,1235,53-4011,Locomotive Engineers,detailed,"33,470",0.8,,,,,41.30,"85,900",0.5,29.17,36.15,39.14,44.84,52.51,"60,680","75,190","81,410","93,260","109,220",,
99,U.S.,1,US,000000,Cross-industry,cross-industry,1235,53-4013,"Rail Yard Engineers, Dinkey Operators, and Hostlers",detailed,"3,920",4.0,,,,,32.91,"68,450",1.3,21.41,25.37,29.14,38.63,48.21,"44,540","52,780","60,600","80,360","100,270",,
99,U.S.,1,US,000000,Cross-industry,cross-industry,1235,53-4020,"Railroad Brake, Signal, and Switch Operators and Locomotive Firers",broad,"12,400",1.7,,,,,33.19,"69,030",0.5,21.95,27.80,33.10,36.82,41.63,"45,660","57,820","68,840","76,590","86,590",,
99,U.S.,1,US,000000,Cross-industry,cross-industry,1235,53-4022,"Railroad Brake, Signal, and Switch Operators and Locomotive Firers",detailed,"12,400",1.7,,,,,33.19,"69,030",0.5,21.95,27.80,33.10,36.82,41.63,"45,660","57,820","68,840","76,590","86,590",,
99,U.S.,1,US,000000,Cross-industry,cross-industry,1235,53-4030,Railroad Conductors and Yardmasters,broad,"46,440",0.7,,,,,38.03,"79,100",0.4,28.24,31.54,37.50,40.30,52.78,"58,740","65,610","78,000","83,820","109,770",,
99,U.S.,1,US,000000,Cross-industry,cross-industry,1235,53-4031,Railroad Conductors and Yardmasters,detailed,"46,440",0.7,,,,,38.03,"79,100",0.4,28.24,31.54,37.50,40.30,52.78,"58,740","65,610","78,000","83,820","109,770",,
99,U.S.,1,US,000000,Cross-industry,cross-industry,1235,53-4040,Subway and Streetcar Operators,broad,"10,200",2.2,,,,,37.10,"77,170",0.5,26.53,29.80,41.53,43.34,43.34,"55,180","61,980","86,380","90,140","90,140",,
99,U.S.,1,US,000000,Cross-industry,cross-industry,1235,53-4041,Subway and Streetcar Operators,detailed,"10,200",2.2,,,,,37.10,"77,170",0.5,26.53,29.80,41.53,43.34,43.34,"55,180","61,980","86,380","90,140","90,140",,
99,U.S.,1,US,000000,Cross-industry,cross-industry,1235,53-4090,Miscellaneous Rail Transportation Workers,broad,"1,120",13.3,,,,,28.91,"60,140",3.4,19.27,22.87,27.10,35.62,39.99,"40,080","47,570","56,360","74,090","83,190",,
99,U.S.,1,US,000000,Cross-industry,cross-industry,1235,53-4099,"Rail Transportation Workers, All Other",detailed,"1,120",13.3,,,,,28.91,"60,140",3.4,19.27,22.87,27.10,35.62,39.99,"40,080","47,570","56,360","74,090","83,190",,
99,U.S.,1,US,000000,Cross-industry,cross-industry,1235,53-5000,Water Transportation Workers,minor,"79,400",2.5,,,,,40.57,"84,390",1.5,18.18,23.45,34.55,50.63,69.98,"37,810","48,780","71,860","105,310","145,560",,
99,U.S.,1,US,000000,Cross-industry,cross-industry,1235,53-5010,Sailors and Marine Oilers,broad,"31,670",3.8,,,,,27.32,"56,830",1.5,16.61,19.92,24.77,32.50,40.20,"34,560","41,430","51,520","67,590","83,620",,
99,U.S.,1,US,000000,Cross-industry,cross-industry,1235,53-5011,Sailors and Marine Oilers,detailed,"31,670",3.8,,,,,27.32,"56,830",1.5,16.61,19.92,24.77,32.50,40.20,"34,560","41,430","51,520","67,590","83,620",,
99,U.S.,1,US,000000,Cross-industry,cross-industry,1235,53-5020,Ship and Boat Captains and Operators,broad,"39,330",2.7,,,,,48.43,"100,730",2.2,21.67,29.75,41.80,60.49,81.57,"45,070","61,880","86,940","125,810","169,670",,
99,U.S.,1,US,000000,Cross-industry,cross-industry,1235,53-5021,"Captains, Mates, and Pilots of Water Vessels",detailed,"36,850",2.8,,,,,49.87,"103,720",2.2,22.80,30.71,44.45,61.14,82.04,"47,420","63,880","92,460","127,180","170,640",,
99,U.S.,1,US,000000,Cross-industry,cross-industry,1235,53-5022,Motorboat Operators,detailed,"2,480",11.9,,,,,27.05,"56,270",4.1,16.59,20.56,22.85,33.18,40.64,"34,510","42,760","47,520","69,010","84,530",,
99,U.S.,1,US,000000,Cross-industry,cross-industry,1235,53-5030,Ship Engineers,broad,"8,400",4.4,,,,,53.75,"111,790",1.2,27.82,39.49,52.66,65.27,79.56,"57,870","82,130","109,530","135,760","165,490",,
99,U.S.,1,US,000000,Cross-industry,cross-industry,1235,53-5031,Ship Engineers,detailed,"8,400",4.4,,,,,53.75,"111,790",1.2,27.82,39.49,52.66,65.27,79.56,"57,870","82,130","109,530","135,760","165,490",,
99,U.S.,1,US,000000,Cross-industry,cross-industry,1235,53-6000,Other Transportation Workers,minor,"347,240",1.2,,,,,20.04,"41,680",0.4,13.67,15.32,17.53,21.10,28.60,"28,430","31,870","36,460","43,880","59,490",,
99,U.S.,1,US,000000,Cross-industry,cross-industry,1235,53-6010,Bridge and Lock Tenders,broad,"3,040",1.8,,,,,26.62,"55,370",0.6,13.51,18.58,27.74,33.47,36.23,"28,090","38,640","57,700","69,620","75,360",,
99,U.S.,1,US,000000,Cross-industry,cross-industry,1235,53-6011,Bridge and Lock Tenders,detailed,"3,040",1.8,,,,,26.62,"55,370",0.6,13.51,18.58,27.74,33.47,36.23,"28,090","38,640","57,700","69,620","75,360",,
99,U.S.,1,US,000000,Cross-industry,cross-industry,1235,53-6020,Parking Attendants,broad,"137,880",2.3,,,,,16.82,"34,990",0.5,13.00,14.41,16.90,18.11,21.42,"27,040","29,960","35,150","37,670","44,550",,
99,U.S.,1,US,000000,Cross-industry,cross-industry,1235,53-6021,Parking Attendants,detailed,"137,880",2.3,,,,,16.82,"34,990",0.5,13.00,14.41,16.90,18.11,21.42,"27,040","29,960","35,150","37,670","44,550",,
99,U.S.,1,US,000000,Cross-industry,cross-industry,1235,53-6030,Transportation Service Attendants,broad,"133,300",1.6,,,,,18.42,"38,320",0.4,13.97,15.49,17.47,20.37,23.29,"29,050","32,220","36,330","42,360","48,450",,
99,U.S.,1,US,000000,Cross-industry,cross-industry,1235,53-6031,Automotive and Watercraft Service Attendants,detailed,"102,010",1.8,,,,,17.68,"36,780",0.5,13.76,15.05,17.15,18.90,22.14,"28,630","31,300","35,670","39,320","46,060",,
99,U.S.,1,US,000000,Cross-industry,cross-industry,1235,53-6032,Aircraft Service Attendants,detailed,"31,300",3.3,,,,,20.83,"43,330",0.7,16.26,17.18,19.45,22.52,27.70,"33,830","35,740","40,450","46,830","57,610",,
99,U.S.,1,US,000000,Cross-industry,cross-industry,1235,53-6040,Traffic Technicians,broad,"7,860",5.0,,,,,29.83,"62,050",1.1,18.79,22.33,28.41,36.47,40.93,"39,090","46,440","59,090","75,850","85,130",,
99,U.S.,1,US,000000,Cross-industry,cross-industry,1235,53-6041,Traffic Technicians,detailed,"7,860",5.0,,,,,29.83,"62,050",1.1,18.79,22.33,28.41,36.47,40.93,"39,090","46,440","59,090","75,850","85,130",,
99,U.S.,1,US,000000,Cross-industry,cross-industry,1235,53-6050,Transportation Inspectors,broad,"24,500",3.2,,,,,42.57,"88,540",1.7,19.39,28.26,44.28,52.35,66.67,"40,330","58,780","92,100","108,890","138,670",,
99,U.S.,1,US,000000,Cross-industry,cross-industry,1235,53-6051,Transportation Inspectors,detailed,"24,500",3.2,,,,,42.57,"88,540",1.7,19.39,28.26,44.28,52.35,66.67,"40,330","58,780","92,100","108,890","138,670",,
99,U.S.,1,US,000000,Cross-industry,cross-industry,1235,53-6060,Passenger Attendants,broad,"27,110",4.7,,,,,18.18,"37,820",1.2,13.45,15.02,18.14,20.04,22.40,"27,970","31,240","37,720","41,680","46,590",,
99,U.S.,1,US,000000,Cross-industry,cross-industry,1235,53-6061,Passenger Attendants,detailed,"27,110",4.7,,,,,18.18,"37,820",1.2,13.45,15.02,18.14,20.04,22.40,"27,970","31,240","37,720","41,680","46,590",,
99,U.S.,1,US,000000,Cross-industry,cross-industry,1235,53-6090,Miscellaneous Transportation Workers,broad,"13,550",3.8,,,,,24.47,"50,890",1.2,15.91,18.39,21.95,29.04,38.24,"33,080","38,240","45,650","60,400","79,540",,
99,U.S.,1,US,000000,Cross-industry,cross-industry,1235,53-6099,"Transportation Workers, All Other",detailed,"13,550",3.8,,,,,24.47,"50,890",1.2,15.91,18.39,21.95,29.04,38.24,"33,080","38,240","45,650","60,400","79,540",,
99,U.S.,1,US,000000,Cross-industry,cross-industry,1235,53-7000,Material Moving Workers,minor,"7,823,240",0.3,,,,,20.10,"41,810",0.1,14.67,16.98,18.75,22.39,27.12,"30,520","35,310","39,000","46,560","56,400",,
99,U.S.,1,US,000000,Cross-industry,cross-industry,1235,53-7010,Conveyor Operators and Tenders,broad,"22,930",3.3,,,,,21.68,"45,080",0.6,17.39,18.35,20.39,23.33,28.59,"36,180","38,180","42,420","48,530","59,470",,
99,U.S.,1,US,000000,Cross-industry,cross-industry,1235,53-7011,Conveyor Operators and Tenders,detailed,"22,930",3.3,,,,,21.68,"45,080",0.6,17.39,18.35,20.39,23.33,28.59,"36,180","38,180","42,420","48,530","59,470",,
99,U.S.,1,US,000000,Cross-industry,cross-industry,1235,53-7020,Crane and Tower Operators,broad,"42,890",2.8,,,,,34.68,"72,130",1.3,20.50,25.29,32.73,40.00,49.79,"42,640","52,600","68,080","83,200","103,570",,
99,U.S.,1,US,000000,Cross-industry,cross-industry,1235,53-7021,Crane and Tower Operators,detailed,"42,890",2.8,,,,,34.68,"72,130",1.3,20.50,25.29,32.73,40.00,49.79,"42,640","52,600","68,080","83,200","103,570",,
99,U.S.,1,US,000000,Cross-industry,cross-industry,1235,53-7030,Dredge Operators,broad,"1,040",20.1,,,,,26.98,"56,120",3.5,19.75,22.32,23.86,29.84,35.65,"41,080","46,430","49,640","62,070","74,140",,
99,U.S.,1,US,000000,Cross-industry,cross-industry,1235,53-7031,Dredge Operators,detailed,"1,040",20.1,,,,,26.98,"56,120",3.5,19.75,22.32,23.86,29.84,35.65,"41,080","46,430","49,640","62,070","74,140",,
99,U.S.,1,US,000000,Cross-industry,cross-industry,1235,53-7040,Hoist and Winch Operators,broad,"2,600",8.3,,,,,32.55,"67,710",3.5,17.13,20.53,27.14,45.36,56.83,"35,640","42,690","56,450","94,350","118,210",,
99,U.S.,1,US,000000,Cross-industry,cross-industry,1235,53-7041,Hoist and Winch Operators,detailed,"2,600",8.3,,,,,32.55,"67,710",3.5,17.13,20.53,27.14,45.36,56.83,"35,640","42,690","56,450","94,350","118,210",,
99,U.S.,1,US,000000,Cross-industry,cross-industry,1235,53-7050,Industrial Truck and Tractor Operators,broad,"774,420",0.7,,,,,23.25,"48,370",0.1,17.71,19.24,22.32,26.33,30.06,"36,840","40,030","46,420","54,770","62,520",,
99,U.S.,1,US,000000,Cross-industry,cross-industry,1235,53-7051,Industrial Truck and Tractor Operators,detailed,"774,420",0.7,,,,,23.25,"48,370",0.1,17.71,19.24,22.32,26.33,30.06,"36,840","40,030","46,420","54,770","62,520",,
99,U.S.,1,US,000000,Cross-industry,cross-industry,1235,53-7060,Laborers and Material Movers,broad,"6,766,670",0.3,,,,,19.44,"40,440",0.1,14.50,16.76,18.33,21.94,24.55,"30,160","34,870","38,130","45,630","51,070",,
99,U.S.,1,US,000000,Cross-industry,cross-industry,1235,53-7061,Cleaners of Vehicles and Equipment,detailed,"380,430",0.8,,,,,17.78,"36,980",0.2,13.17,14.62,17.23,19.73,22.89,"27,380","30,420","35,830","41,040","47,610",,
99,U.S.,1,US,000000,Cross-industry,cross-industry,1235,53-7062,"Laborers and Freight, Stock, and Material Movers, Hand",detailed,"2,950,280",0.4,,,,,20.32,"42,260",0.1,15.03,17.35,19.35,22.56,26.51,"31,270","36,090","40,240","46,920","55,140",,
99,U.S.,1,US,000000,Cross-industry,cross-industry,1235,53-7063,Machine Feeders and Offbearers,detailed,"42,330",1.7,,,,,20.99,"43,660",0.4,15.49,17.51,19.82,23.31,27.96,"32,220","36,420","41,220","48,480","58,160",,
99,U.S.,1,US,000000,Cross-industry,cross-industry,1235,53-7064,"Packers and Packagers, Hand",detailed,"559,820",0.9,,,,,18.05,"37,540",0.2,13.41,15.49,17.44,20.70,22.65,"27,890","32,220","36,280","43,060","47,100",,
99,U.S.,1,US,000000,Cross-industry,cross-industry,1235,53-7065,Stockers and Order Fillers,detailed,"2,833,810",0.4,,,,,19.01,"39,540",0.1,14.48,16.56,17.95,21.47,23.68,"30,110","34,450","37,330","44,650","49,260",,
99,U.S.,1,US,000000,Cross-industry,cross-industry,1235,53-7070,Pumping Station Operators,broad,"31,270",5.1,,,,,33.10,"68,840",1.6,20.45,24.75,31.34,39.26,46.85,"42,530","51,470","65,190","81,670","97,450",,
99,U.S.,1,US,000000,Cross-industry,cross-industry,1235,53-7071,Gas Compressor and Gas Pumping Station Operators,detailed,"3,510",13.3,,,,,35.87,"74,610",3.3,22.20,28.17,37.17,43.76,47.84,"46,180","58,580","77,320","91,020","99,510",,
99,U.S.,1,US,000000,Cross-industry,cross-industry,1235,53-7072,"Pump Operators, Except Wellhead Pumpers",detailed,"9,780",6.4,,,,,30.75,"63,960",2.2,18.95,22.86,29.70,37.12,44.14,"39,420","47,560","61,770","77,210","91,820",,
99,U.S.,1,US,000000,Cross-industry,cross-industry,1235,53-7073,Wellhead Pumpers,detailed,"17,990",7.5,,,,,33.83,"70,370",2.4,21.20,25.16,33.63,39.52,47.20,"44,100","52,330","69,960","82,200","98,170",,
99,U.S.,1,US,000000,Cross-industry,cross-industry,1235,53-7080,Refuse and Recyclable Material Collectors,broad,"147,240",1.6,,,,,25.39,"52,820",0.5,16.15,18.79,23.89,29.82,36.49,"33,590","39,080","49,690","62,020","75,900",,
99,U.S.,1,US,000000,Cross-industry,cross-industry,1235,53-7081,Refuse and Recyclable Material Collectors,detailed,"147,240",1.6,,,,,25.39,"52,820",0.5,16.15,18.79,23.89,29.82,36.49,"33,590","39,080","49,690","62,020","75,900",,
99,U.S.,1,US,000000,Cross-industry,cross-industry,1235,53-7120,"Tank Car, Truck, and Ship Loaders",broad,"10,700",6.0,,,,,28.83,"59,970",1.4,18.97,22.26,28.30,33.69,39.98,"39,460","46,300","58,870","70,060","83,160",,
99,U.S.,1,US,000000,Cross-industry,cross-industry,1235,53-7121,"Tank Car, Truck, and Ship Loaders",detailed,"10,700",6.0,,,,,28.83,"59,970",1.4,18.97,22.26,28.30,33.69,39.98,"39,460","46,300","58,870","70,060","83,160",,
99,U.S.,1,US,000000,Cross-industry,cross-industry,1235,53-7190,Miscellaneous Material Moving Workers,broad,"23,480",4.0,,,,,21.94,"45,640",1.0,16.50,17.59,20.10,24.14,30.20,"34,330","36,600","41,800","50,220","62,820",,
99,U.S.,1,US,000000,Cross-industry,cross-industry,1235,53-7199,"Material Moving Workers, All Other",detailed,"23,480",4.0,,,,,21.94,"45,640",1.0,16.50,17.59,20.10,24.14,30.20,"34,330","36,600","41,800","50,220","62,820",,
